Time,PRN,CN0_dBHz,Doppler
0.0,3,36.77,1500
0.0,4,35.46,0
0.0,6,38.67,1250
0.0,9,40.08,2000
0.0,14,37.99,3250
0.0,15,40.21,-2750
0.0,18,43.11,250
0.0,20,35.77,-6000
0.0,21,39.13,250
0.0,22,41.74,1500
0.0,27,39.81,0
0.0,28,35.51,-4750
0.0,29,36.76,-3500
0.5,3,35.09,-4750
0.5,6,36.91,1250
0.5,7,35.14,5500
0.5,9,39.81,2000
0.5,15,41.66,-2750
0.5,17,35.15,-4750
0.5,18,40.61,250
0.5,21,39.79,250
0.5,22,42.52,1500
0.5,27,38.64,0
0.5,28,35.05,1500
0.5,29,37.28,-3500
0.5,32,35.03,-4750
1.0,3,36.88,1500
1.0,6,36.55,1250
1.0,9,40.03,2000
1.0,14,36.87,3250
1.0,15,40.86,-2750
1.0,18,41.42,250
1.0,21,38.31,250
1.0,22,42.47,1500
1.0,27,40.42,0
1.0,29,36.9,-3500
1.5,1,35.03,-2250
1.5,6,37.51,1250
1.5,9,37.81,2250
1.5,14,37.61,3250
1.5,15,41.62,-2750
1.5,17,35.05,-4000
1.5,18,43.03,250
1.5,21,36.8,250
1.5,22,37.55,1250
1.5,26,35.15,250
1.5,30,35.24,5750
2.0,3,38.47,1500
2.0,6,38.91,1250
2.0,9,37.21,2250
2.0,12,35.57,5250
2.0,15,40.31,-2750
2.0,18,42.94,250
2.0,21,40.05,250
2.0,22,38.17,1250
2.0,24,35.74,-3000
2.0,29,36.89,-3500
2.0,30,36.33,1000
2.5,3,37.97,1500
2.5,6,37.1,1250
2.5,9,39.62,2000
2.5,15,43.51,-2750
2.5,17,35.35,2500
2.5,18,42.28,250
2.5,21,39.23,250
2.5,22,43.16,1500
2.5,27,39.05,0
3.0,2,35.07,5250
3.0,3,37.82,1500
3.0,6,37.03,1250
3.0,9,36.69,1750
3.0,11,35.05,1500
3.0,15,41.69,-2750
3.0,18,42.6,250
3.0,21,40.74,250
3.0,22,38.82,1500
3.0,25,35.06,0
3.0,27,39.22,0
3.0,29,38.72,-3500
3.0,30,35.5,-3250
3.0,32,35.02,-4250
3.5,1,35.23,4250
3.5,3,38.14,1500
3.5,6,38.51,1250
3.5,9,38.78,2000
3.5,14,35.46,3250
3.5,15,40.9,-2750
3.5,18,41.16,250
3.5,21,38.2,250
3.5,22,43.29,1500
3.5,23,35.11,5250
3.5,24,35.11,-3500
3.5,27,37.37,0
3.5,29,35.18,-3500
4.0,3,37.31,1500
4.0,6,38.08,1250
4.0,9,39.61,2000
4.0,14,35.51,250
4.0,15,41.43,-2750
4.0,18,42.33,250
4.0,21,38.46,250
4.0,22,38.46,1500
4.0,27,35.22,3500
4.0,29,35.52,-3500
4.5,2,35.29,-4250
4.5,3,37.51,1500
4.5,4,35.43,-3500
4.5,6,35.78,1250
4.5,9,35.82,1750
4.5,12,35.04,5500
4.5,13,35.11,-250
4.5,15,42.06,-2750
4.5,18,40.68,250
4.5,21,39.04,250
4.5,22,42.98,1500
4.5,26,35.18,4250
4.5,29,35.46,-3500
4.5,32,35.23,1500
5.0,3,37.26,1500
5.0,6,36.55,1250
5.0,9,36.97,2250
5.0,10,36.27,-4500
5.0,13,35.33,5500
5.0,14,35.28,3250
5.0,15,39.49,-2750
5.0,18,42.98,250
5.0,21,37.78,250
5.0,22,38.15,1500
5.0,27,38.99,0
5.0,28,35.68,4250
5.0,29,36.72,-3500
5.5,3,35.49,1500
5.5,6,37.71,1250
5.5,9,38.05,2250
5.5,11,35.01,0
5.5,14,36.25,3250
5.5,15,40.39,-2750
5.5,18,42.62,250
5.5,21,39.18,250
5.5,22,38.05,1250
5.5,27,38.72,0
6.0,1,35.74,-4750
6.0,3,37.96,1500
6.0,6,37.02,1250
6.0,9,38.32,2000
6.0,14,36.91,3250
6.0,15,41.4,-2750
6.0,16,35.22,-5000
6.0,18,42.61,250
6.0,20,35.18,0
6.0,21,40.09,250
6.0,22,42.51,1500
6.0,24,35.11,-500
6.0,27,39.57,0
6.0,29,35.02,-3500
6.5,3,38.58,1500
6.5,6,38.42,1250
6.5,10,35.28,500
6.5,15,38.29,-2750
6.5,18,42.1,250
6.5,19,35.55,5500
6.5,21,38.56,250
6.5,22,37.56,1250
6.5,23,35.06,5750
6.5,27,36.33,0
6.5,29,37.11,-3500
6.5,31,35.03,4750
7.0,3,37.69,1500
7.0,6,36.19,1250
7.0,9,39.57,2000
7.0,10,35.12,-6000
7.0,12,35.4,5750
7.0,15,41.77,-2750
7.0,16,35.34,1500
7.0,18,41.64,250
7.0,21,39.82,250
7.0,22,43.67,1500
7.0,25,35.18,-4500
7.0,27,38.9,0
7.0,29,36.24,-3500
7.0,30,35.15,4750
7.5,3,35.04,-3500
7.5,6,35.14,1250
7.5,9,36.82,2250
7.5,15,40.48,-2750
7.5,18,42.23,250
7.5,21,39.27,250
7.5,22,38.79,1500
7.5,24,35.06,-3500
7.5,27,36.91,0
7.5,29,35.26,-3500
7.5,32,35.25,2500
8.0,3,37.86,1500
8.0,9,37.04,2250
8.0,11,35.52,5750
8.0,15,40.15,-2750
8.0,18,42.93,250
8.0,19,36.58,-6000
8.0,21,38.25,250
8.0,22,39.02,1750
8.0,27,37.31,0
8.0,29,35.84,-3500
8.5,3,37.93,1500
8.5,5,35.93,3750
8.5,7,35.03,1250
8.5,9,38.42,2000
8.5,15,42.17,-2750
8.5,18,42.16,250
8.5,20,35.12,1500
8.5,21,37.11,250
8.5,22,42.11,1500
8.5,23,35.1,-1500
8.5,27,38.03,0
8.5,29,39.43,-3500
9.0,1,35.72,-4250
9.0,3,37.99,1500
9.0,6,35.64,1250
9.0,9,35.55,2250
9.0,15,42.41,-2750
9.0,18,43.18,250
9.0,19,35.24,5000
9.0,21,40.01,250
9.0,22,42.6,1500
9.0,25,35.62,2500
9.0,29,35.38,-3500
9.0,31,35.23,-4750
9.5,2,35.94,250
9.5,3,36.4,1500
9.5,9,40.17,2000
9.5,14,36.52,3250
9.5,15,41.61,-2750
9.5,18,43.45,250
9.5,21,39.68,250
9.5,22,42.56,1500
9.5,28,35.44,3750
9.5,29,36.4,-3500
10.0,3,38.26,1500
10.0,5,35.27,2750
10.0,6,36.23,1250
10.0,9,38.14,2000
10.0,10,36.13,1750
10.0,12,35.23,3750
10.0,15,40.08,-2750
10.0,17,35.02,4250
10.0,18,43.21,250
10.0,21,39.0,250
10.0,22,38.55,1250
10.0,27,38.8,0
10.0,29,35.16,-3500
10.5,3,38.06,1500
10.5,6,37.82,1250
10.5,9,36.59,2250
10.5,11,35.03,5500
10.5,14,35.44,-1000
10.5,15,42.0,-2750
10.5,16,35.18,-1000
10.5,18,42.49,250
10.5,21,40.02,250
10.5,22,42.83,1500
10.5,27,38.09,0
10.5,29,35.24,-3500
11.0,3,37.31,1500
11.0,6,36.3,1250
11.0,9,38.77,2000
11.0,11,35.26,3500
11.0,13,35.62,-5750
11.0,15,42.51,-2750
11.0,16,35.81,3500
11.0,18,42.96,250
11.0,21,38.3,250
11.0,22,43.78,1500
11.0,26,35.43,-1500
11.0,27,40.69,0
11.0,29,36.66,-3500
11.5,1,35.0,4000
11.5,2,35.13,1500
11.5,5,35.2,2750
11.5,6,38.89,1250
11.5,9,37.25,2250
11.5,10,35.31,4750
11.5,15,42.61,-2750
11.5,18,41.68,250
11.5,21,39.54,250
11.5,22,40.21,1500
11.5,26,35.4,-3750
11.5,27,38.85,0
11.5,29,35.27,-3500
11.5,30,35.14,-3000
12.0,3,37.25,1500
12.0,6,35.67,750
12.0,8,35.69,-1000
12.0,9,38.07,2250
12.0,10,35.84,-2750
12.0,11,35.28,-6000
12.0,15,40.48,-2750
12.0,17,35.13,-3250
12.0,18,42.48,250
12.0,20,35.25,-2000
12.0,21,38.98,250
12.0,22,39.13,1250
12.0,27,36.46,0
12.0,29,36.38,-3500
12.5,2,35.84,3750
12.5,3,37.02,1500
12.5,5,35.03,-2000
12.5,6,37.78,1250
12.5,9,38.32,2000
12.5,10,35.13,-1750
12.5,14,36.16,3250
12.5,15,40.55,-2750
12.5,18,42.6,250
12.5,19,35.07,-3500
12.5,21,36.24,250
12.5,22,39.21,1500
12.5,26,35.19,3000
12.5,27,35.73,0
12.5,28,35.07,-250
12.5,29,37.29,-3500
13.0,3,37.25,1500
13.0,6,38.86,1250
13.0,9,38.29,2000
13.0,12,35.01,-5750
13.0,15,43.04,-2750
13.0,18,43.3,250
13.0,19,35.32,-1750
13.0,21,38.68,250
13.0,22,42.84,1500
13.0,23,35.58,1750
13.0,27,39.75,0
13.0,28,35.2,5500
13.0,29,37.02,-3500
13.0,31,35.33,-5750
13.5,1,35.1,2250
13.5,6,36.3,1250
13.5,9,38.16,1750
13.5,15,40.65,-2750
13.5,17,35.05,500
13.5,18,42.68,250
13.5,20,35.15,5500
13.5,21,37.12,250
13.5,22,38.6,1250
13.5,28,35.59,3500
13.5,29,36.98,-3500
14.0,3,37.53,1500
14.0,4,35.04,4000
14.0,6,37.08,1250
14.0,8,35.24,-5000
14.0,9,37.71,2250
14.0,10,35.05,-2500
14.0,11,35.06,500
14.0,15,41.19,-2750
14.0,18,42.63,250
14.0,21,40.09,250
14.0,22,39.73,1500
14.0,26,35.01,250
14.0,27,36.0,-250
14.5,1,35.19,4000
14.5,2,35.2,-3750
14.5,3,36.06,1500
14.5,6,39.14,1250
14.5,9,40.54,2000
14.5,12,35.59,-500
14.5,15,42.12,-2750
14.5,18,42.34,250
14.5,21,38.84,250
14.5,22,43.27,1500
14.5,23,35.12,500
14.5,27,36.59,0
14.5,28,35.05,0
14.5,29,36.89,-3500
14.5,32,35.0,4500
15.0,3,37.26,1500
15.0,6,35.55,1250
15.0,8,36.07,0
15.0,9,38.71,2000
15.0,15,41.71,-2750
15.0,16,35.21,-6000
15.0,18,43.04,250
15.0,21,37.73,250
15.0,22,42.39,1500
15.0,23,35.65,750
15.0,24,35.02,-3500
15.0,27,40.97,0
15.0,28,35.92,5750
15.5,9,39.71,2000
15.5,15,42.8,-2750
15.5,18,43.03,250
15.5,21,36.15,250
15.5,22,42.66,1500
15.5,25,36.02,-4500
15.5,27,39.31,0
15.5,29,36.25,-3500
15.5,32,35.38,-5000
16.0,3,36.09,1500
16.0,6,36.21,1250
16.0,9,38.21,2000
16.0,14,36.76,3250
16.0,15,41.52,-2750
16.0,18,42.2,250
16.0,21,38.13,250
16.0,22,43.17,1500
16.0,26,35.58,1250
16.0,27,39.82,0
16.0,28,35.26,-750
16.0,29,38.97,-3500
16.5,1,35.37,-2500
16.5,6,37.53,1250
16.5,8,35.04,-5750
16.5,14,38.05,3250
16.5,15,40.12,-2750
16.5,18,42.14,250
16.5,21,39.07,250
16.5,22,40.26,1500
16.5,25,35.36,2000
16.5,27,35.32,0
16.5,29,37.4,-3500
16.5,32,35.38,4000
17.0,6,37.47,1250
17.0,9,39.02,2000
17.0,11,35.2,-2750
17.0,13,35.98,-3500
17.0,15,42.68,-2750
17.0,16,35.67,0
17.0,18,43.15,250
17.0,19,35.51,3500
17.0,20,35.95,2000
17.0,21,36.65,250
17.0,22,43.5,1500
17.0,27,40.19,0
17.0,28,36.07,-1500
17.0,29,36.84,-3500
17.5,6,35.96,1250
17.5,9,38.37,2250
17.5,14,37.5,3250
17.5,15,41.64,-2750
17.5,18,42.92,250
17.5,21,37.07,250
17.5,22,38.01,1250
17.5,27,36.56,0
17.5,29,37.02,-3500
18.0,1,35.65,5250
18.0,6,38.58,1250
18.0,9,38.97,2000
18.0,11,35.07,-4750
18.0,15,40.35,-2750
18.0,18,42.75,250
18.0,21,38.65,250
18.0,22,42.99,1500
18.0,23,35.44,-5750
18.0,27,38.38,0
18.0,29,36.83,-3500
18.0,30,35.24,-250
18.5,3,35.37,1500
18.5,6,36.57,1250
18.5,7,35.41,-2500
18.5,9,38.45,2000
18.5,12,35.66,1250
18.5,15,42.18,-2750
18.5,16,35.58,4250
18.5,18,42.32,250
18.5,19,35.02,1750
18.5,21,37.87,250
18.5,22,42.62,1500
18.5,27,39.06,0
18.5,29,38.19,-3500
18.5,31,35.05,3500
19.0,3,36.71,1500
19.0,6,35.35,4250
19.0,9,39.54,2000
19.0,10,35.31,500
19.0,12,35.11,2500
19.0,13,35.67,3500
19.0,15,41.97,-2750
19.0,18,42.99,250
19.0,19,35.27,5250
19.0,21,37.31,250
19.0,22,42.79,1500
19.0,27,38.34,0
19.0,29,37.42,-3500
19.0,32,36.65,-1500
19.5,3,36.46,1500
19.5,6,39.13,1250
19.5,9,37.53,2250
19.5,14,36.04,3250
19.5,15,40.59,-2750
19.5,18,42.41,250
19.5,20,36.8,-5750
19.5,21,39.51,250
19.5,22,37.8,1250
19.5,24,35.01,-5750
19.5,27,39.17,0
19.5,29,37.1,-3500
20.0,3,36.09,1500
20.0,5,35.18,-4250
20.0,6,39.02,1250
20.0,9,35.73,2250
20.0,12,35.64,0
20.0,15,39.47,-2750
20.0,18,43.29,250
20.0,20,35.23,-250
20.0,21,40.1,250
20.0,22,39.6,1500
20.0,26,35.71,-3500
20.0,27,36.57,-250
20.0,29,37.35,-3500
20.5,3,36.73,1500
20.5,6,38.97,1250
20.5,9,36.67,2250
20.5,15,41.04,-2750
20.5,16,35.01,-2250
20.5,18,42.37,250
20.5,21,39.51,250
20.5,22,38.37,1250
20.5,25,35.5,250
20.5,27,35.55,1000
20.5,29,37.07,-3500
21.0,3,35.38,1500
21.0,6,36.32,1250
21.0,9,35.89,2250
21.0,14,35.4,3250
21.0,15,43.1,-2750
21.0,16,35.01,5000
21.0,17,35.04,-4750
21.0,18,41.29,250
21.0,19,35.86,1750
21.0,21,37.14,250
21.0,22,38.26,1500
21.0,27,36.01,-250
21.0,29,35.98,-3500
21.5,3,35.1,1500
21.5,5,35.02,-1000
21.5,6,37.11,1250
21.5,7,35.31,500
21.5,8,35.33,0
21.5,9,36.79,2000
21.5,15,42.67,-2750
21.5,16,35.59,-750
21.5,17,35.28,-6000
21.5,18,42.32,250
21.5,21,39.96,250
21.5,22,41.89,1500
21.5,27,38.16,0
21.5,28,35.29,-2750
21.5,29,36.37,-3500
21.5,31,35.06,-1250
21.5,32,35.59,3250
22.0,3,36.68,1500
22.0,5,36.18,-3250
22.0,6,38.61,1250
22.0,8,35.76,-1000
22.0,9,35.9,2250
22.0,15,40.04,-2750
22.0,18,42.63,250
22.0,20,35.19,-1750
22.0,21,38.7,250
22.0,22,39.61,1250
22.0,27,37.49,0
22.0,29,36.85,-3500
22.5,2,35.16,-4000
22.5,3,37.58,1500
22.5,6,38.9,1250
22.5,8,36.23,-3750
22.5,9,39.66,2000
22.5,15,41.03,-2750
22.5,16,36.0,-1000
22.5,18,41.83,250
22.5,21,39.1,250
22.5,22,42.03,1500
22.5,25,35.36,-5000
22.5,26,35.06,3000
22.5,27,38.32,0
22.5,29,36.74,-3500
23.0,4,35.22,1250
23.0,6,37.92,1250
23.0,9,38.85,2000
23.0,13,35.26,750
23.0,15,41.82,-2750
23.0,18,41.92,250
23.0,21,37.75,250
23.0,22,42.36,1500
23.0,27,40.07,0
23.0,29,35.79,-3500
23.0,32,35.65,-3500
23.5,4,35.48,-1000
23.5,5,35.04,-2250
23.5,9,36.78,2250
23.5,12,35.29,-2250
23.5,15,41.58,-2750
23.5,18,41.61,250
23.5,20,35.02,-2000
23.5,21,38.68,250
23.5,22,39.81,1500
23.5,27,35.38,0
23.5,30,35.27,-1750
24.0,1,35.17,-5500
24.0,2,35.01,500
24.0,3,35.07,1500
24.0,9,38.66,2000
24.0,13,35.54,-5750
24.0,15,41.21,-2750
24.0,16,35.35,3250
24.0,18,43.14,250
24.0,21,39.56,250
24.0,22,42.35,1500
24.0,24,35.02,0
24.0,27,40.12,0
24.0,29,35.45,-2750
24.5,3,36.43,1500
24.5,6,35.89,1250
24.5,7,35.11,-2250
24.5,8,35.33,3000
24.5,9,35.27,2250
24.5,11,35.28,-3000
24.5,15,39.89,-2750
24.5,16,35.23,4250
24.5,18,41.9,250
24.5,21,38.75,250
24.5,22,38.65,1500
24.5,23,35.61,5500
24.5,25,35.82,-2000
24.5,27,37.05,0
24.5,29,35.47,5500
24.5,31,35.05,-4250
25.0,3,35.6,1500
25.0,6,35.3,1250
25.0,8,35.81,5500
25.0,9,38.98,2000
25.0,15,41.75,-2750
25.0,18,43.32,250
25.0,20,35.01,-3750
25.0,21,38.65,250
25.0,22,42.48,1500
25.0,27,38.98,0
25.0,29,37.3,-3500
25.0,31,35.44,-5000
25.5,3,36.15,1500
25.5,6,36.43,1250
25.5,9,35.04,-3500
25.5,13,35.09,1000
25.5,15,39.12,-2750
25.5,18,41.95,250
25.5,21,39.61,250
25.5,22,39.94,1500
25.5,24,36.06,-1250
25.5,28,35.27,-5750
26.0,4,35.14,1500
26.0,5,35.36,0
26.0,6,35.64,1250
26.0,8,35.49,5250
26.0,12,36.12,-250
26.0,14,36.61,3250
26.0,15,39.94,-2750
26.0,18,42.83,250
26.0,20,35.33,1000
26.0,21,39.35,250
26.0,22,38.73,1500
26.0,27,38.52,0
26.0,29,36.92,-3500
26.0,31,35.17,1500
26.5,3,37.57,1500
26.5,6,36.34,1250
26.5,15,41.7,-2750
26.5,18,40.77,250
26.5,21,37.61,250
26.5,22,38.68,1250
26.5,23,35.9,1250
26.5,27,38.02,0
26.5,29,35.67,-3500
26.5,31,35.06,1500
26.5,32,35.02,-1750
27.0,6,38.91,1250
27.0,7,35.05,4500
27.0,8,35.06,1500
27.0,9,36.59,2000
27.0,14,37.55,3250
27.0,15,42.24,-2750
27.0,17,35.19,-3750
27.0,18,41.35,250
27.0,20,35.26,1500
27.0,21,38.34,250
27.0,22,43.11,1500
27.0,24,35.95,5750
27.0,27,38.73,0
27.0,29,35.97,-3500
27.5,3,37.09,1500
27.5,6,39.14,1250
27.5,9,35.24,2250
27.5,14,35.46,3250
27.5,15,39.21,-2750
27.5,18,41.93,250
27.5,20,35.18,2500
27.5,21,38.96,250
27.5,22,40.87,1250
27.5,24,36.13,-5250
28.0,3,35.78,1500
28.0,4,35.3,2250
28.0,6,36.32,1250
28.0,9,37.36,2250
28.0,11,35.32,5000
28.0,15,39.63,-2750
28.0,18,41.05,250
28.0,19,35.14,2500
28.0,21,38.91,250
28.0,22,38.09,1250
28.0,27,38.02,0
28.0,29,38.31,-3500
28.5,3,35.26,-4750
28.5,6,37.23,1250
28.5,9,38.89,2000
28.5,13,35.21,-5500
28.5,14,36.11,3250
28.5,15,40.78,-2750
28.5,18,41.55,250
28.5,21,38.53,250
28.5,22,42.8,1500
28.5,27,39.68,0
28.5,31,35.26,-2750
29.0,1,35.17,1750
29.0,3,35.95,1500
29.0,6,36.83,1250
29.0,8,35.09,-5750
29.0,9,36.01,1750
29.0,13,35.54,1500
29.0,14,35.43,3250
29.0,15,39.19,-2750
29.0,16,35.4,3750
29.0,18,42.27,250
29.0,21,39.74,250
29.0,22,38.15,1250
29.0,26,35.58,1250
29.0,27,36.42,-250
29.0,29,37.32,-3500
29.5,2,35.63,3250
29.5,3,36.73,1500
29.5,6,37.56,1250
29.5,8,35.19,250
29.5,11,35.33,-5000
29.5,15,39.85,-2750
29.5,18,41.53,250
29.5,21,38.98,250
29.5,22,43.73,1500
29.5,23,35.2,-5750
29.5,27,38.91,0
29.5,28,35.01,-3000
30.0,3,37.62,1500
30.0,4,35.03,-5250
30.0,5,35.05,2250
30.0,9,37.65,2000
30.0,15,40.21,-2750
30.0,17,35.1,500
30.0,18,42.61,250
30.0,21,37.5,250
30.0,22,43.98,1500
30.0,24,35.15,-750
30.0,27,39.32,0
30.0,29,35.77,-3500
30.0,31,35.11,-3750
30.5,1,35.46,2000
30.5,4,35.32,-4750
30.5,6,36.61,1250
30.5,9,37.36,2000
30.5,13,35.38,3250
30.5,15,41.53,-2750
30.5,17,35.5,-500
30.5,18,42.1,250
30.5,21,37.52,250
30.5,22,42.98,1500
30.5,27,39.69,0
31.0,1,35.8,5250
31.0,3,36.49,1500
31.0,6,36.97,1250
31.0,8,35.48,3000
31.0,9,39.04,2000
31.0,14,35.65,3250
31.0,15,41.72,-2750
31.0,18,42.23,250
31.0,20,35.34,3500
31.0,21,39.85,250
31.0,22,43.05,1500
31.0,25,35.27,4750
31.0,27,39.78,0
31.0,29,36.67,-3500
31.0,31,36.05,5000
31.5,3,35.64,1500
31.5,5,35.19,-5500
31.5,6,35.41,1250
31.5,10,35.26,4500
31.5,14,35.76,3250
31.5,15,40.32,-2750
31.5,18,43.09,250
31.5,19,35.05,-1000
31.5,21,40.51,250
31.5,22,38.69,1250
31.5,27,36.55,0
31.5,29,36.2,-3500
31.5,30,35.18,-1750
31.5,31,36.17,-3500
32.0,6,37.85,1250
32.0,15,40.38,-2750
32.0,18,41.66,250
32.0,21,39.49,250
32.0,22,39.78,1500
32.0,23,35.06,2000
32.0,25,35.26,5500
32.0,26,35.34,-2500
32.0,27,37.88,0
32.0,28,35.39,-3750
32.5,3,35.27,1500
32.5,6,35.71,1250
32.5,9,38.68,2000
32.5,15,40.51,-2750
32.5,18,41.88,250
32.5,21,39.67,250
32.5,22,44.91,1500
32.5,27,36.61,0
32.5,28,35.89,2250
32.5,29,37.5,-3500
33.0,6,37.8,1250
33.0,9,36.42,2250
33.0,13,35.21,1500
33.0,15,40.39,-2750
33.0,18,43.17,250
33.0,19,35.55,-1500
33.0,21,38.51,250
33.0,22,37.97,1250
33.0,27,40.6,0
33.5,3,35.83,1500
33.5,6,37.16,1250
33.5,9,38.18,2000
33.5,14,35.44,2500
33.5,15,41.08,-2750
33.5,18,43.08,250
33.5,19,35.23,4500
33.5,21,38.7,250
33.5,22,43.91,1500
33.5,27,38.89,0
33.5,29,38.27,-3500
33.5,30,35.04,3000
34.0,3,36.32,1500
34.0,4,35.08,-4250
34.0,6,35.99,1250
34.0,9,38.61,2000
34.0,13,35.25,-5250
34.0,14,35.1,3250
34.0,15,40.85,-2750
34.0,18,41.85,250
34.0,20,35.17,5000
34.0,21,39.98,250
34.0,22,37.73,1250
34.0,25,35.39,-5250
34.0,29,37.64,-3500
34.0,32,35.06,-2500
34.5,3,36.01,1500
34.5,6,35.97,1250
34.5,9,35.53,2250
34.5,13,36.26,-5750
34.5,15,41.8,-2750
34.5,18,40.73,250
34.5,21,38.62,250
34.5,22,43.49,1500
34.5,24,35.91,-5500
34.5,27,37.86,0
34.5,29,35.78,-3500
35.0,3,38.42,1500
35.0,5,35.12,2000
35.0,6,38.64,1250
35.0,9,35.08,-3500
35.0,15,39.93,-2750
35.0,18,42.21,250
35.0,21,38.42,250
35.0,22,39.84,1500
35.0,27,40.41,0
35.0,28,35.27,-4000
35.5,4,35.03,-3750
35.5,6,38.17,1250
35.5,11,35.49,-2750
35.5,12,35.97,4250
35.5,14,35.11,5500
35.5,15,38.43,-2750
35.5,18,41.38,250
35.5,21,40.9,250
35.5,22,38.31,1250
35.5,27,36.9,0
35.5,29,35.04,5750
36.0,1,35.13,-500
36.0,6,36.04,1250
36.0,9,39.32,2000
36.0,13,35.16,-4250
36.0,15,42.56,-2750
36.0,18,40.68,250
36.0,20,35.24,-1500
36.0,21,40.88,250
36.0,22,43.44,1500
36.0,25,35.44,-3500
36.0,27,39.93,0
36.0,29,35.3,-3500
36.5,6,35.85,1250
36.5,9,35.76,2250
36.5,11,35.01,5750
36.5,15,37.8,-2750
36.5,17,35.26,-2250
36.5,18,40.59,250
36.5,21,39.98,250
36.5,22,39.81,1500
36.5,23,35.02,750
36.5,25,35.84,2500
36.5,26,35.12,0
36.5,27,37.68,0
37.0,2,35.14,-3750
37.0,3,35.93,1500
37.0,4,35.15,250
37.0,6,38.42,1250
37.0,9,36.9,2000
37.0,15,41.5,-2750
37.0,18,41.54,250
37.0,21,38.56,250
37.0,22,43.14,1500
37.0,23,35.94,1500
37.0,27,37.09,0
37.0,29,37.14,-3500
37.5,3,38.0,1500
37.5,6,38.81,1250
37.5,7,35.56,-5500
37.5,9,37.13,1750
37.5,15,39.61,-2750
37.5,16,35.68,-5250
37.5,18,41.66,250
37.5,21,40.18,250
37.5,22,38.0,1250
37.5,25,36.9,500
37.5,27,35.63,0
37.5,30,35.05,1000
37.5,32,35.01,2500
38.0,1,35.33,2250
38.0,2,36.15,0
38.0,6,37.28,1250
38.0,8,35.35,3250
38.0,9,37.48,1750
38.0,13,35.04,750
38.0,14,35.25,750
38.0,15,39.65,-2750
38.0,16,35.2,1750
38.0,18,41.0,250
38.0,19,35.24,3250
38.0,21,38.81,250
38.0,22,39.54,1250
38.0,24,36.09,-5250
38.0,25,35.0,3500
38.0,29,35.26,-3500
38.0,30,35.05,-500
38.0,32,35.3,-2250
38.5,6,37.68,1250
38.5,9,38.25,2000
38.5,10,35.45,1250
38.5,15,41.3,-2750
38.5,17,35.05,-5750
38.5,18,40.84,250
38.5,21,40.14,250
38.5,22,43.95,1500
38.5,23,35.63,1000
38.5,27,40.13,0
39.0,2,35.07,-3500
39.0,3,38.2,1500
39.0,6,37.31,1250
39.0,9,37.36,2250
39.0,15,41.7,-2750
39.0,17,36.41,-4000
39.0,18,41.67,250
39.0,21,39.69,250
39.0,22,43.46,1500
39.0,25,35.24,5750
39.0,29,37.05,-3500
39.5,3,36.66,1500
39.5,4,36.21,4000
39.5,6,38.13,1250
39.5,9,39.02,2000
39.5,15,41.36,-2750
39.5,18,41.94,250
39.5,21,39.9,250
39.5,22,43.21,1500
39.5,27,35.32,0
39.5,29,35.41,-3500
39.5,30,35.14,3500
40.0,3,37.67,1500
40.0,6,35.24,1250
40.0,9,36.15,2000
40.0,10,35.03,-4250
40.0,15,41.09,-2750
40.0,18,41.85,250
40.0,21,39.29,250
40.0,22,39.23,1500
40.0,27,39.15,0
40.0,32,35.09,-1000
40.5,6,36.84,1250
40.5,9,35.39,1750
40.5,13,35.25,1250
40.5,14,35.1,4500
40.5,15,37.73,-2750
40.5,18,42.6,250
40.5,21,39.36,250
40.5,22,42.71,1500
40.5,23,35.05,-4500
40.5,26,35.55,-3500
40.5,27,38.91,0
40.5,29,36.09,-3500
41.0,6,36.94,1250
41.0,9,39.61,2000
41.0,15,42.01,-2750
41.0,18,41.46,250
41.0,21,38.47,250
41.0,22,43.73,1500
41.0,24,36.05,-1000
41.0,25,35.5,1500
41.0,27,38.92,0
41.0,29,36.79,-3500
41.5,2,35.51,5000
41.5,6,37.87,1250
41.5,9,37.93,1750
41.5,14,35.81,3250
41.5,15,40.07,-2750
41.5,17,36.35,3750
41.5,18,42.16,250
41.5,21,38.1,250
41.5,22,38.66,1250
41.5,23,35.25,2750
41.5,27,37.52,0
41.5,32,35.06,3500
42.0,2,35.23,-5250
42.0,3,35.71,250
42.0,4,35.36,-750
42.0,6,36.56,1250
42.0,9,36.72,2250
42.0,13,35.73,3750
42.0,14,35.03,3250
42.0,15,40.03,-2750
42.0,18,40.97,250
42.0,19,35.11,-1500
42.0,21,38.59,250
42.0,22,38.9,1250
42.0,26,35.56,-3500
42.0,27,38.3,0
42.0,29,36.97,-3500
42.0,30,35.6,-5250
42.5,3,37.81,1500
42.5,6,37.98,1250
42.5,7,35.16,1500
42.5,9,39.23,2000
42.5,11,35.22,-5750
42.5,15,39.19,-2750
42.5,18,41.8,250
42.5,21,39.86,250
42.5,22,39.71,1500
42.5,25,35.08,5250
42.5,28,35.32,-500
42.5,29,35.66,-3500
43.0,3,36.94,1500
43.0,6,37.87,1250
43.0,7,35.09,-2500
43.0,9,38.42,2000
43.0,15,41.64,-2750
43.0,18,42.64,250
43.0,21,39.69,250
43.0,22,42.1,1500
43.0,23,35.07,-2250
43.0,27,37.37,0
43.0,29,35.84,-3500
43.5,4,35.55,5750
43.5,6,36.71,1250
43.5,7,35.27,-3000
43.5,8,35.05,4500
43.5,12,35.15,250
43.5,15,40.47,-2750
43.5,18,43.27,250
43.5,20,35.48,-2500
43.5,21,40.79,250
43.5,22,39.79,1500
43.5,27,35.08,250
43.5,29,35.74,-3500
44.0,3,38.86,1500
44.0,6,38.01,1250
44.0,9,36.26,2250
44.0,14,35.06,3250
44.0,15,39.56,-2750
44.0,17,35.25,-1750
44.0,18,41.97,250
44.0,19,35.13,-3250
44.0,21,39.1,250
44.0,22,39.6,1250
44.0,26,35.16,2250
44.0,27,36.17,0
44.0,29,35.09,-3500
44.0,31,35.0,1000
44.0,32,36.07,250
44.5,3,36.31,1500
44.5,5,35.12,-1250
44.5,6,35.92,1250
44.5,9,41.32,2000
44.5,11,35.62,3250
44.5,15,41.45,-2750
44.5,18,42.5,250
44.5,21,40.93,250
44.5,22,42.79,1500
44.5,27,36.71,0
44.5,29,36.62,-3500
45.0,3,36.0,1500
45.0,6,36.53,1250
45.0,9,40.6,2000
45.0,11,35.0,-2750
45.0,15,40.8,-2750
45.0,18,43.31,250
45.0,21,38.93,250
45.0,22,43.31,1500
45.0,24,35.88,3500
45.0,29,36.36,-3500
45.5,1,35.17,4250
45.5,3,35.71,1500
45.5,4,35.54,-3500
45.5,6,37.45,1250
45.5,9,37.58,2250
45.5,15,41.46,-2750
45.5,18,42.19,250
45.5,21,39.91,250
45.5,22,38.41,1250
45.5,29,37.28,-3500
45.5,30,35.09,-6000
45.5,31,35.56,4000
46.0,3,37.45,1500
46.0,6,39.41,1250
46.0,9,41.44,2000
46.0,11,35.05,-5250
46.0,15,40.43,-2750
46.0,18,40.73,250
46.0,21,38.03,250
46.0,22,43.13,1500
46.0,27,37.97,0
46.0,29,38.79,-3500
46.0,31,35.89,2750
46.5,3,36.85,1500
46.5,6,36.6,1250
46.5,8,35.04,5500
46.5,9,38.8,2000
46.5,15,42.65,-2750
46.5,17,35.5,-2500
46.5,18,41.37,250
46.5,20,35.0,4500
46.5,21,41.46,250
46.5,22,42.34,1500
46.5,27,37.98,0
46.5,29,38.41,-3500
46.5,31,35.28,-4000
47.0,3,35.5,1500
47.0,6,37.01,1250
47.0,9,39.09,2000
47.0,15,41.37,-2750
47.0,17,35.14,1750
47.0,18,42.77,250
47.0,21,40.61,250
47.0,22,43.64,1500
47.0,23,35.45,-4000
47.0,24,35.37,-5250
47.0,27,36.75,0
47.0,29,35.47,-3500
47.5,3,37.12,1500
47.5,6,38.27,1250
47.5,7,35.02,-750
47.5,9,37.11,1750
47.5,10,35.02,-3000
47.5,11,35.99,-4500
47.5,12,35.16,-5000
47.5,15,38.25,-2750
47.5,17,35.81,4750
47.5,18,42.72,250
47.5,19,36.08,3750
47.5,21,38.01,250
47.5,22,37.49,1250
47.5,23,35.98,-5500
47.5,27,35.34,0
47.5,29,35.14,-3500
48.0,3,36.99,1500
48.0,5,35.17,1750
48.0,6,35.66,1250
48.0,7,35.08,2500
48.0,9,40.8,2000
48.0,14,36.46,3000
48.0,15,41.07,-2750
48.0,17,35.09,3500
48.0,18,43.12,250
48.0,21,36.57,250
48.0,22,41.83,1500
48.0,29,38.52,-3500
48.5,2,35.77,-5500
48.5,3,38.06,1500
48.5,6,40.09,1250
48.5,9,40.87,2000
48.5,15,38.72,-2750
48.5,18,41.96,250
48.5,21,40.37,250
48.5,22,43.09,1500
48.5,25,35.51,1000
48.5,29,36.67,-3500
49.0,2,36.26,-1250
49.0,6,37.95,1250
49.0,8,35.26,2750
49.0,14,36.64,3000
49.0,15,35.18,-2750
49.0,18,36.75,250
49.0,21,35.06,-2500
49.0,22,38.96,1500
49.0,24,36.06,-5500
49.0,26,35.11,5250
49.0,29,35.3,-3500
49.0,30,35.11,-4000
49.0,32,35.27,3750
49.5,3,39.72,1500
49.5,5,35.4,1250
49.5,6,37.6,1250
49.5,7,35.13,4250
49.5,11,35.51,4250
49.5,13,35.41,-2500
49.5,16,35.16,5750
49.5,18,41.19,250
49.5,21,36.92,250
49.5,22,39.03,1500
49.5,24,35.0,-3250
49.5,28,35.89,-3250
50.0,3,37.74,1500
50.0,6,35.66,1250
50.0,8,35.12,500
50.0,11,35.31,-3250
50.0,12,35.51,-5000
50.0,14,35.83,3250
50.0,16,35.58,4000
50.0,18,41.91,250
50.0,20,35.1,5250
50.0,21,36.54,250
50.0,22,38.75,1500
50.0,26,35.07,1250
50.0,32,35.82,-2750
50.5,1,35.15,3750
50.5,3,35.12,2000
50.5,4,35.43,-4500
50.5,6,37.08,1250
50.5,14,35.62,3000
50.5,18,42.9,250
50.5,19,35.22,1750
50.5,20,35.03,-1750
50.5,21,35.64,250
50.5,22,42.51,1500
50.5,27,36.04,0
50.5,28,35.24,3500
50.5,29,37.08,-3500
51.0,3,36.14,1500
51.0,6,35.69,1250
51.0,11,35.84,-2250
51.0,12,35.11,-2250
51.0,13,35.52,3500
51.0,18,42.68,250
51.0,19,35.09,250
51.0,20,35.25,-3250
51.0,21,37.9,250
51.0,22,38.65,1500
51.0,26,35.23,5000
51.5,2,35.19,-1500
51.5,6,39.58,1250
51.5,13,37.25,1000
51.5,15,35.27,-1750
51.5,18,43.33,250
51.5,21,37.17,250
51.5,22,43.33,1500
51.5,23,35.2,500
51.5,24,35.32,1500
51.5,29,37.73,-3500
51.5,31,35.04,1750
52.0,2,35.11,2500
52.0,3,37.18,1500
52.0,6,36.53,1250
52.0,8,35.18,2750
52.0,15,37.24,-2750
52.0,18,42.32,250
52.0,22,38.55,1250
52.0,26,35.08,-1250
52.0,27,35.35,-5000
52.0,29,37.7,-3500
52.5,3,36.21,1500
52.5,4,35.07,5250
52.5,6,36.85,1250
52.5,18,39.57,250
52.5,21,40.7,250
52.5,22,43.07,1500
52.5,26,35.56,2000
53.0,7,35.09,-1250
53.0,9,37.49,2000
53.0,13,35.04,5250
53.0,15,36.27,-2750
53.0,17,35.29,-4750
53.0,18,42.47,250
53.0,21,38.32,250
53.0,22,42.81,1500
53.0,24,35.1,-4500
53.0,26,35.32,-3000
53.0,29,35.07,-3500
53.5,3,37.12,1500
53.5,6,38.28,1250
53.5,8,35.14,-2000
53.5,14,35.51,3250
53.5,15,37.67,-2750
53.5,18,41.22,250
53.5,20,35.18,3500
53.5,21,40.49,250
53.5,22,44.14,1500
53.5,29,35.67,-3500
54.0,6,39.2,1250
54.0,8,35.26,-3500
54.0,14,35.64,-1500
54.0,15,37.02,-2750
54.0,18,41.58,250
54.0,20,35.02,-5250
54.0,21,39.34,250
54.0,22,41.53,1500
54.0,24,35.27,1250
54.0,27,35.1,-4500
54.0,29,38.49,-3500
54.5,6,36.55,1250
54.5,14,35.56,5500
54.5,15,42.33,-2750
54.5,18,42.15,250
54.5,21,40.26,250
54.5,22,39.9,1500
54.5,29,35.3,-3500
55.0,3,35.34,-4750
55.0,6,37.4,1250
55.0,9,35.56,2000
55.0,12,35.7,4000
55.0,15,41.87,-2750
55.0,18,41.36,250
55.0,19,35.13,1500
55.0,21,37.79,250
55.0,22,43.23,1500
55.0,27,37.4,0
55.0,29,37.11,-3500
55.5,4,35.19,-3500
55.5,7,35.39,-5000
55.5,9,36.06,1750
55.5,14,36.38,3000
55.5,15,35.7,-2750
55.5,18,41.65,250
55.5,20,35.35,2250
55.5,21,38.44,250
55.5,22,39.86,1750
55.5,29,37.44,-3500
55.5,30,35.21,-1500
55.5,31,35.09,4000
56.0,8,35.03,3000
56.0,9,36.63,2250
56.0,10,35.2,5750
56.0,14,35.24,-5000
56.0,15,35.18,3000
56.0,18,43.25,250
56.0,19,35.2,-6000
56.0,21,40.4,250
56.0,22,35.02,1500
56.0,29,39.45,-3500
56.5,7,35.16,-3500
56.5,9,35.74,2000
56.5,13,35.4,3000
56.5,14,36.56,4500
56.5,15,37.23,-2750
56.5,18,41.6,250
56.5,20,35.38,5250
56.5,21,40.31,250
56.5,22,38.09,1500
56.5,24,35.82,-5750
56.5,29,37.72,-3500
56.5,32,35.1,1000
57.0,3,35.5,-6000
57.0,4,35.13,4000
57.0,6,37.23,1250
57.0,15,36.02,-2750
57.0,18,41.57,250
57.0,21,37.88,250
57.0,22,43.09,1500
57.0,24,35.78,1750
57.0,27,38.01,0
57.0,30,35.37,1250
57.0,32,35.05,-250
57.5,2,35.35,500
57.5,3,36.08,1500
57.5,9,35.54,2250
57.5,11,35.01,-2500
57.5,15,41.77,-2750
57.5,18,42.9,250
57.5,21,35.48,250
57.5,22,37.36,1750
57.5,30,35.18,-250
58.0,7,35.04,-2250
58.0,10,35.12,-2250
58.0,17,35.46,-1750
58.0,18,42.31,250
58.0,20,35.54,3750
58.0,21,37.1,250
58.5,3,35.37,1500
58.5,8,35.05,-2000
58.5,9,36.93,2000
58.5,13,35.26,-3250
58.5,14,36.13,3250
58.5,15,37.92,-2750
58.5,18,43.12,250
58.5,21,40.63,250
58.5,22,40.02,1500
58.5,23,35.29,5750
58.5,25,35.25,-4250
58.5,27,36.16,0
58.5,29,35.46,-3500
59.0,3,38.14,1500
59.0,5,36.17,1000
59.0,6,35.37,250
59.0,7,35.22,2000
59.0,10,35.14,-3000
59.0,12,35.17,-2750
59.0,15,42.66,-2750
59.0,18,40.97,250
59.0,21,36.54,250
59.0,22,36.74,1250
59.0,24,35.1,4750
59.0,28,35.07,-5250
59.0,30,35.01,2250
59.5,2,35.39,-5500
59.5,3,38.56,1500
59.5,5,35.13,3500
59.5,6,37.71,1250
59.5,15,40.14,-2750
59.5,16,35.05,-1750
59.5,18,43.61,250
59.5,21,37.83,250
59.5,22,43.25,1500
59.5,25,35.16,5250
59.5,29,36.88,-3500
60.0,9,38.89,2000
60.0,15,38.39,-2750
60.0,16,35.02,-2750
60.0,18,42.17,250
60.0,21,38.82,250
60.0,22,44.56,1500
60.0,29,35.16,4500
60.0,32,35.37,1750
60.5,2,35.45,-2500
60.5,4,35.63,1000
60.5,6,37.11,1250
60.5,9,39.96,2000
60.5,18,43.0,250
60.5,21,39.28,250
60.5,22,44.25,1500
60.5,23,35.18,3000
60.5,25,35.61,-3000
60.5,29,35.3,4750
61.0,2,35.25,-4000
61.0,3,35.11,-2750
61.0,6,37.85,1250
61.0,9,38.42,2000
61.0,12,35.15,-5000
61.0,15,41.3,-2750
61.0,18,42.42,250
61.0,21,37.75,250
61.0,22,43.05,1500
61.0,23,35.0,1000
61.0,29,36.22,-3500
61.0,30,35.42,2750
61.5,2,35.04,250
61.5,3,35.04,3250
61.5,4,35.12,-1750
61.5,6,37.44,1250
61.5,12,35.72,-5750
61.5,15,40.51,-2750
61.5,18,43.41,250
61.5,20,35.07,4750
61.5,21,39.83,250
61.5,22,39.79,1500
61.5,28,35.06,4250
61.5,29,35.32,-3500
62.0,3,35.89,1500
62.0,5,35.29,500
62.0,6,36.44,1250
62.0,7,35.06,5250
62.0,13,35.09,3250
62.0,14,35.35,3250
62.0,15,40.57,-2750
62.0,18,40.25,250
62.0,21,40.07,250
62.0,22,37.94,1250
62.0,23,35.61,750
62.0,27,36.94,-250
62.0,28,35.15,2750
62.5,2,36.22,500
62.5,3,36.02,1500
62.5,4,35.17,-5000
62.5,6,40.42,1250
62.5,9,35.34,2250
62.5,12,35.33,3250
62.5,13,35.47,4500
62.5,15,40.05,-2750
62.5,18,43.2,250
62.5,21,38.64,250
62.5,22,37.37,1250
63.0,2,35.41,250
63.0,3,36.99,1500
63.0,6,38.78,1250
63.0,7,35.04,2250
63.0,9,36.1,1750
63.0,13,35.15,-2500
63.0,14,35.22,2000
63.0,15,36.89,-2750
63.0,17,35.11,-750
63.0,18,40.72,250
63.0,19,35.03,500
63.0,21,39.1,250
63.0,22,39.88,1500
63.0,23,35.21,4250
63.0,27,37.34,0
63.5,3,39.88,1500
63.5,4,35.75,-5000
63.5,9,39.67,2000
63.5,13,35.66,-1750
63.5,15,37.47,-2750
63.5,18,41.67,250
63.5,21,40.77,250
63.5,22,42.45,1500
63.5,25,35.43,-5500
63.5,28,35.28,3000
63.5,30,35.15,0
64.0,4,35.01,-1250
64.0,6,38.74,1250
64.0,8,35.02,-750
64.0,14,35.8,3250
64.0,15,37.37,-2750
64.0,18,42.11,250
64.0,21,39.93,250
64.0,22,39.35,1250
64.0,23,35.01,3500
64.0,27,35.0,3250
64.0,29,38.14,-3500
64.5,2,36.08,-5500
64.5,6,36.01,1250
64.5,9,35.23,1750
64.5,14,35.67,-3500
64.5,15,42.25,-2750
64.5,17,35.16,3750
64.5,18,41.18,250
64.5,21,38.39,250
64.5,22,43.35,1500
64.5,29,35.64,-3500
65.0,1,36.11,4750
65.0,4,35.08,3500
65.0,6,39.11,1250
65.0,14,35.22,-2750
65.0,15,38.69,-2750
65.0,16,35.05,-5000
65.0,18,42.15,250
65.0,21,39.2,250
65.0,22,37.49,1500
65.0,29,35.8,-3500
65.5,3,36.67,1500
65.5,6,38.15,1250
65.5,7,35.43,5250
65.5,8,35.18,3250
65.5,13,35.17,3750
65.5,14,37.54,3250
65.5,15,39.0,-2750
65.5,18,42.55,250
65.5,20,35.58,-3500
65.5,21,37.86,250
65.5,22,38.43,1250
66.0,3,36.5,1500
66.0,10,35.76,2750
66.0,15,39.93,-2750
66.0,18,42.1,250
66.0,20,35.29,3000
66.0,21,38.22,250
66.0,22,43.12,1500
66.0,27,35.5,0
66.0,31,35.52,-1750
66.5,6,37.14,1250
66.5,10,35.08,4250
66.5,15,42.15,-2750
66.5,18,41.24,250
66.5,21,36.32,250
66.5,22,37.17,1250
66.5,26,35.2,-5250
66.5,28,35.93,-1000
66.5,29,37.02,-3500
67.0,3,38.33,1500
67.0,4,35.88,-3750
67.0,6,38.19,1250
67.0,10,35.5,3750
67.0,15,43.54,-2750
67.0,18,43.07,250
67.0,21,36.87,250
67.0,22,42.42,1500
67.0,24,35.97,-500
67.0,27,36.89,0
67.0,29,35.22,-3000
67.0,32,35.01,4500
67.5,3,39.79,1500
67.5,6,37.3,1250
67.5,11,35.39,-4250
67.5,15,42.46,-2750
67.5,18,42.66,250
67.5,21,38.05,250
67.5,22,38.02,1500
67.5,23,35.34,1250
67.5,27,35.12,5250
68.0,3,38.75,1500
68.0,4,35.18,-6000
68.0,6,38.22,1250
68.0,8,35.34,5500
68.0,12,36.03,1750
68.0,13,35.22,3750
68.0,15,42.4,-2750
68.0,18,41.47,250
68.0,21,37.04,250
68.0,22,40.98,1250
68.5,3,39.11,1500
68.5,4,36.54,1250
68.5,6,37.71,1250
68.5,15,40.47,-2750
68.5,18,41.53,250
68.5,21,36.31,250
68.5,22,40.55,1500
68.5,29,36.61,-3500
69.0,3,40.45,1500
69.0,6,38.55,1250
69.0,14,35.99,3750
69.0,15,43.59,-2750
69.0,18,41.82,250
69.0,20,35.42,3750
69.0,21,35.14,250
69.0,22,43.22,1500
69.0,25,35.11,1000
69.0,27,35.09,1750
69.0,32,35.21,1500
69.5,1,35.04,-5500
69.5,3,39.65,1500
69.5,6,36.59,1250
69.5,15,43.24,-2750
69.5,18,43.45,250
69.5,21,36.65,250
69.5,22,43.98,1500
69.5,25,35.17,5000
69.5,27,35.4,0
69.5,29,36.97,-3500
70.0,3,36.87,1500
70.0,5,35.3,-3500
70.0,6,37.25,1250
70.0,8,36.29,0
70.0,9,37.76,2000
70.0,10,35.24,-1000
70.0,15,39.97,-2750
70.0,18,41.24,250
70.0,21,37.06,250
70.0,22,39.62,1500
70.0,27,37.05,0
70.0,28,35.6,3250
70.0,29,39.05,-3500
70.5,3,38.56,1500
70.5,4,35.11,1250
70.5,6,36.34,1250
70.5,9,35.29,1750
70.5,15,41.25,-2750
70.5,17,35.01,-4250
70.5,18,41.98,250
70.5,21,37.15,250
70.5,22,41.88,1500
70.5,25,35.58,250
70.5,27,36.23,0
70.5,31,35.4,2250
71.0,5,35.1,-1250
71.0,8,35.01,-1750
71.0,9,39.64,2000
71.0,18,43.99,250
71.0,21,37.62,250
71.0,22,42.7,1500
71.0,27,37.88,0
71.0,29,37.46,-3500
71.0,32,35.31,-6000
71.5,2,35.1,4250
71.5,3,36.63,1500
71.5,6,37.57,1250
71.5,9,35.46,2250
71.5,11,35.64,2000
71.5,14,36.7,3250
71.5,15,35.34,-2750
71.5,18,43.25,250
71.5,21,40.26,250
71.5,22,40.29,1500
71.5,23,35.45,5000
71.5,26,35.17,-2250
71.5,27,35.63,0
71.5,29,36.44,-3500
72.0,2,35.53,3500
72.0,3,35.66,1500
72.0,8,35.06,-2500
72.0,9,35.88,2250
72.0,15,35.02,-2750
72.0,18,42.49,250
72.0,21,38.92,250
72.0,22,38.88,1500
72.0,27,35.52,-6000
72.0,28,35.1,3500
72.0,29,35.22,4000
72.0,30,35.03,5750
72.5,3,35.81,1500
72.5,6,37.33,1250
72.5,9,38.71,2000
72.5,11,35.22,2750
72.5,18,43.36,250
72.5,21,39.59,250
72.5,22,40.41,1250
72.5,25,35.32,2750
72.5,27,35.43,3250
72.5,29,39.09,-3500
72.5,30,35.07,250
73.0,2,35.13,-4000
73.0,6,39.17,1250
73.0,9,35.67,-3250
73.0,10,35.41,1000
73.0,12,35.34,1000
73.0,17,35.48,-4250
73.0,18,41.31,250
73.0,21,37.49,250
73.0,22,43.51,1500
73.0,29,35.71,-3500
73.5,3,35.6,1500
73.5,4,35.0,4250
73.5,6,37.79,1250
73.5,10,35.49,5500
73.5,15,35.2,5500
73.5,16,35.3,-2750
73.5,18,40.15,250
73.5,19,35.07,250
73.5,21,35.35,250
73.5,22,37.87,1250
73.5,29,35.59,-250
74.0,4,35.02,-250
74.0,5,35.32,3000
74.0,6,38.38,1250
74.0,8,35.05,-750
74.0,15,37.09,-2500
74.0,18,41.46,250
74.0,21,35.76,250
74.0,22,35.98,1250
74.0,29,36.79,-3500
74.0,32,35.68,2000
74.5,2,35.66,1250
74.5,4,35.19,0
74.5,6,35.35,1250
74.5,8,35.34,3000
74.5,15,40.99,-2750
74.5,16,35.15,2500
74.5,18,40.93,250
74.5,19,35.2,-2750
74.5,21,37.09,250
74.5,22,35.9,1250
74.5,30,35.01,-2750
74.5,32,35.13,4500
75.0,1,35.13,5250
75.0,5,35.42,-4000
75.0,9,38.33,2000
75.0,11,35.12,-4500
75.0,14,36.05,3000
75.0,15,40.45,-2750
75.0,18,42.09,250
75.0,21,41.91,250
75.0,22,42.42,1500
75.5,1,35.03,-4500
75.5,6,35.66,1250
75.5,9,39.82,2000
75.5,15,41.53,-2750
75.5,17,35.29,-2500
75.5,18,42.94,250
75.5,21,38.84,250
75.5,22,41.8,1500
75.5,27,38.82,0
75.5,32,35.2,-4500
76.0,2,36.0,5500
76.0,5,35.12,-750
76.0,9,40.56,2000
76.0,12,35.21,-1750
76.0,14,35.73,3250
76.0,15,42.0,-2750
76.0,18,42.85,250
76.0,21,36.24,250
76.0,22,41.26,1500
76.0,27,37.71,0
76.0,28,35.47,2000
76.0,29,35.21,1000
76.5,3,36.7,1500
76.5,4,36.04,-500
76.5,5,35.44,4000
76.5,6,37.15,1250
76.5,9,43.0,2000
76.5,13,35.7,1750
76.5,14,35.04,-1500
76.5,15,41.3,-2750
76.5,16,35.06,4000
76.5,18,42.14,250
76.5,21,38.68,250
76.5,22,42.36,1500
76.5,24,35.23,-1750
76.5,27,40.83,0
76.5,32,35.19,-500
77.0,1,35.17,-4750
77.0,6,36.2,1250
77.0,7,35.48,-5000
77.0,9,39.6,2000
77.0,15,40.92,-2750
77.0,18,42.83,250
77.0,21,38.94,250
77.0,22,42.11,1500
77.0,23,35.36,1000
77.0,24,35.01,3500
77.0,25,35.05,1000
77.0,27,36.58,0
77.5,1,35.36,3250
77.5,6,37.28,1250
77.5,14,35.77,-1750
77.5,15,40.36,-2750
77.5,18,42.86,250
77.5,20,35.8,-250
77.5,21,39.09,250
77.5,22,38.09,1250
77.5,29,35.15,-3500
78.0,2,35.02,-4000
78.0,3,35.04,4500
78.0,7,35.2,-2500
78.0,13,35.27,4000
78.0,15,41.06,-2750
78.0,18,40.34,250
78.0,21,37.63,250
78.0,22,41.29,1500
78.0,27,35.56,-4000
78.5,9,39.55,2000
78.5,10,35.62,-750
78.5,11,35.28,-2750
78.5,15,40.25,-2750
78.5,17,35.48,-5250
78.5,18,41.5,250
78.5,19,35.03,1500
78.5,21,36.76,250
78.5,22,41.74,1500
78.5,27,36.29,0
78.5,29,35.04,-3500
79.0,6,35.52,1250
79.0,15,39.67,-2750
79.0,18,42.32,250
79.0,19,35.27,-5250
79.0,21,39.29,250
79.0,22,39.33,1500
79.0,28,35.1,4500
79.5,6,39.22,1250
79.5,8,35.59,0
79.5,12,35.23,0
79.5,14,35.49,-500
79.5,15,36.83,-2750
79.5,18,41.56,250
79.5,21,39.11,250
79.5,22,38.69,1250
79.5,25,35.24,-4750
79.5,26,35.36,250
79.5,28,35.08,2250
80.0,3,35.91,1500
80.0,9,35.6,2250
80.0,11,35.41,1000
80.0,15,40.54,-2750
80.0,18,40.79,250
80.0,21,37.7,250
80.0,22,36.96,1250
80.0,23,35.39,5500
80.0,26,35.51,4250
80.0,27,36.92,0
80.0,29,36.22,-3500
80.5,9,36.75,2250
80.5,10,35.15,2500
80.5,14,35.56,1250
80.5,15,39.36,-2500
80.5,18,41.24,250
80.5,21,38.44,250
80.5,22,39.15,1250
80.5,27,35.41,0
80.5,28,35.25,3500
81.0,3,35.13,5500
81.0,4,35.01,-5500
81.0,9,39.41,2000
81.0,10,35.65,-3500
81.0,12,35.12,250
81.0,15,40.19,-2750
81.0,16,35.52,-5750
81.0,18,42.92,250
81.0,21,37.41,250
81.0,22,39.64,1500
81.0,27,39.86,0
81.0,29,36.68,-3500
81.5,5,35.07,0
81.5,9,36.1,1750
81.5,15,37.67,-2500
81.5,18,41.63,250
81.5,21,38.75,250
81.5,22,38.14,1250
81.5,27,36.2,0
81.5,29,39.17,-3500
82.0,1,35.49,-3500
82.0,10,35.39,-4000
82.0,15,39.92,-2750
82.0,18,42.31,250
82.0,19,35.09,4250
82.0,21,38.37,250
82.0,22,38.99,1500
82.0,25,35.26,-4000
82.0,27,35.78,0
82.0,29,36.86,-3500
82.5,3,35.44,-1000
82.5,9,41.23,2000
82.5,15,39.59,-2750
82.5,18,43.04,250
82.5,21,39.12,250
82.5,22,39.88,1500
82.5,23,35.35,-1500
82.5,25,35.08,3500
82.5,27,39.62,0
82.5,29,39.22,-3500
82.5,30,35.07,5500
83.0,2,35.16,-5000
83.0,9,40.09,2000
83.0,11,35.31,5500
83.0,15,41.04,-2750
83.0,18,41.69,250
83.0,19,35.38,5750
83.0,21,39.74,250
83.0,22,42.61,1500
83.0,23,35.11,3500
83.0,24,35.16,3250
83.0,27,39.93,0
83.0,28,35.47,-1250
83.0,29,38.59,-3500
83.5,6,35.27,1250
83.5,8,35.3,-5750
83.5,9,40.47,2250
83.5,14,35.53,3000
83.5,15,39.3,-2750
83.5,18,42.66,250
83.5,20,35.21,2000
83.5,21,38.49,250
83.5,22,40.98,1500
83.5,27,37.58,0
83.5,29,36.08,-3500
83.5,30,35.1,4000
84.0,9,39.72,2250
84.0,10,35.06,-1750
84.0,15,39.69,-2750
84.0,17,35.33,5250
84.0,18,42.57,250
84.0,21,41.28,250
84.0,22,39.1,1250
84.0,23,35.38,-1250
84.0,27,35.87,0
84.0,32,35.09,-4750
84.5,9,37.45,2250
84.5,12,35.34,-1000
84.5,14,36.51,3000
84.5,15,39.79,-2750
84.5,18,41.88,250
84.5,20,35.25,2750
84.5,21,38.45,250
84.5,22,37.2,1250
84.5,23,35.0,2250
84.5,26,35.18,4500
84.5,27,36.84,250
84.5,29,35.85,-3500
85.0,3,35.68,-1000
85.0,9,38.56,2000
85.0,11,35.09,-2500
85.0,14,36.91,3000
85.0,15,39.92,-2750
85.0,18,42.95,250
85.0,21,38.16,250
85.0,22,41.8,1500
85.0,26,35.02,5750
85.0,27,40.83,0
85.0,32,35.43,-5500
85.5,6,35.92,1250
85.5,9,35.13,2250
85.5,13,35.16,1000
85.5,14,36.03,3000
85.5,15,40.05,-2500
85.5,18,42.96,250
85.5,20,35.08,500
85.5,21,38.1,250
85.5,22,39.18,1250
85.5,27,37.79,0
85.5,29,37.05,-3500
86.0,3,35.49,1500
86.0,4,35.05,-750
86.0,6,35.06,-5750
86.0,14,35.03,3000
86.0,15,38.2,-2750
86.0,18,43.19,250
86.0,21,39.18,250
86.0,22,38.23,1250
86.0,27,36.58,0
86.0,28,35.49,1000
86.5,9,37.01,2250
86.5,12,35.47,-2000
86.5,14,35.57,3000
86.5,15,40.58,-2750
86.5,18,42.93,250
86.5,21,39.55,250
86.5,22,37.8,1250
86.5,24,35.52,3250
86.5,27,35.03,-5750
86.5,31,35.26,2000
87.0,9,41.06,2000
87.0,11,35.11,-6000
87.0,12,35.11,-4750
87.0,15,40.48,-2750
87.0,18,43.56,250
87.0,21,38.77,250
87.0,22,41.73,1500
87.0,27,38.9,0
87.5,2,35.07,4000
87.5,9,38.11,2250
87.5,12,35.16,5000
87.5,15,40.02,-2750
87.5,16,35.11,-5000
87.5,18,41.71,250
87.5,21,38.14,250
87.5,22,37.53,1250
87.5,30,35.33,-2000
88.0,8,35.56,-6000
88.0,11,35.3,4250
88.0,14,35.25,4000
88.0,15,39.75,-2750
88.0,18,42.82,250
88.0,21,40.6,250
88.0,22,38.1,1500
88.0,25,35.35,-4750
88.0,27,35.68,-250
88.0,29,37.14,-3500
88.0,32,35.16,2250
88.5,8,35.34,-3500
88.5,9,40.99,2000
88.5,10,35.06,-3750
88.5,14,36.37,3000
88.5,15,40.04,-2750
88.5,18,43.28,250
88.5,21,39.76,250
88.5,22,41.06,1500
88.5,27,41.28,0
88.5,28,35.36,-1000
88.5,29,36.71,-3500
88.5,31,35.25,-2000
89.0,3,35.45,2500
89.0,5,35.35,2000
89.0,9,37.29,2250
89.0,12,35.04,5000
89.0,14,37.58,3000
89.0,15,39.34,-2750
89.0,18,41.61,250
89.0,19,35.33,1250
89.0,21,36.85,250
89.0,22,38.27,1500
89.0,23,35.12,-5250
89.0,27,36.78,0
89.0,29,37.74,-3500
89.5,6,36.05,1250
89.5,9,39.35,2250
89.5,14,36.14,3000
89.5,15,39.78,-2750
89.5,18,42.71,250
89.5,21,38.08,250
89.5,22,40.45,1500
89.5,23,35.66,-750
89.5,26,35.12,1250
89.5,27,39.49,0
89.5,31,35.57,-750
90.0,1,35.12,-2750
90.0,2,35.24,3250
90.0,6,36.39,1250
90.0,9,40.23,2000
90.0,12,35.17,4250
90.0,15,40.28,-2750
90.0,18,42.93,250
90.0,19,35.27,5250
90.0,20,35.14,5500
90.0,21,38.06,250
90.0,22,41.55,1500
90.0,23,35.48,3000
90.0,24,35.22,-4000
90.0,26,35.23,2750
90.0,27,40.46,0
90.0,29,35.15,5750
90.0,32,35.71,-750
90.5,6,36.94,1250
90.5,9,40.69,2000
90.5,13,35.37,3750
90.5,15,40.42,-2750
90.5,16,35.3,2000
90.5,18,43.03,250
90.5,21,38.4,250
90.5,22,40.22,1500
90.5,25,35.64,-4000
90.5,27,41.63,0
90.5,31,35.62,1250
91.0,7,35.39,-5000
91.0,9,39.57,2000
91.0,13,35.19,-3250
91.0,15,39.09,-2750
91.0,18,44.31,250
91.0,21,39.23,250
91.0,22,40.72,1500
91.0,26,35.91,-2750
91.0,27,40.41,0
91.0,30,36.13,4500
91.5,12,35.16,2000
91.5,13,35.89,-1500
91.5,14,35.36,3000
91.5,15,42.01,-2750
91.5,17,35.31,-3750
91.5,18,43.53,250
91.5,21,39.07,250
91.5,22,38.21,1250
91.5,23,35.18,5250
91.5,27,35.66,0
91.5,29,36.2,-3500
92.0,5,35.12,-1000
92.0,9,37.67,2250
92.0,14,36.13,3000
92.0,15,41.17,-2750
92.0,18,41.74,250
92.0,21,38.04,250
92.0,22,37.82,1250
92.0,23,35.31,1000
92.0,24,35.16,-1000
92.0,27,37.3,0
92.5,1,35.44,1500
92.5,9,39.19,2000
92.5,15,39.48,-2750
92.5,16,35.26,-5000
92.5,18,41.59,250
92.5,19,35.23,3500
92.5,21,39.84,250
92.5,22,40.01,1500
92.5,26,35.03,2000
92.5,27,41.82,0
92.5,28,35.65,4000
92.5,29,36.46,-3500
93.0,3,35.24,1250
93.0,6,37.31,1250
93.0,9,35.77,2250
93.0,12,35.23,-5750
93.0,13,35.52,-2750
93.0,15,39.91,-2750
93.0,18,41.55,250
93.0,21,38.87,250
93.0,22,40.04,1250
93.0,27,40.95,0
93.0,29,38.2,-3500
93.5,6,35.37,250
93.5,7,35.91,-3750
93.5,11,35.09,3750
93.5,15,40.04,-2750
93.5,17,35.19,1500
93.5,18,43.42,250
93.5,21,41.32,250
93.5,22,40.93,1500
93.5,25,35.35,-3750
93.5,27,40.25,0
93.5,29,35.29,-3500
94.0,1,35.31,3250
94.0,6,35.47,1250
94.0,8,35.07,-1250
94.0,9,40.5,2000
94.0,11,35.07,-4500
94.0,15,38.79,-2750
94.0,18,43.48,250
94.0,21,38.45,250
94.0,22,37.63,1250
94.0,23,35.07,1000
94.0,27,36.94,0
94.0,29,37.61,-3500
94.0,32,35.16,4000
94.5,6,35.74,1000
94.5,9,37.99,2250
94.5,14,35.68,3000
94.5,15,39.64,-2750
94.5,18,41.52,250
94.5,19,35.65,5750
94.5,21,40.35,250
94.5,22,41.09,1500
94.5,24,35.44,0
94.5,27,37.66,0
94.5,29,36.81,-3500
95.0,3,35.03,1250
95.0,6,35.25,-250
95.0,9,37.81,2250
95.0,15,39.43,-2750
95.0,16,35.13,-750
95.0,18,41.51,250
95.0,19,35.39,3250
95.0,21,39.11,250
95.0,22,38.51,1500
95.0,25,35.77,-4250
95.0,27,40.05,0
95.0,28,35.07,5250
95.0,32,35.91,500
95.5,4,35.47,-1750
95.5,5,35.65,-2000
95.5,9,36.58,2250
95.5,11,35.19,-1500
95.5,15,40.32,-2750
95.5,16,35.14,2250
95.5,18,42.24,250
95.5,21,38.6,250
95.5,22,38.16,1250
95.5,23,35.51,-250
95.5,25,35.11,-5750
95.5,27,40.2,0
95.5,30,36.37,1750
95.5,31,35.63,4250
96.0,5,35.12,-2250
96.0,9,41.09,2000
96.0,12,35.89,3000
96.0,14,35.33,3000
96.0,15,40.97,-2750
96.0,18,42.41,250
96.0,21,39.13,250
96.0,22,41.05,1500
96.0,24,35.35,1250
96.0,27,41.31,0
96.0,29,35.13,-3500
96.5,3,36.09,1250
96.5,6,35.69,1250
96.5,7,35.14,-5250
96.5,15,37.36,-2500
96.5,18,42.24,250
96.5,21,38.5,250
96.5,22,36.45,1250
96.5,27,38.02,0
96.5,29,37.46,-3500
97.0,9,41.4,2000
97.0,12,35.27,-6000
97.0,15,40.5,-2750
97.0,18,42.84,250
97.0,19,35.04,-1750
97.0,21,40.21,250
97.0,22,36.36,1500
97.0,27,39.49,0
97.0,29,35.7,1000
97.5,3,35.98,1250
97.5,8,35.23,-5500
97.5,9,38.73,2250
97.5,15,41.6,-2750
97.5,18,42.41,250
97.5,19,35.39,1000
97.5,21,39.84,250
97.5,22,40.26,1500
97.5,23,35.34,4000
97.5,27,37.94,0
97.5,29,35.31,-4250
98.0,6,35.49,1250
98.0,9,36.62,2250
98.0,11,35.42,2250
98.0,15,40.69,-2500
98.0,18,41.52,250
98.0,21,40.4,250
98.0,22,37.36,1500
98.0,27,38.99,0
98.0,29,38.39,-3500
98.0,30,35.48,3250
98.5,5,35.22,250
98.5,6,35.86,1250
98.5,9,36.57,2000
98.5,15,41.63,-2750
98.5,18,42.63,250
98.5,19,35.81,250
98.5,21,41.04,250
98.5,22,40.49,1500
98.5,27,40.72,0
98.5,29,35.73,-3500
98.5,32,35.11,-2500
99.0,3,35.41,1500
99.0,9,38.01,2250
99.0,11,35.8,-2000
99.0,13,35.77,1250
99.0,15,41.78,-2750
99.0,18,42.61,250
99.0,21,40.39,250
99.0,22,38.58,1500
99.0,23,35.43,500
99.0,27,38.21,0
99.0,28,35.05,4000
99.5,5,35.34,1500
99.5,9,39.43,2000
99.5,15,40.93,-2750
99.5,18,43.49,250
99.5,19,35.08,-750
99.5,21,40.95,250
99.5,22,40.94,1500
100.0,3,35.53,1500
100.0,4,35.12,5750
100.0,9,41.15,2000
100.0,10,35.21,-5500
100.0,15,39.64,-2750
100.0,18,41.7,250
100.0,21,38.97,250
100.0,22,36.91,1250
100.0,23,35.07,-3000
100.0,24,35.11,1250
100.0,27,40.26,0
100.0,29,35.1,4000
100.0,31,35.43,-250
100.5,2,35.21,-1500
100.5,9,38.22,1750
100.5,14,36.25,-5750
100.5,15,40.67,-2750
100.5,18,43.43,250
100.5,21,37.95,250
100.5,22,40.99,1500
100.5,23,35.03,-750
100.5,25,35.1,5500
100.5,27,38.56,0
100.5,29,37.07,-3500
100.5,31,35.18,-2250
101.0,1,35.18,-4250
101.0,3,36.38,-2750
101.0,7,35.32,-250
101.0,9,42.44,2000
101.0,14,35.03,3000
101.0,15,39.69,-2750
101.0,18,43.32,250
101.0,19,35.4,-3000
101.0,20,35.13,-6000
101.0,21,39.53,250
101.0,22,40.85,1500
101.0,27,39.43,0
101.0,30,35.43,750
101.5,5,35.8,-4500
101.5,6,36.87,1250
101.5,8,35.28,-3500
101.5,9,39.2,2250
101.5,11,35.24,2000
101.5,15,40.05,-2750
101.5,18,41.81,250
101.5,21,39.73,250
101.5,22,38.23,1250
101.5,27,35.33,0
101.5,28,35.67,-3750
101.5,29,36.61,-3500
102.0,3,35.02,1250
102.0,8,35.17,-3000
102.0,12,35.26,1750
102.0,15,40.45,-2750
102.0,18,43.87,250
102.0,21,38.57,250
102.0,22,38.79,1250
102.0,27,41.33,0
102.0,29,35.46,-3500
102.0,30,35.01,-1000
102.5,3,35.61,1250
102.5,9,41.17,2000
102.5,10,35.75,-1250
102.5,15,41.21,-2750
102.5,18,42.18,250
102.5,21,39.58,250
102.5,22,38.86,1500
102.5,27,35.82,0
102.5,29,36.31,-3500
102.5,32,35.62,5750
103.0,9,41.21,2000
103.0,12,35.22,-5250
103.0,13,35.03,2500
103.0,15,42.48,-2750
103.0,18,42.9,250
103.0,20,35.42,-3250
103.0,21,39.41,250
103.0,22,39.55,1500
103.0,27,40.83,0
103.0,29,35.19,-3500
103.5,1,35.08,4250
103.5,3,36.26,1250
103.5,9,37.5,2250
103.5,10,36.19,5250
103.5,13,35.01,-1500
103.5,15,40.46,-2750
103.5,18,42.08,250
103.5,21,38.17,250
103.5,22,38.8,1500
103.5,27,36.75,0
103.5,29,36.93,-3500
104.0,3,35.93,-750
104.0,9,39.78,2250
104.0,13,35.06,-6000
104.0,15,38.68,-2750
104.0,18,42.96,250
104.0,19,35.87,-4500
104.0,21,39.82,250
104.0,22,38.14,1500
104.0,27,38.6,0
104.5,3,35.04,1250
104.5,6,35.38,1250
104.5,9,42.21,2000
104.5,15,42.15,-2750
104.5,18,42.74,250
104.5,19,35.42,-6000
104.5,21,39.03,250
104.5,22,39.07,1500
104.5,23,35.05,3500
104.5,27,40.48,0
104.5,29,36.3,-3500
105.0,4,35.37,500
105.0,5,35.07,3750
105.0,7,36.38,-250
105.0,9,37.27,2250
105.0,14,35.57,-5250
105.0,15,40.72,-2750
105.0,18,42.91,250
105.0,21,40.66,250
105.0,22,37.55,1250
105.0,27,36.62,0
105.0,29,37.79,-3500
105.5,1,35.09,-2250
105.5,5,35.11,0
105.5,9,36.44,2250
105.5,12,35.46,-4000
105.5,15,42.49,-2750
105.5,18,41.85,250
105.5,21,38.75,250
105.5,22,37.6,1250
105.5,27,38.44,0
105.5,28,35.41,-4500
105.5,29,36.29,-3500
106.0,3,35.22,2250
106.0,9,39.17,2250
106.0,15,39.97,-2500
106.0,18,41.83,250
106.0,21,39.62,250
106.0,22,38.45,1500
106.0,27,38.46,0
106.5,6,35.32,1000
106.5,9,38.48,2250
106.5,15,40.28,-2750
106.5,18,43.55,250
106.5,21,39.92,250
106.5,22,38.14,1250
106.5,27,36.4,0
106.5,29,39.12,-3500
106.5,31,35.51,-1250
107.0,15,41.37,-2750
107.0,18,42.45,250
107.0,20,35.63,-3250
107.0,21,38.42,250
107.0,22,37.27,1500
107.0,23,35.38,4500
107.0,27,36.29,500
107.0,29,37.38,-3500
107.0,30,35.36,-2750
107.5,3,36.41,1250
107.5,4,35.37,-3500
107.5,9,39.59,2000
107.5,15,41.67,-2750
107.5,18,41.91,250
107.5,19,35.42,1750
107.5,21,38.33,250
107.5,22,36.05,-1750
107.5,23,35.98,750
107.5,25,35.89,250
107.5,27,38.92,0
108.0,3,35.01,1250
108.0,9,40.87,2000
108.0,13,35.07,4000
108.0,15,43.1,-2750
108.0,18,41.72,250
108.0,21,37.49,250
108.0,22,39.61,1500
108.0,24,35.62,3250
108.0,26,35.24,-2500
108.0,27,41.23,0
108.0,32,35.15,3000
108.5,6,36.31,1250
108.5,8,35.59,-2250
108.5,9,41.11,2000
108.5,10,35.77,-6000
108.5,14,36.49,3000
108.5,15,39.37,-2750
108.5,18,44.12,250
108.5,20,35.27,2500
108.5,21,38.05,250
108.5,22,40.34,1500
108.5,25,35.36,2500
108.5,26,36.06,3500
108.5,27,40.85,0
109.0,3,35.03,-3250
109.0,5,35.03,0
109.0,9,39.72,2250
109.0,10,35.38,4250
109.0,11,35.14,5000
109.0,15,40.37,-2500
109.0,18,42.19,250
109.0,21,39.13,250
109.0,22,37.08,1500
109.0,27,36.74,0
109.0,29,37.9,-3500
109.5,3,36.3,1250
109.5,5,35.54,2750
109.5,8,36.23,2000
109.5,9,37.26,1750
109.5,11,35.04,1000
109.5,14,35.39,3000
109.5,15,39.51,-2750
109.5,18,41.79,250
109.5,21,39.67,250
109.5,22,38.08,1500
109.5,24,35.84,-3750
109.5,27,36.5,0
109.5,29,39.01,-3500
110.0,3,37.93,1250
110.0,4,35.1,-5750
110.0,9,39.68,2250
110.0,12,35.14,-3000
110.0,15,39.75,-2750
110.0,16,35.86,1000
110.0,18,42.42,250
110.0,21,38.2,250
110.0,22,38.45,1250
110.0,27,37.21,0
110.0,29,38.34,-3500
110.0,30,35.21,250
110.5,7,35.17,-750
110.5,9,39.37,2000
110.5,14,35.3,-5500
110.5,15,40.23,-2750
110.5,17,35.0,-5000
110.5,18,43.82,250
110.5,21,39.61,250
110.5,22,41.17,1500
110.5,26,35.3,-5750
110.5,27,38.29,0
111.0,1,35.29,5750
111.0,3,36.32,1250
111.0,4,35.05,5500
111.0,6,36.63,1000
111.0,9,37.01,2250
111.0,11,35.63,-2000
111.0,14,37.04,3000
111.0,15,41.2,-2750
111.0,16,35.11,2750
111.0,18,42.36,250
111.0,21,39.01,250
111.0,22,38.6,1500
111.0,27,37.15,0
111.0,29,37.06,-3500
111.5,1,35.29,1000
111.5,2,35.39,1500
111.5,8,35.22,-6000
111.5,9,40.79,2000
111.5,14,35.51,3000
111.5,15,42.24,-2750
111.5,18,41.99,250
111.5,21,39.88,250
111.5,22,39.59,1500
111.5,27,39.22,0
111.5,30,35.04,2500
111.5,32,35.3,-750
112.0,2,35.1,2250
112.0,12,35.11,-4500
112.0,13,35.91,-1500
112.0,14,37.75,3000
112.0,15,40.6,-2750
112.0,18,42.78,250
112.0,19,35.18,-1500
112.0,21,39.2,250
112.0,22,35.91,1250
112.0,23,35.42,2500
112.0,27,35.18,-3750
112.0,29,38.92,-3500
112.5,2,35.23,1250
112.5,6,35.54,-3500
112.5,9,41.95,2000
112.5,13,35.52,-3750
112.5,14,35.69,-500
112.5,15,42.61,-2750
112.5,18,42.8,250
112.5,21,38.24,250
112.5,22,41.09,1500
112.5,25,35.23,2500
112.5,27,39.01,0
113.0,6,37.05,1000
113.0,9,37.12,2250
113.0,12,35.19,1000
113.0,13,35.02,250
113.0,14,36.44,3000
113.0,15,39.35,-2750
113.0,18,42.27,250
113.0,21,38.25,250
113.0,22,37.97,1500
113.0,27,37.74,0
113.0,29,37.75,-3500
113.0,30,35.13,-2750
113.5,2,35.0,0
113.5,3,35.46,1250
113.5,9,41.64,2000
113.5,15,43.06,-2750
113.5,18,43.48,250
113.5,21,40.21,250
113.5,22,37.99,1250
113.5,27,38.74,0
113.5,28,35.39,-3750
113.5,29,37.74,-3500
114.0,1,35.15,-4000
114.0,2,35.6,1000
114.0,8,35.06,-4500
114.0,9,38.09,2250
114.0,14,36.11,3000
114.0,15,38.97,-2750
114.0,17,35.99,4750
114.0,18,43.18,250
114.0,21,38.23,250
114.0,22,36.21,1250
114.0,27,38.03,0
114.0,29,37.47,-3500
114.0,30,35.21,5500
114.0,32,35.23,3250
114.5,3,36.67,1250
114.5,5,35.14,-4000
114.5,9,41.59,2000
114.5,14,35.15,750
114.5,15,40.42,-2750
114.5,18,41.85,250
114.5,20,35.37,-1750
114.5,21,40.45,250
114.5,22,38.54,1500
114.5,27,40.81,0
114.5,29,36.85,-3500
115.0,6,35.83,-3000
115.0,7,35.21,-500
115.0,9,40.95,2000
115.0,14,35.43,3250
115.0,15,41.85,-2750
115.0,18,42.8,250
115.0,20,35.21,500
115.0,21,38.79,250
115.0,22,40.94,1500
115.0,24,35.8,3000
115.0,27,39.61,0
115.0,28,35.06,-5000
115.0,29,35.45,-3500
115.5,3,35.47,1250
115.5,4,35.05,-5500
115.5,6,35.17,-5500
115.5,8,35.05,1500
115.5,9,36.58,2250
115.5,15,39.35,-2500
115.5,18,43.44,250
115.5,21,37.9,250
115.5,22,38.96,1500
116.0,3,36.58,1250
116.0,5,35.08,0
116.0,9,37.27,2250
116.0,11,35.35,-750
116.0,12,35.82,-3250
116.0,15,41.27,-2750
116.0,18,42.33,250
116.0,21,39.52,250
116.0,22,39.43,1500
116.0,23,35.87,-3500
116.0,24,35.17,-3500
116.0,29,35.56,-3500
116.5,9,40.15,2000
116.5,15,42.26,-2750
116.5,18,43.67,250
116.5,21,39.08,250
116.5,22,38.47,1500
116.5,27,40.86,0
117.0,3,35.43,1250
117.0,9,37.57,2000
117.0,15,41.68,-2750
117.0,18,43.24,250
117.0,21,39.81,250
117.0,22,39.63,1500
117.0,26,35.45,4500
117.0,27,41.17,0
117.0,29,39.98,-3500
117.0,31,35.1,-2750
117.5,3,36.47,1250
117.5,9,38.09,1750
117.5,11,35.03,2250
117.5,15,40.75,-2750
117.5,18,41.88,250
117.5,21,39.96,250
117.5,22,36.93,1500
117.5,27,38.2,0
117.5,28,35.39,-2500
117.5,29,36.97,-3500
117.5,31,35.16,2250
118.0,2,35.36,3250
118.0,4,35.14,750
118.0,9,39.7,2250
118.0,15,39.98,-2750
118.0,16,35.02,4250
118.0,18,42.8,250
118.0,21,38.2,250
118.0,22,37.61,1250
118.0,27,35.74,250
118.0,29,36.86,-3500
118.5,3,35.71,1250
118.5,7,35.89,-2750
118.5,9,41.56,2000
118.5,11,35.08,-4000
118.5,14,35.1,4500
118.5,15,41.49,-2750
118.5,18,42.44,250
118.5,20,35.01,500
118.5,21,39.32,250
118.5,22,38.29,1250
118.5,25,35.97,1500
118.5,27,40.94,0
118.5,29,37.54,-3500
119.0,8,35.52,4750
119.0,9,38.8,2250
119.0,15,40.39,-2750
119.0,18,42.78,250
119.0,21,39.3,250
119.0,22,37.7,1250
119.0,23,35.12,-4750
119.0,25,35.44,5000
119.0,27,38.34,0
119.0,29,35.68,-3500
119.5,9,39.83,2250
119.5,15,41.32,-2750
119.5,18,41.97,250
119.5,21,39.1,250
119.5,22,37.25,1250
119.5,26,36.09,-4000
119.5,27,39.09,0
119.5,29,38.6,-3500
119.5,30,35.17,-4000
119.5,31,35.03,5250
120.0,2,35.41,-250
120.0,3,36.79,1250
120.0,5,35.45,2750
120.0,9,41.11,2000
120.0,15,41.35,-2750
120.0,17,35.12,5500
120.0,18,40.99,250
120.0,21,39.7,250
120.0,22,39.98,1500
120.0,23,35.09,1750
120.0,24,35.39,-1500
120.0,27,40.24,0
120.0,29,37.81,-3500
120.0,30,35.22,-6000
120.5,3,38.07,1250
120.5,4,35.27,5500
120.5,5,35.29,-5000
120.5,6,35.76,1000
120.5,9,41.95,2000
120.5,10,36.15,-6000
120.5,14,35.48,3000
120.5,15,42.27,-2750
120.5,18,42.41,250
120.5,21,39.44,250
120.5,22,39.61,1500
120.5,27,38.85,0
120.5,29,35.6,-3500
121.0,1,35.19,-3000
121.0,3,37.43,1250
121.0,7,35.22,3750
121.0,9,42.44,2000
121.0,10,35.02,-750
121.0,15,42.98,-2750
121.0,18,41.56,250
121.0,19,35.08,-2500
121.0,21,39.24,250
121.0,22,37.57,1500
121.0,26,35.6,-1750
121.0,27,40.84,0
121.0,29,37.14,-3500
121.5,3,38.42,1250
121.5,5,35.23,-1500
121.5,6,35.28,1000
121.5,9,38.45,2250
121.5,15,40.95,-2750
121.5,18,43.91,250
121.5,20,35.3,-2000
121.5,21,39.85,250
121.5,22,40.93,1500
121.5,27,37.39,0
121.5,29,36.16,-3500
121.5,30,35.11,-2750
122.0,2,35.68,-3500
122.0,3,36.99,1250
122.0,6,35.97,1000
122.0,9,38.34,2250
122.0,13,35.35,4500
122.0,15,41.36,-2750
122.0,18,43.73,250
122.0,20,35.42,-2500
122.0,21,39.49,250
122.0,22,38.77,1500
122.0,29,36.97,-3500
122.5,3,37.19,1250
122.5,4,35.19,5500
122.5,9,36.05,2250
122.5,10,35.25,-3500
122.5,15,40.9,-2750
122.5,18,42.3,250
122.5,20,35.85,-2750
122.5,21,39.36,250
122.5,22,36.97,1250
122.5,27,36.58,0
122.5,29,37.64,-3500
122.5,32,35.67,2000
123.0,6,36.23,-4000
123.0,9,37.08,2250
123.0,12,35.1,-3750
123.0,15,39.59,-2750
123.0,18,42.73,250
123.0,21,39.82,250
123.0,22,36.51,1250
123.0,27,39.62,0
123.0,29,36.81,-3500
123.5,3,36.32,1250
123.5,7,35.06,0
123.5,8,35.11,2000
123.5,9,40.06,2000
123.5,14,35.09,-1750
123.5,15,41.08,-2750
123.5,18,42.95,250
123.5,21,39.58,250
123.5,22,38.57,1500
123.5,25,35.17,250
123.5,27,40.31,0
123.5,29,36.93,-3500
123.5,31,35.24,-3250
124.0,3,37.79,1250
124.0,4,35.23,0
124.0,6,35.93,1000
124.0,9,41.16,2000
124.0,15,40.65,-2750
124.0,18,42.58,250
124.0,20,35.47,-1750
124.0,21,38.48,250
124.0,22,37.57,1500
124.0,27,36.73,0
124.5,9,37.3,2250
124.5,12,35.1,-5750
124.5,14,35.46,-3750
124.5,15,43.43,-2750
124.5,18,41.06,250
124.5,20,35.41,2250
124.5,21,39.22,250
124.5,22,35.75,1250
124.5,24,35.19,-5500
124.5,27,38.09,0
125.0,5,35.03,-1750
125.0,6,35.75,1000
125.0,9,38.68,2250
125.0,15,40.61,-2750
125.0,18,41.24,250
125.0,21,39.96,250
125.0,22,37.1,1500
125.0,27,38.89,0
125.0,32,36.96,3250
125.5,1,36.59,250
125.5,6,36.23,1000
125.5,8,36.29,0
125.5,9,38.28,2250
125.5,15,40.81,-2750
125.5,16,35.38,-4500
125.5,18,41.52,250
125.5,21,37.67,250
125.5,22,37.49,1250
125.5,27,39.97,0
125.5,29,35.09,2750
125.5,31,35.16,250
126.0,3,36.38,1250
126.0,6,36.0,1000
126.0,9,40.66,2000
126.0,15,42.77,-2750
126.0,18,42.96,250
126.0,21,35.73,250
126.0,22,38.49,1250
126.0,27,41.32,0
126.5,3,37.7,1250
126.5,6,36.51,1000
126.5,9,37.52,2250
126.5,15,40.02,-2750
126.5,16,35.05,3750
126.5,18,42.21,250
126.5,21,39.45,250
126.5,22,35.98,1250
126.5,23,35.34,1000
126.5,27,38.08,0
126.5,28,35.49,1250
126.5,29,36.62,-3500
127.0,2,36.26,-6000
127.0,3,36.65,1250
127.0,4,35.18,-1750
127.0,9,40.18,2000
127.0,11,35.11,2250
127.0,15,43.74,-2750
127.0,18,42.86,250
127.0,19,35.69,-5250
127.0,21,41.05,250
127.0,22,35.57,1250
127.0,27,39.16,0
127.5,4,36.4,2000
127.5,6,36.38,250
127.5,9,36.21,2250
127.5,15,40.19,-2750
127.5,18,42.69,250
127.5,19,35.74,4250
127.5,21,37.61,250
127.5,22,38.12,1500
127.5,23,35.74,4000
127.5,27,37.39,0
127.5,28,35.44,-4750
127.5,29,36.74,-3500
127.5,31,35.16,-3250
127.5,32,35.64,1250
128.0,1,35.61,-5500
128.0,2,35.07,-1250
128.0,3,37.05,1250
128.0,5,35.1,-4500
128.0,7,35.17,-1250
128.0,9,39.42,2250
128.0,15,41.07,-2750
128.0,18,43.39,250
128.0,21,41.03,250
128.0,22,38.28,1500
128.0,27,38.34,0
128.0,29,37.6,-3500
128.0,32,35.26,-3750
128.5,3,37.3,1250
128.5,6,35.24,-3500
128.5,15,41.4,-2750
128.5,18,41.67,250
128.5,21,40.1,250
128.5,22,38.4,1250
128.5,25,35.31,-3000
128.5,26,35.64,-5000
128.5,27,37.37,0
128.5,28,35.25,-3000
128.5,29,35.38,4250
128.5,32,35.0,-3750
129.0,1,35.04,5750
129.0,3,35.85,1250
129.0,6,35.5,1000
129.0,9,36.83,2250
129.0,11,35.0,5250
129.0,14,35.15,5250
129.0,15,43.67,-2750
129.0,18,42.8,250
129.0,19,35.44,-5500
129.0,21,39.64,250
129.0,22,38.56,1500
129.0,27,36.9,0
129.5,3,36.24,1250
129.5,9,39.7,2000
129.5,15,42.09,-2750
129.5,16,35.18,1000
129.5,18,42.12,250
129.5,21,40.24,250
129.5,22,38.97,1500
129.5,27,37.59,0
130.0,7,35.28,0
130.0,9,39.49,2000
130.0,14,35.49,-3000
130.0,15,41.41,-2750
130.0,18,42.08,250
130.0,19,35.25,5000
130.0,21,40.9,250
130.0,22,36.75,1250
130.0,27,40.3,0
130.0,30,35.81,-5000
130.5,1,35.39,-2500
130.5,9,39.34,2250
130.5,15,41.23,-2750
130.5,18,41.63,250
130.5,20,35.28,-3500
130.5,21,39.12,250
130.5,22,39.78,1500
130.5,27,40.16,0
130.5,30,36.22,1500
131.0,3,35.11,1250
131.0,5,35.2,-750
131.0,6,36.79,1000
131.0,9,42.04,2000
131.0,15,40.92,-2750
131.0,18,42.4,250
131.0,19,35.13,-3500
131.0,21,38.11,250
131.0,22,36.14,1250
131.0,26,35.29,-750
131.0,27,37.13,0
131.0,28,35.45,2250
131.0,29,35.06,-3750
131.0,32,35.45,4750
131.5,3,36.24,-1750
131.5,5,35.69,-4250
131.5,6,37.11,1000
131.5,9,37.65,2250
131.5,10,35.53,4000
131.5,14,35.86,3000
131.5,15,43.12,-2750
131.5,18,42.3,250
131.5,21,40.72,250
131.5,22,39.99,1500
131.5,27,38.83,0
132.0,6,37.0,1000
132.0,9,36.1,2250
132.0,15,42.21,-2750
132.0,17,35.72,-1500
132.0,18,40.54,250
132.0,21,38.99,250
132.0,22,36.17,1250
132.0,26,36.17,-3500
132.0,27,38.92,0
132.0,29,35.64,-3500
132.5,3,37.24,1250
132.5,7,35.2,-1750
132.5,9,39.4,2000
132.5,15,41.53,-2750
132.5,18,41.52,250
132.5,21,39.0,250
132.5,22,37.51,1250
132.5,26,35.05,-2750
132.5,27,38.09,0
132.5,29,35.33,1250
133.0,3,37.1,1250
133.0,4,35.26,-5000
133.0,6,35.52,1000
133.0,9,41.5,2000
133.0,15,41.52,-2750
133.0,17,35.02,-1750
133.0,18,42.23,250
133.0,21,40.13,250
133.0,22,38.66,1500
133.0,25,35.27,-3750
133.0,26,36.01,-5000
133.0,27,40.22,0
133.0,29,35.08,-3500
133.0,30,35.21,-2250
133.5,3,37.77,1250
133.5,5,35.36,-1000
133.5,9,39.74,2250
133.5,14,36.76,3000
133.5,15,39.29,-2750
133.5,18,41.16,250
133.5,20,35.57,5250
133.5,21,38.87,250
133.5,22,37.98,1250
133.5,23,35.37,-1500
133.5,27,36.8,0
133.5,30,35.01,-5250
134.0,6,36.39,1000
134.0,9,37.65,1750
134.0,15,40.58,-2750
134.0,18,43.54,250
134.0,20,35.32,-3750
134.0,21,37.65,250
134.0,22,38.68,1500
134.0,27,37.31,0
134.0,29,37.66,-3500
134.0,31,35.5,500
134.5,3,37.22,1250
134.5,6,36.13,1000
134.5,9,38.96,2250
134.5,15,40.67,-2750
134.5,18,42.6,250
134.5,21,39.18,250
134.5,22,39.57,1500
134.5,25,36.4,-2750
134.5,29,35.53,-3500
134.5,32,35.05,-4750
135.0,3,35.98,1250
135.0,6,35.2,1000
135.0,9,39.23,2000
135.0,14,35.64,3000
135.0,15,40.7,-2750
135.0,18,43.25,250
135.0,21,38.46,250
135.0,22,40.02,1500
135.0,27,41.23,0
135.0,29,35.42,-3500
135.0,30,35.53,4750
135.0,31,35.04,4500
135.5,9,39.4,2000
135.5,11,36.0,0
135.5,15,41.36,-2750
135.5,17,35.01,3250
135.5,18,42.97,250
135.5,21,39.4,250
135.5,22,39.48,1500
135.5,26,35.25,250
135.5,27,38.95,0
135.5,29,36.58,-3500
135.5,31,35.09,-3000
136.0,3,35.06,-5250
136.0,9,37.28,2250
136.0,15,40.15,-2750
136.0,18,42.09,250
136.0,21,39.65,250
136.0,22,37.83,1250
136.0,27,37.4,0
136.0,31,35.43,-3000
136.5,3,37.15,1250
136.5,9,40.86,2000
136.5,12,35.0,2750
136.5,14,35.29,3000
136.5,15,40.95,-2750
136.5,18,42.5,250
136.5,21,38.85,250
136.5,22,38.09,1250
136.5,27,40.16,0
136.5,29,36.42,-3500
137.0,6,36.77,1000
137.0,7,35.41,4000
137.0,8,35.44,-4500
137.0,9,41.12,2000
137.0,11,35.16,-4000
137.0,14,37.02,3000
137.0,15,42.4,-2750
137.0,17,35.47,-4500
137.0,18,40.97,250
137.0,21,39.95,250
137.0,22,39.73,1500
137.0,27,39.83,0
137.0,29,38.32,-3500
137.5,1,35.13,3750
137.5,2,35.4,1250
137.5,3,35.84,1250
137.5,5,35.06,-5750
137.5,6,35.06,5250
137.5,7,35.33,5250
137.5,9,40.76,2000
137.5,11,35.3,-4000
137.5,13,35.68,-3250
137.5,15,41.24,-2750
137.5,18,42.3,250
137.5,20,35.06,3500
137.5,21,39.83,250
137.5,22,39.66,1500
137.5,25,35.57,1000
137.5,27,36.51,0
137.5,29,35.76,-3500
137.5,30,35.95,3250
138.0,2,35.44,-6000
138.0,6,36.04,1000
138.0,9,40.44,2000
138.0,13,35.09,1750
138.0,14,35.16,3000
138.0,15,40.13,-2750
138.0,18,41.56,250
138.0,21,37.27,250
138.0,22,40.04,1500
138.0,25,35.1,4250
138.0,27,38.81,0
138.0,28,36.02,-750
138.0,31,35.29,1250
138.0,32,35.27,-5000
138.5,6,38.45,1000
138.5,9,37.52,2250
138.5,15,40.18,-2500
138.5,18,42.33,250
138.5,21,40.36,250
138.5,22,39.04,1500
138.5,29,37.79,-3500
138.5,31,35.28,-5750
139.0,4,35.03,1000
139.0,6,37.86,1000
139.0,9,37.5,2250
139.0,14,35.18,3000
139.0,15,40.76,-2750
139.0,18,43.03,250
139.0,21,38.78,250
139.0,22,38.3,1250
139.0,23,35.17,4500
139.0,24,35.22,-2000
139.0,27,38.45,0
139.0,29,38.26,-3500
139.0,32,35.13,-4000
139.5,2,35.15,-3500
139.5,3,37.31,1250
139.5,6,35.21,1250
139.5,9,38.21,2250
139.5,15,40.4,-2750
139.5,18,42.36,250
139.5,21,37.9,250
139.5,22,38.01,1250
139.5,25,35.15,-5250
139.5,27,37.94,0
139.5,29,36.87,-3500
140.0,3,37.6,1250
140.0,6,36.56,1000
140.0,9,37.9,2250
140.0,15,40.95,-2750
140.0,18,43.94,250
140.0,21,38.39,250
140.0,22,37.54,1500
140.0,27,37.73,0
140.5,4,35.98,3750
140.5,6,35.75,1000
140.5,9,38.23,2250
140.5,11,35.55,-1500
140.5,15,40.8,-2750
140.5,17,35.44,1500
140.5,18,41.73,250
140.5,21,38.64,250
140.5,22,38.85,1250
140.5,24,36.57,250
140.5,25,35.21,-5500
140.5,28,35.08,-5500
141.0,6,37.08,1250
141.0,9,37.71,2250
141.0,13,35.32,-3750
141.0,14,36.07,3000
141.0,15,40.77,-2750
141.0,18,43.21,250
141.0,21,41.0,250
141.0,22,39.52,1250
141.0,27,37.3,0
141.0,31,35.99,-2500
141.5,2,35.64,-1000
141.5,9,40.44,2000
141.5,14,37.63,3000
141.5,15,42.29,-2750
141.5,16,35.6,-6000
141.5,18,43.54,250
141.5,19,35.07,-2500
141.5,21,41.23,250
141.5,22,40.47,1500
141.5,27,38.59,0
141.5,29,35.97,-3500
141.5,31,35.82,-2750
142.0,8,35.23,-4000
142.0,9,38.22,2250
142.0,12,35.11,4500
142.0,14,35.09,1250
142.0,15,41.66,-2750
142.0,18,42.26,250
142.0,21,38.94,250
142.0,22,39.07,1250
142.0,23,35.01,3750
142.0,27,38.84,0
142.0,29,35.1,3250
142.0,32,35.04,-1500
142.5,9,41.37,2000
142.5,11,35.13,4500
142.5,13,35.33,-4500
142.5,14,36.3,3000
142.5,15,40.6,-2750
142.5,18,43.76,250
142.5,20,35.04,5500
142.5,21,39.43,250
142.5,22,40.38,1500
142.5,27,41.22,0
142.5,31,35.06,1750
143.0,1,35.09,-2000
143.0,3,36.75,1250
143.0,5,35.23,4250
143.0,6,35.69,1250
143.0,9,40.9,2000
143.0,15,41.82,-2750
143.0,18,43.75,250
143.0,21,41.04,250
143.0,22,39.8,1500
143.0,23,35.06,3250
143.0,26,35.52,3500
143.0,27,41.05,0
143.0,29,38.07,-3500
143.0,31,35.35,-3750
143.5,4,35.16,-4500
143.5,5,35.04,250
143.5,6,35.65,-2500
143.5,9,38.57,2250
143.5,11,35.0,3500
143.5,14,35.12,3000
143.5,15,41.83,-2750
143.5,18,41.83,250
143.5,21,40.43,250
143.5,22,39.16,1250
143.5,27,36.38,0
143.5,29,37.98,-3500
143.5,32,35.25,-3500
144.0,7,35.52,750
144.0,9,37.82,2250
144.0,15,41.3,-2750
144.0,18,43.14,250
144.0,21,38.68,250
144.0,22,41.41,1250
144.0,27,37.16,0
144.0,29,35.84,-3500
144.5,5,35.72,-250
144.5,6,35.92,1250
144.5,9,38.81,1750
144.5,11,35.4,4250
144.5,15,39.46,-2750
144.5,18,42.08,250
144.5,21,40.71,250
144.5,22,38.25,1250
144.5,24,35.15,1250
144.5,27,36.58,0
144.5,29,35.18,-3500
145.0,9,41.62,2000
145.0,11,35.25,-4000
145.0,14,39.2,3000
145.0,15,41.04,-2750
145.0,16,35.45,1500
145.0,17,35.27,250
145.0,18,42.95,250
145.0,21,40.65,250
145.0,22,41.64,1500
145.0,26,35.49,-1000
145.0,27,38.7,0
145.0,28,35.12,-750
145.5,5,35.01,2000
145.5,6,35.8,-500
145.5,8,35.22,5750
145.5,9,38.27,1750
145.5,15,40.39,-2750
145.5,18,41.6,250
145.5,21,39.79,250
145.5,22,39.22,1500
145.5,27,35.91,250
145.5,29,35.1,-3500
145.5,32,35.06,2500
146.0,6,36.75,1250
146.0,9,38.05,1750
146.0,10,35.1,-2500
146.0,15,40.37,-2750
146.0,17,35.57,2500
146.0,18,41.53,250
146.0,19,35.69,4500
146.0,21,39.79,250
146.0,22,39.24,1500
146.0,23,35.03,-2500
146.0,29,37.3,-3500
146.5,6,36.15,1000
146.5,9,39.95,1750
146.5,13,35.63,1250
146.5,14,35.78,3000
146.5,15,39.35,-2750
146.5,18,42.94,250
146.5,19,35.25,-3000
146.5,20,35.65,-3250
146.5,21,41.58,250
146.5,22,40.98,1500
146.5,23,35.56,3000
146.5,24,35.03,-6000
146.5,27,36.83,0
146.5,29,36.89,-3500
147.0,1,35.45,-4500
147.0,3,35.38,-3000
147.0,5,35.23,3500
147.0,6,37.52,1250
147.0,12,35.19,-250
147.0,14,37.59,3000
147.0,15,37.0,-2750
147.0,18,42.29,250
147.0,21,40.25,250
147.0,22,43.67,1500
147.0,29,39.62,-3500
147.0,30,35.21,-3750
147.0,31,35.02,3500
147.5,6,36.35,1250
147.5,8,35.38,4750
147.5,9,36.67,1750
147.5,15,40.19,-2750
147.5,18,41.5,250
147.5,19,35.58,-6000
147.5,21,39.19,250
147.5,22,39.13,1250
147.5,26,35.45,2000
147.5,27,36.16,0
148.0,3,35.11,5250
148.0,4,35.3,2500
148.0,8,35.57,-5000
148.0,9,37.32,1750
148.0,11,35.38,2750
148.0,14,36.74,3000
148.0,15,40.66,-2750
148.0,18,42.42,250
148.0,19,35.29,2250
148.0,21,37.97,250
148.0,22,36.55,1250
148.0,32,35.07,-2250
148.5,3,36.46,1500
148.5,6,37.86,1250
148.5,9,40.04,2000
148.5,10,35.14,5750
148.5,13,35.61,-1000
148.5,15,41.13,-2750
148.5,18,41.95,250
148.5,21,40.18,250
148.5,22,42.62,1500
148.5,30,35.15,-4750
149.0,2,36.05,4500
149.0,6,35.96,1250
149.0,9,36.73,2250
149.0,14,36.42,3000
149.0,15,39.56,-2500
149.0,18,42.21,250
149.0,21,40.13,250
149.0,22,38.99,1500
149.0,29,35.0,2250
149.0,31,35.32,-3750
149.5,3,36.82,1500
149.5,6,37.45,1250
149.5,10,35.27,4500
149.5,14,36.35,3000
149.5,15,40.04,-2500
149.5,18,41.5,250
149.5,21,39.08,250
149.5,22,41.25,1500
149.5,23,35.05,4000
149.5,26,35.24,4250
149.5,27,39.88,0
149.5,32,35.5,2000
150.0,8,35.02,1500
150.0,9,39.27,2000
150.0,11,35.1,5750
150.0,14,37.38,3000
150.0,15,40.17,-2750
150.0,18,41.65,250
150.0,21,41.16,250
150.0,22,42.09,1500
150.0,23,35.04,3250
150.0,24,35.47,-1500
150.0,27,38.35,0
150.5,6,38.15,1250
150.5,11,35.33,750
150.5,14,35.29,-4750
150.5,15,35.22,-2750
150.5,18,42.34,250
150.5,20,35.35,5250
150.5,21,41.02,250
150.5,22,43.25,1500
150.5,29,36.14,-3500
150.5,31,35.3,-3750
151.0,6,36.18,1250
151.0,10,35.1,-3500
151.0,14,37.16,3000
151.0,15,35.52,-2750
151.0,18,42.35,250
151.0,19,35.12,-4750
151.0,21,38.85,250
151.0,22,43.14,1500
151.0,24,35.85,-2250
151.5,3,38.73,1500
151.5,6,37.99,1250
151.5,7,35.61,-4750
151.5,9,35.71,1750
151.5,13,35.18,-4000
151.5,14,35.16,-3500
151.5,15,39.49,-2750
151.5,17,35.16,4000
151.5,18,41.7,250
151.5,21,39.99,250
151.5,22,39.56,1500
151.5,23,35.14,1000
151.5,29,35.69,-3500
151.5,30,35.53,-5000
152.0,3,35.5,-2250
152.0,13,35.32,-500
152.0,14,37.2,3000
152.0,15,38.49,-2750
152.0,16,35.22,4000
152.0,18,41.03,250
152.0,19,36.42,1000
152.0,21,41.17,250
152.0,22,38.96,1250
152.0,29,35.66,-3500
152.5,3,35.94,1500
152.5,6,37.45,1250
152.5,9,37.76,2000
152.5,14,37.1,3000
152.5,15,41.19,-2750
152.5,16,35.42,3500
152.5,18,42.68,250
152.5,20,35.39,-2500
152.5,21,40.42,250
152.5,22,41.42,1500
152.5,25,35.3,-1500
152.5,26,35.01,-1500
152.5,31,35.08,250
152.5,32,35.66,-4500
153.0,2,35.09,-2250
153.0,3,36.4,1500
153.0,6,37.48,1250
153.0,9,35.17,1750
153.0,14,36.96,3000
153.0,15,40.75,-2750
153.0,18,39.63,250
153.0,21,41.09,250
153.0,22,38.14,1500
153.0,27,36.82,0
153.0,28,35.16,2250
153.0,29,36.39,-3500
153.5,2,35.03,0
153.5,3,35.14,3000
153.5,6,36.2,1250
153.5,9,40.77,2000
153.5,12,35.0,-1500
153.5,15,39.47,-2500
153.5,18,41.9,250
153.5,21,37.09,250
153.5,22,42.49,1500
153.5,29,35.42,-6000
153.5,31,35.28,250
153.5,32,35.21,4000
154.0,1,35.34,4250
154.0,2,35.81,2000
154.0,5,35.0,1000
154.0,6,37.46,1250
154.0,9,35.66,2000
154.0,14,36.52,3000
154.0,15,36.28,-2750
154.0,18,42.27,250
154.0,21,41.6,250
154.0,22,39.95,1500
154.0,23,35.23,-2250
154.0,27,37.43,0
154.0,29,35.77,-3500
154.0,30,35.86,3250
154.0,31,35.03,3000
154.5,2,35.06,3250
154.5,4,36.01,-2500
154.5,6,35.54,1250
154.5,9,36.25,1750
154.5,14,35.64,-500
154.5,15,39.44,-2750
154.5,18,42.48,250
154.5,21,41.06,250
154.5,22,43.71,1500
154.5,24,35.16,5500
154.5,28,35.95,2500
154.5,29,35.01,-3500
155.0,3,37.26,1500
155.0,6,35.05,750
155.0,11,35.1,4250
155.0,13,35.24,500
155.0,14,36.5,3000
155.0,15,38.64,-2500
155.0,16,35.03,2500
155.0,17,35.04,5000
155.0,18,42.12,250
155.0,19,35.35,-1000
155.0,21,41.43,250
155.0,22,39.09,1250
155.0,27,38.42,0
155.0,29,37.37,-3500
155.0,30,35.45,4250
155.5,6,35.5,1250
155.5,8,35.43,-750
155.5,15,40.42,-2750
155.5,17,36.18,-500
155.5,18,42.46,250
155.5,21,38.88,250
155.5,22,40.45,1500
155.5,27,35.88,0
155.5,29,37.24,-3500
155.5,30,35.17,-3500
155.5,31,35.16,5500
155.5,32,35.14,3250
156.0,3,35.19,-2250
156.0,4,35.64,2250
156.0,6,37.33,1250
156.0,8,35.12,3500
156.0,9,35.46,2000
156.0,13,35.14,-3250
156.0,14,35.75,5250
156.0,15,38.3,-2750
156.0,18,40.87,250
156.0,21,39.8,250
156.0,22,42.48,1500
156.0,27,37.49,0
156.0,29,35.77,-3500
156.5,2,35.11,1500
156.5,4,35.23,-4000
156.5,6,36.01,1250
156.5,9,38.28,1750
156.5,12,35.05,-2500
156.5,14,37.89,3000
156.5,15,38.4,-2750
156.5,18,43.4,250
156.5,21,39.18,250
156.5,22,40.23,1500
156.5,25,35.17,3250
156.5,26,35.23,-1750
156.5,27,36.67,0
156.5,28,35.21,-2750
156.5,32,35.47,1000
157.0,4,35.3,5250
157.0,6,36.29,1250
157.0,8,36.12,5750
157.0,9,37.41,2000
157.0,14,35.0,1000
157.0,15,42.84,-2750
157.0,18,42.45,250
157.0,21,38.9,250
157.0,22,43.0,1500
157.0,23,35.59,250
157.0,29,37.84,-3500
157.5,3,36.78,1500
157.5,4,35.01,-5500
157.5,7,35.16,-5500
157.5,9,35.76,1750
157.5,13,35.13,-2750
157.5,14,36.96,3000
157.5,15,39.72,-2750
157.5,18,42.66,250
157.5,21,40.54,250
157.5,22,40.15,1500
157.5,27,36.55,-250
157.5,31,35.07,-4250
157.5,32,35.67,500
158.0,3,35.74,1500
158.0,8,35.1,3000
158.0,9,37.82,1750
158.0,13,35.26,3250
158.0,15,39.6,-2750
158.0,18,42.24,250
158.0,21,40.66,250
158.0,22,39.89,1500
158.0,24,35.29,4250
158.0,25,35.04,250
158.0,28,35.33,500
158.0,29,36.07,-3500
158.5,2,35.08,-1750
158.5,9,39.09,2000
158.5,14,37.2,3000
158.5,15,42.33,-2750
158.5,18,40.31,250
158.5,21,39.06,250
158.5,22,43.33,1500
158.5,27,37.54,0
158.5,29,35.82,-3500
159.0,2,35.13,-5250
159.0,3,35.23,1500
159.0,4,35.01,-1750
159.0,6,35.19,1250
159.0,9,37.84,1750
159.0,15,39.95,-2750
159.0,16,35.41,500
159.0,18,42.34,250
159.0,19,35.01,-1250
159.0,21,41.33,250
159.0,22,43.71,1500
159.0,25,35.66,4000
159.0,27,37.49,0
159.0,29,38.06,-3500
159.5,6,35.56,1250
159.5,9,38.0,2000
159.5,15,41.69,-2750
159.5,17,35.25,3000
159.5,18,41.89,250
159.5,21,40.63,250
159.5,22,42.75,1500
159.5,27,36.47,0
159.5,29,37.67,-3500
160.0,6,36.55,1250
160.0,9,41.44,2000
160.0,10,35.2,4500
160.0,15,40.24,-2750
160.0,18,41.04,250
160.0,21,37.01,250
160.0,22,38.77,1500
160.0,24,35.13,-4000
160.0,27,38.91,0
160.0,28,35.71,-3000
160.0,29,35.85,-3500
160.5,1,35.97,0
160.5,9,37.43,1750
160.5,15,41.14,-2750
160.5,18,41.74,250
160.5,21,38.83,250
160.5,22,43.7,1500
160.5,27,37.21,0
160.5,29,36.62,-3500
160.5,31,35.37,-4250
161.0,6,36.67,1250
161.0,8,35.39,-2000
161.0,9,35.19,-1000
161.0,14,35.13,-5500
161.0,15,39.69,-2750
161.0,18,41.38,250
161.0,21,42.49,250
161.0,22,43.17,1500
161.0,27,38.85,0
161.0,29,37.96,-3500
161.5,3,35.03,-5500
161.5,6,37.21,1250
161.5,8,35.01,3250
161.5,14,36.06,3000
161.5,15,41.04,-2750
161.5,18,42.43,250
161.5,21,40.72,250
161.5,22,37.07,1250
161.5,27,35.29,0
161.5,29,38.82,-3500
162.0,1,35.75,1000
162.0,3,36.9,1500
162.0,6,35.29,1250
162.0,8,35.16,4250
162.0,9,37.03,1750
162.0,13,35.65,4250
162.0,15,41.91,-2750
162.0,18,41.06,250
162.0,19,35.27,1250
162.0,21,40.16,250
162.0,22,39.22,1500
162.0,23,35.05,-1750
162.0,27,36.29,0
162.0,29,37.32,-3500
162.5,3,36.58,1500
162.5,6,35.96,1250
162.5,8,35.18,2250
162.5,9,38.88,2000
162.5,14,35.43,750
162.5,15,40.1,-2750
162.5,18,42.74,250
162.5,21,40.57,250
162.5,22,37.51,1750
162.5,25,36.53,1000
162.5,27,35.53,-250
162.5,29,37.97,-3500
162.5,30,35.13,1000
163.0,3,36.5,1500
163.0,4,35.2,2250
163.0,8,35.0,-500
163.0,9,38.3,2000
163.0,11,35.34,-2000
163.0,18,41.48,250
163.0,21,38.57,250
163.0,22,42.62,1500
163.0,23,35.07,5500
163.0,27,35.99,0
163.0,29,36.91,-3500
163.0,30,35.48,-4000
163.5,6,37.87,1250
163.5,7,35.18,3000
163.5,9,35.26,2250
163.5,14,38.05,3000
163.5,15,39.36,-2750
163.5,18,41.93,250
163.5,19,35.16,-3500
163.5,21,41.23,250
163.5,22,38.1,1500
163.5,27,35.81,-250
164.0,1,35.64,-4000
164.0,3,35.61,-1250
164.0,4,35.45,2250
164.0,5,35.03,2250
164.0,6,36.65,1250
164.0,7,35.08,0
164.0,9,38.71,1750
164.0,14,35.56,3000
164.0,15,39.11,-2750
164.0,18,42.33,250
164.0,21,40.09,250
164.0,22,40.59,1500
164.0,27,37.4,0
164.0,29,36.53,-3500
164.0,30,35.3,0
164.5,1,35.5,3000
164.5,3,35.32,1500
164.5,4,35.18,5000
164.5,6,37.52,1250
164.5,7,36.54,5000
164.5,9,40.23,2000
164.5,11,35.38,-750
164.5,15,41.47,-2750
164.5,18,43.21,250
164.5,21,39.36,250
164.5,22,42.82,1500
164.5,24,35.12,-2500
164.5,25,35.09,1250
164.5,27,39.1,0
164.5,29,36.5,-3500
165.0,3,35.35,1250
165.0,6,37.78,1250
165.0,9,42.02,2000
165.0,10,35.15,-250
165.0,11,35.72,5500
165.0,15,37.84,-2750
165.0,18,41.58,250
165.0,21,38.88,250
165.0,22,44.75,1500
165.0,24,35.13,3500
165.0,27,37.02,0
165.0,29,36.68,-3500
165.0,31,35.15,-3000
165.5,3,36.73,1500
165.5,6,36.81,1250
165.5,8,35.35,1250
165.5,12,35.01,3000
165.5,15,40.85,-2500
165.5,18,40.94,250
165.5,21,37.51,250
165.5,22,38.34,1750
165.5,24,35.51,-5250
165.5,26,35.97,2000
165.5,32,35.23,-750
166.0,3,36.74,1500
166.0,6,36.86,1250
166.0,7,35.22,-5000
166.0,8,36.05,2500
166.0,9,36.28,2000
166.0,14,36.62,3000
166.0,15,35.74,-2750
166.0,18,40.58,250
166.0,21,37.14,250
166.0,22,43.58,1500
166.0,24,35.36,-4500
166.0,28,35.25,5250
166.5,2,35.7,250
166.5,4,35.01,-500
166.5,6,35.37,1250
166.5,14,35.43,3000
166.5,15,39.61,-2750
166.5,16,35.37,-2000
166.5,18,41.84,250
166.5,21,40.67,250
166.5,22,38.0,1500
166.5,27,35.06,-250
167.0,1,35.15,-2500
167.0,3,36.22,1500
167.0,5,35.56,4500
167.0,6,36.8,1250
167.0,14,37.42,3000
167.0,15,35.58,-2750
167.0,17,35.43,-5750
167.0,18,41.78,250
167.0,21,39.36,250
167.0,22,37.93,1500
167.0,32,35.11,-4750
167.5,6,36.14,1250
167.5,9,38.81,2000
167.5,14,36.28,3000
167.5,15,40.93,-2750
167.5,18,43.1,250
167.5,19,35.27,5000
167.5,21,40.56,250
167.5,22,42.29,1500
167.5,29,35.72,-3500
167.5,31,35.07,1000
168.0,3,35.03,1250
168.0,4,35.25,-3750
168.0,6,35.19,1250
168.0,9,40.94,2000
168.0,11,35.02,-4750
168.0,14,36.52,-2500
168.0,15,39.7,-2750
168.0,18,42.8,250
168.0,21,37.54,250
168.0,22,43.3,1500
168.0,27,36.6,0
168.0,29,37.42,-3500
168.5,1,35.04,2250
168.5,3,35.07,1500
168.5,6,35.77,1250
168.5,9,40.55,2000
168.5,10,35.28,-2000
168.5,12,35.47,250
168.5,14,36.81,3000
168.5,15,42.29,-2750
168.5,16,35.1,-1500
168.5,18,40.87,250
168.5,19,35.07,-4750
168.5,21,38.68,250
168.5,22,42.0,1500
168.5,25,35.23,4750
168.5,27,37.74,0
168.5,29,35.12,-1000
169.0,6,36.85,1250
169.0,9,39.17,2000
169.0,10,35.94,-500
169.0,15,41.2,-2750
169.0,16,35.08,3500
169.0,18,43.69,250
169.0,20,35.98,500
169.0,21,39.18,250
169.0,22,43.72,1500
169.0,26,35.18,1250
169.0,27,38.39,0
169.0,29,36.55,-3500
169.0,32,35.54,1250
169.5,3,36.99,1500
169.5,6,35.85,1250
169.5,9,35.72,1750
169.5,14,36.23,-5750
169.5,15,39.53,-2750
169.5,18,41.46,250
169.5,21,38.43,250
169.5,22,39.59,1500
169.5,26,35.22,-5750
169.5,27,36.99,-250
169.5,28,35.34,-5750
169.5,29,35.74,-3500
169.5,30,35.12,2750
170.0,2,35.13,-4500
170.0,6,35.17,-3250
170.0,7,35.24,3500
170.0,9,37.87,1750
170.0,11,35.72,-2750
170.0,14,35.13,-1750
170.0,15,39.85,-2750
170.0,18,41.73,250
170.0,21,40.06,250
170.0,22,39.45,1500
170.0,27,36.22,0
170.5,3,35.52,1500
170.5,5,35.57,2000
170.5,6,36.76,1250
170.5,9,39.64,2000
170.5,15,40.94,-2750
170.5,16,35.52,-3750
170.5,17,35.6,1250
170.5,18,41.7,250
170.5,21,41.28,250
170.5,22,43.06,1500
170.5,24,35.52,3500
170.5,27,36.9,0
170.5,29,38.2,-3500
171.0,3,35.31,5000
171.0,6,38.99,1250
171.0,9,37.63,1750
171.0,14,35.08,3000
171.0,15,39.7,-2500
171.0,16,35.15,-2250
171.0,17,35.01,-3750
171.0,18,41.7,250
171.0,20,35.76,-5000
171.0,21,37.66,250
171.0,22,37.92,1500
171.0,27,35.11,-2750
171.0,29,36.42,-3500
171.5,1,35.45,-3500
171.5,2,35.21,-1750
171.5,4,35.05,3250
171.5,6,37.74,1250
171.5,9,39.45,2000
171.5,14,36.19,3000
171.5,15,41.55,-2750
171.5,18,42.62,250
171.5,21,39.8,250
171.5,22,42.97,1500
171.5,27,35.73,0
171.5,29,35.88,-3500
171.5,31,35.38,3250
171.5,32,35.16,500
172.0,6,35.63,1250
172.0,9,40.78,2000
172.0,11,35.09,-5750
172.0,14,38.32,3000
172.0,15,40.49,-2750
172.0,16,35.63,1000
172.0,18,40.32,250
172.0,21,42.13,250
172.0,22,41.97,1500
172.0,24,35.03,3000
172.0,26,35.12,1500
172.0,27,38.08,0
172.0,32,35.16,-250
172.5,3,36.85,1500
172.5,5,35.58,-4750
172.5,9,41.74,2000
172.5,14,35.6,3000
172.5,15,41.03,-2750
172.5,18,42.26,250
172.5,21,40.36,250
172.5,22,40.3,1500
172.5,23,35.01,-4500
172.5,27,38.64,0
172.5,28,36.32,3000
173.0,7,35.76,-250
173.0,9,40.91,2000
173.0,14,35.32,3000
173.0,15,40.59,-2750
173.0,17,35.63,-3250
173.0,18,41.65,250
173.0,21,39.52,250
173.0,22,41.75,1500
173.0,23,35.52,500
173.0,26,35.05,-5750
173.0,27,37.74,0
173.0,29,36.5,-3500
173.0,32,35.01,-2250
173.5,1,35.44,-250
173.5,3,35.89,1500
173.5,5,35.14,-3750
173.5,9,38.2,2000
173.5,14,36.99,3000
173.5,15,38.93,-2750
173.5,18,42.52,250
173.5,19,35.31,2250
173.5,21,41.37,250
173.5,22,41.59,1500
173.5,23,35.45,500
173.5,27,36.81,0
173.5,29,36.44,-3500
174.0,1,35.09,4250
174.0,3,35.32,1500
174.0,6,36.18,1250
174.0,9,39.7,2000
174.0,15,41.59,-2750
174.0,17,35.45,-2250
174.0,18,40.83,250
174.0,20,35.05,-250
174.0,21,39.65,250
174.0,22,42.21,1500
174.0,24,35.06,-1750
174.0,26,35.08,-750
174.0,27,39.96,0
174.0,31,35.24,3000
174.0,32,35.14,2000
174.5,2,35.12,5250
174.5,8,35.0,5250
174.5,9,40.76,2000
174.5,12,35.28,5500
174.5,13,35.06,5250
174.5,15,42.0,-2750
174.5,18,41.68,250
174.5,20,35.21,-3000
174.5,21,39.92,250
174.5,22,41.27,1500
174.5,27,37.49,0
174.5,29,37.6,-3500
174.5,30,35.08,-4250
175.0,1,35.69,4750
175.0,3,35.65,1250
175.0,5,36.11,1500
175.0,7,35.82,-2750
175.0,9,40.44,2000
175.0,14,36.31,3000
175.0,15,40.19,-2750
175.0,16,35.07,-4500
175.0,18,44.08,250
175.0,21,39.11,250
175.0,22,39.71,1500
175.0,26,36.27,-2500
175.0,27,38.42,0
175.5,9,36.78,1750
175.5,12,35.07,-4000
175.5,14,36.44,3000
175.5,15,39.95,-2750
175.5,18,42.72,250
175.5,19,35.13,4000
175.5,21,40.48,250
175.5,22,40.99,1500
175.5,27,38.23,0
175.5,29,38.08,-3500
176.0,7,35.11,-3750
176.0,8,35.38,4750
176.0,9,37.37,1750
176.0,15,40.71,-2750
176.0,16,35.22,-750
176.0,17,35.11,5500
176.0,18,41.21,250
176.0,21,38.75,250
176.0,22,37.16,1250
176.0,27,36.76,-250
176.0,28,35.42,0
176.0,29,37.56,-3500
176.0,30,35.47,1750
176.5,7,35.16,4250
176.5,9,42.13,2000
176.5,11,35.9,-750
176.5,12,35.21,5000
176.5,15,41.13,-2750
176.5,16,35.54,-2750
176.5,18,42.31,250
176.5,21,38.86,250
176.5,22,41.06,1500
176.5,23,35.18,3500
176.5,27,38.19,0
176.5,29,36.78,-3500
176.5,30,35.44,-5000
177.0,4,35.25,750
177.0,5,35.01,-5000
177.0,6,35.38,1000
177.0,8,35.06,4000
177.0,9,38.44,2000
177.0,11,35.92,-3500
177.0,15,39.52,-2750
177.0,17,35.4,-1000
177.0,18,42.46,250
177.0,21,38.77,250
177.0,22,40.55,1500
177.0,23,35.36,-2500
177.0,27,36.4,0
177.0,29,36.88,-3500
177.5,8,35.64,-1000
177.5,9,38.7,1750
177.5,11,35.59,4000
177.5,15,41.11,-2500
177.5,16,35.12,-3000
177.5,18,42.2,250
177.5,21,40.34,250
177.5,22,37.08,1500
177.5,24,35.45,-5750
177.5,27,35.15,-1000
177.5,28,35.34,-3000
177.5,29,35.97,-3500
177.5,30,35.17,4500
178.0,5,35.11,-2250
178.0,6,36.27,1000
178.0,8,35.71,3500
178.0,9,38.96,1750
178.0,10,35.06,-6000
178.0,14,35.04,3000
178.0,15,39.12,-2750
178.0,18,42.91,250
178.0,21,38.84,250
178.0,22,37.91,1250
178.0,24,35.16,-5000
178.0,25,35.18,5250
178.0,27,38.43,-250
178.0,28,35.45,4750
178.0,31,35.22,-4000
178.5,3,37.28,1250
178.5,6,35.37,1250
178.5,9,40.64,2000
178.5,14,35.35,4000
178.5,15,41.58,-2750
178.5,18,42.45,250
178.5,21,40.42,250
178.5,22,39.39,1500
178.5,27,38.37,0
178.5,28,35.12,1250
178.5,29,36.27,-3500
178.5,32,35.34,2000
179.0,2,35.11,-500
179.0,3,39.36,1250
179.0,4,35.03,-500
179.0,5,35.38,-2000
179.0,8,35.05,-4250
179.0,9,35.72,2250
179.0,13,35.18,-2500
179.0,14,36.58,3000
179.0,15,41.01,-2750
179.0,18,43.57,250
179.0,21,36.08,250
179.0,22,37.5,1500
179.0,27,38.84,0
179.0,32,35.28,4750
179.5,4,35.07,4750
179.5,7,35.34,2500
179.5,9,36.67,1750
179.5,13,35.23,-250
179.5,15,40.65,-2750
179.5,18,43.41,250
179.5,19,35.19,2000
179.5,21,39.76,250
179.5,22,41.27,1500
179.5,23,35.12,5000
179.5,25,35.4,4500
179.5,27,39.74,0
180.0,6,35.07,1000
180.0,9,40.51,2000
180.0,14,35.34,3000
180.0,15,39.88,-2750
180.0,18,41.78,250
180.0,21,38.77,250
180.0,22,41.28,1500
180.0,23,35.69,1000
180.0,26,35.61,-500
180.0,27,37.95,0
180.0,32,35.43,1250
180.5,3,35.39,5250
180.5,9,41.86,2000
180.5,11,35.08,-1000
180.5,14,35.58,3000
180.5,15,42.28,-2750
180.5,18,41.9,250
180.5,21,39.3,250
180.5,22,39.86,1500
180.5,27,37.63,0
181.0,7,35.04,-2500
181.0,9,40.72,2000
181.0,13,35.32,4000
181.0,14,35.33,3000
181.0,15,41.08,-2750
181.0,16,35.38,-4500
181.0,18,43.55,250
181.0,21,39.71,250
181.0,22,40.84,1500
181.0,27,37.29,0
181.5,4,35.47,-750
181.5,7,35.09,-1750
181.5,9,37.18,2250
181.5,14,36.51,3000
181.5,15,40.17,-2750
181.5,18,42.66,250
181.5,21,39.86,250
181.5,27,37.12,0
181.5,28,35.25,750
181.5,32,35.13,1250
182.0,1,35.02,-1750
182.0,3,35.6,-5500
182.0,4,35.2,250
182.0,5,35.17,5750
182.0,6,35.11,1000
182.0,9,39.35,2250
182.0,12,35.1,-2750
182.0,14,37.74,3000
182.0,15,37.15,-2500
182.0,18,42.14,250
182.0,21,40.06,250
182.0,22,37.92,1500
182.0,26,35.75,5250
182.0,27,35.88,-250
182.0,29,35.03,5000
182.5,2,35.16,-1250
182.5,7,35.06,-2500
182.5,9,38.54,1750
182.5,15,40.18,-2500
182.5,17,35.56,500
182.5,18,41.82,250
182.5,20,35.32,-1250
182.5,21,40.36,250
182.5,22,39.48,1250
182.5,23,35.12,-1250
182.5,27,35.34,3000
182.5,29,36.01,-3500
183.0,7,35.49,-4000
183.0,11,35.09,1000
183.0,15,40.65,-2750
183.0,18,42.98,250
183.0,21,38.76,250
183.0,22,38.81,1500
183.0,25,35.56,3000
183.0,27,36.0,0
183.0,31,35.12,1750
183.0,32,35.0,-3500
183.5,2,35.13,1250
183.5,6,35.42,1000
183.5,9,38.01,2000
183.5,15,38.11,-2750
183.5,18,42.18,250
183.5,20,35.09,-4250
183.5,21,40.23,250
183.5,22,40.09,1500
183.5,27,39.78,0
183.5,29,37.42,-3500
183.5,32,35.12,3000
184.0,3,35.04,1250
184.0,6,35.18,1250
184.0,9,38.75,2000
184.0,11,35.22,1500
184.0,14,37.6,3000
184.0,15,35.94,-2750
184.0,18,43.11,250
184.0,21,38.04,250
184.0,22,40.24,1500
184.0,24,35.01,-3000
184.0,27,35.05,-1750
184.0,28,35.01,5000
184.0,29,37.28,-3500
184.0,32,35.29,-1750
184.5,3,35.31,-1750
184.5,6,35.08,1250
184.5,11,36.42,4500
184.5,12,35.81,250
184.5,14,39.92,3000
184.5,15,42.67,-2750
184.5,18,43.52,250
184.5,20,35.31,-500
184.5,21,38.34,250
184.5,22,41.8,1500
185.0,6,35.29,250
185.0,8,35.11,2750
185.0,9,35.69,1750
185.0,11,35.08,3000
185.0,12,35.15,-6000
185.0,13,35.01,2250
185.0,15,40.71,-2750
185.0,16,35.37,1750
185.0,18,42.05,250
185.0,21,41.35,250
185.0,22,41.74,1500
185.0,24,35.19,1250
185.0,27,36.18,0
185.5,3,36.93,1250
185.5,6,35.45,5250
185.5,7,35.13,1250
185.5,9,36.38,1750
185.5,13,35.27,3000
185.5,14,39.6,3000
185.5,15,40.02,-2750
185.5,18,43.41,250
185.5,21,38.83,250
185.5,22,39.67,1500
185.5,27,39.81,0
186.0,9,39.96,2000
186.0,10,35.58,4000
186.0,14,36.82,3000
186.0,15,41.2,-2750
186.0,16,35.67,-5250
186.0,18,43.18,250
186.0,20,35.13,5250
186.0,21,38.63,250
186.0,22,42.52,1500
186.0,23,35.01,4250
186.0,25,35.2,0
186.0,27,38.46,0
186.5,9,40.1,1750
186.5,13,35.01,-1500
186.5,14,36.54,3000
186.5,15,38.7,-2750
186.5,18,42.11,250
186.5,19,35.27,0
186.5,21,38.81,250
186.5,22,40.17,1500
186.5,23,35.7,4250
186.5,29,35.33,-3500
187.0,6,36.69,1250
187.0,9,35.17,2000
187.0,14,36.32,3000
187.0,15,40.01,-2750
187.0,18,41.62,250
187.0,21,38.06,250
187.0,22,41.95,1500
187.0,23,35.08,-1000
187.0,27,36.93,0
187.0,28,35.51,0
187.0,29,36.51,-3500
187.0,30,35.15,750
187.5,9,37.25,2250
187.5,14,37.08,3000
187.5,15,40.47,-2750
187.5,18,42.98,250
187.5,21,41.7,250
187.5,22,39.68,1500
187.5,31,35.05,3000
187.5,32,35.06,-2750
188.0,9,38.36,1750
188.0,15,38.77,-2500
188.0,16,35.35,250
188.0,17,35.28,5750
188.0,18,42.75,250
188.0,20,35.43,4250
188.0,21,36.09,250
188.0,22,39.21,1250
188.0,25,35.48,3750
188.0,27,37.02,0
188.5,8,35.15,-1500
188.5,9,36.7,1750
188.5,14,35.47,-4750
188.5,15,37.67,-2500
188.5,17,35.4,2250
188.5,18,41.76,250
188.5,20,35.65,-3250
188.5,21,37.89,250
188.5,22,36.68,1250
188.5,23,35.9,-3500
188.5,24,35.07,-2000
188.5,27,36.43,0
188.5,28,35.69,-1250
188.5,31,35.18,-2000
189.0,6,35.96,1250
189.0,9,38.33,1750
189.0,12,35.17,-4250
189.0,13,35.6,5500
189.0,15,41.64,-2750
189.0,18,41.68,250
189.0,20,35.18,-4750
189.0,21,39.43,250
189.0,22,43.15,1500
189.0,27,36.37,0
189.0,32,35.32,-3250
189.5,3,35.9,1500
189.5,4,35.21,1750
189.5,5,35.93,-4500
189.5,9,40.92,2000
189.5,10,35.18,1250
189.5,14,35.95,3000
189.5,15,42.34,-2750
189.5,18,42.93,250
189.5,21,40.26,250
189.5,22,40.5,1500
189.5,29,35.3,2500
190.0,9,39.74,2000
190.0,10,35.8,-1000
190.0,11,35.32,2000
190.0,15,37.91,-2750
190.0,18,40.05,250
190.0,21,39.81,250
190.0,22,36.75,2000
190.0,27,37.06,0
190.0,29,37.04,-3500
190.0,32,35.62,-3000
190.5,3,36.64,1500
190.5,5,35.25,2250
190.5,9,36.85,1750
190.5,14,38.46,3000
190.5,15,38.03,-2750
190.5,18,42.65,250
190.5,21,37.36,250
190.5,22,41.98,1500
190.5,26,35.08,-1500
190.5,27,35.36,0
190.5,28,35.41,750
191.0,3,35.08,250
191.0,9,40.12,2000
191.0,10,35.02,3250
191.0,15,39.26,-2750
191.0,17,35.06,-250
191.0,18,42.95,250
191.0,21,39.42,250
191.0,22,41.77,1500
191.0,24,35.29,-500
191.0,27,39.22,0
191.0,29,36.43,-3500
191.0,31,35.81,5000
191.5,1,35.09,-1750
191.5,3,35.74,1250
191.5,5,35.19,5500
191.5,9,39.24,1750
191.5,15,40.92,-2750
191.5,18,43.01,250
191.5,21,38.49,250
191.5,22,37.23,1500
191.5,23,35.04,1750
191.5,27,35.06,0
191.5,29,35.56,-3500
192.0,1,35.59,2750
192.0,3,35.88,1500
192.0,6,35.37,4250
192.0,7,35.03,4000
192.0,9,38.35,1750
192.0,12,35.92,2000
192.0,14,35.02,3000
192.0,15,42.03,-2750
192.0,18,41.81,250
192.0,21,38.06,250
192.0,22,35.87,1250
192.0,25,35.0,-1500
192.0,26,35.33,250
192.0,27,36.48,0
192.0,28,35.11,-1750
192.5,5,35.17,-250
192.5,9,40.81,2000
192.5,14,36.39,3000
192.5,15,39.11,-2750
192.5,18,42.45,250
192.5,20,35.62,0
192.5,21,39.39,250
192.5,22,39.25,1500
192.5,24,35.47,1500
192.5,27,36.57,0
192.5,31,35.08,-3000
192.5,32,35.4,-750
193.0,5,35.05,750
193.0,6,35.13,1250
193.0,8,35.29,3500
193.0,9,39.74,2000
193.0,10,36.13,-1000
193.0,11,35.18,-3000
193.0,15,42.0,-2750
193.0,18,41.0,250
193.0,21,40.21,250
193.0,22,39.83,1500
193.0,29,36.15,-3500
193.5,3,35.6,1500
193.5,4,35.12,250
193.5,6,35.1,1250
193.5,7,35.53,-3000
193.5,9,38.99,1750
193.5,11,35.6,250
193.5,13,35.32,-5500
193.5,14,37.37,3000
193.5,15,38.38,-2500
193.5,18,42.48,250
193.5,20,35.79,2250
193.5,21,40.06,250
193.5,22,38.94,1500
193.5,27,36.35,0
194.0,14,36.03,3000
194.0,15,38.55,-2750
194.0,18,42.4,250
194.0,20,35.07,250
194.0,21,38.71,250
194.0,22,37.54,1500
194.0,29,35.28,-3500
194.5,5,35.91,-5750
194.5,6,36.53,1250
194.5,7,35.45,-2000
194.5,8,35.51,-4750
194.5,9,36.57,1750
194.5,11,35.22,4500
194.5,15,40.38,-2750
194.5,18,42.06,250
194.5,21,38.63,250
194.5,22,38.82,1500
194.5,27,37.19,-250
194.5,29,36.26,-3500
194.5,30,35.48,-4000
194.5,31,35.43,-1500
195.0,1,35.71,-2750
195.0,6,35.83,1250
195.0,9,40.33,2000
195.0,10,35.75,3500
195.0,15,42.69,-2750
195.0,18,42.74,250
195.0,21,38.31,250
195.0,22,40.81,1500
195.0,26,35.8,1000
195.0,27,37.05,0
195.5,3,35.7,1250
195.5,5,35.21,500
195.5,6,36.14,1250
195.5,7,35.74,1000
195.5,9,38.96,1750
195.5,14,35.55,3000
195.5,15,40.97,-2750
195.5,18,42.29,250
195.5,20,35.05,-750
195.5,21,41.14,250
195.5,22,35.46,1500
195.5,28,35.42,2500
196.0,9,41.97,2000
196.0,15,41.3,-2750
196.0,18,40.71,250
196.0,21,39.38,250
196.0,22,41.15,1500
196.0,23,35.72,2250
196.0,27,37.85,0
196.0,32,35.55,-1000
196.5,8,35.14,3750
196.5,9,41.95,2000
196.5,14,35.35,3000
196.5,15,41.76,-2750
196.5,17,35.12,1250
196.5,18,41.33,250
196.5,21,38.96,250
196.5,22,42.94,1500
196.5,27,36.52,0
196.5,29,35.33,-3500
197.0,2,35.16,-750
197.0,4,35.4,-1500
197.0,9,40.34,2000
197.0,14,36.05,3000
197.0,15,40.75,-2750
197.0,18,41.28,250
197.0,21,37.65,250
197.0,22,40.44,1500
197.0,27,38.73,0
197.5,1,35.65,250
197.5,3,35.91,-750
197.5,6,35.33,-4000
197.5,9,39.22,1750
197.5,15,40.07,-2750
197.5,18,42.61,250
197.5,21,41.29,250
197.5,22,37.5,1500
197.5,27,36.78,0
197.5,29,35.62,-3500
198.0,7,35.13,-1750
198.0,9,41.14,2000
198.0,10,35.41,2500
198.0,15,40.48,-2750
198.0,16,35.46,0
198.0,18,41.55,250
198.0,20,35.05,3750
198.0,21,38.96,250
198.0,22,39.4,1500
198.0,24,35.23,2750
198.0,25,35.71,-5500
198.0,27,38.47,0
198.0,29,36.1,-3500
198.5,6,35.14,1250
198.5,9,40.66,2000
198.5,15,41.51,-2750
198.5,16,35.38,-2750
198.5,18,42.37,250
198.5,19,35.45,-1000
198.5,21,39.63,250
198.5,22,40.48,1500
198.5,27,37.87,0
198.5,31,35.11,4750
199.0,9,39.63,1750
199.0,15,39.34,-2750
199.0,18,42.01,250
199.0,21,40.09,250
199.0,22,37.52,1500
199.0,23,35.51,5750
199.0,24,35.97,-5500
199.0,27,36.97,0
199.0,30,35.14,2000
199.5,6,35.5,5000
199.5,9,38.72,1750
199.5,10,35.38,-4250
199.5,15,37.42,-2750
199.5,18,41.5,250
199.5,21,39.01,250
199.5,22,38.72,1500
199.5,23,35.31,4250
200.0,7,35.16,-4000
200.0,14,35.08,-500
200.0,15,38.89,-2750
200.0,18,43.5,250
200.0,21,37.65,250
200.0,22,39.04,1500
200.0,23,35.25,-5000
200.0,27,36.8,0
200.0,29,37.93,-3500
200.5,3,35.04,-4000
200.5,9,35.13,-5500
200.5,14,35.32,3000
200.5,15,36.19,-2750
200.5,16,35.08,5750
200.5,18,37.27,250
200.5,21,37.12,250
200.5,29,36.24,-3500
200.5,31,35.02,0
201.0,3,36.83,1250
201.0,4,35.54,-6000
201.0,6,36.0,1000
201.0,15,39.17,-2750
201.0,18,41.7,250
201.0,21,37.13,250
201.0,22,39.73,1500
201.5,6,35.35,1000
201.5,9,37.71,1750
201.5,15,36.67,-2750
201.5,18,40.72,250
201.5,21,35.46,250
201.5,22,37.65,1500
201.5,25,35.04,-3250
201.5,29,35.28,500
201.5,32,35.66,1500
202.0,2,35.25,-5500
202.0,9,36.72,1750
202.0,13,35.07,-3000
202.0,15,37.18,-2750
202.0,16,35.14,-4250
202.0,17,35.42,-1500
202.0,18,40.98,250
202.0,20,35.1,4750
202.0,21,38.21,250
202.0,27,36.6,0
202.0,30,35.19,5000
202.0,32,35.47,5250
202.5,3,37.72,1250
202.5,9,37.15,1750
202.5,15,39.07,-2750
202.5,18,42.33,250
202.5,21,38.54,250
202.5,22,37.27,1250
202.5,26,35.26,-750
202.5,27,35.22,-250
202.5,29,35.55,-500
202.5,30,35.02,-1750
203.0,6,35.23,4500
203.0,7,36.05,-5250
203.0,9,38.52,1750
203.0,15,38.97,-2750
203.0,17,35.12,2250
203.0,18,40.66,250
203.0,21,39.54,250
203.0,22,37.17,1500
203.0,27,37.39,0
203.0,28,35.6,4250
203.0,29,35.98,-3500
203.0,30,35.49,-3500
203.5,3,35.66,1250
203.5,4,35.18,-1250
203.5,9,40.3,2000
203.5,15,41.17,-2750
203.5,18,41.64,250
203.5,21,36.07,250
203.5,22,39.15,1500
203.5,23,35.5,-5750
203.5,27,35.53,0
203.5,28,35.04,4250
203.5,29,37.76,-3500
203.5,31,35.56,1250
203.5,32,35.13,1250
204.0,2,35.56,-4500
204.0,3,37.07,1250
204.0,4,35.03,-2750
204.0,6,37.56,1000
204.0,7,35.04,2500
204.0,9,36.98,1750
204.0,10,35.01,1750
204.0,11,35.31,-250
204.0,15,38.87,-2750
204.0,17,35.42,1500
204.0,18,40.71,250
204.0,21,39.29,250
204.0,22,37.03,1250
204.0,23,35.44,-4500
204.0,24,35.17,-3500
204.0,26,35.12,-4250
204.0,27,35.39,-3750
204.0,28,35.34,-4250
204.0,29,38.22,-3500
204.5,2,35.43,4250
204.5,3,36.32,1250
204.5,9,37.22,1750
204.5,11,35.52,-4750
204.5,14,35.01,-2000
204.5,15,38.19,-2750
204.5,17,35.22,4000
204.5,18,40.44,250
204.5,21,36.09,250
204.5,27,35.79,0
204.5,29,35.71,-3500
205.0,6,36.19,1000
205.0,9,37.64,1750
205.0,15,39.15,-2750
205.0,17,35.46,4750
205.0,18,41.18,250
205.0,21,37.91,250
205.0,22,37.2,1500
205.0,26,35.1,-5750
205.0,27,37.47,0
205.0,29,38.02,-3500
205.0,30,35.03,-2250
205.0,31,35.04,2000
205.0,32,35.33,-3750
205.5,3,35.28,-3750
205.5,9,38.52,2250
205.5,11,35.24,5750
205.5,14,35.32,-1750
205.5,15,39.88,-2750
205.5,18,41.96,250
205.5,21,37.59,250
205.5,22,36.51,1500
205.5,29,36.95,-3500
205.5,30,35.36,-2750
206.0,3,35.28,1250
206.0,8,35.24,-750
206.0,9,37.92,2250
206.0,10,35.95,-5250
206.0,11,35.37,-1250
206.0,15,40.15,-2750
206.0,18,40.82,250
206.0,21,37.12,250
206.0,22,39.46,1500
206.0,24,36.18,-5750
206.0,27,37.25,-250
206.0,28,35.02,0
206.0,32,35.2,750
206.5,1,35.37,3750
206.5,2,35.68,4500
206.5,3,37.2,1250
206.5,5,35.93,-3000
206.5,8,35.48,-5250
206.5,9,37.7,2250
206.5,15,37.21,-2750
206.5,18,40.55,250
206.5,21,37.56,250
206.5,22,39.88,1500
206.5,26,35.7,-1500
206.5,27,35.75,0
206.5,29,35.08,-3500
206.5,31,35.0,-250
207.0,1,35.12,2250
207.0,4,35.78,4500
207.0,6,35.55,-1500
207.0,7,35.22,5000
207.0,9,42.66,2000
207.0,12,35.2,1250
207.0,15,42.16,-2750
207.0,18,42.34,250
207.0,21,37.82,250
207.0,22,37.04,1500
207.0,27,37.3,0
207.0,28,35.0,-4750
207.0,29,38.39,-3500
207.5,2,35.02,4000
207.5,4,35.13,-2250
207.5,5,35.12,1000
207.5,6,35.56,1000
207.5,9,37.33,2250
207.5,10,35.03,250
207.5,12,35.54,-5500
207.5,15,36.48,-2750
207.5,18,40.64,250
207.5,21,38.17,250
207.5,22,39.02,1250
207.5,25,35.49,-2000
207.5,27,37.59,0
207.5,29,36.23,-3500
207.5,32,35.19,-5000
208.0,6,35.29,1000
208.0,8,35.38,-5500
208.0,9,38.27,2250
208.0,14,35.03,3000
208.0,15,38.86,-2750
208.0,18,41.62,250
208.0,21,38.05,250
208.0,22,38.98,1500
208.0,27,37.21,0
208.0,29,35.12,-3250
208.5,3,35.59,1250
208.5,9,42.36,2000
208.5,15,43.46,-2750
208.5,17,35.24,-3000
208.5,18,42.3,250
208.5,21,37.3,250
208.5,22,39.75,1500
208.5,27,38.79,0
208.5,31,36.17,5000
209.0,6,37.82,1000
209.0,9,36.06,2250
209.0,13,35.69,-1750
209.0,15,39.12,-2750
209.0,18,42.14,250
209.0,21,38.5,250
209.0,22,38.21,1250
209.0,26,35.01,5750
209.0,27,37.08,0
209.0,28,35.24,2250
209.0,29,35.09,-3500
209.0,32,35.45,-6000
209.5,3,35.12,1250
209.5,4,36.42,-1000
209.5,9,36.78,2250
209.5,13,35.3,-500
209.5,15,38.8,-2750
209.5,16,35.22,2750
209.5,17,35.64,-1500
209.5,18,42.49,250
209.5,19,35.8,3250
209.5,20,35.09,-2000
209.5,21,37.91,250
209.5,22,38.59,1500
209.5,27,37.39,0
209.5,28,35.1,2250
209.5,29,37.13,-3500
209.5,32,35.5,750
210.0,9,39.76,2000
210.0,11,35.26,2250
210.0,15,38.57,-2750
210.0,18,42.81,250
210.0,21,39.52,250
210.0,22,38.74,1500
210.0,27,38.57,0
210.5,3,36.34,1250
210.5,9,41.7,2000
210.5,11,35.36,-5000
210.5,14,36.89,3000
210.5,15,41.47,-2750
210.5,18,42.63,250
210.5,19,35.13,2000
210.5,21,39.95,250
210.5,22,40.22,1500
210.5,24,35.48,3000
210.5,25,35.23,-4750
210.5,26,35.16,-5000
210.5,27,38.16,0
210.5,29,36.6,-3500
211.0,2,35.05,-2750
211.0,3,37.17,1250
211.0,6,35.03,1000
211.0,7,35.09,-5000
211.0,9,41.97,2000
211.0,15,43.27,-2750
211.0,16,35.09,3750
211.0,18,43.61,250
211.0,20,35.65,-1250
211.0,21,39.36,250
211.0,22,40.81,1500
211.0,26,35.44,2750
211.0,27,37.66,0
211.0,29,37.47,-3500
211.5,1,35.53,-1250
211.5,3,35.25,1250
211.5,5,35.11,500
211.5,9,39.4,1750
211.5,15,40.41,-2750
211.5,18,42.16,250
211.5,19,35.31,-1250
211.5,21,39.56,250
211.5,22,39.37,1500
211.5,23,35.01,-4000
211.5,27,37.3,-250
211.5,29,37.62,-3500
212.0,3,36.81,1250
212.0,6,35.99,1000
212.0,7,35.22,2250
212.0,9,36.73,2250
212.0,10,35.38,-3000
212.0,12,35.2,1500
212.0,14,37.07,3000
212.0,15,39.4,-2750
212.0,18,42.19,250
212.0,21,40.87,250
212.0,22,37.14,1250
212.0,27,38.16,0
212.5,6,36.37,1000
212.5,9,36.43,1750
212.5,14,35.27,3000
212.5,15,36.86,-2750
212.5,16,36.19,-2000
212.5,18,40.38,250
212.5,21,39.54,250
212.5,22,40.04,1500
212.5,27,35.83,-500
212.5,28,36.13,2500
212.5,29,36.74,-3500
213.0,3,35.3,1250
213.0,6,35.43,1000
213.0,8,35.03,-2750
213.0,9,37.78,1750
213.0,13,35.03,-3000
213.0,15,40.69,-2750
213.0,18,42.05,250
213.0,21,38.84,250
213.0,22,39.05,1500
213.0,25,35.52,0
213.0,27,38.99,0
213.0,29,38.34,-3500
213.0,30,35.34,-5750
213.5,3,35.17,-3750
213.5,6,35.17,-5750
213.5,8,35.13,-2000
213.5,9,41.91,2000
213.5,12,35.01,5000
213.5,13,35.09,-6000
213.5,15,38.72,-2750
213.5,18,41.72,250
213.5,21,40.65,250
213.5,22,38.05,1500
213.5,27,36.55,0
214.0,2,35.16,5250
214.0,3,38.26,1250
214.0,4,36.13,-1250
214.0,5,36.0,2250
214.0,8,35.17,-1000
214.0,9,42.4,2000
214.0,15,38.94,-2750
214.0,18,43.0,250
214.0,21,39.8,250
214.0,22,37.87,1250
214.0,23,35.02,1250
214.0,27,36.85,0
214.0,29,37.73,-3500
214.0,30,35.56,1250
214.5,3,36.32,1250
214.5,5,35.75,0
214.5,6,35.5,1000
214.5,9,37.68,1750
214.5,11,35.54,1500
214.5,15,41.69,-2750
214.5,18,42.99,250
214.5,19,35.19,3750
214.5,21,39.36,250
214.5,22,38.54,1250
215.0,2,35.03,4000
215.0,3,36.22,1250
215.0,4,35.05,-1500
215.0,6,35.05,1000
215.0,9,38.2,2250
215.0,10,35.19,2500
215.0,15,40.13,-2750
215.0,18,40.77,250
215.0,21,38.57,250
215.0,22,38.12,1500
215.0,23,35.08,4250
215.0,27,39.69,0
215.0,29,36.08,-3500
215.5,3,35.41,1250
215.5,5,35.42,4000
215.5,6,36.7,1000
215.5,9,38.97,1750
215.5,10,35.62,-4500
215.5,14,36.41,3000
215.5,15,37.94,-2750
215.5,18,41.65,250
215.5,21,39.17,250
215.5,22,40.0,1500
215.5,23,35.31,-3750
215.5,27,37.72,0
215.5,29,35.64,3250
216.0,3,35.62,1250
216.0,6,37.91,1000
216.0,8,35.09,-3750
216.0,9,41.57,2000
216.0,10,35.29,3500
216.0,15,41.06,-2750
216.0,18,41.04,250
216.0,21,40.25,250
216.0,22,38.99,1500
216.0,27,38.52,0
216.0,29,39.62,-3500
216.0,32,35.05,-2250
216.5,3,35.84,1250
216.5,9,39.13,2250
216.5,15,38.8,-2750
216.5,18,42.5,250
216.5,21,40.57,250
216.5,22,38.18,1500
216.5,29,38.57,-3500
217.0,3,36.14,1250
217.0,4,35.56,-250
217.0,6,37.14,1000
217.0,9,42.08,2000
217.0,13,35.78,-3250
217.0,14,35.27,3000
217.0,15,41.62,-2750
217.0,18,41.85,250
217.0,20,35.16,-4250
217.0,21,40.56,250
217.0,22,39.71,1500
217.0,27,38.4,0
217.0,29,39.78,-3500
217.5,3,35.71,1250
217.5,9,36.89,2250
217.5,14,35.08,-5250
217.5,15,39.48,-2750
217.5,18,41.35,250
217.5,21,41.89,250
217.5,22,38.97,1250
217.5,27,35.83,0
217.5,30,35.17,-3500
218.0,3,35.86,1250
218.0,5,35.0,-1000
218.0,6,35.63,1000
218.0,8,35.73,1000
218.0,9,38.57,2250
218.0,10,35.04,1250
218.0,14,35.65,3250
218.0,15,37.8,-2750
218.0,18,42.62,250
218.0,20,35.25,3750
218.0,21,40.04,250
218.0,22,35.45,1500
218.0,23,35.09,-2750
218.0,24,35.04,5000
218.0,26,35.68,2000
218.0,29,37.27,-3500
218.5,2,35.36,0
218.5,3,35.3,1250
218.5,9,37.7,2250
218.5,10,35.24,-2750
218.5,15,38.87,-2750
218.5,16,35.31,-5250
218.5,18,41.8,250
218.5,21,38.95,250
218.5,22,38.59,1250
218.5,27,37.42,0
218.5,29,37.13,-3500
219.0,4,35.0,-5000
219.0,6,37.56,1000
219.0,9,39.06,2250
219.0,11,35.41,750
219.0,14,36.3,3000
219.0,15,43.15,-2750
219.0,16,35.13,-3250
219.0,18,41.47,250
219.0,21,40.37,250
219.0,22,39.95,1500
219.0,27,35.36,0
219.0,28,35.17,-2750
219.0,29,38.96,-3500
219.0,31,35.05,-750
219.5,6,35.72,1000
219.5,9,40.6,2000
219.5,13,35.22,-1500
219.5,15,42.28,-2750
219.5,16,35.68,-2000
219.5,17,35.1,2000
219.5,18,41.76,250
219.5,20,35.61,3250
219.5,21,42.29,250
219.5,22,39.32,1500
219.5,27,37.36,0
220.0,3,36.97,1250
220.0,6,37.12,1000
220.0,9,41.01,2000
220.0,13,35.27,-1750
220.0,14,35.11,2750
220.0,15,39.85,-2750
220.0,18,42.27,250
220.0,21,40.74,250
220.0,22,40.06,1500
220.0,23,35.02,-1250
220.0,25,35.71,-5500
220.0,27,38.86,0
220.5,6,36.69,1000
220.5,9,35.9,2250
220.5,11,35.14,4250
220.5,12,35.23,-4500
220.5,13,35.2,-4000
220.5,15,38.01,-2750
220.5,17,36.0,-5500
220.5,18,41.83,250
220.5,21,41.63,250
220.5,22,37.51,1250
220.5,24,35.33,5000
220.5,27,36.53,0
220.5,30,35.34,-4750
221.0,6,36.75,1000
221.0,9,39.13,2000
221.0,15,41.48,-2750
221.0,18,43.07,250
221.0,19,35.35,4000
221.0,21,40.73,250
221.0,22,39.02,1500
221.0,27,37.79,0
221.0,29,39.15,-3500
221.5,3,35.89,1250
221.5,4,35.4,-4250
221.5,6,36.71,1000
221.5,9,36.14,2250
221.5,13,35.21,5500
221.5,14,35.76,-3500
221.5,15,40.08,-2750
221.5,16,35.89,5500
221.5,18,42.09,250
221.5,20,35.25,-750
221.5,21,38.95,250
221.5,22,39.57,1500
221.5,23,35.24,1000
221.5,27,36.36,0
221.5,29,38.06,-3500
222.0,3,36.78,1250
222.0,6,36.25,1000
222.0,9,37.05,2250
222.0,14,35.36,3000
222.0,15,41.87,-2750
222.0,17,35.78,250
222.0,18,41.78,250
222.0,19,35.72,-1750
222.0,21,38.18,250
222.0,22,37.17,1250
222.0,26,35.65,3000
222.0,27,35.98,0
222.0,29,38.69,-3500
222.5,3,38.15,1250
222.5,6,36.72,1000
222.5,9,41.47,2000
222.5,15,38.03,-2750
222.5,18,43.36,250
222.5,21,40.35,250
222.5,22,37.5,1250
222.5,24,35.48,5250
222.5,32,35.98,-750
223.0,1,35.01,-5250
223.0,2,35.41,3000
223.0,3,37.3,1250
223.0,6,37.1,1000
223.0,9,41.76,2000
223.0,15,40.61,-2750
223.0,18,42.3,250
223.0,20,35.53,3500
223.0,21,40.95,250
223.0,22,39.79,1500
223.0,27,35.82,0
223.0,29,39.62,-3500
223.0,31,35.16,-1750
223.5,1,35.69,750
223.5,3,35.24,1250
223.5,6,35.83,1000
223.5,7,35.67,-6000
223.5,9,38.98,2250
223.5,15,37.54,-2750
223.5,18,43.43,250
223.5,19,36.11,-4250
223.5,21,40.68,250
223.5,22,38.42,1250
223.5,29,38.22,-3500
223.5,31,35.18,4250
224.0,1,35.35,-3750
224.0,2,35.64,1750
224.0,3,35.53,1250
224.0,6,38.88,1000
224.0,9,38.4,1750
224.0,15,39.12,-2750
224.0,18,42.48,250
224.0,21,39.83,250
224.0,22,37.41,1500
224.0,28,35.61,-3250
224.0,29,35.1,-4000
224.0,31,35.87,1000
224.5,1,35.06,4500
224.5,3,35.12,1250
224.5,6,35.6,1000
224.5,9,37.67,1750
224.5,15,38.58,-2750
224.5,18,43.56,250
224.5,21,39.54,250
224.5,22,36.55,1250
224.5,29,35.25,-4750
225.0,2,35.46,1000
225.0,3,37.54,1250
225.0,6,37.88,1000
225.0,9,38.06,1750
225.0,10,35.29,-4000
225.0,13,35.51,3500
225.0,15,40.48,-2750
225.0,18,43.28,250
225.0,21,40.53,250
225.0,22,38.28,1500
225.0,23,35.25,5000
225.0,27,35.8,0
225.0,28,35.18,-5250
225.5,3,38.85,1250
225.5,5,35.02,2500
225.5,6,38.59,1000
225.5,9,40.61,2000
225.5,13,35.75,-4500
225.5,14,35.01,-2750
225.5,15,41.05,-2750
225.5,16,35.15,-3750
225.5,17,35.38,-4750
225.5,18,42.29,250
225.5,20,35.26,-3500
225.5,21,41.54,250
225.5,22,36.83,1500
225.5,26,35.91,-3250
225.5,27,38.33,0
225.5,29,38.98,-3500
225.5,32,35.27,3250
226.0,3,35.04,1250
226.0,9,40.83,2000
226.0,12,35.05,-3750
226.0,14,35.22,2250
226.0,15,41.22,-2750
226.0,16,35.03,-1750
226.0,18,42.76,250
226.0,21,40.13,250
226.0,22,36.6,1250
226.0,27,35.45,0
226.0,29,39.18,-3500
226.0,31,35.13,1250
226.5,3,36.26,1250
226.5,6,35.8,3750
226.5,9,41.96,2000
226.5,14,37.46,3000
226.5,15,41.06,-2750
226.5,18,43.78,250
226.5,19,35.69,-6000
226.5,21,39.52,250
226.5,22,38.09,1250
226.5,27,37.18,0
226.5,31,35.59,2500
227.0,3,36.68,1250
227.0,6,35.67,1000
227.0,9,39.08,2250
227.0,11,35.07,1000
227.0,12,35.23,-4750
227.0,15,37.82,-2750
227.0,18,41.42,250
227.0,21,37.12,250
227.0,22,35.91,1250
227.0,25,35.12,-250
227.0,27,36.22,0
227.5,1,36.16,-250
227.5,3,37.72,1250
227.5,6,37.44,1000
227.5,7,35.48,500
227.5,9,38.61,2250
227.5,11,36.02,-1000
227.5,15,37.83,-2750
227.5,16,35.63,3500
227.5,17,35.51,500
227.5,18,42.93,250
227.5,21,41.62,250
227.5,22,37.85,1500
227.5,23,35.21,-5000
227.5,27,35.09,-5000
227.5,29,35.76,-3500
228.0,3,35.03,1250
228.0,6,37.91,1000
228.0,7,35.79,750
228.0,9,41.42,2000
228.0,12,35.36,-250
228.0,13,35.17,5250
228.0,15,39.46,-2750
228.0,18,42.52,250
228.0,19,35.12,4250
228.0,21,40.92,250
228.0,22,38.85,1500
228.0,23,35.32,5000
228.0,26,35.38,-500
228.0,27,36.44,0
228.0,29,37.79,-3500
228.5,3,35.55,1250
228.5,5,35.4,1750
228.5,6,38.09,1000
228.5,9,35.57,2250
228.5,10,35.47,4000
228.5,15,41.65,-2750
228.5,17,35.17,2750
228.5,18,42.22,250
228.5,21,39.32,250
228.5,22,37.01,1250
228.5,25,35.71,-2000
228.5,27,35.07,-1750
229.0,1,36.01,5250
229.0,3,35.24,2000
229.0,5,35.48,4750
229.0,9,41.74,2000
229.0,10,35.28,3000
229.0,14,35.69,3250
229.0,15,41.82,-2750
229.0,18,41.85,250
229.0,21,39.56,250
229.0,22,39.86,1500
229.0,26,35.51,-4250
229.0,27,36.55,0
229.0,31,35.29,-1250
229.5,3,35.31,1250
229.5,6,35.89,1000
229.5,9,37.19,2250
229.5,15,38.01,-2750
229.5,16,35.36,3750
229.5,18,41.2,250
229.5,19,35.07,4250
229.5,20,35.24,1500
229.5,21,40.4,250
229.5,22,37.21,1250
229.5,23,35.07,3750
230.0,6,35.44,1000
230.0,9,37.69,2250
230.0,10,35.11,-2500
230.0,15,38.35,-2750
230.0,18,42.59,250
230.0,21,38.59,250
230.0,22,36.86,1500
230.0,24,35.37,-3000
230.0,26,35.01,-5000
230.0,27,36.08,0
230.0,29,39.98,-3500
230.5,3,36.8,1250
230.5,5,35.03,-3500
230.5,6,36.01,1000
230.5,7,35.34,0
230.5,9,37.93,1750
230.5,13,35.23,750
230.5,15,37.31,-2750
230.5,18,43.6,250
230.5,21,36.06,250
230.5,22,38.42,1250
230.5,25,35.08,-500
230.5,27,36.03,0
230.5,29,35.06,-1750
231.0,5,35.39,-4500
231.0,6,36.84,1000
231.0,9,40.87,2000
231.0,15,41.9,-2750
231.0,18,43.51,250
231.0,20,35.43,4500
231.0,21,39.89,250
231.0,22,40.14,1500
231.0,27,36.69,0
231.0,28,35.88,-2250
231.0,29,35.66,3000
231.0,30,35.12,-3750
231.5,3,36.02,1250
231.5,6,36.85,1000
231.5,9,37.96,1750
231.5,14,35.51,3000
231.5,15,39.71,-2750
231.5,17,35.25,-250
231.5,18,43.06,250
231.5,21,39.1,250
231.5,22,37.23,1250
231.5,29,37.3,-3500
231.5,30,35.01,2750
232.0,1,35.28,-3000
232.0,6,36.32,1000
232.0,9,37.11,2250
232.0,14,36.45,3000
232.0,15,37.22,-2750
232.0,16,35.65,4500
232.0,18,43.03,250
232.0,19,35.01,1500
232.0,21,39.09,250
232.0,22,38.34,1250
232.0,24,35.21,4750
232.0,27,36.74,-250
232.0,29,37.41,-3500
232.0,30,35.03,-1250
232.5,3,35.28,1250
232.5,4,35.7,3500
232.5,6,37.31,1000
232.5,9,38.85,2000
232.5,14,35.82,3000
232.5,15,42.7,-2750
232.5,17,35.04,-3500
232.5,18,40.74,250
232.5,21,38.21,250
232.5,22,39.41,1500
232.5,27,37.63,0
232.5,29,39.24,-3500
233.0,1,35.15,5500
233.0,9,43.04,2000
233.0,14,35.64,3000
233.0,15,40.26,-2750
233.0,18,43.8,250
233.0,21,39.75,250
233.0,22,38.13,1500
233.0,25,35.63,1750
233.0,27,35.71,0
233.0,29,39.64,-3500
233.0,31,35.12,5250
233.5,5,35.86,3750
233.5,6,35.04,1000
233.5,7,35.19,1000
233.5,8,35.07,-2750
233.5,9,41.92,2000
233.5,13,35.19,1000
233.5,14,37.35,3000
233.5,15,41.9,-2750
233.5,18,43.09,250
233.5,21,38.56,250
233.5,22,38.92,1250
233.5,27,37.01,0
233.5,29,38.64,-3500
234.0,3,36.67,1250
234.0,5,35.36,5000
234.0,6,37.29,1000
234.0,9,42.44,2000
234.0,12,35.17,5000
234.0,14,36.65,3000
234.0,15,41.04,-2750
234.0,18,43.91,250
234.0,19,35.53,-500
234.0,21,38.97,250
234.0,22,38.57,1250
234.0,27,37.63,0
234.0,29,37.34,-3500
234.5,1,35.66,-6000
234.5,3,36.09,1250
234.5,6,36.14,1000
234.5,9,41.77,2000
234.5,14,35.83,3250
234.5,15,37.84,-2750
234.5,17,35.65,-250
234.5,18,41.18,250
234.5,21,40.74,250
234.5,22,38.47,1500
234.5,26,35.22,-2500
234.5,27,36.53,0
234.5,29,39.4,-3500
234.5,30,35.39,3750
235.0,1,35.04,-2000
235.0,2,35.04,750
235.0,3,36.93,1250
235.0,6,35.41,1000
235.0,7,35.16,-2750
235.0,9,42.45,2000
235.0,13,35.36,-2250
235.0,15,41.03,-2750
235.0,18,42.99,250
235.0,21,39.5,250
235.0,22,38.06,1250
235.5,3,37.12,1250
235.5,8,35.22,0
235.5,9,39.82,1750
235.5,10,35.14,-4750
235.5,12,35.11,3750
235.5,14,36.41,3000
235.5,15,38.2,-2750
235.5,18,43.45,250
235.5,20,35.37,2000
235.5,21,40.57,250
235.5,22,37.22,1250
235.5,27,35.0,0
235.5,29,38.83,-3500
235.5,30,35.54,-1750
236.0,1,35.33,-750
236.0,4,35.13,-3500
236.0,7,35.2,3250
236.0,9,37.69,2250
236.0,11,35.57,4000
236.0,13,35.27,-3750
236.0,14,35.63,3250
236.0,15,36.13,-2750
236.0,18,42.47,250
236.0,21,40.28,250
236.0,22,37.15,1250
236.0,26,35.58,-4500
236.0,27,35.73,0
236.0,29,39.31,-3500
236.0,32,35.1,-5500
236.5,3,37.33,1250
236.5,6,35.66,1000
236.5,9,37.23,2250
236.5,15,39.13,-2750
236.5,16,35.33,4250
236.5,18,43.27,250
236.5,21,40.28,250
236.5,22,37.88,1250
236.5,29,38.32,-3500
237.0,3,36.8,1250
237.0,9,41.3,2000
237.0,15,42.2,-2750
237.0,18,43.54,250
237.0,21,38.75,250
237.0,22,37.62,1250
237.0,24,35.22,-1500
237.0,27,38.79,0
237.0,28,35.01,-3500
237.0,29,38.15,-3500
237.5,1,35.11,5250
237.5,3,36.22,1250
237.5,9,37.01,2250
237.5,14,36.92,3000
237.5,15,39.12,-2750
237.5,17,35.44,750
237.5,18,43.73,250
237.5,21,40.46,250
237.5,22,37.16,1250
237.5,24,35.29,3500
237.5,25,35.04,-5750
237.5,27,35.64,0
237.5,30,35.14,0
238.0,3,39.29,1250
238.0,9,36.64,1750
238.0,13,36.31,-2250
238.0,15,38.37,-2750
238.0,18,42.75,250
238.0,21,41.22,250
238.0,22,37.83,1500
238.0,27,36.42,0
238.0,29,37.78,-3500
238.5,3,37.28,1250
238.5,5,35.7,4250
238.5,8,35.23,-3750
238.5,9,41.16,2000
238.5,12,35.4,-5000
238.5,13,35.24,-5000
238.5,14,36.2,3000
238.5,15,41.77,-2750
238.5,18,41.99,250
238.5,21,37.68,250
238.5,22,39.47,1500
238.5,27,36.68,0
238.5,29,35.59,-3500
239.0,1,35.38,-4750
239.0,3,36.85,1250
239.0,6,35.11,1000
239.0,9,36.81,2250
239.0,11,35.93,-750
239.0,13,35.39,-4500
239.0,15,38.65,-2750
239.0,18,41.46,250
239.0,21,39.33,250
239.0,22,37.66,1250
239.0,24,35.4,-3750
239.0,27,36.22,0
239.0,29,36.44,-3500
239.0,30,35.48,-1250
239.5,1,36.03,1500
239.5,3,39.19,1250
239.5,9,39.0,2250
239.5,10,35.04,2000
239.5,12,35.37,1500
239.5,13,35.8,4000
239.5,15,37.08,-2750
239.5,18,43.58,250
239.5,21,40.19,250
239.5,22,39.18,1500
239.5,26,35.5,250
239.5,27,38.84,0
240.0,1,35.1,1250
240.0,2,35.51,-3750
240.0,3,37.0,1250
240.0,6,35.89,1000
240.0,9,42.92,2000
240.0,12,35.31,500
240.0,14,35.38,-2500
240.0,15,38.32,-2750
240.0,18,42.04,250
240.0,21,38.22,250
240.0,22,39.47,1500
240.0,27,38.03,0
240.0,29,37.67,-3500
240.5,3,37.5,1250
240.5,9,42.63,2000
240.5,15,40.43,-2750
240.5,18,41.86,250
240.5,19,35.51,1750
240.5,21,37.79,250
240.5,22,39.3,1500
240.5,27,37.56,0
240.5,28,35.13,-5750
240.5,29,35.14,-3500
241.0,3,39.96,1250
241.0,6,35.0,1000
241.0,9,41.23,2000
241.0,15,41.05,-2750
241.0,18,42.62,250
241.0,21,39.36,250
241.0,22,37.54,1500
241.0,27,36.01,0
241.5,3,35.34,1250
241.5,6,37.73,1000
241.5,9,36.98,1750
241.5,15,36.38,-2750
241.5,18,43.8,250
241.5,21,38.91,250
241.5,22,38.7,1500
241.5,27,36.09,-250
241.5,29,39.06,-3500
242.0,2,35.12,3750
242.0,3,37.14,1250
242.0,9,36.92,1750
242.0,10,35.16,2750
242.0,11,35.33,1250
242.0,14,35.83,-2750
242.0,15,37.17,-2750
242.0,16,35.15,-1250
242.0,18,42.15,250
242.0,21,41.42,250
242.0,22,39.06,1500
242.0,27,36.82,-250
242.0,29,41.17,-3500
242.5,3,38.06,1250
242.5,9,42.26,2000
242.5,12,35.33,5000
242.5,15,42.4,-2750
242.5,16,35.32,5250
242.5,18,42.42,250
242.5,21,37.64,250
242.5,22,37.97,1250
242.5,27,39.18,0
242.5,28,36.31,500
242.5,29,39.36,-3500
243.0,3,37.18,1250
243.0,6,37.13,1000
243.0,8,35.96,-5000
243.0,9,38.87,2250
243.0,10,35.48,-3250
243.0,15,39.86,-2750
243.0,18,42.6,250
243.0,21,39.36,250
243.0,22,40.1,1500
243.0,23,35.25,2750
243.0,27,40.21,0
243.0,32,35.07,-3750
243.5,7,35.3,-1750
243.5,9,43.41,2000
243.5,14,36.83,3000
243.5,15,36.82,-2750
243.5,16,35.53,0
243.5,18,43.62,250
243.5,19,35.12,4250
243.5,21,40.96,250
243.5,22,39.94,1500
243.5,27,35.9,0
243.5,32,36.01,4250
244.0,3,35.51,1250
244.0,6,35.46,1000
244.0,9,42.94,2000
244.0,15,39.23,-2750
244.0,16,35.03,-4000
244.0,18,42.15,250
244.0,21,39.41,250
244.0,22,37.94,1500
244.0,23,35.21,0
244.0,26,35.42,-1000
244.0,29,35.71,-3500
244.5,2,35.43,-1750
244.5,3,35.51,1250
244.5,9,38.62,1750
244.5,12,35.29,-5000
244.5,15,42.09,-2750
244.5,18,41.25,250
244.5,21,38.98,250
244.5,22,36.2,1250
244.5,25,35.07,2750
244.5,27,38.05,0
244.5,31,35.01,500
245.0,2,35.93,3750
245.0,5,35.27,3750
245.0,6,35.38,1000
245.0,9,38.77,1750
245.0,11,35.31,-3750
245.0,13,35.38,1500
245.0,14,35.56,3000
245.0,15,39.09,-2750
245.0,17,35.29,2000
245.0,18,42.12,250
245.0,21,40.2,250
245.0,22,37.65,1250
245.0,27,36.98,0
245.0,28,35.23,1250
245.5,3,37.45,1250
245.5,9,38.0,2250
245.5,13,35.3,4500
245.5,14,35.37,1000
245.5,15,39.51,-2750
245.5,18,43.41,250
245.5,21,39.84,250
245.5,22,38.27,1500
245.5,27,36.87,0
245.5,29,35.44,2250
245.5,32,35.64,-3250
246.0,3,35.8,1250
246.0,9,41.57,2000
246.0,12,35.48,4750
246.0,14,35.24,5750
246.0,15,42.24,-2750
246.0,18,43.2,250
246.0,21,40.72,250
246.0,22,36.51,1250
246.0,25,35.69,5750
246.0,27,36.85,0
246.5,3,35.92,-3750
246.5,6,38.55,1000
246.5,9,40.15,1750
246.5,14,35.25,2250
246.5,15,40.58,-2750
246.5,18,41.47,250
246.5,21,40.55,250
246.5,22,37.91,1500
246.5,23,35.37,250
246.5,24,36.55,-1250
247.0,6,38.1,1000
247.0,9,40.31,2000
247.0,10,35.58,-4000
247.0,15,41.45,-2750
247.0,16,35.56,5500
247.0,18,42.06,250
247.0,21,38.4,250
247.0,22,39.57,1500
247.0,23,35.13,-5750
247.0,27,37.93,0
247.0,28,35.15,-750
247.5,1,35.18,-3500
247.5,5,35.11,-3000
247.5,6,38.35,1000
247.5,9,37.6,2250
247.5,15,38.8,-2750
247.5,17,35.25,-1000
247.5,18,43.48,250
247.5,21,40.44,250
247.5,22,38.11,1250
247.5,27,36.73,0
247.5,30,35.04,-5500
248.0,6,35.18,1000
248.0,9,36.73,2250
248.0,11,35.42,-5500
248.0,15,40.11,-2750
248.0,18,41.75,250
248.0,20,35.35,3250
248.0,21,36.66,250
248.0,22,38.66,1500
248.0,27,36.91,0
248.0,29,37.28,-3500
248.5,1,35.4,-4500
248.5,3,35.77,1250
248.5,4,35.05,3500
248.5,6,35.26,-4750
248.5,9,43.25,2000
248.5,11,35.05,-5250
248.5,15,43.38,-2750
248.5,18,40.08,250
248.5,20,35.08,2500
248.5,21,38.92,250
248.5,22,40.26,1250
248.5,26,35.19,-4500
248.5,27,36.99,0
249.0,3,35.6,1250
249.0,6,36.87,1000
249.0,9,37.51,1750
249.0,13,35.21,0
249.0,14,36.6,3000
249.0,15,42.01,-2750
249.0,17,35.67,3000
249.0,18,42.99,250
249.0,21,39.14,250
249.0,22,38.19,1250
249.0,26,35.58,-5500
249.0,27,37.56,0
249.5,5,35.25,-500
249.5,6,35.69,1000
249.5,9,41.11,2000
249.5,15,42.92,-2750
249.5,16,35.58,-1250
249.5,18,43.09,250
249.5,21,40.44,250
249.5,22,40.48,1250
249.5,23,35.33,-2000
249.5,24,35.01,3500
249.5,27,37.0,0
250.0,1,35.33,4000
250.0,3,35.38,1250
250.0,6,36.11,1000
250.0,9,41.08,2000
250.0,15,37.52,-2750
250.0,18,42.23,250
250.0,21,41.56,250
250.0,22,39.04,1250
250.0,27,36.6,0
250.5,1,35.61,3000
250.5,3,35.98,1250
250.5,5,35.18,-5250
250.5,6,36.82,1000
250.5,9,37.91,1750
250.5,14,37.14,3000
250.5,15,35.72,-2750
250.5,16,35.24,-4750
250.5,18,40.57,250
250.5,19,35.23,-1500
250.5,21,36.62,250
250.5,22,37.83,1250
250.5,24,35.25,3000
250.5,27,39.2,0
250.5,29,35.3,5000
251.0,1,35.47,-750
251.0,3,37.01,1250
251.0,6,37.99,1000
251.0,9,42.3,2000
251.0,10,35.09,-3750
251.0,11,35.05,1250
251.0,12,35.07,-3000
251.0,15,42.04,-2750
251.0,16,35.05,-2000
251.0,18,42.33,250
251.0,19,35.72,250
251.0,21,37.75,250
251.0,22,36.38,1250
251.0,27,37.75,0
251.0,29,37.88,-3500
251.5,1,35.21,-4750
251.5,3,35.04,-3750
251.5,6,35.42,1000
251.5,9,39.86,1750
251.5,13,35.28,-4750
251.5,15,40.51,-2750
251.5,18,43.75,250
251.5,21,38.33,250
251.5,22,37.45,1250
251.5,26,35.5,500
251.5,27,35.18,0
252.0,3,35.72,1250
252.0,5,35.5,-750
252.0,6,35.75,1000
252.0,9,39.0,2250
252.0,15,42.73,-2750
252.0,16,35.28,4250
252.0,18,42.7,250
252.0,19,35.11,2500
252.0,20,35.46,-2250
252.0,21,39.8,250
252.0,27,36.7,0
252.0,28,35.92,5000
252.5,3,37.92,1250
252.5,8,35.49,1750
252.5,9,38.32,2000
252.5,15,38.47,-2750
252.5,18,42.7,250
252.5,21,41.49,250
252.5,22,38.88,1500
252.5,25,35.14,-2750
252.5,26,35.14,-2250
252.5,27,36.35,0
253.0,3,36.12,1250
253.0,5,35.21,2000
253.0,6,36.63,1000
253.0,9,42.8,2000
253.0,15,42.75,-2750
253.0,18,41.25,250
253.0,19,35.03,-5500
253.0,21,41.9,250
253.0,22,38.41,1500
253.0,23,35.45,1250
253.0,27,36.83,0
253.0,29,37.74,-3500
253.0,30,35.52,250
253.5,6,38.65,1000
253.5,9,39.56,1750
253.5,11,35.27,-750
253.5,15,37.09,-2750
253.5,18,43.31,250
253.5,21,40.41,250
253.5,22,37.52,1500
253.5,23,35.72,250
253.5,25,35.13,3000
253.5,29,35.19,-3500
254.0,2,35.22,-1750
254.0,3,35.32,1250
254.0,4,35.52,0
254.0,9,36.91,2250
254.0,15,39.63,-2750
254.0,16,35.89,-4000
254.0,18,42.42,250
254.0,21,38.29,250
254.0,27,36.21,0
254.5,3,35.35,1250
254.5,6,39.34,1000
254.5,9,41.48,2000
254.5,10,35.3,1750
254.5,15,41.12,-2750
254.5,18,42.04,250
254.5,21,39.56,250
254.5,22,40.69,1500
254.5,27,36.23,0
254.5,29,35.66,-3500
254.5,32,35.03,-3500
255.0,3,37.37,1250
255.0,4,35.36,4750
255.0,6,38.3,1000
255.0,9,38.25,1750
255.0,14,35.57,3000
255.0,15,38.4,-2750
255.0,18,40.79,250
255.0,21,40.26,250
255.0,22,36.08,1250
255.0,27,35.86,0
255.0,28,35.15,1250
255.5,3,36.11,1250
255.5,6,36.05,1000
255.5,7,35.25,-1750
255.5,9,38.17,1750
255.5,14,35.53,3000
255.5,15,38.28,-2750
255.5,17,35.73,3250
255.5,18,42.02,250
255.5,21,40.01,250
255.5,22,37.39,1250
255.5,23,35.29,-6000
255.5,27,36.05,4250
255.5,29,35.19,1000
256.0,3,36.06,1250
256.0,6,37.58,1000
256.0,9,36.87,1750
256.0,10,35.55,-4500
256.0,15,38.51,-2750
256.0,18,41.96,250
256.0,19,35.38,3000
256.0,21,40.5,250
256.0,22,38.63,1500
256.0,31,35.32,-4750
256.5,6,38.24,1000
256.5,9,40.56,2000
256.5,10,35.05,1750
256.5,14,35.23,4250
256.5,15,42.36,-2750
256.5,18,42.73,250
256.5,21,37.57,250
256.5,22,41.98,1500
256.5,27,36.95,-250
256.5,30,35.37,-500
256.5,31,35.15,1000
257.0,1,35.19,4500
257.0,3,36.41,1250
257.0,6,36.27,1000
257.0,9,36.77,1750
257.0,10,35.12,-4250
257.0,14,35.23,-1000
257.0,15,39.0,-2750
257.0,16,35.17,-2750
257.0,18,42.19,250
257.0,21,40.28,250
257.0,22,38.72,1500
257.0,27,37.83,-250
257.0,29,35.18,-4750
257.5,1,35.21,-5500
257.5,4,35.13,-1750
257.5,6,36.83,1000
257.5,9,40.28,2000
257.5,13,35.15,-4000
257.5,15,39.0,-3000
257.5,18,43.51,250
257.5,21,39.71,250
257.5,22,41.27,1500
257.5,23,35.26,-2500
257.5,27,35.96,0
257.5,28,35.45,3000
258.0,3,36.16,1250
258.0,4,35.03,-3750
258.0,6,36.83,1000
258.0,9,40.18,2000
258.0,10,35.31,2750
258.0,15,42.0,-2750
258.0,18,42.23,250
258.0,19,35.57,4250
258.0,21,40.27,250
258.0,22,38.17,1500
258.0,23,35.07,-1750
258.0,27,36.78,0
258.5,3,37.95,1250
258.5,5,35.22,-5000
258.5,6,37.55,1000
258.5,8,35.75,-5750
258.5,9,37.31,2000
258.5,15,38.62,-2750
258.5,18,43.5,250
258.5,21,38.79,250
258.5,22,41.19,1500
258.5,26,35.26,-3250
258.5,27,37.29,0
259.0,6,35.42,1000
259.0,9,41.48,2000
259.0,11,35.43,-4250
259.0,13,35.04,-2750
259.0,15,43.73,-2750
259.0,18,42.07,250
259.0,20,35.58,-2500
259.0,21,40.29,250
259.0,22,40.09,1500
259.0,25,35.08,2500
259.0,27,36.8,0
259.5,5,35.0,5250
259.5,6,35.13,1000
259.5,7,35.05,5500
259.5,9,37.03,1750
259.5,11,35.04,-5000
259.5,12,35.09,-1500
259.5,13,35.2,2500
259.5,14,35.43,1750
259.5,15,38.23,-2750
259.5,17,35.03,500
259.5,18,41.82,250
259.5,20,35.81,5000
259.5,21,36.9,250
259.5,22,38.5,1250
260.0,3,36.62,1250
260.0,7,35.02,2000
260.0,9,38.13,1750
260.0,12,35.13,-500
260.0,15,40.72,-2750
260.0,18,44.07,250
260.0,19,35.62,-3250
260.0,21,41.21,250
260.0,22,38.42,1250
260.0,23,35.08,-2750
260.0,27,36.36,0
260.0,30,35.58,-2500
260.5,3,35.99,1250
260.5,5,36.04,4250
260.5,9,40.22,2000
260.5,10,35.32,-250
260.5,15,41.92,-2750
260.5,18,41.45,250
260.5,21,38.5,250
260.5,22,41.64,1500
260.5,23,35.15,-5000
260.5,27,37.15,-250
260.5,32,35.18,2500
261.0,6,37.86,1000
261.0,9,41.47,2000
261.0,11,35.48,1500
261.0,12,35.22,3750
261.0,14,35.61,3000
261.0,15,42.76,-2750
261.0,18,42.69,250
261.0,20,35.03,-4000
261.0,21,41.17,250
261.0,22,41.84,1500
261.0,25,35.6,-1250
261.0,27,35.9,4500
261.0,29,35.49,-6000
261.5,3,37.99,1250
261.5,6,36.67,1000
261.5,9,39.07,1750
261.5,15,40.11,-2750
261.5,18,42.72,250
261.5,21,40.14,250
261.5,22,39.78,1500
261.5,27,35.6,0
261.5,29,37.23,-3500
261.5,30,35.07,5750
262.0,1,35.55,1000
262.0,3,37.06,1250
262.0,9,38.62,1750
262.0,13,35.5,-3250
262.0,15,38.75,-2750
262.0,16,35.54,2750
262.0,18,43.22,250
262.0,20,35.56,-2500
262.0,21,41.78,250
262.0,22,39.14,1500
262.0,27,36.38,-250
262.5,3,37.28,1250
262.5,9,41.51,2000
262.5,15,41.44,-2750
262.5,18,42.0,250
262.5,21,38.95,250
262.5,22,41.09,1500
262.5,25,35.17,250
262.5,27,35.27,-4750
263.0,3,35.17,1250
263.0,9,41.38,2000
263.0,14,36.31,3000
263.0,15,42.86,-2750
263.0,18,42.85,250
263.0,21,38.31,250
263.0,22,40.58,1500
263.0,23,35.12,-250
263.0,26,35.78,-750
263.0,27,38.23,-250
263.5,2,35.44,-1000
263.5,3,35.8,1250
263.5,6,35.95,1000
263.5,9,39.86,2000
263.5,12,35.12,-5000
263.5,13,35.15,5500
263.5,15,40.4,-2750
263.5,18,42.81,250
263.5,21,39.35,250
263.5,22,39.56,1500
263.5,27,35.14,2500
263.5,30,35.07,3000
264.0,1,35.24,-1500
264.0,3,36.81,1250
264.0,6,37.11,1000
264.0,8,35.05,-3250
264.0,9,37.67,1750
264.0,11,35.03,0
264.0,12,35.42,2250
264.0,15,39.87,-2750
264.0,17,35.3,-2750
264.0,18,43.65,250
264.0,20,35.43,-2750
264.0,21,41.77,250
264.0,22,36.88,1500
264.0,27,36.37,0
264.0,29,36.54,-3500
264.0,30,35.6,-4000
264.5,3,37.58,1250
264.5,4,35.06,-4250
264.5,6,35.32,1000
264.5,9,37.83,1750
264.5,14,40.65,3000
264.5,15,39.15,-2750
264.5,18,41.47,250
264.5,19,35.02,-1250
264.5,21,38.96,250
264.5,22,39.35,1500
264.5,24,35.11,-250
264.5,27,35.99,-250
264.5,29,36.18,-3500
264.5,30,35.43,3250
265.0,3,36.75,1250
265.0,6,37.12,1000
265.0,9,39.55,2000
265.0,14,35.11,5500
265.0,15,41.78,-2750
265.0,18,42.07,250
265.0,21,38.77,250
265.0,22,41.59,1500
265.0,27,35.88,-250
265.5,3,37.37,1250
265.5,8,35.21,-5000
265.5,9,37.67,1750
265.5,15,38.84,-2750
265.5,18,41.38,250
265.5,21,39.01,250
265.5,22,36.76,1500
265.5,27,36.93,0
266.0,3,35.34,1250
266.0,5,35.23,3750
266.0,6,37.0,1000
266.0,7,35.12,-3500
266.0,9,39.01,1750
266.0,15,38.29,-2750
266.0,18,42.07,250
266.0,21,37.1,250
266.0,22,39.17,1500
266.0,31,35.03,5750
266.5,3,36.39,1250
266.5,9,39.15,2000
266.5,13,35.17,5000
266.5,14,36.59,3000
266.5,15,42.84,-2750
266.5,18,42.92,250
266.5,20,35.5,-2500
266.5,21,38.81,250
266.5,22,38.28,1500
266.5,23,35.91,-1250
266.5,27,36.51,-250
267.0,6,35.56,-2000
267.0,9,40.93,2000
267.0,15,41.15,-2750
267.0,17,35.49,3250
267.0,18,43.46,250
267.0,21,40.48,250
267.0,22,38.96,1500
267.0,27,38.36,-250
267.0,29,35.96,-3500
267.5,6,36.39,1000
267.5,9,38.86,1750
267.5,11,35.57,4750
267.5,13,35.28,-5250
267.5,15,37.26,-2750
267.5,18,41.07,250
267.5,21,38.99,250
267.5,22,38.1,1250
267.5,23,35.4,1750
267.5,24,35.4,2000
267.5,27,36.29,-250
267.5,30,35.16,1500
268.0,1,35.38,500
268.0,2,35.45,-1250
268.0,3,35.37,-2250
268.0,4,35.33,4000
268.0,5,35.1,1250
268.0,6,37.63,1000
268.0,9,37.31,1750
268.0,11,35.57,-1500
268.0,13,35.59,-750
268.0,15,41.01,-2750
268.0,18,41.78,250
268.0,21,39.12,250
268.0,22,37.52,1500
268.0,26,35.3,-2750
268.0,27,35.83,0
268.5,3,35.41,1250
268.5,6,35.27,1000
268.5,7,35.01,3250
268.5,9,40.26,2000
268.5,14,37.37,3000
268.5,15,40.99,-2750
268.5,18,41.02,250
268.5,21,38.54,250
268.5,22,41.61,1500
268.5,23,35.97,1500
268.5,25,35.24,-4000
268.5,27,36.42,-250
268.5,32,35.24,-1750
269.0,2,35.18,-4250
269.0,6,36.38,1000
269.0,9,36.64,1750
269.0,15,39.86,-2750
269.0,18,42.79,250
269.0,21,40.89,250
269.0,22,38.67,1500
269.0,27,36.87,-250
269.0,29,36.76,-3500
269.5,1,35.72,1500
269.5,3,35.66,1250
269.5,4,35.1,-1750
269.5,9,37.83,1750
269.5,15,37.92,-2750
269.5,16,35.9,-1000
269.5,17,35.84,-4250
269.5,18,41.38,250
269.5,21,40.83,250
269.5,22,40.98,1500
269.5,27,35.82,0
269.5,29,37.32,-3500
270.0,3,35.91,1250
270.0,4,35.16,4500
270.0,9,40.22,2000
270.0,12,35.71,-5000
270.0,14,37.55,3000
270.0,15,38.86,-2750
270.0,18,43.23,250
270.0,19,35.39,250
270.0,21,37.11,250
270.0,22,42.46,1500
270.0,26,35.03,-1250
270.0,27,35.85,-4750
270.0,29,35.73,-3500
270.0,32,35.26,-6000
270.5,5,35.2,-5500
270.5,9,41.03,2000
270.5,13,35.43,3750
270.5,14,35.24,3000
270.5,15,39.31,-2750
270.5,16,35.41,-4500
270.5,17,35.24,4500
270.5,18,43.62,250
270.5,21,38.76,250
270.5,22,40.91,1500
270.5,27,37.17,-250
270.5,28,35.04,-3500
270.5,29,35.55,-3500
270.5,30,35.9,-4250
271.0,6,36.87,1000
271.0,9,38.12,2000
271.0,10,35.17,-1750
271.0,15,41.98,-2750
271.0,18,41.73,250
271.0,21,36.58,250
271.0,22,40.08,1500
271.0,27,35.98,-250
271.0,29,36.64,-3500
271.0,31,35.24,-1750
271.5,6,37.46,1000
271.5,9,37.27,1750
271.5,15,39.85,-2750
271.5,16,35.04,-3000
271.5,18,41.22,250
271.5,19,35.26,3000
271.5,21,36.28,250
271.5,22,40.03,1500
271.5,24,36.21,5500
271.5,27,36.81,0
271.5,29,35.54,-3500
272.0,2,35.08,1250
272.0,9,37.75,1750
272.0,14,35.39,3000
272.0,15,40.86,-2750
272.0,18,41.64,250
272.0,19,35.04,-2250
272.0,21,38.76,250
272.0,22,38.08,1500
272.5,3,35.46,-250
272.5,4,35.36,5000
272.5,9,39.17,1750
272.5,12,35.36,1750
272.5,13,35.08,5000
272.5,15,40.0,-2750
272.5,18,42.41,250
272.5,21,40.7,250
272.5,22,37.1,1250
272.5,23,35.38,3000
272.5,25,35.75,-5750
272.5,27,35.24,0
272.5,30,35.11,-5250
272.5,32,35.14,-3500
273.0,6,35.45,1000
273.0,9,36.64,1750
273.0,11,35.03,-500
273.0,13,35.24,5000
273.0,15,38.35,-2750
273.0,17,35.83,2250
273.0,18,42.05,250
273.0,21,38.2,250
273.0,22,38.27,1500
273.0,23,35.12,3750
273.0,27,38.03,-250
273.0,29,35.18,3000
273.5,3,37.16,1250
273.5,6,35.79,1000
273.5,9,40.49,2000
273.5,15,40.3,-2750
273.5,18,42.73,250
273.5,21,40.73,250
273.5,22,40.87,1500
273.5,25,35.45,-3250
273.5,27,38.38,-250
273.5,29,37.03,-3500
274.0,2,35.23,-5000
274.0,3,35.27,1250
274.0,6,36.3,1000
274.0,9,39.07,2000
274.0,13,35.52,4500
274.0,14,36.37,3000
274.0,15,38.78,-2750
274.0,18,41.83,250
274.0,19,35.32,-5250
274.0,21,38.72,250
274.0,22,40.25,1500
274.0,27,36.12,-250
274.0,29,36.34,-3500
274.0,31,35.24,750
274.5,3,35.57,-5000
274.5,6,37.91,1000
274.5,9,37.01,1750
274.5,11,35.06,4500
274.5,14,35.44,3000
274.5,15,44.37,-2750
274.5,18,41.76,250
274.5,21,39.14,250
274.5,22,41.7,1500
274.5,24,35.07,-250
274.5,27,35.79,-250
275.0,6,35.76,1000
275.0,7,35.23,-750
275.0,9,35.96,1750
275.0,11,35.02,1250
275.0,15,37.9,-2750
275.0,18,41.61,250
275.0,21,36.48,250
275.0,22,40.55,1500
275.0,26,35.53,-3000
275.0,27,36.12,-250
275.5,1,36.16,-2250
275.5,3,37.58,1250
275.5,9,38.28,1750
275.5,14,37.36,3000
275.5,15,39.25,-2750
275.5,18,42.79,250
275.5,21,42.17,250
275.5,22,37.91,1500
275.5,27,38.23,-250
276.0,3,35.61,1250
276.0,6,37.93,1000
276.0,9,37.9,2000
276.0,14,38.78,3000
276.0,15,41.77,-2750
276.0,18,41.09,250
276.0,19,35.47,750
276.0,21,38.71,250
276.0,22,39.22,1500
276.0,25,35.26,-5000
276.0,27,36.23,-250
276.5,6,36.53,1000
276.5,8,35.31,750
276.5,9,36.81,2000
276.5,12,35.75,3250
276.5,14,35.82,3000
276.5,15,36.58,-2750
276.5,18,42.87,250
276.5,21,40.06,250
276.5,22,39.15,1500
276.5,24,35.58,-1750
277.0,4,35.02,750
277.0,6,35.64,2000
277.0,7,35.07,2250
277.0,9,36.95,1750
277.0,14,35.75,3000
277.0,15,41.18,-2750
277.0,18,42.48,250
277.0,19,35.09,-1500
277.0,21,39.03,250
277.0,22,41.17,1500
277.0,24,35.0,-3750
277.0,25,35.41,3000
277.0,27,35.78,-250
277.0,29,35.73,-3500
277.0,30,35.22,-1750
277.5,3,37.63,1250
277.5,7,36.41,-3500
277.5,9,38.9,2000
277.5,13,35.62,4500
277.5,14,35.49,3000
277.5,15,39.84,-2750
277.5,18,42.42,250
277.5,21,38.28,250
277.5,22,37.21,1500
277.5,24,35.07,-1250
277.5,29,37.32,-3500
277.5,32,35.7,-5000
278.0,1,35.57,-3500
278.0,6,36.08,1000
278.0,9,39.88,1750
278.0,13,35.58,3500
278.0,14,36.61,3000
278.0,15,38.72,-2750
278.0,18,42.38,250
278.0,21,38.99,250
278.0,22,37.91,1250
278.0,24,35.04,750
278.0,27,36.53,-250
278.0,30,35.11,1250
278.5,1,35.59,4250
278.5,2,35.52,-5000
278.5,3,38.05,1250
278.5,6,37.06,1000
278.5,9,38.7,1750
278.5,14,36.3,3000
278.5,15,36.6,-2750
278.5,17,35.01,2750
278.5,18,41.49,250
278.5,20,35.37,4250
278.5,21,39.29,250
278.5,22,39.36,1500
278.5,24,35.16,-4500
278.5,27,35.5,0
278.5,29,36.33,-3500
279.0,3,36.81,1250
279.0,6,35.33,1000
279.0,9,37.42,1750
279.0,12,35.11,-4750
279.0,14,37.4,3000
279.0,15,42.1,-2750
279.0,18,43.18,250
279.0,21,40.02,250
279.0,22,43.08,1500
279.0,23,35.12,-3000
279.0,27,37.08,-250
279.5,6,37.09,1000
279.5,9,39.82,2000
279.5,11,35.26,-5500
279.5,14,37.18,3000
279.5,15,42.08,-2750
279.5,18,42.79,250
279.5,21,39.22,250
279.5,22,41.19,1500
279.5,24,35.0,-1750
279.5,25,35.27,-3250
279.5,26,35.26,3500
279.5,27,36.68,0
279.5,28,35.02,-3750
280.0,3,36.01,1250
280.0,6,37.11,1000
280.0,8,35.22,0
280.0,9,38.7,2000
280.0,11,35.92,2000
280.0,12,35.23,3750
280.0,15,37.4,-2750
280.0,18,42.69,250
280.0,21,38.64,250
280.0,22,36.66,1500
280.0,27,35.19,-250
280.0,30,35.18,1250
280.5,6,38.05,1000
280.5,9,37.59,1750
280.5,14,35.11,250
280.5,15,38.0,-2750
280.5,18,43.51,250
280.5,21,36.53,250
280.5,22,40.63,1500
280.5,27,40.15,-250
281.0,5,36.52,-5000
281.0,6,36.87,1000
281.0,9,40.09,2000
281.0,14,35.94,3000
281.0,15,40.2,-2750
281.0,17,35.08,250
281.0,18,42.68,250
281.0,19,35.57,-5250
281.0,21,39.28,250
281.0,22,39.73,1500
281.0,27,39.59,-250
281.0,28,35.54,-2750
281.5,3,36.89,1250
281.5,6,35.75,1000
281.5,9,38.57,1750
281.5,13,35.19,1000
281.5,14,37.88,3000
281.5,15,39.37,-2750
281.5,18,43.51,250
281.5,21,39.28,250
281.5,22,40.02,1500
281.5,24,35.27,-6000
281.5,25,35.35,5750
281.5,26,35.1,4000
281.5,27,36.46,-250
282.0,2,35.16,3750
282.0,6,35.43,1000
282.0,8,35.14,-750
282.0,9,39.43,2000
282.0,15,41.35,-2750
282.0,18,41.73,250
282.0,21,39.61,250
282.0,22,38.36,1500
282.0,27,38.2,-250
282.0,32,35.1,4750
282.5,3,35.4,1250
282.5,7,35.43,-1750
282.5,9,39.06,2000
282.5,14,35.48,250
282.5,15,36.26,-2750
282.5,18,43.58,250
282.5,20,35.71,2000
282.5,21,36.95,250
282.5,22,36.9,1250
282.5,27,36.9,0
283.0,2,35.25,1500
283.0,5,35.15,-3750
283.0,9,38.77,2000
283.0,13,35.2,5750
283.0,15,42.6,-2750
283.0,18,42.89,250
283.0,19,35.95,5500
283.0,21,39.2,250
283.0,22,41.45,1500
283.0,23,35.57,1000
283.0,27,37.95,-250
283.0,31,35.18,0
283.5,2,35.53,-1250
283.5,3,38.19,1250
283.5,6,36.63,1000
283.5,7,35.36,3000
283.5,9,39.43,1750
283.5,15,36.42,-2750
283.5,18,43.17,250
283.5,21,40.9,250
283.5,22,38.75,1500
283.5,27,37.01,0
283.5,31,35.42,4750
284.0,3,38.24,1250
284.0,5,35.1,-3500
284.0,6,36.32,1000
284.0,7,35.06,2500
284.0,9,37.73,1750
284.0,14,37.85,3000
284.0,15,40.99,-2750
284.0,18,42.72,250
284.0,21,38.31,250
284.0,22,38.07,1250
284.0,30,35.0,750
284.5,9,38.74,1750
284.5,15,36.72,-2750
284.5,17,35.18,-1750
284.5,18,41.65,250
284.5,19,35.31,750
284.5,21,39.14,250
284.5,22,39.53,1500
284.5,30,35.67,-5500
284.5,31,35.08,2750
284.5,32,35.46,-2000
285.0,3,35.73,1250
285.0,6,35.37,1000
285.0,9,39.79,1750
285.0,15,43.83,-2750
285.0,18,41.9,250
285.0,21,38.35,250
285.0,22,39.85,1500
285.0,27,36.79,-250
285.0,31,35.15,250
285.5,3,37.18,1250
285.5,5,35.18,-5000
285.5,6,35.84,1000
285.5,9,41.49,2000
285.5,15,40.45,-2750
285.5,18,43.77,250
285.5,21,38.02,250
285.5,22,40.3,1500
285.5,24,35.12,4000
285.5,26,35.0,2750
285.5,27,38.01,-250
285.5,28,35.17,-5750
285.5,29,35.55,-3500
285.5,31,35.03,-750
286.0,3,36.18,1250
286.0,4,35.49,3750
286.0,6,36.34,1000
286.0,9,37.58,1750
286.0,15,37.8,-2750
286.0,16,35.5,-2750
286.0,18,42.8,250
286.0,21,38.75,250
286.0,22,38.46,1500
286.0,27,37.01,-250
286.0,29,36.68,-3500
286.5,3,35.43,1250
286.5,6,35.75,1000
286.5,9,40.14,2000
286.5,12,35.32,-5000
286.5,13,35.75,-3500
286.5,14,36.72,3000
286.5,15,42.97,-2750
286.5,18,43.35,250
286.5,21,39.74,250
286.5,22,40.4,1500
287.0,1,35.04,-4250
287.0,3,35.44,1250
287.0,10,35.5,2750
287.0,12,35.35,5000
287.0,14,35.91,3000
287.0,15,38.21,-2750
287.0,17,35.32,-3750
287.0,18,42.53,250
287.0,21,40.09,250
287.0,22,38.93,1500
287.5,3,36.18,1250
287.5,6,35.62,1500
287.5,7,35.2,2750
287.5,9,38.26,1750
287.5,15,41.32,-2750
287.5,18,43.39,250
287.5,21,39.9,250
287.5,22,38.54,1250
287.5,32,35.01,250
288.0,3,36.93,1250
288.0,6,35.3,1000
288.0,9,38.81,1750
288.0,10,35.14,5000
288.0,15,37.08,-2750
288.0,17,35.58,-250
288.0,18,43.09,250
288.0,21,39.18,250
288.0,22,37.67,1500
288.0,23,35.34,4250
288.0,27,36.61,-250
288.0,29,35.66,250
288.0,32,35.04,1750
288.5,9,41.27,2000
288.5,11,36.12,-4250
288.5,13,35.31,2000
288.5,15,39.98,-2750
288.5,18,42.85,250
288.5,20,35.38,5250
288.5,21,39.12,250
288.5,22,41.4,1500
288.5,24,35.04,1250
288.5,25,35.14,-4500
288.5,27,37.77,-250
288.5,29,36.45,-3500
289.0,3,38.43,1250
289.0,5,35.43,-3750
289.0,9,41.81,2000
289.0,15,41.81,-2750
289.0,18,41.85,250
289.0,21,39.6,250
289.0,22,39.11,1500
289.0,27,36.6,0
289.5,1,35.44,5750
289.5,3,36.51,1250
289.5,9,39.04,1750
289.5,15,37.21,-2500
289.5,18,42.65,250
289.5,21,40.68,250
289.5,22,38.37,1500
289.5,27,36.36,-250
289.5,28,36.29,4250
289.5,29,36.12,4000
289.5,31,35.31,4750
290.0,1,35.92,250
290.0,3,38.13,1250
290.0,9,36.88,1750
290.0,15,38.85,-2750
290.0,18,43.6,250
290.0,21,40.82,250
290.0,22,40.27,1500
290.0,27,37.22,-250
290.0,29,37.53,-3500
290.0,31,35.16,2750
290.5,3,38.35,1250
290.5,5,35.43,-6000
290.5,6,36.37,1000
290.5,9,40.04,1750
290.5,13,35.02,1250
290.5,14,36.08,4250
290.5,15,37.79,-2750
290.5,17,35.48,-1500
290.5,18,42.25,250
290.5,21,38.52,250
290.5,22,39.51,1500
290.5,27,35.92,-250
290.5,29,40.37,-3500
290.5,32,35.58,3500
291.0,2,35.54,3250
291.0,3,35.85,1250
291.0,5,36.22,-4250
291.0,6,37.15,1000
291.0,9,40.42,2000
291.0,14,37.42,3000
291.0,15,41.35,-2750
291.0,17,35.08,250
291.0,18,42.88,250
291.0,21,40.32,250
291.0,22,42.56,1500
291.0,25,35.22,-500
291.0,27,36.16,-250
291.0,29,38.27,-3500
291.5,3,36.83,1250
291.5,4,35.83,0
291.5,8,35.5,-250
291.5,9,37.51,1750
291.5,10,35.04,-2000
291.5,14,37.05,3000
291.5,15,39.2,-2750
291.5,17,35.96,-750
291.5,18,42.59,250
291.5,20,35.56,2750
291.5,21,40.13,250
291.5,22,40.56,1500
291.5,24,35.1,3500
291.5,26,35.22,-5750
291.5,27,35.11,4250
291.5,29,35.21,-5750
292.0,6,37.08,1000
292.0,9,37.43,1750
292.0,14,37.04,3000
292.0,15,39.95,-3000
292.0,18,41.69,250
292.0,21,39.19,250
292.0,22,40.65,1500
292.0,27,35.79,-250
292.0,29,35.61,2000
292.5,3,38.1,1250
292.5,6,36.47,1000
292.5,9,38.84,2000
292.5,15,40.12,-2750
292.5,18,43.16,250
292.5,21,40.94,250
292.5,22,40.21,1500
292.5,24,35.91,-4750
292.5,26,36.01,2250
292.5,29,35.48,2500
292.5,31,35.7,750
293.0,1,35.26,4000
293.0,3,35.13,1250
293.0,6,35.27,4750
293.0,7,35.01,2750
293.0,8,35.32,4750
293.0,9,39.17,2000
293.0,15,41.9,-2750
293.0,18,43.29,250
293.0,21,39.61,250
293.0,22,42.88,1500
293.0,23,35.07,-1250
293.0,27,35.88,-250
293.0,29,36.92,-3500
293.0,31,35.63,-4750
293.0,32,35.33,750
293.5,3,36.38,1250
293.5,9,38.67,1750
293.5,15,40.67,-2750
293.5,18,41.44,250
293.5,20,35.29,1000
293.5,21,40.46,250
293.5,22,37.91,1250
293.5,27,35.2,0
293.5,29,39.39,-3500
294.0,3,36.56,1250
294.0,6,36.54,1000
294.0,9,39.25,2000
294.0,14,36.51,3000
294.0,18,42.51,250
294.0,21,40.64,250
294.0,22,42.16,1500
294.0,23,35.18,-4500
294.0,32,35.35,1500
294.5,3,37.72,1250
294.5,6,36.11,1000
294.5,9,40.23,2000
294.5,10,36.08,4750
294.5,11,35.09,1000
294.5,14,35.01,-3500
294.5,15,38.32,-2750
294.5,18,43.33,250
294.5,21,37.01,250
294.5,22,41.04,1500
294.5,27,37.05,-250
294.5,28,35.19,750
294.5,29,35.29,-3500
294.5,31,35.79,-750
295.0,1,36.08,1000
295.0,3,37.32,1250
295.0,6,37.89,1000
295.0,9,41.4,2000
295.0,14,36.68,3000
295.0,15,41.61,-2750
295.0,18,43.58,250
295.0,20,35.42,-2000
295.0,21,37.61,250
295.0,22,41.41,1500
295.0,25,35.81,-3250
295.0,27,36.73,-250
295.0,29,36.61,-3500
295.5,3,36.6,1250
295.5,6,35.52,1000
295.5,9,39.51,1750
295.5,13,35.24,-5750
295.5,14,37.83,3000
295.5,15,37.63,-2750
295.5,18,42.36,250
295.5,21,37.27,250
295.5,22,38.56,1250
295.5,25,35.27,-4000
296.0,1,35.9,-2250
296.0,6,36.0,1000
296.0,9,39.39,1750
296.0,10,35.78,5250
296.0,11,35.79,-1500
296.0,14,35.56,3000
296.0,15,37.92,-2750
296.0,16,35.43,-6000
296.0,18,43.01,250
296.0,20,35.17,-2000
296.0,21,40.58,250
296.0,22,40.68,1500
296.0,23,35.42,-750
296.0,28,35.05,2000
296.5,3,36.21,1250
296.5,5,35.36,2000
296.5,6,36.2,1000
296.5,7,35.19,4750
296.5,9,38.1,1750
296.5,10,35.36,3000
296.5,12,35.59,1000
296.5,14,35.91,3000
296.5,15,38.27,-2750
296.5,18,42.37,250
296.5,20,35.01,3000
296.5,21,38.76,250
296.5,22,38.5,1250
296.5,26,35.2,3000
296.5,27,35.48,-250
296.5,29,36.1,-3500
297.0,2,35.54,-4250
297.0,4,35.04,750
297.0,5,35.32,-4500
297.0,6,37.98,1000
297.0,8,35.16,-6000
297.0,9,41.2,2000
297.0,14,37.56,3000
297.0,15,40.97,-2750
297.0,18,42.61,250
297.0,19,35.5,-4250
297.0,21,40.64,250
297.0,22,39.64,1500
297.0,23,35.1,-4250
297.0,27,39.17,-250
297.0,28,35.5,0
297.0,32,35.38,4500
297.5,3,38.12,1250
297.5,6,38.56,1000
297.5,9,37.91,1750
297.5,13,35.04,3500
297.5,15,36.79,-2750
297.5,16,35.08,1250
297.5,18,42.34,250
297.5,19,35.1,5000
297.5,22,38.77,1500
297.5,27,35.81,0
297.5,29,36.48,-3500
297.5,30,35.07,5750
297.5,32,35.28,3750
298.0,3,36.25,1250
298.0,6,37.01,1000
298.0,9,38.46,1750
298.0,12,35.07,-2000
298.0,15,38.7,-2750
298.0,18,42.3,250
298.0,20,35.18,-5000
298.0,21,40.63,250
298.0,22,36.09,1250
298.0,27,36.35,0
298.0,29,36.53,-3500
298.0,30,35.11,5500
298.5,3,36.14,1250
298.5,5,35.29,-750
298.5,6,37.42,1000
298.5,9,39.53,2000
298.5,14,35.14,3000
298.5,15,41.39,-2750
298.5,16,35.27,-1750
298.5,18,43.97,250
298.5,19,35.67,250
298.5,21,39.41,250
298.5,22,41.47,1500
298.5,24,35.45,4250
298.5,27,36.3,-250
298.5,32,35.23,1250
299.0,3,35.65,1250
299.0,6,36.3,1000
299.0,9,37.29,1750
299.0,14,35.12,3000
299.0,15,37.56,-3000
299.0,16,35.01,-1500
299.0,18,42.63,250
299.0,21,37.85,250
299.0,22,38.88,1500
299.0,27,37.29,-250
299.0,29,37.2,-3500
299.5,3,35.5,1250
299.5,4,35.56,-4000
299.5,9,38.83,1750
299.5,10,35.1,250
299.5,14,36.07,3000
299.5,15,39.35,-2750
299.5,18,43.75,250
299.5,21,39.19,250
299.5,22,39.66,1500
299.5,27,39.11,-250
299.5,29,36.96,-3500
300.0,9,40.84,2000
300.0,10,35.06,1250
300.0,11,35.13,-2000
300.0,12,35.26,2250
300.0,15,37.26,-2750
300.0,16,35.02,-1500
300.0,18,42.47,250
300.0,20,35.19,-5750
300.0,21,40.41,250
300.0,22,41.71,1500
300.0,25,36.75,4250
300.0,29,38.31,-3500
300.0,32,35.15,3000
300.5,9,40.17,2000
300.5,10,35.24,-1250
300.5,11,35.16,-1750
300.5,14,38.04,3000
300.5,15,43.45,-2750
300.5,18,43.6,250
300.5,22,39.62,1500
300.5,27,39.02,-250
300.5,28,35.82,-6000
300.5,30,35.45,-500
301.0,9,39.56,2000
301.0,14,36.15,3000
301.0,15,42.3,-2750
301.0,18,42.71,250
301.0,21,39.47,250
301.0,22,40.25,1500
301.0,25,35.04,2000
301.0,27,37.62,-250
301.0,29,37.36,-3500
301.0,30,35.95,-2250
301.5,4,35.14,-1750
301.5,5,35.37,-500
301.5,6,37.84,1000
301.5,9,38.65,1750
301.5,10,35.23,-4500
301.5,14,36.4,3000
301.5,15,38.84,-3000
301.5,17,35.47,-5000
301.5,18,40.92,250
301.5,21,39.46,250
301.5,22,40.31,1500
301.5,27,35.47,0
302.0,6,36.84,1000
302.0,7,35.07,1250
302.0,9,39.82,1750
302.0,10,35.31,5500
302.0,15,36.82,-2750
302.0,18,42.07,250
302.0,21,37.88,250
302.0,22,37.51,1250
302.0,27,35.13,0
302.0,29,36.54,-3500
302.5,5,35.22,-2500
302.5,9,38.65,2000
302.5,14,37.3,3000
302.5,15,39.43,-2750
302.5,18,42.17,250
302.5,19,35.02,-250
302.5,21,39.59,250
302.5,22,40.13,1500
302.5,23,35.33,5500
302.5,26,35.2,-2750
302.5,27,35.94,-250
302.5,29,36.49,-3500
303.0,9,39.73,1750
303.0,12,35.22,500
303.0,15,37.32,-2750
303.0,18,41.97,250
303.0,20,35.57,2000
303.0,21,38.64,250
303.0,22,36.63,1250
303.0,23,36.13,-5000
303.0,29,36.22,-3500
303.5,9,39.92,2000
303.5,11,35.05,3750
303.5,13,35.02,-4250
303.5,14,35.96,3000
303.5,15,36.84,-2750
303.5,18,40.61,250
303.5,21,38.22,250
303.5,22,38.79,1500
303.5,27,35.83,-250
303.5,28,35.75,2250
303.5,29,37.7,-3500
304.0,2,35.73,3750
304.0,3,35.43,1250
304.0,6,37.38,1000
304.0,8,35.22,-5500
304.0,9,38.75,2000
304.0,12,36.04,3250
304.0,15,37.3,-2750
304.0,16,35.13,-750
304.0,18,42.05,250
304.0,19,36.16,-250
304.0,20,35.82,-3250
304.0,21,38.82,250
304.0,22,38.8,1500
304.0,29,37.28,-3500
304.0,31,35.02,1250
304.5,3,37.2,1250
304.5,5,35.55,-1000
304.5,7,35.49,-4750
304.5,9,40.64,2000
304.5,14,38.05,3000
304.5,15,40.63,-2750
304.5,18,40.74,250
304.5,19,35.45,4500
304.5,21,39.48,250
304.5,22,40.22,1500
304.5,25,35.13,3750
304.5,27,35.58,-250
304.5,29,37.07,-3500
305.0,3,37.16,1250
305.0,6,35.33,-4750
305.0,7,35.39,750
305.0,9,38.12,1750
305.0,15,37.15,-3000
305.0,18,42.57,250
305.0,21,39.86,250
305.0,22,35.33,1250
305.0,23,35.03,5000
305.0,26,35.2,250
305.0,27,38.38,-250
305.0,29,36.94,-3500
305.0,30,35.09,2000
305.5,3,35.51,1250
305.5,9,37.86,1750
305.5,10,35.86,-4500
305.5,12,35.05,-4000
305.5,14,36.08,3000
305.5,15,37.96,-2750
305.5,18,42.54,250
305.5,21,39.11,250
305.5,22,39.27,1500
305.5,23,35.01,-3500
305.5,27,38.35,-250
305.5,29,38.86,-3500
306.0,3,35.98,1250
306.0,5,35.58,-1750
306.0,6,35.23,1000
306.0,9,38.48,2000
306.0,10,35.59,-2250
306.0,12,35.29,4750
306.0,14,35.19,3250
306.0,15,39.28,-2750
306.0,18,42.05,250
306.0,20,35.08,-250
306.0,21,40.49,250
306.0,22,38.73,1500
306.0,25,35.13,3750
306.0,27,36.47,-250
306.0,29,37.07,-3500
306.5,3,35.29,1250
306.5,6,35.64,1000
306.5,9,36.76,2000
306.5,13,35.04,250
306.5,14,37.29,3000
306.5,15,37.99,-3000
306.5,17,35.12,1250
306.5,18,42.72,250
306.5,21,38.99,250
306.5,22,36.65,1500
306.5,24,35.08,3500
306.5,26,35.24,-4750
306.5,27,37.42,-250
306.5,28,35.32,3000
306.5,29,39.31,-3500
306.5,32,35.34,3000
307.0,3,36.04,1250
307.0,5,35.63,2500
307.0,9,38.2,2000
307.0,14,36.83,3000
307.0,15,40.85,-2750
307.0,18,43.91,250
307.0,21,36.17,250
307.0,22,40.39,1500
307.0,27,38.2,-250
307.0,29,38.15,-3500
307.0,32,35.41,-5750
307.5,3,37.47,1250
307.5,9,39.1,2000
307.5,14,36.65,3000
307.5,15,38.11,-2750
307.5,18,43.03,250
307.5,21,38.52,250
307.5,22,36.12,1250
307.5,29,35.59,-3500
307.5,31,35.67,-2500
308.0,3,37.96,1250
308.0,6,37.88,1000
308.0,9,36.74,2000
308.0,15,38.79,-2750
308.0,17,35.15,0
308.0,18,42.44,250
308.0,21,38.61,250
308.0,22,38.08,1500
308.0,24,35.86,5500
308.0,29,38.3,-3500
308.5,1,35.08,-2250
308.5,3,36.88,1250
308.5,6,35.27,3250
308.5,8,35.07,5000
308.5,9,38.8,1750
308.5,15,37.11,-2750
308.5,18,43.11,250
308.5,21,37.78,250
308.5,22,37.72,1500
308.5,23,35.04,-5500
308.5,27,35.06,-2500
308.5,29,37.35,-3500
309.0,1,35.01,-2500
309.0,3,35.2,1250
309.0,6,35.04,1000
309.0,9,38.53,2000
309.0,15,41.65,-2750
309.0,17,35.83,-5250
309.0,18,41.66,250
309.0,21,39.87,250
309.0,22,39.68,1500
309.0,24,35.88,-2250
309.0,27,37.42,-250
309.0,29,37.16,-3500
309.0,32,35.2,3500
309.5,2,35.06,-1000
309.5,3,35.69,1250
309.5,9,38.15,2000
309.5,15,42.15,-2750
309.5,18,41.81,250
309.5,20,35.22,250
309.5,21,38.74,250
309.5,22,39.19,1500
309.5,25,35.34,-2500
309.5,29,36.48,-3500
310.0,3,37.85,1250
310.0,5,35.6,5000
310.0,6,35.42,2000
310.0,9,40.13,2000
310.0,10,36.03,-4250
310.0,15,37.72,-2750
310.0,18,42.23,250
310.0,19,35.39,3750
310.0,21,37.07,250
310.0,22,36.62,1500
310.0,26,35.04,-4250
310.0,27,37.99,-250
310.0,29,36.83,-3500
310.5,3,36.58,1250
310.5,6,35.2,4500
310.5,7,35.03,-3250
310.5,9,38.69,1750
310.5,11,35.21,-3500
310.5,14,37.14,3000
310.5,15,37.01,-2750
310.5,17,35.32,-250
310.5,18,43.88,250
310.5,21,40.07,250
310.5,22,39.82,1500
310.5,23,35.28,5250
310.5,26,35.73,1750
310.5,27,37.27,-250
310.5,31,35.17,3500
311.0,6,36.29,1000
311.0,9,38.44,1750
311.0,11,35.28,3500
311.0,14,37.78,3000
311.0,15,41.21,-2750
311.0,18,43.23,250
311.0,19,35.47,500
311.0,21,39.43,250
311.0,22,37.27,1500
311.0,25,35.26,-500
311.0,27,36.48,-250
311.0,29,36.99,-3500
311.5,4,35.2,-1000
311.5,6,36.41,1000
311.5,9,36.41,1750
311.5,13,35.84,1250
311.5,14,36.55,3000
311.5,15,41.91,-2750
311.5,18,42.01,250
311.5,21,39.03,250
311.5,22,38.06,1250
311.5,27,36.38,-250
311.5,29,36.1,-3500
312.0,3,36.33,1250
312.0,6,37.58,1000
312.0,7,35.63,5750
312.0,9,37.06,2000
312.0,10,35.04,-750
312.0,12,35.59,-1750
312.0,13,35.02,1000
312.0,14,35.56,3000
312.0,15,40.23,-2750
312.0,18,43.21,250
312.0,20,35.08,1250
312.0,21,37.24,250
312.0,22,39.39,1500
312.0,27,37.64,-250
312.0,28,35.8,-5500
312.0,29,37.54,-3500
312.0,31,35.23,1250
312.5,3,35.99,1250
312.5,5,35.21,-2250
312.5,6,35.26,1000
312.5,8,35.57,2750
312.5,9,38.66,2000
312.5,15,39.44,-2750
312.5,18,42.88,250
312.5,21,39.31,250
312.5,22,39.4,1500
312.5,27,35.7,3250
312.5,28,35.85,5750
312.5,29,37.24,-3500
312.5,31,35.19,-3500
313.0,3,36.18,1250
313.0,4,35.31,-1500
313.0,7,35.71,-250
313.0,9,37.8,2000
313.0,15,41.16,-2750
313.0,18,43.55,250
313.0,21,35.07,250
313.0,22,39.98,1500
313.0,27,37.24,-250
313.0,31,35.64,3000
313.0,32,35.0,-4500
313.5,3,37.22,1250
313.5,6,36.88,1000
313.5,9,37.71,1750
313.5,11,35.26,5750
313.5,14,35.16,3000
313.5,15,35.9,-2750
313.5,18,42.4,250
313.5,20,35.1,4000
313.5,21,39.84,250
313.5,22,37.71,1500
313.5,26,35.3,4250
313.5,29,36.04,-3500
313.5,30,35.22,-4000
314.0,3,36.44,1250
314.0,5,35.76,-5750
314.0,6,36.82,1000
314.0,7,35.25,0
314.0,8,35.26,0
314.0,9,36.48,1750
314.0,11,35.4,-5750
314.0,12,35.18,-4000
314.0,14,35.55,3000
314.0,15,37.73,-3000
314.0,18,43.85,250
314.0,21,39.33,250
314.0,22,37.39,1500
314.0,27,36.92,-250
314.0,29,36.73,-3500
314.5,3,35.68,1250
314.5,5,35.7,5500
314.5,6,36.47,1000
314.5,7,35.2,5750
314.5,8,36.07,2250
314.5,9,39.54,1750
314.5,13,36.06,5750
314.5,14,37.31,3000
314.5,15,39.37,-2750
314.5,18,43.63,250
314.5,21,39.83,250
314.5,22,35.9,1250
314.5,27,36.84,-250
314.5,28,35.0,4000
314.5,29,37.38,-3500
314.5,32,35.91,-5000
315.0,6,35.28,1000
315.0,9,37.18,2000
315.0,14,35.83,3000
315.0,15,41.87,-2750
315.0,18,42.55,250
315.0,19,35.26,-2750
315.0,21,38.41,250
315.0,22,39.1,1500
315.0,27,35.14,-250
315.0,29,36.67,-3500
315.5,2,35.07,0
315.5,6,35.38,1000
315.5,9,37.19,2000
315.5,14,36.8,3000
315.5,15,41.85,-2750
315.5,16,35.21,-6000
315.5,18,42.95,250
315.5,19,35.77,-1250
315.5,21,38.2,250
315.5,22,39.97,1500
315.5,23,35.13,-750
315.5,25,37.06,750
315.5,27,38.75,-250
315.5,29,36.45,-3500
316.0,6,37.83,1000
316.0,8,36.09,-1000
316.0,9,38.81,2000
316.0,14,35.67,3000
316.0,15,42.48,-2750
316.0,18,42.59,250
316.0,19,35.11,-5750
316.0,20,35.64,3500
316.0,21,38.17,250
316.0,22,40.41,1500
316.0,27,37.71,-250
316.0,29,35.62,-3500
316.0,32,35.15,3750
316.5,3,36.83,1250
316.5,6,39.18,1000
316.5,7,35.02,-3000
316.5,9,37.55,2000
316.5,11,35.36,2250
316.5,14,35.31,3000
316.5,15,41.38,-2750
316.5,18,42.45,250
316.5,21,39.74,250
316.5,22,40.62,1500
316.5,23,35.19,-4250
316.5,24,35.02,250
316.5,25,35.41,1750
316.5,27,38.37,-250
316.5,29,38.36,-3500
317.0,6,37.71,1000
317.0,9,37.75,1750
317.0,11,35.02,1500
317.0,13,35.72,-3500
317.0,15,36.44,-3000
317.0,18,44.03,250
317.0,21,40.11,250
317.0,22,35.89,1500
317.0,27,37.09,-250
317.0,28,35.27,5000
317.0,29,36.1,-3500
317.5,3,37.88,1250
317.5,4,35.21,-5750
317.5,6,38.26,1000
317.5,7,35.29,3250
317.5,9,37.76,2000
317.5,15,37.36,-2750
317.5,18,43.26,250
317.5,19,35.46,-4750
317.5,21,37.96,250
317.5,22,38.44,1500
317.5,23,35.02,5000
317.5,27,37.18,-250
317.5,29,38.51,-3500
318.0,2,35.12,-5500
318.0,3,35.09,1250
318.0,4,35.58,-2500
318.0,6,38.82,1000
318.0,9,39.58,1750
318.0,14,37.3,3000
318.0,15,40.92,-2750
318.0,16,35.32,5250
318.0,17,35.16,4250
318.0,18,43.22,250
318.0,20,35.09,-3750
318.0,21,39.21,250
318.0,22,40.52,1500
318.0,26,35.37,-5250
318.0,27,36.96,-250
318.0,29,38.23,-3500
318.5,2,35.2,-5500
318.5,3,35.73,0
318.5,6,36.67,1000
318.5,8,35.16,1250
318.5,9,39.05,2000
318.5,13,35.3,-2250
318.5,14,35.99,3000
318.5,15,41.4,-2750
318.5,16,35.18,4750
318.5,18,42.55,250
318.5,20,35.48,-2750
318.5,21,39.25,250
318.5,22,39.02,1500
318.5,23,35.3,4000
318.5,25,35.07,4500
318.5,27,37.74,-250
318.5,29,37.25,-3500
318.5,30,35.06,5250
319.0,1,35.61,1750
319.0,3,35.4,1250
319.0,5,35.08,4750
319.0,6,37.56,1000
319.0,9,37.72,2000
319.0,11,35.12,-3250
319.0,15,41.06,-2750
319.0,18,43.0,250
319.0,21,38.21,250
319.0,22,39.73,1500
319.0,27,39.08,-250
319.0,29,36.4,-3500
319.0,30,35.04,250
319.5,3,36.48,1250
319.5,5,35.36,-2750
319.5,6,35.72,1000
319.5,9,36.75,1750
319.5,15,37.29,-2750
319.5,18,42.69,250
319.5,21,36.98,250
319.5,22,37.38,1250
319.5,23,35.04,2500
319.5,27,35.78,-250
319.5,28,35.01,-3000
319.5,29,38.82,-3500
320.0,3,36.39,1250
320.0,6,38.04,1000
320.0,9,38.33,1750
320.0,10,35.1,2500
320.0,15,39.25,-2750
320.0,18,43.33,250
320.0,21,41.14,250
320.0,22,36.47,1500
320.0,25,36.12,-1750
320.0,27,37.14,-250
320.0,29,37.72,-3500
320.0,32,35.82,-6000
320.5,6,37.96,1000
320.5,8,35.16,-5500
320.5,9,37.74,2000
320.5,10,35.1,-5750
320.5,14,38.64,3000
320.5,15,38.82,-2750
320.5,17,35.24,1500
320.5,18,43.92,250
320.5,20,35.07,250
320.5,21,38.12,250
320.5,22,39.04,1500
320.5,27,36.8,0
320.5,29,39.28,-3500
321.0,3,35.79,250
321.0,4,35.81,-2750
321.0,6,37.6,1000
321.0,7,35.29,5500
321.0,8,35.79,-5000
321.0,9,38.67,2000
321.0,13,35.04,-2250
321.0,14,36.25,3000
321.0,15,36.53,-2750
321.0,18,43.08,250
321.0,20,36.15,-5750
321.0,21,39.29,250
321.0,22,37.63,1500
321.0,26,35.07,-2750
321.0,27,39.0,-250
321.0,29,36.61,-3500
321.0,32,35.02,2500
321.5,1,35.22,4750
321.5,6,38.33,1000
321.5,9,38.99,1750
321.5,15,38.61,-2750
321.5,16,36.08,-750
321.5,18,43.55,250
321.5,21,38.99,250
321.5,22,37.62,1500
321.5,25,35.48,-1750
321.5,29,38.04,-3500
321.5,32,35.23,4250
322.0,3,35.5,1250
322.0,6,35.31,1000
322.0,7,35.44,1750
322.0,9,38.55,1750
322.0,10,35.15,-500
322.0,14,37.28,3000
322.0,15,41.44,-2750
322.0,17,35.61,-2500
322.0,18,44.49,250
322.0,21,36.54,250
322.0,22,37.35,1500
322.0,27,35.39,-250
322.0,29,36.95,-3500
322.5,3,37.87,1250
322.5,6,37.63,1000
322.5,7,35.36,4500
322.5,9,38.24,2000
322.5,15,41.72,-2750
322.5,18,43.12,250
322.5,19,35.25,-3500
322.5,21,38.09,250
322.5,22,39.21,1500
322.5,23,35.18,-3500
322.5,24,35.13,-750
322.5,27,36.66,-250
322.5,29,39.57,-3500
323.0,2,35.99,-250
323.0,3,36.12,1250
323.0,6,37.68,1000
323.0,9,38.68,2000
323.0,15,40.48,-2750
323.0,16,35.14,-4000
323.0,18,42.68,250
323.0,21,37.4,250
323.0,22,39.03,1500
323.0,27,36.23,-250
323.0,28,35.16,-3750
323.0,29,38.75,-3500
323.5,1,35.55,3500
323.5,5,35.32,-3250
323.5,6,37.88,1000
323.5,9,38.85,1750
323.5,11,35.23,2250
323.5,12,35.73,-4500
323.5,15,40.09,-2750
323.5,17,35.14,5250
323.5,18,43.4,250
323.5,21,37.12,250
323.5,22,37.46,1500
323.5,29,37.67,-3500
323.5,32,35.08,4250
324.0,3,36.01,1250
324.0,5,35.02,5250
324.0,6,38.67,1000
324.0,8,35.13,-2000
324.0,9,37.2,1750
324.0,11,35.13,-4500
324.0,12,35.01,2250
324.0,15,40.09,-2750
324.0,18,43.06,250
324.0,21,36.87,250
324.0,22,38.46,1500
324.0,24,35.38,0
324.0,25,35.12,4750
324.0,29,39.05,-3500
324.5,1,35.66,250
324.5,3,36.38,1250
324.5,6,36.44,1000
324.5,9,37.82,2000
324.5,15,40.4,-2750
324.5,18,43.63,250
324.5,21,36.83,250
324.5,22,40.27,1500
324.5,27,38.76,-250
324.5,29,36.53,-3500
324.5,31,35.61,3250
325.0,3,38.29,1250
325.0,5,35.07,250
325.0,6,39.05,1000
325.0,9,38.59,1750
325.0,14,35.04,1250
325.0,15,39.14,-2750
325.0,17,35.07,1000
325.0,18,42.55,250
325.0,21,38.53,250
325.0,22,39.91,1500
325.0,25,35.4,3000
325.0,27,39.04,-250
325.0,29,36.55,-3500
325.5,3,37.44,1250
325.5,4,35.66,-500
325.5,5,35.41,-4250
325.5,6,37.52,1000
325.5,8,35.35,4000
325.5,9,37.0,2000
325.5,15,35.47,-2750
325.5,17,35.07,-1750
325.5,18,44.05,250
325.5,19,35.69,-4000
325.5,20,35.15,-2500
325.5,21,37.09,250
325.5,22,36.82,1500
325.5,27,37.32,-250
325.5,28,35.1,-250
325.5,29,37.74,-3500
325.5,31,35.44,-4250
326.0,1,35.02,750
326.0,6,37.1,1000
326.0,9,38.8,1750
326.0,14,35.56,3000
326.0,15,37.99,-2750
326.0,18,42.52,250
326.0,21,37.73,250
326.0,22,37.82,1250
326.0,25,35.82,-3250
326.0,27,36.6,0
326.0,29,37.76,-3500
326.0,32,35.17,-250
326.5,3,38.49,1250
326.5,6,36.97,1000
326.5,9,38.77,2000
326.5,12,35.1,-5750
326.5,15,37.9,-2750
326.5,18,43.36,250
326.5,21,38.02,250
326.5,22,37.21,1250
326.5,28,35.34,750
326.5,29,39.42,-3500
326.5,32,35.18,1500
327.0,3,38.38,1250
327.0,6,36.79,1000
327.0,9,38.83,1750
327.0,13,35.34,2000
327.0,15,40.55,-2750
327.0,18,43.49,250
327.0,21,37.87,250
327.0,22,40.78,1500
327.0,27,39.28,-250
327.0,29,38.36,-3500
327.0,32,35.28,-3750
327.5,3,36.31,1250
327.5,4,35.01,-5000
327.5,6,38.44,1000
327.5,9,36.47,2000
327.5,14,36.14,3000
327.5,15,38.04,-2750
327.5,18,43.24,250
327.5,21,36.75,250
327.5,22,39.72,1500
327.5,27,35.46,-250
327.5,29,38.35,-3500
328.0,3,39.23,1250
328.0,5,35.64,-5250
328.0,6,38.11,1000
328.0,9,38.57,1750
328.0,11,35.12,250
328.0,15,38.15,-2750
328.0,16,35.08,500
328.0,18,43.22,250
328.0,21,37.03,250
328.0,22,38.09,1500
328.0,27,36.67,-250
328.0,29,38.58,-3500
328.0,31,35.87,-5500
328.5,2,35.07,-4250
328.5,4,35.22,1250
328.5,5,35.03,-4750
328.5,6,35.12,250
328.5,8,35.62,2000
328.5,9,38.61,2000
328.5,14,35.96,3000
328.5,15,42.22,-2750
328.5,18,43.34,250
328.5,21,37.0,250
328.5,22,38.81,1500
328.5,27,37.01,-250
328.5,29,39.93,-3500
328.5,30,35.37,-5500
328.5,32,35.07,2750
329.0,3,35.19,2750
329.0,6,39.56,1000
329.0,9,39.37,2000
329.0,15,36.25,-2750
329.0,17,35.34,3250
329.0,18,42.13,250
329.0,20,35.61,0
329.0,21,37.28,250
329.0,22,37.32,1250
329.0,27,36.79,-250
329.0,29,37.78,-3500
329.0,30,35.03,-4000
329.0,31,35.45,-3750
329.5,6,38.96,1000
329.5,8,35.27,-1750
329.5,9,38.92,1750
329.5,15,37.02,-2750
329.5,18,42.2,250
329.5,19,35.02,-750
329.5,21,37.79,250
329.5,22,40.62,1500
329.5,25,35.24,-1000
329.5,27,38.57,-250
329.5,29,36.77,-3500
329.5,31,35.59,-6000
329.5,32,35.26,-5750
330.0,3,36.96,1250
330.0,4,35.16,-1000
330.0,5,35.36,5000
330.0,6,37.49,1000
330.0,9,39.31,2000
330.0,15,36.76,-2750
330.0,18,42.51,250
330.0,21,37.79,250
330.0,22,41.01,1500
330.0,24,35.17,4000
330.0,26,35.16,1500
330.0,27,37.28,-250
330.0,29,36.56,-3500
330.5,3,36.29,1250
330.5,6,38.38,1000
330.5,9,38.35,2000
330.5,14,36.7,3000
330.5,15,41.62,-2750
330.5,17,35.05,4250
330.5,18,42.88,250
330.5,19,35.63,-3750
330.5,21,36.13,250
330.5,22,40.16,1500
330.5,24,35.1,-1750
330.5,26,35.77,-250
330.5,27,37.34,-250
330.5,29,38.06,-3500
331.0,3,36.4,1250
331.0,6,39.97,1000
331.0,9,38.14,2000
331.0,12,35.2,3750
331.0,14,35.32,3000
331.0,15,41.97,-2750
331.0,18,44.11,250
331.0,21,38.8,250
331.0,22,39.83,1500
331.0,29,38.79,-3500
331.0,30,35.71,1250
331.5,3,35.31,1250
331.5,6,39.0,1000
331.5,7,35.09,-2000
331.5,8,35.42,-2000
331.5,9,39.72,1750
331.5,15,38.52,-2750
331.5,18,43.84,250
331.5,21,37.29,250
331.5,22,36.81,1250
331.5,29,38.62,-3500
331.5,30,35.17,-5250
332.0,3,35.3,-3000
332.0,6,37.11,1000
332.0,9,37.67,2000
332.0,15,37.97,-3000
332.0,16,35.54,-2500
332.0,18,43.3,250
332.0,19,35.06,5250
332.0,21,37.53,250
332.0,22,38.16,1500
332.0,24,35.15,1750
332.0,26,35.22,-3750
332.0,27,37.13,-250
332.0,29,36.77,-3500
332.0,32,35.62,3750
332.5,3,35.08,0
332.5,6,38.61,1000
332.5,9,39.39,2000
332.5,12,35.02,-3000
332.5,15,41.94,-2750
332.5,16,35.38,-1750
332.5,18,43.76,250
332.5,21,37.26,250
332.5,22,39.59,1500
332.5,27,38.69,-250
332.5,28,35.22,2000
332.5,29,37.73,-3500
333.0,4,35.04,-3000
333.0,6,38.06,1000
333.0,8,35.27,1750
333.0,9,39.74,1750
333.0,13,35.04,-1250
333.0,14,35.19,3250
333.0,15,36.2,-2750
333.0,16,35.29,4000
333.0,18,42.53,250
333.0,19,36.21,1500
333.0,21,37.65,250
333.0,22,38.16,1500
333.0,27,37.13,-250
333.0,29,38.65,-3500
333.5,5,35.6,5500
333.5,6,37.56,1000
333.5,9,39.46,2000
333.5,11,35.12,-5000
333.5,15,38.61,-2750
333.5,18,42.78,250
333.5,19,35.17,250
333.5,20,35.23,500
333.5,21,38.41,250
333.5,22,39.35,1500
333.5,29,37.48,-3500
334.0,3,37.01,1250
334.0,6,38.06,1000
334.0,9,40.15,1750
334.0,15,37.76,-2750
334.0,17,35.78,4750
334.0,18,43.01,250
334.0,19,35.65,-1750
334.0,21,38.74,250
334.0,22,36.38,1250
334.0,25,35.1,-250
334.0,29,39.51,-3500
334.5,6,37.85,1000
334.5,9,39.63,2000
334.5,12,35.46,1750
334.5,13,35.06,1000
334.5,15,42.15,-2750
334.5,18,43.84,250
334.5,21,37.91,250
334.5,22,38.85,1500
334.5,24,35.28,-3250
334.5,27,37.48,0
334.5,29,39.74,-3500
335.0,3,37.61,1250
335.0,5,35.27,2750
335.0,6,38.12,1000
335.0,9,39.17,2000
335.0,13,35.22,-2000
335.0,14,35.09,3000
335.0,15,37.08,-2750
335.0,18,43.09,250
335.0,20,35.14,-500
335.0,21,39.28,250
335.0,22,37.39,1250
335.0,27,38.78,-250
335.0,28,35.85,-2000
335.0,29,39.48,-3500
335.5,3,35.26,1250
335.5,6,35.25,-6000
335.5,8,35.32,2250
335.5,9,37.17,2000
335.5,10,35.0,-2000
335.5,11,35.43,5000
335.5,15,38.54,-2750
335.5,18,44.2,250
335.5,20,35.88,-4500
335.5,21,36.63,250
335.5,22,36.75,1250
335.5,27,39.63,-250
335.5,29,35.24,-5000
335.5,31,35.68,4250
336.0,1,35.38,5250
336.0,3,35.84,1250
336.0,6,37.49,1000
336.0,9,39.2,1750
336.0,14,35.25,3000
336.0,15,41.1,-2750
336.0,18,42.84,250
336.0,19,35.77,2750
336.0,21,38.52,250
336.0,22,38.86,1500
336.0,25,35.29,-2250
336.0,27,39.06,-250
336.0,29,38.66,-3500
336.5,1,35.15,-4750
336.5,3,36.53,1250
336.5,6,39.36,1000
336.5,9,39.62,1750
336.5,11,35.49,1750
336.5,15,38.28,-2750
336.5,18,40.59,250
336.5,21,37.41,0
336.5,22,39.03,1500
336.5,27,35.69,-250
336.5,29,39.27,-3500
336.5,31,35.09,500
337.0,3,35.42,1250
337.0,6,38.68,1000
337.0,9,37.31,2000
337.0,14,35.75,3000
337.0,15,40.8,-2750
337.0,18,42.27,250
337.0,20,35.14,4750
337.0,21,36.22,250
337.0,22,41.28,1500
337.0,24,35.43,-2500
337.0,27,37.26,-250
337.0,29,35.23,-3500
337.5,6,38.34,1000
337.5,9,38.17,2000
337.5,10,35.06,-5250
337.5,11,35.05,-6000
337.5,15,37.27,-2750
337.5,18,41.54,250
337.5,19,35.44,-500
337.5,21,37.05,250
337.5,22,37.96,1500
337.5,24,35.69,1000
337.5,27,35.03,-250
337.5,29,38.94,-3500
338.0,3,37.11,1250
338.0,6,39.95,1000
338.0,9,38.2,1750
338.0,13,35.1,1250
338.0,15,36.84,-2750
338.0,18,42.45,250
338.0,21,37.57,250
338.0,22,37.47,1500
338.0,27,36.69,-250
338.0,29,37.75,-3500
338.5,6,38.41,1000
338.5,8,35.24,3500
338.5,9,37.15,2000
338.5,15,40.95,-2750
338.5,18,42.55,250
338.5,21,38.5,250
338.5,22,41.99,1500
338.5,24,35.73,4750
338.5,25,35.19,1250
338.5,27,37.81,-250
338.5,29,36.91,-3500
338.5,31,35.19,-1250
339.0,3,38.11,1250
339.0,6,36.81,1000
339.0,7,35.27,3000
339.0,9,39.16,1750
339.0,15,41.88,-2750
339.0,18,42.45,250
339.0,21,35.05,250
339.0,22,41.23,1500
339.0,27,37.96,-250
339.0,29,38.71,-3500
339.0,30,35.15,-1250
339.5,1,36.18,-2750
339.5,2,35.28,-2750
339.5,6,36.2,1000
339.5,8,35.69,-5750
339.5,9,37.1,1750
339.5,12,35.47,-250
339.5,13,36.99,-3000
339.5,14,35.61,-4250
339.5,15,41.9,-2750
339.5,16,35.48,5250
339.5,18,42.45,250
339.5,21,36.95,250
339.5,22,39.62,1500
339.5,25,35.06,3250
339.5,27,35.76,-250
339.5,29,37.96,-3500
340.0,2,35.12,-1500
340.0,3,37.25,1250
340.0,6,38.95,1000
340.0,9,39.07,2000
340.0,10,35.35,4250
340.0,13,35.27,1000
340.0,15,38.01,-2750
340.0,18,42.8,250
340.0,21,37.33,250
340.0,22,37.33,1250
340.0,27,36.45,-250
340.0,29,38.2,-3500
340.5,3,36.93,1250
340.5,6,36.22,1000
340.5,7,36.58,250
340.5,9,39.08,2000
340.5,14,36.71,3000
340.5,15,38.58,-2750
340.5,18,41.82,250
340.5,20,35.04,-500
340.5,21,35.84,250
340.5,22,40.56,1500
340.5,27,39.79,-250
340.5,29,37.9,-3500
340.5,32,35.22,-2000
341.0,1,35.69,4000
341.0,3,37.36,1250
341.0,6,39.58,1000
341.0,9,40.05,1750
341.0,15,41.44,-2750
341.0,18,42.71,250
341.0,19,35.2,-4750
341.0,20,35.07,2750
341.0,21,37.69,250
341.0,22,41.68,1500
341.0,27,38.56,-250
341.0,29,38.64,-3500
341.5,3,37.39,1250
341.5,6,36.52,1000
341.5,9,38.11,2000
341.5,14,35.19,-3000
341.5,15,41.84,-2750
341.5,18,42.95,250
341.5,21,35.65,250
341.5,22,38.93,1500
341.5,27,39.01,-250
342.0,1,35.13,-4250
342.0,6,37.9,1000
342.0,8,35.78,5750
342.0,9,37.74,1750
342.0,15,40.77,-2750
342.0,18,41.8,250
342.0,21,36.59,250
342.0,22,39.79,1500
342.0,27,39.78,-250
342.0,29,38.45,-3500
342.5,5,35.31,-1750
342.5,6,37.75,1000
342.5,8,35.55,1500
342.5,9,39.43,1750
342.5,10,35.38,-1250
342.5,14,36.68,3000
342.5,15,37.31,-2750
342.5,17,35.27,-1250
342.5,18,42.45,250
342.5,19,35.22,4750
342.5,21,37.62,250
342.5,22,37.68,1500
342.5,23,35.61,-1750
342.5,27,35.81,-250
342.5,28,35.4,4250
342.5,29,40.43,-3500
343.0,3,36.76,1250
343.0,6,37.51,1000
343.0,9,38.85,2000
343.0,15,39.77,-2750
343.0,18,42.98,250
343.0,20,35.02,-3500
343.0,21,37.62,250
343.0,22,41.84,1500
343.0,27,36.8,-250
343.0,29,35.92,-3500
343.0,31,35.15,-250
343.0,32,35.25,4000
343.5,3,37.25,1250
343.5,9,38.35,2000
343.5,14,35.66,3000
343.5,15,36.4,-3000
343.5,17,35.57,3000
343.5,18,44.31,250
343.5,21,38.76,250
343.5,22,39.6,1250
343.5,27,36.21,0
343.5,28,35.32,-5500
343.5,29,38.69,-3500
343.5,30,35.33,-4250
344.0,3,35.89,1250
344.0,5,35.3,-5750
344.0,6,36.1,1000
344.0,9,39.99,2000
344.0,11,35.12,-4750
344.0,13,35.34,2250
344.0,15,38.38,-2750
344.0,18,42.61,250
344.0,21,37.82,250
344.0,22,38.19,1500
344.0,23,35.03,2250
344.0,25,35.22,2250
344.0,27,35.63,-250
344.0,28,35.11,3500
344.0,29,37.92,-3500
344.5,3,37.92,1250
344.5,6,35.11,3750
344.5,9,39.38,2000
344.5,11,35.34,-2500
344.5,15,41.81,-2750
344.5,18,42.6,250
344.5,19,35.47,3250
344.5,21,38.44,250
344.5,22,40.13,1500
344.5,23,36.31,1250
344.5,27,38.84,-250
344.5,29,38.94,-3500
344.5,32,35.52,4000
345.0,3,38.81,1250
345.0,6,37.9,1000
345.0,7,35.26,-1750
345.0,9,37.9,1750
345.0,12,35.55,-6000
345.0,14,36.02,3000
345.0,15,39.56,-2750
345.0,18,42.76,250
345.0,19,35.14,-6000
345.0,21,37.63,250
345.0,22,39.89,1500
345.0,24,36.4,3750
345.0,25,35.05,-1000
345.0,27,38.49,-250
345.0,29,38.4,-3500
345.5,2,35.34,-6000
345.5,3,37.63,1250
345.5,4,35.23,-4750
345.5,6,35.96,1000
345.5,9,38.67,2000
345.5,11,36.37,1000
345.5,13,35.18,-5000
345.5,15,39.16,-3000
345.5,18,43.59,250
345.5,21,37.1,250
345.5,22,36.76,1500
345.5,24,35.04,-4750
345.5,27,36.29,-250
345.5,29,37.59,-3500
345.5,32,35.18,1750
346.0,3,36.48,1250
346.0,6,38.7,1000
346.0,9,39.44,1750
346.0,10,35.22,250
346.0,15,40.08,-2750
346.0,18,41.2,250
346.0,21,35.74,250
346.0,22,39.32,1500
346.0,28,35.76,-500
346.0,29,39.08,-3500
346.5,1,35.93,1750
346.5,3,36.19,1250
346.5,4,35.59,750
346.5,6,36.68,1000
346.5,7,35.04,-3250
346.5,9,37.74,1750
346.5,15,40.76,-2750
346.5,18,42.11,250
346.5,19,35.2,0
346.5,21,38.05,250
346.5,22,40.05,1500
346.5,24,35.42,-6000
346.5,27,38.34,-250
346.5,29,38.61,-3500
346.5,32,35.11,3750
347.0,3,38.52,1250
347.0,6,36.76,1000
347.0,9,39.04,1750
347.0,11,35.5,500
347.0,14,35.49,3000
347.0,15,40.77,-2750
347.0,16,35.19,-2750
347.0,18,41.92,250
347.0,21,35.5,250
347.0,22,39.26,1500
347.0,26,35.17,2500
347.0,27,37.26,-250
347.0,28,36.19,5750
347.0,29,39.64,-3500
347.0,30,35.01,5500
347.5,3,36.61,1250
347.5,5,35.25,-4000
347.5,6,35.96,1000
347.5,9,38.85,1750
347.5,14,35.16,3000
347.5,15,36.81,-2500
347.5,18,41.92,250
347.5,21,38.82,250
347.5,22,38.39,1250
347.5,24,36.51,-2750
347.5,26,35.35,-1500
347.5,29,38.73,-3500
347.5,30,35.06,-5500
348.0,3,35.19,1250
348.0,6,35.7,3750
348.0,7,35.34,-1000
348.0,9,38.53,2000
348.0,14,35.38,3000
348.0,15,42.3,-2750
348.0,18,42.11,250
348.0,20,35.87,1500
348.0,21,38.33,250
348.0,22,42.35,1500
348.0,26,35.26,-1250
348.0,27,37.65,-250
348.0,29,38.76,-3500
348.5,3,38.12,1250
348.5,4,35.65,5000
348.5,6,36.79,1000
348.5,9,38.67,1750
348.5,15,40.37,-2750
348.5,18,42.39,250
348.5,21,36.95,250
348.5,22,41.1,1500
348.5,27,36.63,-250
348.5,29,37.41,-3500
348.5,31,35.51,1000
348.5,32,35.27,4500
349.0,3,40.39,1250
349.0,6,36.97,1000
349.0,9,39.14,2000
349.0,12,35.12,-3500
349.0,13,35.08,750
349.0,15,39.11,-2750
349.0,18,42.78,250
349.0,21,37.77,250
349.0,22,38.44,1250
349.0,27,35.41,-250
349.0,28,35.07,4000
349.0,29,36.24,-3500
349.0,30,35.05,2500
349.5,3,38.93,1250
349.5,8,35.18,3750
349.5,9,37.6,2000
349.5,12,35.22,5250
349.5,14,36.69,3000
349.5,15,38.98,-3000
349.5,18,42.71,250
349.5,21,38.33,250
349.5,22,39.6,1500
349.5,24,35.11,-500
349.5,25,35.46,1750
349.5,27,36.84,-250
349.5,29,37.51,-3500
349.5,31,35.04,1000
350.0,3,36.53,1250
350.0,6,37.19,1000
350.0,9,39.74,1750
350.0,15,38.69,-3000
350.0,18,42.89,250
350.0,21,37.58,250
350.0,22,38.55,1500
350.0,27,35.8,-250
350.0,29,37.99,-3500
350.0,30,35.46,-250
350.5,3,38.68,1250
350.5,4,35.6,-2000
350.5,6,35.39,1000
350.5,8,35.09,3750
350.5,9,39.66,1750
350.5,14,35.79,-5000
350.5,15,41.99,-2750
350.5,16,35.08,-750
350.5,17,35.68,3250
350.5,18,43.36,250
350.5,19,35.59,2000
350.5,20,35.03,3000
350.5,21,38.66,250
350.5,22,41.84,1500
350.5,23,35.89,0
350.5,25,35.15,-4000
350.5,27,37.71,-250
350.5,29,38.62,-3500
350.5,30,35.35,-5750
350.5,31,35.13,-3000
351.0,3,39.48,1250
351.0,4,35.79,-4500
351.0,6,36.76,1000
351.0,9,36.68,2000
351.0,12,35.24,1500
351.0,13,35.73,-5000
351.0,14,36.82,3000
351.0,15,38.77,-2750
351.0,18,42.23,250
351.0,20,35.12,3750
351.0,21,38.09,250
351.0,22,39.37,1500
351.0,25,35.4,3250
351.0,27,37.17,-250
351.0,29,36.76,-3500
351.0,32,35.24,0
351.5,3,37.01,1250
351.5,6,37.08,1000
351.5,9,39.09,1750
351.5,12,35.16,500
351.5,15,42.08,-2750
351.5,16,35.02,-2500
351.5,18,41.65,250
351.5,22,39.4,1500
351.5,27,38.43,-250
351.5,29,35.56,-3500
352.0,2,35.37,1250
352.0,3,37.99,1250
352.0,5,35.08,-1750
352.0,6,35.87,1000
352.0,9,39.23,1750
352.0,10,35.37,500
352.0,15,38.13,-2750
352.0,18,41.94,250
352.0,21,39.14,250
352.0,22,38.49,1250
352.0,29,36.48,-3500
352.0,32,35.03,1000
352.5,3,38.55,1250
352.5,6,36.17,1000
352.5,7,35.03,-750
352.5,9,39.74,1750
352.5,14,39.11,3000
352.5,15,41.54,-2750
352.5,18,42.35,250
352.5,20,35.91,-1750
352.5,21,36.14,250
352.5,22,42.16,1500
352.5,24,35.19,-4500
352.5,27,38.76,-250
352.5,29,36.3,-3500
353.0,2,35.08,-2000
353.0,3,38.53,1250
353.0,5,35.57,-2750
353.0,6,37.65,1000
353.0,8,35.53,1000
353.0,9,39.33,2000
353.0,14,37.3,3000
353.0,15,42.76,-2750
353.0,18,41.9,250
353.0,21,37.17,250
353.0,22,39.6,1500
353.0,27,38.22,-250
353.0,29,37.69,-3500
353.5,1,35.3,-5750
353.5,3,36.09,1250
353.5,6,37.04,1000
353.5,9,38.72,2000
353.5,13,35.13,-4250
353.5,14,35.12,3000
353.5,15,42.5,-2750
353.5,17,35.02,-750
353.5,18,43.24,250
353.5,19,35.84,-3000
353.5,20,35.87,-500
353.5,21,37.72,250
353.5,22,41.5,1500
353.5,31,35.12,1750
354.0,3,37.65,1250
354.0,4,35.37,4000
354.0,6,35.31,1000
354.0,9,38.29,2000
354.0,14,35.56,3000
354.0,15,40.91,-2750
354.0,16,35.23,5250
354.0,17,35.45,-2250
354.0,18,42.3,250
354.0,20,35.04,-2250
354.0,21,38.08,250
354.0,22,37.36,1250
354.0,27,35.91,-250
354.0,28,35.41,-4500
354.0,29,35.59,-3500
354.5,3,39.68,1250
354.5,4,36.64,-3250
354.5,6,35.9,1000
354.5,9,37.77,2000
354.5,11,35.08,-3500
354.5,15,39.33,-2750
354.5,18,42.29,250
354.5,21,38.39,250
354.5,22,38.52,1500
354.5,23,35.54,5750
354.5,26,35.24,-3500
354.5,27,37.39,-250
354.5,29,35.59,-3500
354.5,32,35.56,1750
355.0,3,38.24,1250
355.0,6,39.01,1000
355.0,9,37.8,2000
355.0,15,41.4,-2750
355.0,18,42.23,250
355.0,21,40.2,250
355.0,22,39.61,1500
355.0,24,35.56,5750
355.0,25,35.15,500
355.0,27,37.11,-250
355.0,29,36.33,-3500
355.0,32,35.11,-3750
355.5,1,35.24,2000
355.5,3,39.79,1250
355.5,4,35.1,-5750
355.5,6,36.88,1000
355.5,8,35.06,-6000
355.5,9,39.07,1750
355.5,14,35.61,3000
355.5,15,37.83,-2750
355.5,18,43.23,250
355.5,21,37.72,250
355.5,22,39.49,1500
355.5,25,35.35,-1000
355.5,27,36.59,-750
355.5,30,35.41,0
356.0,3,38.04,1250
356.0,6,38.03,1000
356.0,7,35.89,1250
356.0,8,35.33,4000
356.0,9,35.9,2000
356.0,14,36.22,3000
356.0,15,37.46,-3000
356.0,18,42.49,250
356.0,21,37.41,250
356.0,22,37.95,1500
356.0,25,36.07,4750
356.0,27,36.81,-250
356.0,29,37.92,-3500
356.5,3,36.96,1250
356.5,6,35.31,1000
356.5,8,35.58,1250
356.5,9,39.92,2000
356.5,15,42.04,-2750
356.5,18,42.24,250
356.5,19,35.84,-4750
356.5,21,35.67,0
356.5,22,41.49,1500
356.5,25,35.67,-4750
356.5,27,38.68,-250
356.5,29,37.11,-3500
356.5,32,35.33,-500
357.0,3,40.23,1250
357.0,5,35.03,-3750
357.0,6,37.34,1000
357.0,8,35.94,-4750
357.0,9,38.86,1750
357.0,14,35.79,3000
357.0,15,41.8,-2750
357.0,18,41.89,250
357.0,21,38.41,250
357.0,22,40.4,1500
357.0,27,38.79,-250
357.0,29,35.25,-3500
357.5,3,39.44,1250
357.5,6,36.96,1000
357.5,8,35.6,-4500
357.5,9,39.49,2000
357.5,14,35.78,3000
357.5,15,37.96,-3000
357.5,18,41.95,250
357.5,21,36.23,250
357.5,22,37.67,1500
357.5,26,35.36,-5750
357.5,29,38.02,-3500
357.5,30,35.16,4500
357.5,31,35.06,3250
358.0,3,36.43,1250
358.0,4,35.07,-1250
358.0,6,38.46,1000
358.0,7,35.16,2000
358.0,9,37.12,1750
358.0,14,35.37,-3500
358.0,15,36.93,-2750
358.0,16,35.55,5750
358.0,18,43.02,250
358.0,21,38.45,250
358.0,22,38.13,1500
358.0,27,37.65,-250
358.0,29,37.31,-3500
358.0,30,35.09,-2500
358.0,32,35.16,5500
358.5,3,38.18,1250
358.5,5,35.57,2250
358.5,6,35.16,250
358.5,7,35.14,-2250
358.5,9,39.42,1750
358.5,14,38.65,3000
358.5,15,41.23,-2750
358.5,18,41.73,250
358.5,21,37.87,250
358.5,22,41.07,1500
358.5,23,35.27,-3750
358.5,27,39.95,-250
359.0,2,35.72,3250
359.0,3,36.83,1250
359.0,6,35.66,1000
359.0,8,35.22,-1250
359.0,9,36.58,1750
359.0,11,35.23,-1750
359.0,14,35.95,3000
359.0,15,36.34,-2750
359.0,18,42.5,250
359.0,21,36.57,250
359.0,22,39.2,1250
359.0,29,37.26,-3500
359.5,1,35.26,3250
359.5,2,35.12,1500
359.5,3,35.18,1250
359.5,6,35.62,1000
359.5,9,37.75,2000
359.5,11,35.03,-3500
359.5,14,35.84,3000
359.5,15,38.85,-3000
359.5,18,42.02,250
359.5,21,36.75,0
359.5,22,39.77,1500
359.5,24,35.08,-1500
359.5,27,36.66,-250
359.5,29,38.98,-3500
360.0,3,35.54,1250
360.0,6,37.92,1000
360.0,8,35.0,5500
360.0,9,39.8,1750
360.0,14,37.17,3000
360.0,15,37.09,-3000
360.0,18,42.76,250
360.0,20,35.35,5250
360.0,21,36.91,250
360.0,22,41.73,1500
360.0,26,35.48,4750
360.0,27,37.29,-250
360.0,29,35.41,-3750
360.0,30,35.26,-1000
360.5,3,35.21,1250
360.5,6,35.67,250
360.5,8,35.31,250
360.5,9,38.15,1750
360.5,11,35.02,-6000
360.5,14,37.27,3000
360.5,15,42.14,-2750
360.5,18,42.23,250
360.5,19,35.32,-1500
360.5,21,38.61,250
360.5,22,39.68,1500
360.5,27,40.33,-250
360.5,29,35.6,-3500
360.5,30,36.24,1750
360.5,31,35.26,3500
361.0,2,35.4,3000
361.0,3,35.94,1250
361.0,6,39.5,1000
361.0,9,38.4,2000
361.0,11,35.38,4500
361.0,14,36.4,1750
361.0,15,41.42,-2750
361.0,18,42.91,250
361.0,21,38.24,250
361.0,22,41.12,1500
361.0,26,35.01,-750
361.0,27,38.14,-250
361.0,29,36.15,-3500
361.0,31,35.12,-750
361.5,2,35.02,-4500
361.5,3,35.25,-5250
361.5,6,35.89,1000
361.5,9,39.94,1750
361.5,14,37.89,3000
361.5,15,39.24,-2750
361.5,18,42.41,250
361.5,21,38.83,250
361.5,22,40.4,1500
361.5,27,36.25,-250
361.5,30,35.01,-1500
361.5,32,35.08,1750
362.0,1,35.11,-2750
362.0,2,35.31,-5750
362.0,3,37.68,1250
362.0,9,39.91,1750
362.0,14,38.71,3000
362.0,15,36.68,-3000
362.0,18,42.6,250
362.0,21,38.01,250
362.0,22,41.0,1500
362.5,6,37.84,1000
362.5,9,37.66,2000
362.5,10,35.11,2000
362.5,15,38.11,-3000
362.5,18,41.98,250
362.5,21,38.27,250
362.5,22,39.43,1500
362.5,32,35.07,-3000
363.0,2,35.54,-6000
363.0,3,37.16,1250
363.0,6,38.86,1000
363.0,9,39.5,1750
363.0,12,36.06,-250
363.0,15,37.9,-3000
363.0,18,42.64,250
363.0,21,38.94,250
363.0,22,37.11,1500
363.0,23,35.12,3750
363.0,27,37.98,-250
363.0,29,35.33,-250
363.5,2,35.15,-6000
363.5,9,39.21,2000
363.5,15,36.54,-3000
363.5,17,35.11,5750
363.5,18,42.71,250
363.5,19,35.34,4250
363.5,21,37.5,250
363.5,22,39.9,1500
363.5,27,38.54,-250
363.5,29,35.26,0
363.5,30,35.82,1500
364.0,6,37.67,1000
364.0,9,39.11,2000
364.0,14,37.37,3000
364.0,15,38.74,-2750
364.0,16,35.42,-250
364.0,18,42.73,250
364.0,21,38.61,250
364.0,22,39.09,1500
364.0,24,35.03,3250
364.0,27,37.25,-250
364.0,29,35.89,-3500
364.5,3,35.89,1250
364.5,6,37.04,1000
364.5,9,37.06,1750
364.5,15,40.73,-2750
364.5,18,42.91,250
364.5,20,35.14,-2750
364.5,21,38.49,250
364.5,22,41.41,1500
364.5,26,35.16,-5250
364.5,27,38.38,-250
364.5,29,37.15,-3500
364.5,31,35.18,2000
365.0,2,35.38,-4250
365.0,3,36.39,1250
365.0,6,35.25,-3000
365.0,9,37.33,1750
365.0,14,35.6,3000
365.0,15,39.23,-2750
365.0,16,35.06,-5750
365.0,17,35.19,-2500
365.0,18,43.11,250
365.0,22,38.36,1250
365.0,23,35.34,1000
365.0,27,39.53,-250
365.0,29,38.2,-3500
365.0,30,35.81,3500
365.5,3,37.88,1250
365.5,4,35.22,4000
365.5,6,36.0,1000
365.5,9,37.65,2000
365.5,10,35.1,-4750
365.5,12,35.27,2250
365.5,15,38.44,-2750
365.5,18,43.04,250
365.5,20,35.78,2750
365.5,21,36.89,250
365.5,22,42.11,1500
365.5,26,35.6,-5250
365.5,27,38.33,-250
365.5,29,36.15,-3500
366.0,3,37.77,1250
366.0,6,35.2,1000
366.0,9,40.78,2000
366.0,14,38.25,3000
366.0,15,42.6,-2750
366.0,18,42.52,250
366.0,21,36.84,250
366.0,22,40.43,1500
366.0,27,40.33,-250
366.0,29,37.04,-3500
366.0,30,36.83,4750
366.5,6,38.62,1000
366.5,9,40.08,2000
366.5,12,35.21,-4750
366.5,14,35.3,3000
366.5,15,40.4,-3000
366.5,18,42.65,250
366.5,19,35.01,5750
366.5,21,37.01,250
366.5,22,39.67,1500
366.5,26,35.06,2000
366.5,27,36.66,-250
366.5,31,35.65,1500
367.0,2,35.46,3500
367.0,4,35.05,-3000
367.0,5,35.25,1000
367.0,6,36.43,1000
367.0,9,41.44,1750
367.0,14,37.34,3000
367.0,15,41.02,-2750
367.0,16,35.11,-3000
367.0,18,40.15,250
367.0,21,36.99,250
367.0,22,42.43,1500
367.0,27,39.5,-250
367.5,3,36.32,1250
367.5,6,35.28,-2500
367.5,9,36.75,2000
367.5,14,37.24,3000
367.5,15,36.98,-3000
367.5,17,35.17,750
367.5,18,40.92,250
367.5,21,39.25,250
367.5,22,38.26,1500
367.5,27,37.48,-250
367.5,29,38.51,-3500
367.5,32,35.01,-2250
368.0,3,35.26,-2000
368.0,14,36.53,3000
368.0,15,39.12,-3000
368.0,18,42.78,250
368.0,20,35.29,-750
368.0,21,36.93,250
368.0,22,38.07,1500
368.0,24,35.38,5750
368.0,25,35.3,1000
368.0,26,35.11,750
368.0,27,36.74,-250
368.0,29,36.15,-3500
368.0,31,35.37,-5750
368.5,6,36.18,1000
368.5,8,35.03,-4250
368.5,12,35.85,-4000
368.5,14,36.04,3000
368.5,15,36.86,-2750
368.5,18,43.32,250
368.5,20,35.47,-2750
368.5,21,38.36,250
368.5,22,41.4,1500
368.5,27,37.55,-250
368.5,29,37.54,-3500
368.5,30,35.19,-3000
369.0,4,35.42,-3250
369.0,8,35.26,-2250
369.0,9,37.71,2000
369.0,13,35.01,2000
369.0,15,41.79,-2750
369.0,18,42.74,250
369.0,20,35.01,3750
369.0,21,37.25,250
369.0,22,40.53,1500
369.0,26,35.1,-5250
369.0,28,35.26,-5750
369.0,29,37.88,-3500
369.5,2,35.67,-5000
369.5,4,35.05,4000
369.5,9,39.97,1750
369.5,12,35.25,750
369.5,15,42.04,-2750
369.5,18,42.56,250
369.5,20,35.09,4250
369.5,21,35.06,750
369.5,22,41.55,1500
370.0,1,35.42,-1750
370.0,2,35.17,2750
370.0,4,35.42,-2750
370.0,9,39.38,1750
370.0,14,35.35,3000
370.0,15,38.01,-2750
370.0,18,42.08,250
370.0,21,36.48,0
370.0,22,40.11,1500
370.0,24,35.79,-3000
370.0,26,35.23,5250
370.0,27,37.58,-250
370.0,29,36.33,-3500
370.5,2,35.04,2500
370.5,6,38.55,1000
370.5,8,35.65,3250
370.5,9,36.45,2000
370.5,10,35.27,-3000
370.5,11,35.99,5000
370.5,14,38.68,3000
370.5,15,38.75,-3000
370.5,16,35.27,-5750
370.5,18,42.35,250
370.5,21,36.09,250
370.5,22,42.65,1500
370.5,27,39.96,-250
370.5,28,35.14,-1750
370.5,29,38.32,-3500
371.0,6,35.78,1000
371.0,9,39.53,1750
371.0,15,39.05,-2750
371.0,16,35.05,1000
371.0,18,41.68,250
371.0,21,36.95,250
371.0,22,42.31,1500
371.0,23,35.16,-1500
371.0,25,35.02,-3000
371.0,27,38.08,-250
371.0,29,35.96,-3500
371.5,1,36.05,2250
371.5,4,35.42,-3250
371.5,6,39.15,1000
371.5,9,38.91,1750
371.5,14,35.68,3250
371.5,15,39.62,-2750
371.5,16,35.13,-1750
371.5,18,42.47,250
371.5,21,37.64,0
371.5,22,38.69,1500
371.5,27,36.53,-250
371.5,29,36.33,-3500
372.0,3,35.14,1250
372.0,6,35.89,4250
372.0,8,35.09,4000
372.0,9,38.09,1750
372.0,10,35.15,2500
372.0,13,35.4,-6000
372.0,14,35.01,-3000
372.0,15,37.76,-2750
372.0,18,40.56,250
372.0,21,35.15,-750
372.0,22,38.11,1500
372.0,25,35.06,-2000
372.0,27,39.05,-250
372.5,5,35.38,2500
372.5,6,37.98,1000
372.5,8,35.97,1000
372.5,9,39.86,1750
372.5,14,36.59,3250
372.5,15,37.47,-2750
372.5,18,41.2,250
372.5,19,36.03,-1000
372.5,21,39.05,250
372.5,22,38.03,1500
372.5,27,37.56,-250
372.5,29,36.72,-3500
373.0,9,39.11,1750
373.0,14,35.49,3000
373.0,15,39.48,-2750
373.0,18,40.92,250
373.0,21,36.68,250
373.0,22,41.42,1500
373.0,27,36.57,-250
373.0,29,36.21,-3500
373.0,32,35.27,-750
373.5,6,38.67,1000
373.5,9,39.36,2000
373.5,13,35.12,-3750
373.5,15,37.93,-3000
373.5,18,40.93,250
373.5,21,37.97,0
373.5,22,40.21,1500
373.5,25,35.19,5000
373.5,26,35.07,4500
373.5,28,35.35,-2750
374.0,6,38.48,1000
374.0,14,36.35,3000
374.0,15,39.4,-2750
374.0,16,35.3,750
374.0,18,42.86,250
374.0,21,36.68,250
374.0,22,38.74,1500
374.0,23,35.26,250
374.0,25,35.22,-5750
374.0,28,35.32,-3750
374.0,29,35.62,-3500
374.5,3,36.55,1250
374.5,6,36.48,1000
374.5,9,36.34,2000
374.5,12,35.54,-4500
374.5,18,41.99,250
374.5,21,37.58,0
374.5,22,39.42,1500
374.5,29,36.78,-3500
375.0,5,35.3,0
375.0,6,35.79,1000
375.0,8,35.21,5500
375.0,9,35.67,2000
375.0,15,38.63,-3000
375.0,18,42.41,250
375.0,21,37.17,0
375.0,22,38.19,1500
375.0,23,35.12,-3000
375.0,24,35.15,4500
375.0,25,35.26,-750
375.0,30,35.46,-5000
375.5,9,37.91,1750
375.5,10,35.04,-1750
375.5,14,36.87,3250
375.5,15,35.95,-2750
375.5,18,41.34,250
375.5,19,35.41,-5250
375.5,21,38.75,250
375.5,26,35.16,-3000
375.5,27,35.27,0
375.5,29,35.14,4000
375.5,32,35.29,-250
376.0,1,35.48,-1750
376.0,4,35.22,-4750
376.0,6,36.18,1000
376.0,9,37.19,2000
376.0,14,38.2,3250
376.0,15,37.63,-3000
376.0,18,39.96,250
376.0,21,37.32,250
376.0,22,39.11,1500
376.0,29,35.73,-3500
376.5,6,39.46,1000
376.5,9,37.72,1750
376.5,10,35.45,-2000
376.5,11,35.03,5750
376.5,14,38.58,3250
376.5,15,38.78,-2750
376.5,18,41.17,250
376.5,19,35.43,-2000
376.5,20,35.8,-2250
376.5,21,36.8,250
376.5,22,41.28,1500
376.5,26,35.0,-5750
376.5,27,38.01,-250
376.5,29,36.14,-3500
376.5,30,35.18,1250
376.5,31,35.57,3500
376.5,32,35.26,2750
377.0,4,35.07,5750
377.0,6,39.03,1000
377.0,9,36.8,1750
377.0,14,36.88,3250
377.0,15,37.81,-3000
377.0,16,35.6,-5250
377.0,18,42.46,250
377.0,21,38.02,250
377.0,22,42.85,1500
377.0,27,37.88,-250
377.0,28,35.52,-5750
377.5,5,35.03,-2250
377.5,9,35.57,2000
377.5,13,36.05,4500
377.5,15,38.65,-3000
377.5,18,41.42,250
377.5,19,35.37,-1500
377.5,21,38.33,0
377.5,22,39.68,1500
377.5,26,35.23,2250
377.5,27,35.52,-5250
377.5,30,35.36,-1250
378.0,6,38.19,1000
378.0,9,38.71,1750
378.0,12,36.99,-4250
378.0,13,35.21,-2500
378.0,14,36.41,3250
378.0,15,38.81,-2750
378.0,18,42.64,250
378.0,21,37.98,250
378.0,22,41.61,1500
378.0,27,36.33,-250
378.0,31,35.13,3750
378.5,5,35.21,2000
378.5,13,35.17,2500
378.5,14,38.45,3000
378.5,15,40.42,-2750
378.5,18,42.29,250
378.5,21,37.24,0
378.5,23,35.37,3000
378.5,27,35.26,-3250
378.5,28,35.54,-2750
378.5,29,35.62,-3500
379.0,6,36.57,1000
379.0,9,38.24,1750
379.0,14,36.83,3250
379.0,15,37.66,-3000
379.0,18,41.63,250
379.0,21,38.2,250
379.0,22,39.17,1500
379.0,27,36.25,-250
379.0,29,36.2,-3500
379.5,9,37.85,1750
379.5,10,35.29,-2500
379.5,14,35.13,3250
379.5,15,38.33,-2750
379.5,18,41.35,250
379.5,21,37.77,0
379.5,22,38.85,1500
379.5,23,35.11,-2500
380.0,6,37.47,1000
380.0,7,35.41,1750
380.0,9,35.85,2000
380.0,14,37.11,3250
380.0,15,38.13,-3000
380.0,17,35.1,-4750
380.0,18,40.68,250
380.0,21,38.75,250
380.0,22,40.05,1500
380.0,28,35.14,5500
380.0,29,38.81,-3500
380.5,2,35.07,3000
380.5,7,35.24,-2000
380.5,9,38.59,2000
380.5,11,35.15,-2250
380.5,14,37.25,3000
380.5,18,41.84,250
380.5,20,36.2,4000
380.5,21,39.43,0
380.5,26,36.09,-4750
380.5,30,35.24,-3250
381.0,9,37.51,2000
381.0,12,35.25,1500
381.0,14,37.91,3000
381.0,15,36.02,-3000
381.0,18,42.01,250
381.0,21,37.08,0
381.0,22,37.8,1500
381.0,23,35.8,-4750
381.0,25,35.42,-500
381.0,29,36.81,-3500
381.0,31,35.68,5750
381.5,8,35.2,-4000
381.5,9,38.24,1750
381.5,14,38.33,3250
381.5,15,38.59,-3000
381.5,16,35.4,-4000
381.5,18,40.48,250
381.5,19,35.31,0
381.5,21,37.02,250
381.5,22,41.95,1500
381.5,27,39.4,-250
381.5,29,35.62,-3500
382.0,6,35.1,1000
382.0,9,36.37,2000
382.0,10,35.34,-1500
382.0,14,36.8,3250
382.0,15,39.13,-2750
382.0,17,35.77,-4250
382.0,18,42.56,250
382.0,21,37.52,250
382.0,22,39.35,1500
382.0,23,35.28,-2000
382.0,24,35.61,4000
382.0,26,35.03,1250
382.0,28,35.04,-3500
382.0,29,35.39,-3500
382.5,9,39.65,1750
382.5,14,37.57,3250
382.5,15,38.11,-2750
382.5,18,41.82,250
382.5,21,37.58,0
382.5,22,40.3,1500
382.5,23,35.1,4250
382.5,27,36.57,-250
382.5,30,35.44,750
382.5,32,35.36,-4250
383.0,9,39.06,2000
383.0,11,35.11,-4750
383.0,14,37.42,3250
383.0,15,38.39,-3000
383.0,16,35.75,750
383.0,18,42.62,250
383.0,21,37.09,0
383.0,25,35.07,3000
383.0,29,35.51,-3500
383.0,31,35.25,5250
383.5,6,36.24,1000
383.5,9,35.27,2000
383.5,12,35.45,1750
383.5,14,37.34,3250
383.5,15,37.54,-3000
383.5,18,42.63,250
383.5,21,37.24,250
383.5,22,40.94,1500
383.5,29,35.16,-3500
384.0,6,41.07,1000
384.0,9,37.03,1750
384.0,14,37.22,3000
384.0,15,37.98,-3000
384.0,18,41.04,250
384.0,21,36.92,250
384.0,22,42.66,1500
384.0,24,35.15,4500
384.0,27,39.0,-250
384.0,31,35.01,250
384.5,1,35.44,3250
384.5,3,35.09,3750
384.5,5,35.49,-3500
384.5,6,39.37,1000
384.5,9,38.37,2000
384.5,11,35.07,4000
384.5,13,35.05,2250
384.5,14,40.1,3250
384.5,15,38.05,-2750
384.5,18,41.52,250
384.5,21,38.34,0
384.5,22,40.96,1500
385.0,6,38.42,1000
385.0,9,39.48,1750
385.0,14,39.91,3250
385.0,15,38.67,-2750
385.0,18,42.13,250
385.0,20,35.26,-3250
385.0,21,38.84,0
385.0,22,41.55,1500
385.0,27,37.15,-250
385.0,29,39.06,-3500
385.0,31,35.36,3500
385.5,4,35.06,1000
385.5,6,38.47,1000
385.5,7,35.23,-5250
385.5,8,35.15,2750
385.5,9,35.29,-500
385.5,12,35.08,-1000
385.5,14,35.56,-2000
385.5,15,37.5,-3000
385.5,18,41.46,250
385.5,19,35.11,2750
385.5,21,36.01,250
385.5,22,40.63,1500
385.5,23,35.3,5250
385.5,26,35.74,-4250
385.5,29,35.07,5000
386.0,3,36.69,1250
386.0,4,35.36,-2000
386.0,6,38.42,1000
386.0,8,35.56,4000
386.0,9,38.1,2000
386.0,15,37.39,-3000
386.0,18,41.8,250
386.0,19,35.09,-250
386.0,21,37.18,0
386.0,22,40.1,1500
386.0,29,35.61,-3500
386.5,3,36.65,1250
386.5,9,35.63,4500
386.5,10,35.17,-500
386.5,12,35.17,-2000
386.5,15,38.33,-2750
386.5,18,42.2,250
386.5,21,36.64,0
386.5,22,40.57,1250
386.5,30,35.84,-1250
386.5,31,35.03,250
387.0,6,39.16,1000
387.0,8,35.57,-3250
387.0,9,40.07,1750
387.0,13,35.61,500
387.0,14,37.74,3000
387.0,15,38.92,-3000
387.0,16,35.64,3500
387.0,18,41.5,250
387.0,22,36.64,1500
387.0,23,35.8,750
387.0,27,37.86,-250
387.5,9,36.37,2000
387.5,14,37.26,3250
387.5,15,38.64,-3000
387.5,18,40.58,250
387.5,21,37.72,250
387.5,22,39.58,1500
387.5,27,35.13,-1500
387.5,29,36.15,-3500
388.0,3,35.55,-6000
388.0,8,35.69,1250
388.0,9,36.86,2000
388.0,15,37.73,-3000
388.0,18,42.34,250
388.0,21,35.95,0
388.0,32,35.01,2750
388.5,2,35.09,-4000
388.5,4,35.31,4750
388.5,7,35.95,2750
388.5,9,39.14,1750
388.5,11,35.42,2500
388.5,14,35.7,3250
388.5,15,40.19,-3000
388.5,16,35.64,-500
388.5,18,41.85,250
388.5,21,37.41,0
388.5,22,41.28,1500
388.5,24,35.2,2250
388.5,27,36.89,-250
388.5,29,35.5,-3500
389.0,1,35.07,-4250
389.0,2,35.6,-500
389.0,6,39.34,1000
389.0,12,35.33,-5750
389.0,13,35.64,4250
389.0,15,39.24,-3000
389.0,16,36.15,2500
389.0,17,35.08,-250
389.0,18,40.59,250
389.0,21,38.76,0
389.0,22,38.92,1250
389.0,24,35.44,1250
389.0,27,36.81,-250
389.0,29,35.24,-3500
389.0,32,35.13,-3000
389.5,4,35.23,4750
389.5,7,36.12,1750
389.5,9,37.24,2000
389.5,14,36.84,3250
389.5,15,38.11,-3000
389.5,18,40.96,250
389.5,19,35.42,-2500
389.5,21,37.62,250
389.5,22,43.63,1500
389.5,23,35.62,2500
389.5,24,35.18,4750
389.5,27,39.76,-250
390.0,5,35.56,4000
390.0,6,35.19,1000
390.0,9,39.77,1750
390.0,14,35.19,3250
390.0,15,39.48,-2750
390.0,18,42.03,250
390.0,21,37.08,0
390.0,22,40.29,1500
390.0,27,37.12,-250
390.0,32,35.1,1000
390.5,3,35.63,-4750
390.5,4,35.14,1500
390.5,6,35.58,1000
390.5,9,40.58,1750
390.5,14,35.1,3000
390.5,15,39.88,-3000
390.5,18,41.71,250
390.5,21,36.09,0
390.5,22,40.41,1500
390.5,27,40.05,-250
390.5,29,37.87,-3500
390.5,31,35.56,2750
391.0,4,35.04,3250
391.0,5,35.2,-6000
391.0,9,41.01,1750
391.0,14,35.95,3250
391.0,15,40.55,-2750
391.0,18,41.71,250
391.0,21,37.95,250
391.0,22,41.91,1500
391.0,23,35.11,-2250
391.0,27,38.32,-250
391.5,7,35.07,-4750
391.5,8,35.18,0
391.5,9,39.26,2000
391.5,10,35.32,750
391.5,14,35.29,3250
391.5,15,38.56,-2750
391.5,18,40.56,250
391.5,21,37.87,250
391.5,22,36.99,1500
391.5,27,35.2,-750
391.5,29,37.9,-3500
391.5,31,35.69,5750
392.0,6,39.21,1000
392.0,8,35.11,3750
392.0,9,36.06,1750
392.0,10,36.51,3000
392.0,14,37.34,3250
392.0,15,36.34,-2750
392.0,16,35.96,-750
392.0,18,42.94,250
392.0,21,37.72,250
392.0,22,39.57,1500
392.0,27,35.82,-250
392.0,28,35.69,3750
392.0,29,35.29,-3500
392.0,30,35.01,-4750
392.5,3,40.34,1250
392.5,6,39.44,1000
392.5,7,35.0,3250
392.5,9,39.11,1750
392.5,13,35.44,4000
392.5,14,37.23,3250
392.5,15,37.62,-2750
392.5,16,35.06,-5000
392.5,18,40.26,250
392.5,21,36.56,0
392.5,22,40.7,1500
392.5,25,35.1,4750
392.5,27,35.49,-250
392.5,31,35.33,-5250
393.0,3,36.37,1250
393.0,5,35.14,-6000
393.0,6,35.41,-3500
393.0,9,38.48,2000
393.0,13,35.71,2250
393.0,14,35.07,3250
393.0,15,38.12,-3000
393.0,16,35.15,-5250
393.0,18,41.02,250
393.0,21,35.7,0
393.0,22,39.62,1500
393.0,27,38.23,-250
393.0,29,36.26,-3500
393.0,30,35.44,-2000
393.5,5,35.84,250
393.5,7,35.37,5250
393.5,9,39.08,1750
393.5,11,35.66,-3750
393.5,14,35.13,-5750
393.5,15,36.59,-3000
393.5,18,43.08,250
393.5,20,35.12,5000
393.5,21,38.66,0
393.5,22,42.43,1500
393.5,27,38.31,-250
393.5,29,38.65,-3500
394.0,4,35.15,-2250
394.0,5,35.02,-2000
394.0,6,35.08,1000
394.0,7,35.78,-3500
394.0,9,39.04,1750
394.0,15,36.01,-2750
394.0,18,40.6,250
394.0,21,37.72,0
394.0,22,35.47,1500
394.0,24,35.4,-4000
394.0,27,36.42,-250
394.0,32,35.24,-5000
394.5,8,35.05,3500
394.5,9,39.12,2000
394.5,11,35.09,2250
394.5,12,35.51,750
394.5,14,35.76,3000
394.5,15,37.24,-3000
394.5,18,39.43,250
394.5,21,35.37,0
394.5,22,35.01,4500
394.5,27,35.67,-250
394.5,28,35.17,-5000
394.5,29,37.36,-3500
395.0,1,35.11,-3500
395.0,9,39.68,2000
395.0,15,39.02,-3000
395.0,18,40.21,250
395.0,21,35.82,0
395.0,22,40.25,1500
395.0,27,38.55,-250
395.0,29,35.34,-3500
395.5,3,35.68,-4500
395.5,9,35.23,1750
395.5,14,36.24,3000
395.5,15,37.21,-2750
395.5,16,35.55,-6000
395.5,18,43.95,250
395.5,21,37.11,250
395.5,22,36.02,1500
395.5,27,36.96,-250
395.5,29,35.39,-4750
395.5,30,35.71,-5500
396.0,6,35.03,-5750
396.0,7,35.05,-3750
396.0,9,41.88,1750
396.0,10,35.4,2750
396.0,13,35.22,-5750
396.0,14,35.55,3000
396.0,15,37.02,-2750
396.0,18,42.64,250
396.0,19,36.02,-2000
396.0,21,36.47,250
396.0,22,42.52,1500
396.0,27,35.92,-250
396.0,29,35.97,-3500
396.0,31,35.2,5250
396.5,1,35.91,2750
396.5,2,35.18,2500
396.5,3,36.83,1250
396.5,4,35.28,1250
396.5,6,37.54,1000
396.5,9,38.6,2000
396.5,14,35.81,3000
396.5,15,40.52,-3000
396.5,18,41.78,250
396.5,21,36.26,250
396.5,22,39.76,1500
396.5,29,36.5,-3500
396.5,30,35.08,-3000
397.0,3,36.71,1250
397.0,6,36.43,1000
397.0,9,39.83,1750
397.0,14,35.53,3250
397.0,15,38.78,-2750
397.0,17,35.14,-6000
397.0,18,43.37,250
397.0,20,35.35,4500
397.0,21,37.95,0
397.0,22,43.17,1500
397.0,25,35.54,3000
397.0,26,35.49,-750
397.0,27,35.99,1500
397.0,28,35.6,2250
397.0,29,36.44,-3500
397.0,30,36.24,-6000
397.0,31,35.02,4000
397.5,6,36.83,1000
397.5,9,36.11,2000
397.5,10,36.0,3750
397.5,12,35.16,2250
397.5,14,37.67,3000
397.5,15,38.24,-3000
397.5,18,42.16,250
397.5,21,37.42,0
397.5,22,39.86,1500
397.5,23,35.23,-2000
397.5,29,39.84,-3500
398.0,2,35.29,4250
398.0,4,35.11,-1000
398.0,6,38.73,1000
398.0,9,35.78,1750
398.0,14,36.83,3000
398.0,15,37.11,-2750
398.0,18,40.61,250
398.0,20,35.22,-5500
398.0,21,37.83,250
398.0,22,36.94,1500
398.0,27,36.66,-250
398.5,3,37.82,1250
398.5,6,35.11,1000
398.5,9,39.82,1750
398.5,14,36.52,3250
398.5,15,38.72,-2750
398.5,18,42.14,250
398.5,21,35.89,0
398.5,22,42.91,1500
398.5,24,35.05,-3250
398.5,27,38.11,-250
398.5,29,36.64,-3500
399.0,5,35.98,-2500
399.0,9,37.07,1750
399.0,13,35.13,1750
399.0,14,38.46,3250
399.0,15,36.6,-3000
399.0,18,40.95,250
399.0,21,37.49,250
399.0,22,42.53,1500
399.0,27,35.43,-250
399.0,29,35.22,1000
399.0,32,35.88,3000
399.5,6,35.37,3500
399.5,9,41.97,1750
399.5,14,37.21,3250
399.5,15,37.77,-2750
399.5,16,35.12,0
399.5,18,41.52,250
399.5,19,35.07,5000
399.5,21,36.69,250
399.5,22,37.67,1500
399.5,25,35.41,-1500
399.5,29,35.13,1000
400.0,4,35.13,5750
400.0,9,37.83,1750
400.0,11,35.13,-250
400.0,14,38.35,3000
400.0,15,39.17,-2750
400.0,18,42.86,250
400.0,21,38.51,0
400.0,22,37.34,1500
400.0,27,38.22,-250
400.0,29,36.59,-3500
400.5,6,35.32,-4000
400.5,9,36.19,2000
400.5,10,35.08,3500
400.5,14,38.45,3000
400.5,15,37.54,-3000
400.5,18,41.66,250
400.5,20,35.24,-3750
400.5,21,38.89,0
400.5,22,39.56,1500
400.5,23,35.24,3000
400.5,26,35.06,500
400.5,27,38.03,-250
400.5,29,35.84,-3500
401.0,7,35.03,-3000
401.0,9,38.79,1750
401.0,13,35.16,4000
401.0,14,35.65,3000
401.0,15,38.12,-2750
401.0,17,35.59,-2250
401.0,18,40.73,250
401.0,21,36.86,0
401.0,22,38.65,1500
401.0,27,35.33,-250
401.0,29,38.36,-3500
401.0,32,35.48,1500
401.5,6,35.04,-1000
401.5,9,38.12,2000
401.5,15,37.79,-3000
401.5,17,35.23,-1250
401.5,18,42.71,250
401.5,21,36.03,0
401.5,25,35.25,-4500
401.5,27,38.83,-250
401.5,28,35.73,-2000
401.5,29,36.42,-3500
402.0,3,35.47,1250
402.0,6,35.7,1000
402.0,10,35.53,3250
402.0,15,39.48,-2750
402.0,18,41.35,250
402.0,21,35.66,250
402.0,22,36.66,1500
402.0,27,37.11,-250
402.0,28,35.32,-5750
402.0,29,36.33,-3500
402.0,32,35.27,0
402.5,6,35.83,-4500
402.5,9,38.99,1750
402.5,12,35.12,-4750
402.5,14,35.89,3000
402.5,15,35.58,-3000
402.5,18,35.21,250
402.5,22,39.79,1500
402.5,27,35.95,-500
402.5,29,35.75,250
403.0,1,35.12,-750
403.0,9,38.38,1750
403.0,10,35.03,500
403.0,13,35.31,1250
403.0,15,36.39,-2750
403.0,18,40.9,250
403.0,21,35.81,0
403.0,27,36.94,-250
403.0,29,36.35,-3500
403.0,32,35.03,-3250
403.5,1,35.2,-4750
403.5,14,35.77,3000
403.5,15,39.19,-2750
403.5,18,41.39,250
403.5,21,39.05,0
403.5,23,35.06,4250
403.5,26,35.09,-6000
403.5,29,35.85,-3500
403.5,32,35.08,-1250
404.0,9,39.09,2000
404.0,15,38.39,-3000
404.0,18,40.48,250
404.0,21,37.63,0
404.0,22,35.93,1500
404.0,25,35.5,-1500
404.0,29,35.07,2750
404.0,30,36.23,4500
404.0,31,35.23,-2000
404.0,32,35.74,-750
404.5,3,35.12,-1500
404.5,9,37.37,1750
404.5,13,35.77,-5500
404.5,15,37.65,-2750
404.5,18,42.23,250
404.5,21,37.56,0
404.5,28,35.3,4250
404.5,29,38.1,-3500
404.5,32,35.4,1750
405.0,3,35.06,-750
405.0,9,39.35,1750
405.0,12,35.15,500
405.0,15,35.29,-2750
405.0,18,42.36,250
405.0,20,35.01,1250
405.0,21,36.52,250
405.0,22,35.86,0
405.0,29,35.06,3000
405.5,5,36.66,-2500
405.5,6,35.37,1000
405.5,7,35.36,-4250
405.5,8,35.05,-4000
405.5,9,36.75,2000
405.5,13,35.01,-250
405.5,15,35.78,-2750
405.5,16,35.56,-4750
405.5,18,36.84,250
405.5,20,37.38,4250
405.5,21,39.62,0
405.5,22,35.35,1000
405.5,24,35.1,-2000
405.5,27,36.47,-250
405.5,28,35.03,5750
405.5,29,37.16,-3500
406.0,9,39.73,1750
406.0,14,37.5,3250
406.0,15,37.12,-2750
406.0,18,41.28,250
406.0,20,35.32,-750
406.0,21,36.09,0
406.0,26,36.21,0
406.0,27,35.27,-250
406.0,28,35.62,-5750
406.5,8,35.34,500
406.5,9,40.01,1750
406.5,10,35.82,-4000
406.5,11,35.42,3250
406.5,12,35.07,3250
406.5,14,35.97,3250
406.5,15,37.89,-2750
406.5,18,39.4,250
406.5,19,35.03,-250
406.5,21,35.99,250
406.5,27,39.81,-250
406.5,29,35.53,-3500
407.0,7,36.09,4250
407.0,9,38.42,2000
407.0,10,35.39,-3250
407.0,11,35.11,5250
407.0,14,35.29,5000
407.0,15,37.15,-3000
407.0,18,42.44,250
407.0,21,36.34,0
407.0,22,35.96,1500
407.0,24,35.06,-750
407.0,28,35.18,-5500
407.0,29,36.12,-3500
407.0,32,35.1,4750
407.5,7,35.12,4500
407.5,9,40.59,1750
407.5,15,40.36,-3000
407.5,18,41.2,250
407.5,21,35.59,0
407.5,22,35.2,1500
407.5,25,35.86,250
407.5,27,39.21,-250
407.5,29,39.42,-3500
407.5,31,35.32,3000
408.0,3,35.41,-6000
408.0,9,39.56,1750
408.0,11,35.05,-4250
408.0,14,35.97,3000
408.0,15,38.69,-2750
408.0,18,41.39,250
408.0,21,38.86,0
408.0,25,35.03,-1250
408.0,26,35.1,250
408.0,27,39.16,-250
408.0,28,35.01,3250
408.5,3,36.33,1250
408.5,4,35.57,4250
408.5,6,35.27,1000
408.5,9,38.8,2000
408.5,14,35.49,3250
408.5,15,38.45,-2750
408.5,18,41.51,250
408.5,21,38.73,0
408.5,23,35.34,-2750
408.5,27,35.53,3500
409.0,6,35.59,1000
409.0,10,35.27,-4750
409.0,12,35.3,1250
409.0,14,35.24,3000
409.0,15,37.03,-2750
409.0,18,42.12,250
409.0,23,36.37,-2250
409.0,27,38.47,-250
409.0,29,37.76,-3500
409.0,30,35.01,-2000
409.0,32,36.56,250
409.5,1,35.43,-3750
409.5,2,35.29,3250
409.5,6,35.82,1000
409.5,9,36.69,2000
409.5,10,35.64,1000
409.5,11,35.24,-3750
409.5,14,36.33,3000
409.5,15,40.15,-3000
409.5,18,40.67,250
409.5,22,38.38,1500
409.5,23,35.05,-2250
410.0,1,35.09,750
410.0,6,35.4,2500
410.0,7,35.23,1500
410.0,9,38.16,2000
410.0,10,35.42,-750
410.0,14,36.24,3250
410.0,15,36.75,-3000
410.0,18,41.63,250
410.0,21,36.74,250
410.0,22,39.18,1500
410.0,23,35.07,-3750
410.0,24,35.9,-4750
410.0,27,35.73,-250
410.0,29,36.37,-3500
410.5,6,38.97,1000
410.5,9,38.14,2000
410.5,11,35.04,-1000
410.5,15,37.53,-2750
410.5,17,35.02,500
410.5,18,42.66,250
410.5,21,37.51,0
410.5,22,40.56,1500
410.5,23,35.1,-5000
410.5,29,36.43,-3500
410.5,32,35.4,1500
411.0,3,37.47,1250
411.0,5,35.12,250
411.0,6,38.92,1000
411.0,9,39.51,1750
411.0,14,36.53,3250
411.0,15,38.29,-3000
411.0,16,35.59,-2750
411.0,18,42.06,250
411.0,21,36.53,250
411.0,22,41.33,1500
411.0,27,37.6,-250
411.0,29,37.66,-3500
411.5,2,35.07,1500
411.5,3,35.77,1250
411.5,6,38.29,1000
411.5,9,38.04,2000
411.5,11,35.28,0
411.5,14,36.38,3000
411.5,15,38.34,-3000
411.5,18,42.0,250
411.5,21,38.85,0
411.5,22,40.7,1500
411.5,27,36.95,-500
411.5,29,35.49,5500
412.0,5,35.39,-3250
412.0,6,38.04,1000
412.0,7,35.2,-1500
412.0,9,40.66,1750
412.0,12,35.01,4000
412.0,14,35.91,3000
412.0,15,37.94,-3000
412.0,17,35.35,-1000
412.0,18,42.56,250
412.0,21,37.73,0
412.0,22,42.37,1500
412.0,27,38.91,-250
412.0,28,35.14,-500
412.0,29,35.82,-3500
412.5,3,35.73,1250
412.5,4,35.42,3250
412.5,6,38.01,1000
412.5,7,35.21,-1750
412.5,9,41.55,1750
412.5,10,35.26,-2750
412.5,14,35.61,3250
412.5,15,36.91,-3000
412.5,17,35.08,5250
412.5,18,42.5,250
412.5,19,35.22,5000
412.5,20,35.05,250
412.5,21,38.48,250
412.5,22,42.18,1500
412.5,23,35.5,1000
412.5,25,35.76,-5250
412.5,27,39.44,-250
412.5,29,36.28,-3500
413.0,3,38.48,1250
413.0,5,35.01,3750
413.0,6,38.01,1000
413.0,9,39.24,2000
413.0,14,35.2,3000
413.0,15,37.38,-2750
413.0,18,41.65,250
413.0,20,36.26,-6000
413.0,21,38.43,0
413.0,22,37.66,1250
413.5,1,35.19,500
413.5,3,35.87,1250
413.5,6,38.09,1000
413.5,9,38.33,1750
413.5,14,35.89,3000
413.5,15,39.14,-3000
413.5,18,41.66,250
413.5,21,36.52,250
413.5,22,40.3,1500
413.5,24,35.12,750
413.5,29,37.0,-3500
413.5,30,35.39,0
413.5,31,35.17,1000
414.0,6,37.62,1000
414.0,9,37.56,2000
414.0,13,35.12,5500
414.0,14,36.55,3250
414.0,15,36.66,-2750
414.0,18,42.51,250
414.0,21,35.88,0
414.0,22,40.54,1500
414.0,23,35.28,250
414.0,26,36.01,-3500
414.0,27,35.51,1500
414.0,29,35.81,250
414.5,3,37.0,1250
414.5,7,35.29,-4750
414.5,9,36.43,2000
414.5,12,35.08,4500
414.5,14,36.43,3250
414.5,15,39.5,-2750
414.5,17,35.31,4750
414.5,18,40.99,250
414.5,20,35.09,4250
414.5,21,38.16,0
414.5,22,41.44,1500
414.5,25,35.25,5000
414.5,27,37.09,-250
414.5,29,36.31,-3500
415.0,3,35.72,1250
415.0,6,39.96,1000
415.0,9,40.01,1750
415.0,14,37.29,3000
415.0,15,38.42,-2750
415.0,18,42.36,250
415.0,20,35.38,3250
415.0,21,36.57,250
415.0,22,43.15,1500
415.0,27,39.59,-250
415.5,6,39.15,1000
415.5,9,39.94,2000
415.5,15,38.82,-3000
415.5,16,35.36,5750
415.5,18,42.34,250
415.5,19,35.04,-3250
415.5,21,38.48,0
415.5,22,40.59,1500
415.5,26,35.2,-5750
415.5,29,35.15,250
415.5,30,35.26,-5000
416.0,3,36.5,1250
416.0,7,35.04,-3500
416.0,9,38.22,2000
416.0,10,35.29,-5250
416.0,14,36.73,3000
416.0,15,37.77,-2750
416.0,18,42.37,250
416.0,21,37.28,0
416.0,22,41.68,1500
416.0,24,35.05,4750
416.0,27,35.71,-500
416.0,29,36.62,-3500
416.0,32,35.64,5750
416.5,1,35.08,-5750
416.5,3,37.43,1250
416.5,6,37.8,1000
416.5,7,35.44,-1000
416.5,9,36.31,2000
416.5,10,35.44,250
416.5,14,35.46,3000
416.5,15,38.36,-3000
416.5,18,41.77,250
416.5,21,37.34,250
416.5,22,40.67,1500
416.5,23,35.07,2000
416.5,24,35.37,-3750
416.5,27,36.37,-250
417.0,3,36.71,1250
417.0,6,36.99,1000
417.0,9,39.86,1750
417.0,14,35.16,3250
417.0,15,40.15,-2750
417.0,18,41.79,250
417.0,21,36.64,0
417.0,22,41.01,1500
417.0,27,37.5,-250
417.0,31,35.0,-5000
417.5,2,35.56,-2250
417.5,3,35.57,0
417.5,6,38.27,1000
417.5,9,36.55,2000
417.5,11,35.49,-1500
417.5,14,37.53,3000
417.5,15,39.24,-3000
417.5,16,35.02,4750
417.5,18,41.39,250
417.5,19,35.74,-5500
417.5,21,36.46,0
417.5,22,41.25,1500
417.5,29,35.18,-3500
418.0,3,35.78,1250
418.0,6,39.93,1000
418.0,8,35.02,4500
418.0,9,37.8,2000
418.0,14,35.41,3250
418.0,15,37.16,-2750
418.0,18,42.23,250
418.0,20,35.03,-2750
418.0,21,38.24,0
418.0,22,39.69,1500
418.0,27,35.59,-250
418.0,29,37.3,-3500
418.5,2,35.18,1250
418.5,3,38.73,1250
418.5,6,38.21,1000
418.5,9,38.12,1750
418.5,13,35.15,1750
418.5,14,39.72,3000
418.5,15,41.11,-2750
418.5,17,35.33,-3500
418.5,18,42.56,250
418.5,22,42.7,1500
418.5,27,35.11,-250
418.5,29,37.16,-3500
418.5,30,35.04,-2250
419.0,3,38.14,1250
419.0,6,36.96,1000
419.0,9,35.37,2000
419.0,15,38.03,-3000
419.0,16,35.05,-2750
419.0,18,43.04,250
419.0,21,37.58,250
419.0,22,39.12,1500
419.0,29,35.26,-3500
419.5,3,36.45,1250
419.5,6,36.21,1000
419.5,9,37.15,2000
419.5,12,35.2,5000
419.5,15,38.04,-2750
419.5,18,41.71,250
419.5,20,35.36,-4000
419.5,21,36.34,0
419.5,22,42.58,1500
419.5,24,35.41,-1500
419.5,27,37.6,-250
419.5,29,35.07,-2500
420.0,3,38.28,1250
420.0,6,35.99,1000
420.0,9,39.61,1750
420.0,12,35.01,0
420.0,14,36.56,3000
420.0,15,38.41,-2750
420.0,18,42.45,250
420.0,21,35.33,0
420.0,22,42.64,1500
420.0,23,35.06,-500
420.0,24,35.1,5250
420.0,27,37.84,-250
420.0,32,35.3,-2000
420.5,3,35.91,1250
420.5,4,35.13,-2500
420.5,6,37.12,1000
420.5,9,38.09,1750
420.5,12,35.29,-2500
420.5,14,38.72,3000
420.5,15,39.52,-2750
420.5,18,42.78,250
420.5,21,35.09,0
420.5,22,41.01,1500
420.5,24,35.88,-4500
420.5,27,39.48,-250
420.5,29,36.58,-3500
421.0,2,35.92,4750
421.0,6,39.0,1000
421.0,9,39.65,1750
421.0,14,36.43,3000
421.0,15,40.0,-2750
421.0,18,42.21,250
421.0,20,35.23,-1750
421.0,21,37.91,0
421.0,22,41.4,1500
421.0,27,39.27,-250
421.0,29,37.23,-3500
421.5,3,36.9,1250
421.5,4,35.6,3500
421.5,6,38.26,1000
421.5,7,35.07,-250
421.5,9,36.87,2000
421.5,15,38.04,-3000
421.5,16,35.32,5250
421.5,18,42.46,250
421.5,19,35.29,3000
421.5,21,37.62,0
421.5,22,39.09,1250
421.5,24,35.03,500
422.0,2,35.19,-5750
422.0,3,37.58,1250
422.0,6,39.63,1000
422.0,9,36.66,2000
422.0,10,35.15,1000
422.0,12,35.16,1750
422.0,15,40.48,-3000
422.0,18,41.32,250
422.0,21,38.93,0
422.0,22,40.56,1500
422.0,27,35.36,1250
422.0,32,35.51,-5750
422.5,2,35.19,-4000
422.5,6,36.3,1000
422.5,9,39.16,1750
422.5,14,39.97,3000
422.5,15,40.48,-2750
422.5,18,42.5,250
422.5,21,38.2,0
422.5,22,40.51,1500
422.5,27,36.11,-250
422.5,29,35.48,1750
423.0,3,37.22,1250
423.0,6,38.68,1000
423.0,7,35.21,-2500
423.0,9,38.76,1750
423.0,14,36.51,3000
423.0,15,38.31,-3000
423.0,18,42.16,250
423.0,21,35.74,0
423.0,22,41.46,1500
423.0,23,35.23,-6000
423.0,25,35.14,2500
423.0,27,37.12,-250
423.0,29,37.47,-3500
423.0,32,35.72,-4750
423.5,2,35.61,5750
423.5,3,35.35,1250
423.5,6,37.06,1000
423.5,8,35.02,1500
423.5,9,39.83,1750
423.5,10,35.02,4000
423.5,13,35.59,3500
423.5,14,36.71,3000
423.5,15,38.39,-2750
423.5,16,36.04,750
423.5,18,42.95,250
423.5,21,35.85,0
423.5,22,41.32,1500
423.5,27,35.98,-250
423.5,28,35.33,1000
424.0,6,40.43,1000
424.0,7,35.02,4750
424.0,8,35.35,500
424.0,9,39.95,1750
424.0,10,35.3,-2250
424.0,14,39.17,3000
424.0,15,37.73,-3000
424.0,18,42.58,250
424.0,19,35.3,4000
424.0,21,38.86,250
424.0,22,41.07,1500
424.0,27,36.35,-250
424.0,29,37.15,-3500
424.5,5,35.04,3000
424.5,6,38.29,1000
424.5,9,37.34,1750
424.5,11,35.12,2250
424.5,14,38.45,3000
424.5,15,39.29,-2750
424.5,18,42.6,250
424.5,21,36.84,0
424.5,22,42.18,1500
424.5,27,35.47,-6000
424.5,29,37.57,-3500
425.0,1,35.01,5250
425.0,2,35.5,5750
425.0,3,36.98,1250
425.0,6,38.58,1000
425.0,9,38.48,2000
425.0,15,39.15,-3000
425.0,18,42.97,250
425.0,19,35.17,3250
425.0,21,37.41,250
425.0,22,41.53,1500
425.0,23,35.38,-5250
425.0,27,38.03,-250
425.0,28,35.34,250
425.5,5,35.56,5500
425.5,6,40.19,1000
425.5,9,38.22,1750
425.5,14,35.33,3000
425.5,15,35.29,-3000
425.5,17,35.08,-4000
425.5,18,43.24,250
425.5,21,36.81,0
425.5,22,40.12,1500
425.5,27,37.31,-250
425.5,29,35.49,2500
426.0,6,40.56,1000
426.0,9,38.9,1750
426.0,14,35.47,3000
426.0,15,39.67,-2750
426.0,18,42.84,250
426.0,21,36.35,0
426.0,22,42.22,1500
426.0,27,36.76,-250
426.0,29,37.78,-3500
426.0,31,35.06,2250
426.5,1,35.08,-5750
426.5,4,35.01,-5500
426.5,6,36.39,1000
426.5,7,35.4,-5500
426.5,8,36.32,2500
426.5,9,37.35,2000
426.5,14,35.85,3250
426.5,15,38.73,-2750
426.5,18,42.43,250
426.5,21,35.63,0
426.5,22,41.21,1500
426.5,29,36.96,-3500
427.0,3,35.63,5000
427.0,6,38.93,1000
427.0,9,39.29,1750
427.0,12,35.0,0
427.0,14,35.54,-1000
427.0,15,40.9,-2750
427.0,18,42.2,250
427.0,21,35.2,0
427.0,22,41.93,1500
427.0,24,35.12,1000
427.0,27,38.08,-250
427.0,28,35.19,-5750
427.0,29,37.27,-3500
427.5,3,35.18,1250
427.5,9,36.23,2000
427.5,11,35.25,250
427.5,12,35.34,-2000
427.5,14,35.04,1250
427.5,15,37.93,-2750
427.5,18,42.97,250
427.5,21,37.63,250
427.5,22,41.12,1500
427.5,29,36.58,-3500
428.0,6,37.06,1000
428.0,9,36.63,2000
428.0,14,36.15,3000
428.0,15,38.84,-2750
428.0,18,42.94,250
428.0,21,35.62,250
428.0,22,38.01,1250
428.0,29,36.11,-3500
428.0,30,35.38,250
428.0,31,36.05,2500
428.5,2,35.6,-3000
428.5,3,37.3,1250
428.5,4,36.23,-750
428.5,6,39.39,1000
428.5,9,40.48,1750
428.5,14,37.33,3000
428.5,15,41.32,-2750
428.5,18,42.74,250
428.5,21,38.55,0
428.5,22,42.8,1500
428.5,24,35.05,-5750
428.5,27,37.84,-250
428.5,29,37.18,-3500
428.5,31,35.17,-5000
429.0,6,40.05,1000
429.0,8,35.45,2250
429.0,9,36.45,2000
429.0,14,38.41,3000
429.0,15,40.38,-2750
429.0,18,41.34,250
429.0,21,37.84,0
429.0,22,43.16,1500
429.0,29,35.71,-3500
429.5,6,38.04,1000
429.5,9,38.38,1750
429.5,14,35.81,3000
429.5,15,41.43,-2750
429.5,18,41.88,250
429.5,22,41.93,1500
429.5,24,35.11,-3000
429.5,27,37.55,-250
429.5,29,35.92,-3500
429.5,31,35.14,-4000
430.0,6,36.56,1000
430.0,9,39.79,1750
430.0,14,35.46,3250
430.0,15,38.84,-2750
430.0,16,36.56,-2000
430.0,18,41.95,250
430.0,21,39.42,0
430.0,22,39.98,1500
430.0,29,35.19,4250
430.5,5,35.66,-6000
430.5,6,37.07,1000
430.5,9,37.4,1750
430.5,13,35.39,-4250
430.5,14,37.21,3000
430.5,15,38.87,-3000
430.5,17,35.46,-1000
430.5,18,43.26,250
430.5,21,35.83,0
430.5,22,41.42,1500
430.5,24,35.59,3500
430.5,25,35.35,-1750
430.5,27,38.74,-250
430.5,29,36.73,-3500
430.5,31,35.22,-1250
430.5,32,35.36,4000
431.0,4,35.0,-5500
431.0,6,38.88,1000
431.0,9,39.25,1750
431.0,14,37.26,3000
431.0,15,41.31,-2750
431.0,16,35.61,5500
431.0,18,41.93,250
431.0,19,35.26,3500
431.0,21,35.75,0
431.0,22,40.01,1500
431.0,29,35.03,-3500
431.5,6,37.3,1000
431.5,14,37.07,3000
431.5,15,40.43,-2750
431.5,16,35.05,-5750
431.5,18,43.23,250
431.5,21,37.09,0
431.5,22,41.74,1500
431.5,25,35.19,-1250
431.5,27,37.76,-250
431.5,28,35.04,-2500
431.5,30,36.01,4250
431.5,31,36.16,-1750
432.0,3,35.04,-4750
432.0,6,38.74,1000
432.0,8,35.43,1000
432.0,9,37.98,2000
432.0,12,35.08,-1750
432.0,14,35.61,3000
432.0,15,39.16,-2750
432.0,18,40.85,250
432.0,21,39.37,0
432.0,22,39.39,1500
432.0,27,37.03,-250
432.5,6,38.96,1000
432.5,8,35.3,-2000
432.5,9,39.73,1750
432.5,12,35.46,-2500
432.5,14,37.38,3000
432.5,15,35.26,-3000
432.5,18,41.55,250
432.5,21,38.69,0
432.5,22,40.99,1500
432.5,27,36.19,-250
433.0,2,35.96,4250
433.0,3,35.03,-1750
433.0,4,35.16,-3000
433.0,6,38.51,1000
433.0,8,35.36,-5500
433.0,9,40.45,1750
433.0,12,35.64,4500
433.0,14,37.72,3000
433.0,15,40.22,-2750
433.0,18,42.37,250
433.0,21,39.6,0
433.0,22,42.8,1500
433.0,23,36.17,-3500
433.0,27,35.93,-250
433.0,32,35.02,4000
433.5,6,37.79,1000
433.5,8,35.13,-1000
433.5,9,37.86,1750
433.5,13,35.6,5250
433.5,14,35.88,3000
433.5,15,39.17,-3000
433.5,16,35.05,-4750
433.5,18,42.3,250
433.5,21,36.98,0
433.5,22,39.61,1250
433.5,24,35.85,1000
433.5,28,35.47,-4500
434.0,4,35.06,0
434.0,6,36.13,1000
434.0,9,36.46,1750
434.0,14,37.27,3000
434.0,15,38.68,-3000
434.0,18,42.41,250
434.0,21,36.49,0
434.0,22,40.56,1500
434.0,26,36.73,3000
434.5,6,37.66,1000
434.5,9,40.56,1750
434.5,10,35.17,-6000
434.5,14,39.04,3000
434.5,15,41.28,-2750
434.5,16,35.22,-1750
434.5,18,41.99,250
434.5,21,35.6,0
434.5,22,41.61,1500
434.5,25,35.44,4750
434.5,27,35.43,-250
435.0,2,35.51,5750
435.0,6,37.13,1000
435.0,9,37.22,2000
435.0,12,35.28,-3750
435.0,14,37.34,3000
435.0,15,39.99,-2750
435.0,17,35.03,250
435.0,18,41.94,250
435.0,20,35.06,3500
435.0,21,38.89,0
435.0,22,39.96,1500
435.0,26,35.27,-1250
435.0,28,35.89,-5000
435.5,4,35.53,4250
435.5,5,35.49,1750
435.5,6,35.6,1000
435.5,7,35.8,-2750
435.5,9,38.9,1750
435.5,11,35.09,4000
435.5,12,35.29,-4750
435.5,14,36.94,3000
435.5,15,41.23,-2750
435.5,18,41.74,250
435.5,20,35.08,-1500
435.5,21,37.3,0
435.5,22,41.55,1500
435.5,28,35.26,2750
435.5,29,35.46,-3500
435.5,31,35.33,-1500
435.5,32,35.11,1500
436.0,5,35.77,4000
436.0,6,36.82,1000
436.0,8,35.24,5750
436.0,9,35.43,2000
436.0,12,35.4,-250
436.0,14,36.98,3000
436.0,15,39.17,-3000
436.0,16,35.48,750
436.0,18,41.6,250
436.0,21,38.62,0
436.0,22,39.76,1500
436.0,26,35.2,-3500
436.0,27,35.29,-250
436.0,29,35.16,1250
436.5,3,35.15,-4500
436.5,4,35.06,-4250
436.5,6,37.86,1000
436.5,8,35.11,750
436.5,9,39.36,1750
436.5,14,38.66,3000
436.5,15,41.36,-2750
436.5,18,42.35,250
436.5,21,37.84,0
436.5,22,43.29,1500
436.5,27,35.32,-250
436.5,28,35.12,-4000
437.0,4,35.46,-1750
437.0,6,37.42,1000
437.0,7,35.28,3250
437.0,9,38.13,2000
437.0,11,35.98,4500
437.0,14,38.57,3000
437.0,15,37.18,-3000
437.0,18,42.33,250
437.0,20,35.0,2000
437.0,21,35.74,0
437.0,22,40.42,1500
437.0,28,35.35,5750
437.0,30,35.03,5500
437.0,31,35.15,-1250
437.5,3,35.06,2250
437.5,7,35.45,5750
437.5,9,38.16,1750
437.5,11,35.05,-750
437.5,14,36.83,3000
437.5,15,41.09,-2750
437.5,18,42.76,250
437.5,21,38.25,0
437.5,22,39.28,1500
437.5,27,36.27,-250
438.0,4,35.74,-4750
438.0,6,36.32,1000
438.0,7,35.2,500
438.0,9,37.28,2000
438.0,10,36.04,4250
438.0,14,36.53,3000
438.0,15,38.69,-3000
438.0,18,42.5,250
438.0,22,39.86,1500
438.5,6,35.39,1000
438.5,9,39.8,1750
438.5,14,38.95,3000
438.5,15,41.27,-2750
438.5,16,35.8,2500
438.5,18,41.98,250
438.5,19,35.33,-1750
438.5,21,36.41,250
438.5,22,42.46,1500
438.5,25,35.15,1750
438.5,27,35.31,-4750
438.5,29,35.44,-3500
439.0,1,35.34,5500
439.0,6,36.55,1000
439.0,7,35.24,2750
439.0,9,40.65,1750
439.0,14,37.96,3000
439.0,15,41.94,-2750
439.0,16,35.13,3000
439.0,17,35.34,-2250
439.0,18,42.22,250
439.0,21,35.48,0
439.0,22,41.55,1500
439.0,24,36.01,2500
439.0,25,35.07,2000
439.0,27,35.93,-250
439.0,29,35.37,-250
439.0,31,35.3,1000
439.5,3,35.25,0
439.5,6,37.2,1000
439.5,9,37.48,2000
439.5,13,35.29,1000
439.5,14,37.01,3000
439.5,15,38.57,-3000
439.5,16,35.11,3000
439.5,17,35.09,-750
439.5,18,42.15,250
439.5,21,36.38,0
439.5,22,39.75,1250
440.0,1,35.23,4250
440.0,3,35.27,-500
440.0,6,37.14,1000
440.0,8,35.5,5500
440.0,9,37.83,2000
440.0,10,35.03,-3000
440.0,14,36.12,3000
440.0,15,38.63,-3000
440.0,16,35.64,1500
440.0,18,42.6,250
440.0,21,36.54,0
440.0,22,40.75,1500
440.0,23,36.03,4000
440.0,24,35.22,-1750
440.0,27,35.44,-250
440.0,28,35.0,-2750
440.5,1,35.2,5000
440.5,2,35.52,5750
440.5,6,37.16,1000
440.5,9,39.47,1750
440.5,14,36.85,3000
440.5,15,40.26,-2750
440.5,17,35.01,-1250
440.5,18,42.35,250
440.5,21,35.29,0
440.5,22,41.55,1500
440.5,23,36.07,-500
440.5,27,37.53,-250
441.0,5,35.1,-2750
441.0,9,37.73,1750
441.0,13,35.11,4250
441.0,14,38.64,3000
441.0,15,38.99,-2750
441.0,18,41.95,250
441.0,21,36.27,0
441.0,22,42.62,1500
441.0,25,35.28,2500
441.0,27,38.68,-250
441.0,29,35.36,-2500
441.5,1,35.54,2500
441.5,3,35.14,2250
441.5,6,37.99,1000
441.5,9,35.95,2000
441.5,14,35.34,3000
441.5,15,36.75,-3000
441.5,18,43.05,250
441.5,19,36.47,-5750
441.5,21,36.38,250
441.5,22,40.34,1500
441.5,26,35.95,500
441.5,28,35.31,3000
442.0,1,35.21,2000
442.0,6,35.99,1000
442.0,8,35.39,-3000
442.0,9,35.4,2000
442.0,10,35.32,-2750
442.0,14,40.28,3000
442.0,15,36.59,-2750
442.0,16,35.45,2000
442.0,18,43.03,250
442.0,19,35.6,-750
442.0,21,36.82,0
442.0,22,39.34,1500
