Time,PRN,CN0_dBHz,Doppler
0.0,3,43.17,750
0.0,4,35.01,4750
0.0,6,40.77,-500
0.0,7,38.98,1750
0.0,8,35.01,3750
0.0,10,36.57,750
0.0,13,42.56,1750
0.0,16,42.12,-2750
0.0,19,39.68,2500
0.0,21,35.32,250
0.0,23,43.87,-500
0.5,3,44.08,750
0.5,6,38.87,-750
0.5,7,39.31,1750
0.5,8,35.96,-2500
0.5,10,36.7,750
0.5,13,42.5,1750
0.5,16,38.87,-3000
0.5,19,40.15,2500
0.5,20,35.51,-3000
0.5,23,44.12,-500
0.5,30,35.58,5500
1.0,2,35.29,-2000
1.0,3,43.18,750
1.0,6,41.43,-500
1.0,7,40.02,1750
1.0,13,43.06,1750
1.0,16,41.77,-2750
1.0,18,35.03,-5250
1.0,19,39.15,2750
1.0,20,36.26,-3000
1.0,23,44.39,-500
1.0,25,35.3,3750
1.0,30,36.26,-3250
1.5,1,35.15,4750
1.5,3,43.04,750
1.5,6,42.55,-500
1.5,7,38.66,1750
1.5,10,35.01,-3500
1.5,12,35.52,5250
1.5,13,41.85,1750
1.5,15,35.51,1750
1.5,16,42.59,-2750
1.5,18,35.51,750
1.5,19,39.67,2500
1.5,22,35.46,-2750
1.5,23,44.32,-500
1.5,30,35.09,-3250
1.5,32,35.22,-3000
2.0,3,43.42,750
2.0,5,35.65,-2500
2.0,6,40.47,-500
2.0,7,38.24,1750
2.0,10,37.34,750
2.0,11,35.38,-3500
2.0,12,35.04,4500
2.0,13,42.21,1750
2.0,16,38.89,-3000
2.0,19,39.24,2750
2.0,20,36.63,-3000
2.0,21,35.45,750
2.0,23,42.67,-500
2.0,27,35.0,3750
2.0,32,35.81,-3000
2.5,3,43.63,750
2.5,6,41.11,-500
2.5,7,38.9,2000
2.5,8,35.32,-1500
2.5,10,37.93,750
2.5,12,35.48,-4750
2.5,13,42.86,1750
2.5,16,43.01,-2750
2.5,17,35.08,1750
2.5,18,35.1,-1500
2.5,19,38.9,2750
2.5,20,35.8,-3000
2.5,23,43.69,-500
2.5,25,35.16,-5500
2.5,30,35.04,-4500
2.5,32,35.37,-6000
3.0,2,35.85,-1000
3.0,3,42.97,750
3.0,6,41.7,-500
3.0,7,39.71,1750
3.0,10,35.17,750
3.0,13,42.27,1750
3.0,16,42.03,-2750
3.0,17,35.84,4750
3.0,18,35.36,1750
3.0,19,38.98,2500
3.0,20,37.02,-3000
3.0,23,44.21,-500
3.5,3,43.52,750
3.5,6,41.27,-500
3.5,7,38.69,2000
3.5,13,43.0,1750
3.5,16,42.56,-2750
3.5,19,39.45,2500
3.5,20,36.59,-3000
3.5,23,43.1,-500
3.5,30,35.42,-3250
3.5,31,35.09,-1500
4.0,3,43.74,750
4.0,6,36.52,-250
4.0,7,38.54,1750
4.0,8,35.28,-3750
4.0,10,37.31,750
4.0,13,41.34,1750
4.0,14,35.33,1250
4.0,16,41.22,-2750
4.0,17,35.0,5500
4.0,19,40.24,2500
4.0,20,38.08,-3000
4.0,23,43.72,-500
4.0,24,35.14,5000
4.5,1,35.27,-3500
4.5,3,43.52,750
4.5,6,41.26,-500
4.5,7,39.84,1750
4.5,8,35.3,0
4.5,10,37.0,750
4.5,13,42.61,1750
4.5,16,37.07,-3000
4.5,19,38.48,2750
4.5,20,36.78,-3000
4.5,22,35.13,5500
4.5,23,42.87,-500
4.5,24,35.11,1000
4.5,29,35.07,-1000
4.5,30,36.46,-3250
4.5,32,35.04,2750
5.0,3,43.42,750
5.0,6,35.26,-250
5.0,7,38.3,2000
5.0,9,35.14,-250
5.0,10,35.68,750
5.0,13,43.01,1750
5.0,14,35.4,-1000
5.0,15,35.19,-4000
5.0,16,39.2,-3000
5.0,19,39.92,2500
5.0,20,36.94,-3000
5.0,22,35.11,4750
5.0,23,44.42,-500
5.0,30,35.07,-3250
5.5,1,35.51,-4250
5.5,3,43.67,750
5.5,5,35.08,5750
5.5,6,37.0,-250
5.5,7,38.48,1750
5.5,10,35.46,1000
5.5,13,41.4,1750
5.5,15,35.06,-3250
5.5,16,40.64,-3000
5.5,17,35.76,-4250
5.5,19,39.81,2750
5.5,20,37.67,-3000
5.5,23,43.7,-500
5.5,30,35.45,-2500
5.5,31,35.18,-3000
6.0,3,44.49,750
6.0,5,35.04,0
6.0,6,38.01,-250
6.0,7,40.06,1750
6.0,8,35.11,4750
6.0,13,43.57,1750
6.0,16,42.51,-2750
6.0,18,35.06,-5250
6.0,19,40.09,2750
6.0,20,36.42,-3000
6.0,23,44.93,-500
6.0,26,35.0,-4000
6.0,32,35.73,-3000
6.5,1,35.14,1000
6.5,3,43.1,750
6.5,5,35.13,-4000
6.5,6,38.48,-250
6.5,7,39.92,1750
6.5,12,36.62,3000
6.5,13,41.05,1750
6.5,15,35.46,1500
6.5,16,39.23,-3000
6.5,19,40.46,2500
6.5,20,35.77,-3000
6.5,23,44.23,-500
6.5,30,35.74,-3250
7.0,3,44.32,750
7.0,5,35.36,-1500
7.0,6,42.22,-500
7.0,7,40.98,1750
7.0,10,35.74,750
7.0,13,42.78,1750
7.0,16,42.45,-2750
7.0,19,39.77,2500
7.0,20,36.94,-3000
7.0,23,44.64,-500
7.5,3,43.5,750
7.5,6,41.14,-500
7.5,7,39.56,1750
7.5,10,35.14,750
7.5,12,35.17,3250
7.5,13,42.86,1750
7.5,16,41.32,-2750
7.5,17,35.52,5000
7.5,18,35.18,-3250
7.5,19,38.67,2750
7.5,23,43.98,-500
7.5,30,35.53,-3250
8.0,3,42.31,750
8.0,6,40.32,-500
8.0,7,39.68,2000
8.0,12,35.41,5750
8.0,13,42.55,1750
8.0,16,41.32,-2750
8.0,19,38.95,2500
8.0,20,38.11,-3000
8.0,23,43.6,-500
8.0,30,35.38,-3250
8.0,32,35.58,-2000
8.5,3,43.27,750
8.5,6,40.12,-750
8.5,7,39.36,1750
8.5,10,35.47,750
8.5,12,35.43,2250
8.5,13,43.24,1750
8.5,16,36.92,-3000
8.5,17,35.08,-2250
8.5,19,38.73,2500
8.5,20,36.14,-3000
8.5,23,43.77,-500
8.5,26,35.92,4000
8.5,30,35.36,5250
8.5,32,35.0,-1000
9.0,3,43.6,750
9.0,4,36.17,2500
9.0,6,40.81,-500
9.0,7,39.34,1750
9.0,13,41.88,1750
9.0,15,35.35,5000
9.0,16,41.65,-2750
9.0,19,40.62,2500
9.0,20,37.5,-3000
9.0,23,43.39,-500
9.0,24,35.35,-5000
9.0,30,35.25,250
9.0,32,37.03,-3000
9.5,3,44.39,750
9.5,4,35.29,0
9.5,6,41.03,-500
9.5,7,39.93,1750
9.5,8,35.14,4500
9.5,11,35.55,-1750
9.5,13,42.8,1750
9.5,16,43.19,-2750
9.5,19,37.44,2750
9.5,20,35.95,-3000
9.5,23,42.92,-500
9.5,31,35.94,0
10.0,3,43.53,750
10.0,6,40.07,-500
10.0,7,38.7,1750
10.0,13,42.35,1750
10.0,16,43.66,-2750
10.0,19,38.93,2750
10.0,22,35.1,4500
10.0,23,43.37,-500
10.0,24,35.46,2250
10.0,28,35.15,-4000
10.0,32,35.62,4750
10.5,3,43.7,750
10.5,6,36.98,-250
10.5,7,38.39,1750
10.5,8,35.26,5000
10.5,9,35.67,-5000
10.5,13,41.11,1750
10.5,16,40.38,-3000
10.5,19,39.78,2500
10.5,23,43.59,-500
10.5,28,35.26,-5000
10.5,32,36.26,-3000
11.0,3,42.49,750
11.0,6,39.64,-750
11.0,7,39.88,1750
11.0,10,36.27,500
11.0,13,42.23,1750
11.0,16,38.85,-3000
11.0,19,40.59,2500
11.0,20,36.89,-3000
11.0,22,35.01,-250
11.0,23,44.3,-500
11.0,24,35.17,-500
11.0,30,35.36,1000
11.5,2,35.01,-2250
11.5,3,43.76,750
11.5,6,37.39,-750
11.5,7,39.45,1750
11.5,10,36.12,750
11.5,13,42.7,1750
11.5,15,35.15,-6000
11.5,16,38.78,-3000
11.5,18,35.18,-6000
11.5,19,38.89,2750
11.5,21,35.87,5500
11.5,23,44.16,-500
11.5,26,35.44,-500
11.5,27,35.18,-6000
11.5,31,35.35,-6000
11.5,32,35.19,4000
12.0,2,35.0,-5250
12.0,3,43.76,750
12.0,5,35.35,3750
12.0,6,39.48,-750
12.0,7,39.68,1750
12.0,9,35.99,3500
12.0,10,35.26,500
12.0,12,35.45,3750
12.0,13,42.89,1750
12.0,16,37.17,-3000
12.0,17,35.22,-5250
12.0,19,37.75,2500
12.0,20,38.03,-3000
12.0,22,35.04,-6000
12.0,23,43.35,-500
12.0,24,35.16,2500
12.0,28,35.16,500
12.0,32,35.98,-3000
12.5,3,43.96,750
12.5,6,40.01,-750
12.5,7,37.45,1750
12.5,13,42.33,1750
12.5,16,37.37,-3000
12.5,19,39.56,2750
12.5,20,35.28,-3000
12.5,23,44.5,-500
12.5,28,35.0,-4250
13.0,1,35.11,-2500
13.0,3,44.03,750
13.0,4,35.45,-1500
13.0,5,35.17,2000
13.0,6,42.8,-500
13.0,7,37.89,1750
13.0,12,35.37,-5250
13.0,13,42.9,1750
13.0,15,35.28,2750
13.0,16,43.03,-2750
13.0,19,38.24,2500
13.0,20,35.05,-3000
13.0,23,44.46,-500
13.0,28,35.36,500
13.0,29,35.02,4500
13.0,31,35.51,-500
13.0,32,35.88,4750
13.5,3,43.29,750
13.5,4,35.03,-2000
13.5,6,37.08,-250
13.5,7,38.96,1750
13.5,10,35.28,750
13.5,13,42.77,1750
13.5,15,35.2,-1250
13.5,16,38.41,-3000
13.5,19,39.05,2750
13.5,23,43.83,-500
13.5,30,35.17,-3250
13.5,31,35.61,-5000
14.0,1,35.34,-4750
14.0,3,42.93,750
14.0,6,40.72,-500
14.0,7,39.73,1750
14.0,8,35.03,3250
14.0,10,36.98,750
14.0,13,41.91,1750
14.0,14,35.0,-4500
14.0,16,43.1,-2750
14.0,19,40.01,2500
14.0,22,35.39,4750
14.0,23,43.8,-500
14.0,27,35.26,3500
14.5,3,42.89,750
14.5,6,41.15,-500
14.5,7,39.82,1750
14.5,8,35.24,-4750
14.5,12,35.05,4250
14.5,13,42.76,1750
14.5,16,43.48,-2750
14.5,17,35.56,-3250
14.5,19,38.74,2750
14.5,20,37.36,-3000
14.5,23,43.12,-500
14.5,24,35.35,-5250
14.5,26,35.81,4500
14.5,29,35.19,3500
15.0,3,43.6,750
15.0,4,35.32,4250
15.0,5,36.32,-1000
15.0,6,42.64,-500
15.0,7,40.09,1750
15.0,13,42.12,1750
15.0,16,43.76,-2750
15.0,19,38.13,2750
15.0,20,35.74,-3000
15.0,22,35.38,2250
15.0,23,44.2,-500
15.0,24,35.04,-2250
15.0,28,35.11,1750
15.0,32,35.26,2750
15.5,1,35.16,-2500
15.5,3,43.77,750
15.5,6,39.53,-750
15.5,7,38.76,1750
15.5,10,37.18,750
15.5,12,35.51,-2250
15.5,13,44.12,1750
15.5,16,39.55,-2750
15.5,18,35.33,3250
15.5,19,40.73,2500
15.5,20,37.07,-3000
15.5,22,35.45,-4250
15.5,23,43.95,-500
15.5,30,35.31,-3250
15.5,31,35.32,5750
16.0,3,42.5,750
16.0,6,38.01,-250
16.0,7,38.83,1750
16.0,12,35.12,2500
16.0,13,42.77,1750
16.0,16,39.01,-3000
16.0,17,35.05,-500
16.0,19,39.09,2750
16.0,20,35.02,-3000
16.0,23,44.03,-500
16.5,2,35.88,1250
16.5,3,44.3,750
16.5,6,37.69,-250
16.5,7,38.94,1750
16.5,9,35.06,-4250
16.5,13,43.28,1750
16.5,14,35.08,-3000
16.5,16,38.8,-3000
16.5,19,38.53,2500
16.5,22,35.06,4000
16.5,23,43.98,-500
16.5,24,36.65,-3000
16.5,28,35.15,0
17.0,3,43.85,750
17.0,6,37.44,-250
17.0,7,40.65,1750
17.0,10,36.74,500
17.0,13,42.32,1750
17.0,16,39.54,-2750
17.0,19,39.66,2500
17.0,20,36.34,5000
17.0,21,36.02,-5250
17.0,23,44.51,-500
17.5,3,42.63,750
17.5,6,41.81,-500
17.5,7,40.17,1750
17.5,10,35.87,500
17.5,12,35.49,4750
17.5,13,43.77,1750
17.5,16,43.05,-2750
17.5,18,35.44,-500
17.5,19,39.04,2500
17.5,20,35.34,-3000
17.5,23,43.71,-500
17.5,30,35.23,-3250
18.0,3,42.71,750
18.0,6,42.01,-500
18.0,7,40.12,1750
18.0,8,35.51,3000
18.0,11,35.13,2250
18.0,13,43.12,1750
18.0,16,43.59,-2750
18.0,19,39.74,2500
18.0,23,44.67,-500
18.5,1,35.43,-4250
18.5,2,35.04,2750
18.5,3,41.69,750
18.5,6,41.0,-750
18.5,7,39.38,2000
18.5,10,35.62,750
18.5,13,43.09,1750
18.5,15,35.07,4750
18.5,16,39.06,-2750
18.5,19,39.51,2750
18.5,23,44.43,-500
18.5,27,35.2,-5000
18.5,32,36.71,-3000
19.0,1,35.18,4000
19.0,2,35.51,-1500
19.0,3,42.81,750
19.0,6,40.92,-500
19.0,7,38.71,2000
19.0,9,35.24,1750
19.0,13,42.38,1750
19.0,14,35.29,-1000
19.0,16,42.24,-2750
19.0,18,35.37,3750
19.0,19,38.97,2500
19.0,21,35.43,-750
19.0,23,44.26,-500
19.0,25,35.04,500
19.0,28,35.19,-3000
19.0,30,36.23,-3750
19.5,3,43.04,750
19.5,5,35.07,-4000
19.5,6,38.73,-250
19.5,7,40.54,1750
19.5,13,43.67,1750
19.5,14,35.05,5500
19.5,15,35.72,-1000
19.5,16,40.81,-2750
19.5,17,35.01,1500
19.5,19,40.43,2500
19.5,20,35.29,-750
19.5,23,44.56,-500
19.5,32,35.09,1000
20.0,2,35.48,2750
20.0,3,43.27,750
20.0,6,40.96,-500
20.0,7,39.19,1750
20.0,12,35.51,-250
20.0,13,42.45,1750
20.0,16,42.83,-2750
20.0,19,38.64,2500
20.0,20,35.27,-2250
20.0,23,44.4,-500
20.0,24,35.02,-3250
20.0,27,35.2,3750
20.0,29,35.39,-3750
20.5,2,35.37,-3250
20.5,3,43.54,750
20.5,4,36.12,-3750
20.5,6,37.85,-750
20.5,7,38.84,1750
20.5,8,36.16,1750
20.5,10,35.98,500
20.5,13,43.48,1750
20.5,16,38.72,-3000
20.5,19,38.68,2750
20.5,20,35.75,-3000
20.5,23,44.23,-500
20.5,31,35.19,-3500
20.5,32,35.6,-1500
21.0,3,42.86,750
21.0,6,41.07,-500
21.0,7,39.02,1750
21.0,10,35.97,750
21.0,12,35.25,3250
21.0,13,43.66,1750
21.0,14,35.0,5250
21.0,16,41.75,-2750
21.0,17,35.39,-4500
21.0,18,35.09,3750
21.0,19,40.38,2500
21.0,23,43.46,-500
21.0,27,35.25,3000
21.0,28,35.25,-1750
21.0,30,35.18,-1250
21.0,31,35.18,-2750
21.5,3,42.89,750
21.5,6,41.75,-500
21.5,7,37.76,1750
21.5,13,42.75,1750
21.5,16,42.74,-2750
21.5,17,35.02,-3250
21.5,19,37.77,2500
21.5,20,36.22,-3000
21.5,23,44.0,-500
21.5,24,35.05,-3750
21.5,25,36.05,3250
21.5,31,35.23,-5000
22.0,1,35.06,5750
22.0,2,35.23,-1250
22.0,3,42.81,750
22.0,6,42.44,-500
22.0,7,38.58,1750
22.0,13,43.08,1750
22.0,16,41.99,-2750
22.0,17,35.08,-1250
22.0,19,40.27,2500
22.0,20,37.42,-3000
22.0,23,43.76,-500
22.0,26,35.23,1750
22.0,27,35.14,2500
22.0,28,35.34,250
22.5,3,43.53,750
22.5,6,39.39,-750
22.5,7,39.09,1750
22.5,13,42.63,1750
22.5,14,35.13,4500
22.5,16,43.24,-2750
22.5,19,39.1,2750
22.5,21,35.03,0
22.5,23,44.55,-500
22.5,30,35.16,-3250
22.5,32,36.36,-3000
23.0,3,44.52,750
23.0,6,41.74,-500
23.0,7,39.75,1750
23.0,13,41.9,1750
23.0,15,35.24,1500
23.0,16,42.43,-2750
23.0,19,38.82,2750
23.0,20,35.65,-3000
23.0,23,43.74,-500
23.0,30,35.5,500
23.5,3,42.49,750
23.5,6,40.92,-500
23.5,7,41.2,1750
23.5,8,35.27,-3750
23.5,13,42.35,1750
23.5,14,35.62,-4750
23.5,16,39.84,-3000
23.5,19,39.71,2750
23.5,20,35.57,-3000
23.5,21,35.23,-4500
23.5,23,45.24,-500
23.5,30,36.16,-500
24.0,3,42.93,750
24.0,6,35.63,-250
24.0,7,38.07,1750
24.0,10,35.3,750
24.0,13,43.86,1750
24.0,16,38.65,-2750
24.0,17,35.02,-4750
24.0,19,40.68,2500
24.0,20,37.77,-3000
24.0,23,43.75,-500
24.5,2,35.29,750
24.5,3,43.3,750
24.5,6,37.52,-750
24.5,7,38.88,1750
24.5,8,35.16,-250
24.5,13,42.61,1750
24.5,16,39.45,-3000
24.5,19,37.76,2500
24.5,20,35.21,5500
24.5,21,35.17,-4250
24.5,23,44.29,-500
24.5,24,35.69,-500
24.5,30,35.79,-3250
25.0,3,43.5,750
25.0,6,41.65,-500
25.0,7,40.31,1750
25.0,10,36.0,750
25.0,12,35.18,2500
25.0,13,42.86,1750
25.0,16,43.46,-2750
25.0,17,35.14,1750
25.0,19,36.9,2750
25.0,20,36.34,5250
25.0,23,43.3,-500
25.0,30,35.6,-3250
25.0,31,35.55,3750
25.5,1,35.05,-5250
25.5,3,42.83,750
25.5,6,38.57,-750
25.5,7,39.04,1750
25.5,13,43.19,1750
25.5,16,42.99,-2750
25.5,17,35.06,750
25.5,19,39.2,2500
25.5,22,35.07,1000
25.5,23,44.11,-500
25.5,24,35.66,4250
26.0,3,42.56,750
26.0,6,41.63,-500
26.0,7,37.11,1750
26.0,13,42.6,1750
26.0,14,35.22,-5000
26.0,16,44.19,-2750
26.0,19,37.01,2750
26.0,20,35.34,-1000
26.0,21,35.56,-4250
26.0,22,35.52,-4250
26.0,23,44.85,-500
26.0,31,35.29,-3500
26.5,3,42.99,750
26.5,6,38.22,-250
26.5,7,38.38,1750
26.5,13,43.21,1750
26.5,16,42.53,-2750
26.5,19,38.71,2500
26.5,23,44.85,-500
26.5,28,35.07,-750
26.5,29,35.26,-5000
27.0,2,35.14,-4250
27.0,3,43.64,750
27.0,6,41.55,-500
27.0,7,38.49,1750
27.0,10,35.81,750
27.0,13,43.98,1750
27.0,16,39.33,-3000
27.0,19,38.59,2750
27.0,20,36.36,-3000
27.0,23,43.58,-500
27.0,31,35.45,4250
27.5,2,35.23,2250
27.5,3,43.73,750
27.5,6,38.82,-750
27.5,7,39.17,1750
27.5,13,43.71,1750
27.5,16,43.75,-2750
27.5,19,37.45,2750
27.5,21,35.62,-500
27.5,23,43.87,-500
27.5,28,35.76,-4750
27.5,29,35.3,-4000
28.0,3,43.2,750
28.0,4,35.75,500
28.0,6,40.22,-750
28.0,7,38.42,1750
28.0,10,35.81,4500
28.0,13,42.27,1750
28.0,14,35.53,-3500
28.0,16,39.19,-2750
28.0,19,39.1,2500
28.0,23,44.84,-500
28.0,24,35.12,500
28.0,28,35.12,3000
28.0,30,35.39,-3250
28.5,3,42.98,750
28.5,6,40.96,-500
28.5,7,40.49,1750
28.5,8,35.26,2500
28.5,11,36.11,-250
28.5,12,35.42,4500
28.5,13,41.73,1750
28.5,14,35.77,5000
28.5,16,38.3,-3000
28.5,19,37.85,2500
28.5,23,43.79,-500
28.5,28,35.61,-2250
28.5,31,35.06,5750
29.0,1,35.23,3750
29.0,3,43.24,750
29.0,6,40.12,-500
29.0,7,38.1,1750
29.0,8,35.01,2750
29.0,12,35.4,-1500
29.0,13,43.79,1750
29.0,16,43.79,-2750
29.0,18,35.48,1000
29.0,19,38.87,2750
29.0,23,44.81,-500
29.5,3,43.48,750
29.5,6,41.45,-500
29.5,7,40.56,1750
29.5,10,35.2,750
29.5,12,35.17,-5500
29.5,13,43.05,1750
29.5,16,43.44,-2750
29.5,19,39.62,2500
29.5,20,36.63,-3000
29.5,21,35.11,-250
29.5,23,43.44,-500
29.5,26,35.04,1250
30.0,3,44.34,750
30.0,4,35.51,0
30.0,6,42.61,-500
30.0,7,36.56,1750
30.0,13,43.24,1750
30.0,16,43.76,-2750
30.0,19,39.13,2500
30.0,20,35.45,-2000
30.0,23,43.94,-500
30.0,30,35.21,-3250
30.0,31,35.16,-2500
30.5,1,35.52,4750
30.5,3,43.11,750
30.5,4,35.04,-1750
30.5,6,37.34,-750
30.5,7,39.27,1750
30.5,8,35.48,2250
30.5,12,35.13,2500
30.5,13,42.5,1750
30.5,16,39.3,-3000
30.5,19,39.35,2500
30.5,20,37.86,-3000
30.5,21,35.73,-1250
30.5,23,44.8,-500
30.5,30,36.53,-3250
31.0,3,43.89,750
31.0,4,35.61,250
31.0,6,41.51,-500
31.0,7,38.45,1750
31.0,13,42.98,1750
31.0,16,43.72,-2750
31.0,19,39.36,2500
31.0,21,35.15,2500
31.0,23,44.26,-500
31.5,3,43.48,750
31.5,5,35.3,-2000
31.5,6,42.86,-500
31.5,7,39.55,1750
31.5,13,43.13,1750
31.5,14,35.2,5250
31.5,16,43.85,-2750
31.5,17,35.12,0
31.5,19,39.61,2750
31.5,21,35.22,2000
31.5,22,35.44,-500
31.5,23,44.73,-500
32.0,3,43.53,750
32.0,6,42.16,-500
32.0,7,37.86,1750
32.0,12,35.35,2000
32.0,13,42.4,1750
32.0,14,35.13,5750
32.0,16,40.8,-3000
32.0,19,38.78,2500
32.0,20,35.96,-3000
32.0,21,35.49,-1750
32.0,23,44.72,-500
32.0,27,35.03,2000
32.0,30,35.41,-5250
32.5,1,35.0,0
32.5,2,35.0,-3250
32.5,3,43.3,750
32.5,6,41.19,-500
32.5,7,39.55,1750
32.5,8,35.47,-2750
32.5,11,35.2,500
32.5,13,43.57,1750
32.5,16,43.15,-2750
32.5,19,39.36,2750
32.5,21,35.77,-750
32.5,23,44.41,-500
32.5,24,35.12,4000
32.5,29,36.15,4000
33.0,3,43.39,750
33.0,6,40.87,-500
33.0,7,38.97,1750
33.0,13,42.82,1750
33.0,14,35.16,3500
33.0,16,43.68,-2750
33.0,18,35.08,-4750
33.0,19,39.51,2500
33.0,20,35.8,-3000
33.0,23,43.99,-500
33.0,26,36.62,3500
33.0,32,35.31,3250
33.5,1,35.03,1750
33.5,2,35.22,4750
33.5,3,42.44,750
33.5,5,35.36,0
33.5,6,41.64,-500
33.5,7,39.22,1750
33.5,9,35.05,-4000
33.5,13,43.15,1750
33.5,16,43.38,-2750
33.5,17,35.54,750
33.5,19,38.45,2500
33.5,20,35.3,-3000
33.5,23,44.43,-500
33.5,30,35.52,-3250
33.5,32,35.03,-4500
34.0,3,42.53,750
34.0,6,38.87,-750
34.0,7,39.55,1750
34.0,9,35.31,-3750
34.0,11,35.3,-2250
34.0,13,43.26,1750
34.0,16,44.4,-2750
34.0,19,39.67,2500
34.0,23,43.46,-500
34.0,32,35.12,-1500
34.5,3,43.37,750
34.5,6,42.02,-500
34.5,7,38.6,1750
34.5,10,35.6,500
34.5,13,42.04,1750
34.5,16,39.21,-3000
34.5,17,35.82,-2500
34.5,19,39.82,2500
34.5,20,35.26,-3000
34.5,23,43.9,-500
34.5,26,35.65,-1750
34.5,27,35.18,3500
35.0,3,42.39,750
35.0,6,39.03,-750
35.0,7,40.3,1750
35.0,10,35.11,-2000
35.0,11,35.14,0
35.0,13,43.51,1750
35.0,16,40.96,-3000
35.0,19,37.48,2750
35.0,23,43.85,-500
35.0,32,35.83,1250
35.5,1,35.02,3000
35.5,3,42.41,750
35.5,6,39.97,-750
35.5,7,39.76,1750
35.5,13,42.64,1750
35.5,16,39.77,-3000
35.5,18,35.19,-3750
35.5,19,40.13,2500
35.5,23,43.7,-500
35.5,27,35.13,-3500
35.5,28,35.14,-5750
35.5,30,35.96,-3250
35.5,31,35.11,-1000
36.0,1,35.04,-2000
36.0,3,43.41,750
36.0,5,35.03,-3000
36.0,6,37.46,-250
36.0,7,38.4,1750
36.0,9,35.05,750
36.0,10,35.28,0
36.0,13,43.21,1750
36.0,16,42.68,-2750
36.0,19,39.56,2500
36.0,22,35.01,-5000
36.0,23,43.99,-500
36.0,24,35.17,3000
36.0,30,36.01,-3250
36.5,3,43.91,750
36.5,6,39.38,-750
36.5,7,39.54,1750
36.5,8,35.13,1000
36.5,10,35.1,4500
36.5,13,42.1,1750
36.5,16,39.54,-3000
36.5,17,35.35,-3250
36.5,19,39.83,2500
36.5,23,44.11,-500
36.5,29,35.0,-5500
36.5,32,35.42,-3000
37.0,3,43.7,750
37.0,5,35.39,-1500
37.0,6,41.72,-500
37.0,7,39.39,1750
37.0,10,35.46,5500
37.0,13,42.91,1750
37.0,16,43.18,-2750
37.0,19,38.64,2750
37.0,20,35.88,-3000
37.0,21,35.75,4750
37.0,23,43.0,-500
37.0,24,35.87,3000
37.0,30,35.77,-3250
37.5,2,35.4,2750
37.5,3,44.4,750
37.5,6,40.51,-750
37.5,7,40.56,1750
37.5,10,35.14,-6000
37.5,13,42.73,1750
37.5,14,35.16,500
37.5,16,38.13,-3000
37.5,19,36.87,2750
37.5,23,44.58,-500
37.5,24,36.11,750
37.5,29,35.05,-5250
38.0,3,42.58,750
38.0,6,40.01,-750
38.0,7,37.22,1750
38.0,8,35.29,-1750
38.0,13,42.65,1750
38.0,14,35.4,-250
38.0,16,40.42,-3000
38.0,19,39.19,2500
38.0,21,35.6,4250
38.0,23,45.02,-500
38.0,27,35.36,0
38.0,30,35.51,2500
38.0,32,35.03,2250
38.5,3,44.34,750
38.5,6,38.27,-250
38.5,7,37.87,1750
38.5,9,35.01,-4000
38.5,13,43.65,1750
38.5,16,38.63,-3000
38.5,19,39.74,2500
38.5,20,35.67,-3000
38.5,23,44.27,-500
39.0,3,43.03,750
39.0,6,40.93,-500
39.0,7,37.51,1750
39.0,13,42.35,1750
39.0,16,43.36,-2750
39.0,19,39.33,2500
39.0,20,36.97,-3000
39.0,21,35.55,-3750
39.0,23,43.49,-500
39.0,26,35.04,0
39.0,31,35.22,3000
39.0,32,36.45,-3000
39.5,1,35.29,1500
39.5,3,44.26,750
39.5,4,35.38,-2500
39.5,6,41.84,-500
39.5,7,39.31,1750
39.5,9,35.07,-2250
39.5,13,42.99,1750
39.5,16,44.22,-2750
39.5,18,35.27,250
39.5,19,39.9,2500
39.5,20,35.67,4750
39.5,21,35.32,-5250
39.5,23,43.99,-500
39.5,27,35.91,2750
39.5,29,35.16,3750
40.0,3,43.95,750
40.0,6,38.45,-750
40.0,7,38.3,1750
40.0,9,35.74,5000
40.0,13,42.9,1750
40.0,16,40.41,-3000
40.0,19,39.99,2500
40.0,20,35.61,-3000
40.0,21,35.21,-5500
40.0,23,44.2,-500
40.0,25,35.21,3500
40.0,27,35.26,-1000
40.0,29,35.33,-3000
40.0,30,35.04,-3500
40.5,2,35.31,-5500
40.5,3,43.44,750
40.5,5,35.46,500
40.5,6,42.39,-500
40.5,7,38.68,1750
40.5,10,36.0,4250
40.5,12,35.1,5500
40.5,13,43.16,1750
40.5,14,35.45,-250
40.5,16,42.57,-2750
40.5,17,35.69,5000
40.5,19,38.06,2500
40.5,20,35.2,-3000
40.5,23,43.53,-500
40.5,27,35.0,-1000
40.5,32,35.22,-5000
41.0,3,44.25,750
41.0,5,35.16,1750
41.0,6,41.91,-500
41.0,7,39.89,1750
41.0,9,35.77,1250
41.0,10,35.03,2500
41.0,11,35.25,-3250
41.0,13,43.08,1750
41.0,15,35.39,2750
41.0,16,42.16,-2750
41.0,18,35.18,-2500
41.0,19,38.98,2500
41.0,21,35.58,-4000
41.0,23,43.78,-500
41.0,24,35.11,2750
41.0,27,35.75,4750
41.0,29,36.13,500
41.5,3,43.8,750
41.5,6,40.66,-500
41.5,7,39.79,1750
41.5,13,42.85,1750
41.5,15,35.62,750
41.5,16,43.03,-2750
41.5,17,35.12,2250
41.5,18,35.02,2500
41.5,19,38.51,2500
41.5,23,44.04,-500
41.5,24,35.53,-2500
42.0,3,43.21,750
42.0,4,35.63,-3500
42.0,6,41.1,-500
42.0,7,38.94,1750
42.0,12,35.1,3000
42.0,13,43.11,1750
42.0,15,35.19,-3000
42.0,16,43.68,-2750
42.0,19,39.44,2500
42.0,20,35.5,-3000
42.0,23,43.88,-500
42.0,28,35.31,2500
42.0,30,35.9,-3250
42.0,31,35.06,-1000
42.5,3,42.92,750
42.5,6,39.61,-750
42.5,7,39.1,1750
42.5,9,35.37,5250
42.5,12,35.0,-5250
42.5,13,43.85,1750
42.5,15,35.58,3750
42.5,16,39.2,-3000
42.5,19,39.19,2500
42.5,20,37.41,-3000
42.5,23,44.6,-500
42.5,29,35.22,-5250
42.5,30,35.24,-3250
43.0,2,35.36,-4750
43.0,3,42.48,750
43.0,6,40.89,-500
43.0,7,37.82,1750
43.0,8,35.82,-5750
43.0,11,35.05,-3000
43.0,13,43.59,1750
43.0,14,35.08,5750
43.0,16,41.86,-2750
43.0,19,38.31,2500
43.0,20,36.15,-3000
43.0,23,44.1,-500
43.0,27,35.05,5750
43.0,30,35.24,-3250
43.5,3,42.72,750
43.5,5,35.53,-5500
43.5,6,40.55,-750
43.5,7,39.46,1750
43.5,10,35.34,-3000
43.5,13,43.02,1750
43.5,15,35.57,1500
43.5,16,40.44,-2750
43.5,18,35.2,-4250
43.5,19,38.91,2500
43.5,20,36.63,-3000
43.5,23,43.73,-500
44.0,1,35.14,-2500
44.0,3,42.49,750
44.0,6,41.44,-500
44.0,7,39.23,1750
44.0,13,42.32,1750
44.0,14,35.53,-5750
44.0,16,42.0,-2750
44.0,17,35.18,-5750
44.0,19,37.71,2750
44.0,20,36.56,-3000
44.0,21,35.21,2250
44.0,23,44.68,-500
44.0,30,35.77,-3250
44.5,3,42.99,750
44.5,6,40.59,-500
44.5,7,39.5,1750
44.5,10,35.77,-500
44.5,12,35.36,-1000
44.5,13,43.75,1750
44.5,16,43.03,-2750
44.5,17,35.04,4750
44.5,19,39.21,2500
44.5,23,44.09,-500
44.5,24,35.31,1250
45.0,1,35.38,3750
45.0,3,43.37,750
45.0,6,41.93,-500
45.0,7,37.38,1750
45.0,13,42.49,1750
45.0,15,35.1,-250
45.0,16,42.71,-2750
45.0,19,40.15,2500
45.0,23,44.72,-500
45.0,29,35.05,750
45.5,1,35.28,4500
45.5,3,43.09,750
45.5,6,40.87,-500
45.5,7,39.03,1750
45.5,10,36.03,1000
45.5,13,42.99,1750
45.5,16,42.33,-2750
45.5,19,39.51,2500
45.5,20,36.25,-3000
45.5,23,44.32,-500
45.5,26,35.09,-3250
45.5,28,35.6,2750
46.0,1,35.12,2250
46.0,2,35.16,5250
46.0,3,43.17,750
46.0,4,35.28,-2250
46.0,6,39.17,-750
46.0,7,38.73,2000
46.0,8,35.49,-500
46.0,13,43.3,1750
46.0,14,35.47,1000
46.0,16,39.12,-3000
46.0,17,35.01,-1250
46.0,19,37.78,2750
46.0,20,35.79,-3000
46.0,23,44.18,-500
46.0,24,35.37,-3750
46.0,31,35.55,-5250
46.0,32,35.05,4500
46.5,3,42.64,750
46.5,5,35.34,1250
46.5,6,42.19,-500
46.5,7,39.29,1750
46.5,9,35.4,-6000
46.5,13,42.82,1750
46.5,16,44.09,-2750
46.5,17,35.68,-4500
46.5,18,35.22,3750
46.5,19,38.14,2500
46.5,20,36.76,-3000
46.5,23,43.97,-500
46.5,26,35.29,-2500
46.5,29,35.0,-2500
47.0,1,35.06,-4000
47.0,2,35.31,-3750
47.0,3,43.13,750
47.0,4,35.75,4500
47.0,6,38.47,-750
47.0,7,36.52,1750
47.0,8,35.13,-5000
47.0,9,35.04,-5250
47.0,13,42.4,1750
47.0,16,40.46,-2750
47.0,18,35.44,5750
47.0,19,37.29,2500
47.0,23,44.13,-500
47.0,27,35.47,-3000
47.0,30,35.06,-3250
47.5,3,43.06,750
47.5,6,41.05,-500
47.5,7,38.44,1750
47.5,11,35.38,2500
47.5,13,43.81,1750
47.5,16,39.16,-3000
47.5,19,37.85,2750
47.5,20,35.01,-3000
47.5,23,44.07,-500
47.5,30,35.28,-1750
48.0,1,35.07,-3000
48.0,3,42.29,750
48.0,5,35.08,-4000
48.0,6,41.71,-500
48.0,7,38.81,1750
48.0,10,35.49,500
48.0,11,35.24,5750
48.0,13,42.91,1750
48.0,14,35.11,2750
48.0,16,43.15,-2750
48.0,19,40.05,2500
48.0,20,36.49,-3000
48.0,22,35.04,-5000
48.0,23,44.3,-500
48.0,27,35.71,0
48.0,32,35.27,1750
48.5,3,42.88,750
48.5,6,40.2,-750
48.5,7,39.33,1750
48.5,10,35.33,750
48.5,11,35.41,2000
48.5,13,43.55,1750
48.5,16,39.39,-3000
48.5,19,39.02,2500
48.5,20,35.58,-3000
48.5,21,35.54,-250
48.5,23,45.4,-500
48.5,30,35.56,-3250
49.0,3,43.4,750
49.0,6,41.03,-500
49.0,7,38.32,1750
49.0,13,43.72,1750
49.0,16,43.4,-2750
49.0,18,35.1,4750
49.0,19,38.51,2500
49.0,22,35.02,-4250
49.0,23,44.19,-500
49.0,30,36.67,-3250
49.0,31,35.59,3000
49.0,32,35.24,-3750
49.5,3,43.25,750
49.5,6,37.89,-750
49.5,7,39.84,1750
49.5,10,35.04,-250
49.5,12,35.12,0
49.5,13,42.84,1750
49.5,15,35.71,4750
49.5,16,38.4,-3000
49.5,19,39.47,2500
49.5,20,36.72,-3000
49.5,23,44.64,-500
49.5,29,35.21,1500
49.5,31,35.01,-3000
49.5,32,35.24,-2500
50.0,3,42.93,750
50.0,6,40.4,-500
50.0,7,39.42,1750
50.0,13,42.55,1750
50.0,16,42.48,-2750
50.0,19,38.62,2500
50.0,20,35.98,-3000
50.0,23,44.83,-500
50.0,27,35.09,2500
50.0,30,36.46,-3250
50.5,3,43.45,750
50.5,6,38.39,-250
50.5,7,37.84,1750
50.5,8,35.05,-1000
50.5,10,35.19,500
50.5,13,44.1,1750
50.5,16,37.85,-2750
50.5,19,40.39,2750
50.5,20,35.54,-3000
50.5,21,35.88,-2000
50.5,23,43.85,-500
51.0,3,43.39,750
51.0,6,41.25,-500
51.0,7,37.62,1750
51.0,8,35.13,4250
51.0,9,35.09,-3000
51.0,13,42.12,1750
51.0,16,43.09,-2750
51.0,19,39.91,2500
51.0,20,37.5,-3000
51.0,21,35.43,750
51.0,23,44.75,-500
51.0,30,36.12,-3250
51.5,3,43.32,750
51.5,4,35.03,5750
51.5,6,41.11,-500
51.5,7,39.9,1750
51.5,8,35.19,-5000
51.5,13,43.52,1750
51.5,16,43.49,-2750
51.5,17,35.84,4250
51.5,19,41.65,2500
51.5,23,44.52,-500
51.5,25,35.15,-4000
51.5,29,35.81,-4250
51.5,31,35.21,0
52.0,2,35.12,3500
52.0,3,43.16,750
52.0,6,42.46,-500
52.0,7,39.08,1750
52.0,13,42.04,1750
52.0,14,35.14,500
52.0,15,35.15,-3500
52.0,16,42.5,-2750
52.0,19,40.68,2500
52.0,21,35.55,1750
52.0,23,44.43,-500
52.0,26,35.25,-3250
52.0,32,35.32,-3000
52.5,3,42.5,750
52.5,6,37.85,-750
52.5,7,37.71,1750
52.5,13,44.31,1750
52.5,14,35.58,-250
52.5,16,41.88,-2750
52.5,18,35.18,2250
52.5,19,38.72,2750
52.5,20,36.38,-3000
52.5,21,35.06,2500
52.5,23,44.83,-500
52.5,26,35.03,-1250
52.5,27,35.44,-250
53.0,2,35.1,-5250
53.0,3,42.11,750
53.0,4,35.32,-2750
53.0,6,42.32,-500
53.0,7,40.35,1750
53.0,10,35.23,-1500
53.0,13,43.73,1750
53.0,16,42.23,-2750
53.0,19,38.54,2500
53.0,20,35.59,-3000
53.0,21,35.19,-2750
53.0,23,44.26,-500
53.0,30,35.4,-3500
53.5,3,43.96,750
53.5,6,41.04,-500
53.5,7,38.54,1750
53.5,9,35.07,-2000
53.5,10,35.05,-5500
53.5,13,42.14,1750
53.5,15,35.08,4500
53.5,16,38.7,-3000
53.5,19,37.78,2500
53.5,20,36.16,-3000
53.5,23,44.56,-500
54.0,3,44.3,750
54.0,6,39.34,-750
54.0,7,38.47,2000
54.0,10,35.48,500
54.0,13,42.37,1750
54.0,15,35.13,-6000
54.0,16,38.3,-3000
54.0,19,38.97,2500
54.0,23,44.3,-500
54.0,31,35.05,3750
54.5,1,35.23,5000
54.5,3,43.21,750
54.5,6,36.47,-250
54.5,7,37.7,1750
54.5,10,35.13,-5500
54.5,13,42.71,1750
54.5,16,38.71,-3000
54.5,19,39.15,2500
54.5,23,44.55,-500
54.5,30,36.2,-3250
54.5,32,35.33,-3000
55.0,1,35.03,2500
55.0,3,44.58,750
55.0,4,35.71,-750
55.0,6,40.5,-500
55.0,7,39.45,1750
55.0,13,43.61,1750
55.0,16,43.74,-2750
55.0,19,39.77,2500
55.0,23,43.9,-500
55.0,26,35.11,1000
55.0,28,35.8,4000
55.0,30,36.2,-3250
55.5,2,35.04,-2000
55.5,3,44.19,750
55.5,6,40.61,-750
55.5,7,40.82,1750
55.5,8,35.24,-1750
55.5,11,36.65,2750
55.5,13,42.19,1750
55.5,15,35.45,1500
55.5,16,43.22,-2750
55.5,17,35.03,-1250
55.5,18,35.11,4000
55.5,19,39.55,2500
55.5,20,35.82,-3000
55.5,23,44.45,-500
55.5,24,35.44,-1750
55.5,30,36.82,-3250
55.5,32,35.23,1500
56.0,3,43.42,750
56.0,6,40.72,-500
56.0,7,40.09,1750
56.0,11,35.21,-5750
56.0,12,35.36,-4250
56.0,13,40.97,1750
56.0,15,35.0,-5000
56.0,16,42.57,-2750
56.0,18,35.01,-2000
56.0,19,39.67,2500
56.0,20,36.56,-3000
56.0,21,35.17,1250
56.0,23,44.16,-500
56.0,30,35.04,-1500
56.5,3,42.53,750
56.5,6,39.2,-750
56.5,7,40.75,1750
56.5,11,35.34,-3250
56.5,13,42.79,1750
56.5,16,42.82,-2750
56.5,19,40.74,2500
56.5,20,37.29,-3000
56.5,23,44.22,-500
57.0,3,43.35,750
57.0,4,35.18,2500
57.0,6,41.17,-500
57.0,7,39.39,1750
57.0,13,41.89,1750
57.0,16,39.53,-2750
57.0,19,40.0,2500
57.0,20,35.07,-3000
57.0,23,44.04,-500
57.0,28,35.56,1000
57.0,30,35.38,-1000
57.5,3,43.73,750
57.5,4,36.23,-5500
57.5,6,38.62,-750
57.5,7,40.05,1750
57.5,8,35.72,-3000
57.5,13,42.93,1750
57.5,16,42.44,-2750
57.5,19,39.85,2500
57.5,20,35.0,-1750
57.5,23,44.73,-500
57.5,25,35.06,3000
57.5,32,35.04,4750
58.0,3,43.75,750
58.0,6,38.58,-750
58.0,7,39.28,1750
58.0,10,35.34,500
58.0,13,43.7,1750
58.0,16,39.16,-3000
58.0,19,38.16,2750
58.0,20,37.83,-3000
58.0,21,35.66,3250
58.0,23,44.3,-500
58.0,30,35.35,5750
58.5,3,43.06,750
58.5,6,41.41,-500
58.5,7,39.85,1750
58.5,8,35.09,-5250
58.5,10,36.5,750
58.5,11,35.21,1750
58.5,13,42.61,1750
58.5,16,39.56,-2750
58.5,18,35.6,2750
58.5,19,40.33,2500
58.5,20,36.52,-3000
58.5,23,44.32,-500
59.0,3,43.19,750
59.0,5,35.24,-250
59.0,6,40.81,-500
59.0,7,39.22,1750
59.0,10,35.04,-6000
59.0,11,35.17,-1500
59.0,13,43.76,1750
59.0,16,42.65,-2750
59.0,19,40.55,2500
59.0,20,36.2,-3000
59.0,23,44.45,-500
59.0,24,35.98,-2500
59.0,27,35.39,4000
59.0,28,35.09,2750
59.5,3,43.18,750
59.5,6,40.9,-500
59.5,7,40.61,1750
59.5,11,35.46,-2250
59.5,13,43.45,1750
59.5,16,42.27,-2750
59.5,19,40.01,2500
59.5,20,37.01,-3000
59.5,23,44.31,-500
59.5,30,35.41,-3250
60.0,3,43.03,750
60.0,4,35.11,5250
60.0,6,40.57,-500
60.0,7,38.84,1750
60.0,8,35.29,2250
60.0,9,35.62,2250
60.0,11,35.29,-500
60.0,13,41.48,1750
60.0,16,40.98,-2750
60.0,19,40.21,2500
60.0,20,36.96,-3000
60.0,21,35.09,1250
60.0,23,44.1,-500
60.5,3,40.95,750
60.5,5,35.04,-4000
60.5,6,39.9,-750
60.5,7,39.48,1750
60.5,11,36.36,2000
60.5,13,42.55,1750
60.5,14,35.05,-5750
60.5,16,37.06,-2750
60.5,19,39.24,2500
60.5,23,44.18,-500
60.5,28,35.03,1250
60.5,29,35.12,-250
61.0,3,43.07,750
61.0,6,41.66,-500
61.0,7,41.65,1750
61.0,10,35.47,-1250
61.0,11,35.14,-3250
61.0,13,42.55,1750
61.0,16,42.11,-2750
61.0,17,35.44,4500
61.0,19,39.95,2500
61.0,20,35.65,-3000
61.0,23,45.08,-500
61.5,3,44.42,750
61.5,5,35.35,4500
61.5,6,41.0,-500
61.5,7,38.97,1750
61.5,13,42.74,1750
61.5,16,42.45,-2750
61.5,19,40.29,2500
61.5,20,36.25,-3000
61.5,21,35.43,5250
61.5,23,44.26,-500
61.5,25,35.01,-1000
61.5,30,35.1,-3250
61.5,32,35.2,3750
62.0,3,42.74,750
62.0,6,40.1,-500
62.0,7,39.49,1750
62.0,13,42.55,1750
62.0,16,39.4,-3000
62.0,18,35.28,1250
62.0,19,39.39,2500
62.0,23,44.14,-500
62.0,30,36.96,-3250
62.0,32,35.41,-2500
62.5,3,43.03,750
62.5,6,40.88,-500
62.5,7,39.27,1750
62.5,10,35.76,500
62.5,13,43.02,1750
62.5,16,42.37,-2750
62.5,19,39.69,2500
62.5,22,35.5,1750
62.5,23,44.42,-500
62.5,24,35.3,1750
62.5,26,35.0,-1500
62.5,30,35.32,2500
63.0,3,42.6,750
63.0,4,35.59,-1250
63.0,6,40.15,-500
63.0,7,38.08,1750
63.0,13,42.82,1750
63.0,16,40.88,-2750
63.0,19,38.14,2500
63.0,23,44.53,-500
63.0,29,35.07,500
63.5,3,43.01,750
63.5,6,40.51,-500
63.5,7,39.04,1750
63.5,11,36.41,2000
63.5,13,43.76,1750
63.5,16,42.18,-2750
63.5,19,37.47,2500
63.5,20,35.53,-3000
63.5,21,35.06,5750
63.5,23,44.08,-500
63.5,26,36.01,-1500
63.5,32,35.64,4000
64.0,2,35.16,-4000
64.0,3,43.45,750
64.0,5,35.08,3500
64.0,6,37.49,-750
64.0,7,39.75,1750
64.0,12,36.55,-1750
64.0,13,43.3,1750
64.0,16,41.99,-2750
64.0,17,35.88,5000
64.0,19,38.07,2500
64.0,20,36.3,-3000
64.0,21,35.4,-5000
64.0,23,44.42,-500
64.0,25,35.05,-5250
64.5,3,42.88,750
64.5,4,35.05,-5000
64.5,6,40.89,-500
64.5,7,39.21,1750
64.5,13,43.51,1750
64.5,16,38.15,-3000
64.5,19,38.1,2500
64.5,20,35.02,-3000
64.5,23,44.14,-500
64.5,29,35.11,1000
65.0,3,42.27,750
65.0,4,35.28,2000
65.0,6,39.16,-750
65.0,7,38.47,1750
65.0,10,35.49,-5000
65.0,11,35.45,-4000
65.0,13,43.7,1750
65.0,16,39.48,-2750
65.0,17,35.15,500
65.0,19,39.31,2750
65.0,20,38.1,-3000
65.0,21,35.08,-250
65.0,23,45.2,-500
65.0,32,35.04,5000
65.5,3,43.58,750
65.5,6,40.06,-750
65.5,7,40.08,2000
65.5,10,36.91,500
65.5,11,35.06,-1250
65.5,13,42.34,1750
65.5,14,35.03,1750
65.5,16,38.76,-3000
65.5,18,35.03,2750
65.5,19,40.13,2500
65.5,20,36.39,-3000
65.5,23,44.15,-500
65.5,24,35.28,-2500
66.0,3,44.14,750
66.0,4,35.43,5000
66.0,6,38.89,-750
66.0,7,40.4,1750
66.0,11,36.82,2000
66.0,13,43.41,1750
66.0,16,41.17,-2750
66.0,19,39.32,2500
66.0,20,35.03,-3000
66.0,21,35.08,-1250
66.0,23,44.67,-500
66.0,29,35.86,750
66.0,32,35.11,-3000
66.5,1,35.31,-1750
66.5,3,43.5,750
66.5,6,40.6,-750
66.5,7,38.0,1750
66.5,13,42.16,1750
66.5,14,35.79,500
66.5,16,40.84,-2750
66.5,19,37.21,2750
66.5,20,35.69,-3000
66.5,21,35.36,-1500
66.5,23,44.16,-500
67.0,2,35.16,-1500
67.0,3,44.18,750
67.0,6,41.89,-500
67.0,7,40.27,1750
67.0,13,43.62,1750
67.0,16,41.5,-2750
67.0,17,35.49,0
67.0,19,39.52,2500
67.0,20,36.82,-3000
67.0,23,44.24,-500
67.0,24,35.27,-500
67.0,30,35.53,-4750
67.0,32,35.03,-250
67.5,3,43.83,750
67.5,6,41.15,-500
67.5,7,38.68,1750
67.5,8,35.13,-250
67.5,13,43.68,1750
67.5,16,41.78,-2750
67.5,19,40.22,2500
67.5,23,43.79,-500
67.5,28,36.04,-3250
68.0,3,43.47,750
68.0,6,41.3,-500
68.0,7,39.49,1750
68.0,12,35.42,-2500
68.0,13,42.92,1750
68.0,15,35.01,-3750
68.0,16,41.52,-2750
68.0,17,35.01,750
68.0,19,40.3,2500
68.0,20,37.25,-3000
68.0,23,43.53,-500
68.0,25,35.2,-1250
68.0,32,35.96,-3000
68.5,2,35.37,0
68.5,3,43.59,750
68.5,6,41.94,-500
68.5,7,40.04,1750
68.5,12,35.51,-5750
68.5,13,43.97,1750
68.5,16,41.68,-2750
68.5,17,35.36,-3750
68.5,19,39.38,2500
68.5,23,44.31,-500
69.0,3,43.97,750
69.0,5,35.64,-1000
69.0,6,40.62,-500
69.0,7,39.14,1750
69.0,10,37.17,500
69.0,11,35.01,1500
69.0,13,42.8,1750
69.0,15,35.04,-5750
69.0,16,43.34,-2750
69.0,19,39.02,2500
69.0,20,35.88,-3000
69.0,23,44.77,-500
69.0,24,35.62,-1750
69.0,25,35.26,1000
69.0,30,35.14,0
69.5,3,43.76,750
69.5,6,39.4,-750
69.5,7,40.68,1750
69.5,10,35.06,-3250
69.5,13,43.22,1750
69.5,16,39.24,-3000
69.5,19,37.05,2500
69.5,20,35.51,-3000
69.5,23,44.2,-500
69.5,25,35.01,-1000
69.5,29,35.12,4750
70.0,3,42.92,750
70.0,6,41.09,-500
70.0,7,39.53,1750
70.0,8,35.87,2250
70.0,13,43.28,1750
70.0,16,42.12,-2750
70.0,19,38.18,2500
70.0,20,39.38,-3000
70.0,23,44.05,-500
70.5,3,43.07,750
70.5,5,35.53,750
70.5,6,37.36,-750
70.5,7,39.39,1750
70.5,13,42.76,1750
70.5,16,37.67,-3000
70.5,19,38.53,2750
70.5,20,39.46,-3000
70.5,23,44.73,-500
70.5,26,35.13,3750
70.5,31,35.13,1000
71.0,1,35.24,5250
71.0,3,42.45,750
71.0,4,35.78,5750
71.0,6,39.94,-750
71.0,7,40.03,1750
71.0,10,35.32,500
71.0,13,42.66,1750
71.0,16,37.78,-2750
71.0,18,35.34,1500
71.0,19,38.25,2500
71.0,20,36.6,-3000
71.0,23,44.03,-500
71.0,24,35.16,4750
71.0,27,35.18,3250
71.0,30,38.15,-3250
71.5,2,35.57,1000
71.5,3,43.8,750
71.5,6,40.66,-500
71.5,7,40.19,1750
71.5,13,42.71,1750
71.5,16,42.17,-2750
71.5,19,38.57,2500
71.5,20,35.67,-3000
71.5,23,44.51,-500
71.5,24,35.05,-1250
72.0,1,35.17,4000
72.0,3,43.14,750
72.0,6,39.16,-750
72.0,7,38.9,1750
72.0,9,35.81,1500
72.0,13,43.15,1750
72.0,14,36.39,-4250
72.0,16,39.36,-2750
72.0,18,35.33,4750
72.0,19,39.12,2500
72.0,20,36.52,-3000
72.0,23,44.74,-500
72.0,29,35.35,-3500
72.0,30,35.17,-3250
72.5,3,43.38,750
72.5,6,38.64,-750
72.5,7,38.4,1750
72.5,10,35.35,-500
72.5,13,42.41,1750
72.5,16,40.11,-2750
72.5,19,36.79,2750
72.5,20,36.78,-3000
72.5,23,44.93,-500
72.5,25,35.14,-3250
72.5,30,35.54,-3250
72.5,32,36.03,-3500
73.0,1,35.04,2750
73.0,3,42.23,750
73.0,4,35.26,2000
73.0,6,40.5,-500
73.0,7,39.06,1750
73.0,12,35.34,-1500
73.0,13,44.43,1750
73.0,16,42.87,-2750
73.0,19,40.35,2500
73.0,20,37.11,-3000
73.0,22,35.38,5500
73.0,23,44.16,-500
73.0,26,35.03,-4500
73.0,27,35.29,500
73.0,30,36.7,-3250
73.5,2,35.03,3750
73.5,3,43.37,750
73.5,6,40.82,-750
73.5,7,39.79,1750
73.5,8,35.3,-5500
73.5,10,35.07,-5000
73.5,13,42.84,1750
73.5,16,39.86,-2750
73.5,19,38.85,2500
73.5,20,37.34,-3000
73.5,22,35.97,3250
73.5,23,44.72,-500
73.5,28,35.02,-4250
73.5,30,35.52,500
73.5,31,35.11,-5500
74.0,3,43.04,750
74.0,6,40.31,-500
74.0,7,37.69,1750
74.0,9,35.02,5000
74.0,12,35.38,-2750
74.0,13,42.22,1750
74.0,16,42.53,-2750
74.0,19,38.99,2500
74.0,23,43.83,-500
74.0,26,35.55,-4000
74.0,29,35.01,-5000
74.0,30,35.85,-3250
74.0,31,35.66,2000
74.5,3,43.09,750
74.5,6,39.82,-500
74.5,7,40.32,1750
74.5,11,35.01,500
74.5,12,35.13,4500
74.5,13,43.7,1750
74.5,16,41.45,-2750
74.5,19,38.69,2500
74.5,20,35.06,-3000
74.5,23,45.2,-500
74.5,27,35.43,3500
74.5,30,36.25,-3250
74.5,32,35.47,-2500
75.0,3,43.43,750
75.0,6,40.99,-500
75.0,7,38.12,1750
75.0,9,35.26,500
75.0,13,43.2,1750
75.0,16,41.12,-2750
75.0,19,39.28,2500
75.0,20,38.58,-3000
75.0,23,45.38,-500
75.0,26,35.61,3750
75.0,29,35.48,3500
75.0,32,35.87,-3000
75.5,3,44.47,750
75.5,6,39.28,-750
75.5,7,39.98,1750
75.5,8,35.07,0
75.5,10,35.05,500
75.5,11,35.18,2500
75.5,13,43.19,1750
75.5,16,39.69,-2750
75.5,18,35.18,-4500
75.5,19,37.14,2750
75.5,20,36.91,-3000
75.5,23,44.86,-500
75.5,25,35.74,500
75.5,30,36.65,-3250
75.5,31,36.06,-750
76.0,1,35.8,-500
76.0,3,42.36,750
76.0,4,35.22,5000
76.0,6,41.13,-500
76.0,7,39.29,1750
76.0,9,35.27,-4250
76.0,13,43.54,1750
76.0,16,41.54,-2750
76.0,19,38.68,2500
76.0,20,39.09,-3000
76.0,23,44.86,-500
76.0,25,35.12,-250
76.5,3,42.32,750
76.5,6,38.6,-750
76.5,7,40.33,1750
76.5,12,35.62,5750
76.5,13,43.06,1750
76.5,14,35.02,-1250
76.5,16,39.04,-3000
76.5,17,35.89,500
76.5,18,35.21,-1750
76.5,19,39.99,2750
76.5,20,35.11,-1250
76.5,22,35.41,1250
76.5,23,44.88,-500
76.5,27,35.34,-3500
76.5,32,35.09,1500
77.0,1,35.78,-3250
77.0,3,43.06,750
77.0,6,40.44,-500
77.0,7,40.37,1750
77.0,10,35.22,-5750
77.0,13,43.47,1750
77.0,16,42.23,-2750
77.0,19,40.09,2500
77.0,20,36.22,-3000
77.0,23,45.55,-500
77.0,25,35.41,-1000
77.0,28,35.39,-4500
77.0,32,35.03,-3000
77.5,3,42.91,750
77.5,5,35.48,750
77.5,6,40.37,-750
77.5,7,39.65,1750
77.5,13,43.7,1750
77.5,16,42.54,-2750
77.5,19,40.39,2500
77.5,20,36.6,-3000
77.5,23,44.89,-500
77.5,32,35.31,5250
78.0,2,35.29,2750
78.0,3,43.18,750
78.0,6,40.52,-500
78.0,7,38.15,2000
78.0,13,44.71,1750
78.0,14,35.25,1000
78.0,16,42.64,-2750
78.0,18,35.53,5250
78.0,19,39.8,2500
78.0,20,36.06,-3000
78.0,23,44.58,-500
78.0,27,35.12,-2250
78.5,3,44.26,750
78.5,6,37.83,-750
78.5,7,37.2,1750
78.5,13,43.78,1750
78.5,16,39.14,-3000
78.5,19,37.39,2500
78.5,20,38.03,-3000
78.5,23,45.42,-500
78.5,26,35.33,-6000
78.5,32,35.14,-5750
79.0,3,43.73,750
79.0,6,41.48,-500
79.0,7,39.13,1750
79.0,8,35.06,5500
79.0,9,35.27,-500
79.0,11,35.34,2750
79.0,13,42.65,1750
79.0,16,41.5,-2750
79.0,18,35.33,-4500
79.0,19,40.64,2500
79.0,23,44.61,-500
79.0,26,35.17,1500
79.0,30,35.46,-3250
79.5,1,35.24,3000
79.5,3,43.77,750
79.5,6,35.91,-250
79.5,7,39.19,1750
79.5,12,35.25,1750
79.5,13,43.57,1750
79.5,16,38.08,-3000
79.5,19,38.65,2750
79.5,20,38.05,-3000
79.5,23,44.54,-500
79.5,29,35.28,-5250
80.0,3,42.67,750
80.0,5,35.11,5000
80.0,6,41.39,-500
80.0,7,38.07,1750
80.0,9,35.41,1500
80.0,10,35.08,750
80.0,11,35.37,-500
80.0,12,35.17,-250
80.0,13,43.44,1750
80.0,14,35.02,4250
80.0,16,41.98,-2750
80.0,19,41.38,2500
80.0,20,35.86,-3000
80.0,23,44.67,-500
80.0,24,35.08,5250
80.0,25,35.3,-250
80.0,29,35.29,5000
80.5,3,44.5,750
80.5,6,39.32,-750
80.5,7,39.48,1750
80.5,10,36.32,500
80.5,12,35.52,-1750
80.5,13,44.0,1750
80.5,16,40.62,-2750
80.5,19,38.84,2500
80.5,21,35.22,3250
80.5,23,44.9,-500
81.0,3,44.44,750
81.0,4,35.9,-5500
81.0,6,40.03,-500
81.0,7,39.15,1750
81.0,10,35.63,500
81.0,11,35.83,4750
81.0,13,44.06,1750
81.0,14,36.63,-500
81.0,16,42.9,-2750
81.0,19,40.27,2500
81.0,20,35.38,-2250
81.0,22,35.34,750
81.0,23,43.92,-500
81.5,3,43.42,750
81.5,6,41.72,-500
81.5,7,39.54,1750
81.5,10,36.01,500
81.5,11,35.62,1750
81.5,13,43.21,1750
81.5,16,41.5,-2750
81.5,19,41.06,2500
81.5,23,43.78,-500
81.5,26,35.46,-5250
81.5,27,35.06,-4000
82.0,3,44.12,750
82.0,6,38.65,-500
82.0,7,39.76,1750
82.0,9,35.23,5500
82.0,12,36.54,5000
82.0,13,43.74,1750
82.0,16,42.97,-2750
82.0,17,35.38,-500
82.0,18,35.13,-250
82.0,19,39.98,2500
82.0,20,35.61,-3000
82.0,23,45.24,-500
82.0,24,35.56,2250
82.0,30,35.67,-3250
82.5,1,35.16,1750
82.5,3,42.43,750
82.5,6,39.62,-750
82.5,7,38.02,1750
82.5,9,35.36,-5750
82.5,12,35.11,-5250
82.5,13,43.97,1750
82.5,16,42.72,-2750
82.5,19,39.61,2500
82.5,23,43.59,-500
82.5,24,35.32,-5500
82.5,25,35.77,2750
83.0,3,43.62,750
83.0,4,35.76,-5000
83.0,6,41.66,-500
83.0,7,36.56,1750
83.0,9,35.67,-5500
83.0,11,35.1,500
83.0,13,42.3,1750
83.0,16,42.02,-2750
83.0,19,40.34,2500
83.0,20,37.15,-3000
83.0,23,44.41,-500
83.0,28,35.02,-4500
83.5,1,35.52,5500
83.5,3,44.13,750
83.5,6,41.35,-500
83.5,7,38.68,2000
83.5,9,35.13,1000
83.5,10,35.25,-500
83.5,13,44.0,1750
83.5,16,39.43,-2750
83.5,19,40.25,2500
83.5,20,35.8,-3000
83.5,23,44.71,-500
84.0,1,35.5,1750
84.0,3,44.39,750
84.0,6,40.49,-750
84.0,7,37.85,1750
84.0,8,36.43,2250
84.0,9,35.02,3000
84.0,10,35.57,500
84.0,13,43.02,1750
84.0,16,39.73,-3000
84.0,19,40.72,2500
84.0,23,44.7,-500
84.5,2,35.47,-500
84.5,3,42.96,750
84.5,6,37.73,-750
84.5,7,40.66,1750
84.5,10,35.12,-5000
84.5,12,35.84,-2250
84.5,13,42.76,1750
84.5,16,39.87,-3000
84.5,19,38.25,2750
84.5,20,37.36,-3000
84.5,23,43.94,-500
84.5,25,35.94,2250
84.5,32,36.12,-3000
85.0,3,43.72,750
85.0,5,35.07,-1500
85.0,6,39.36,-500
85.0,7,38.72,1750
85.0,10,36.29,500
85.0,12,35.03,-5000
85.0,13,44.13,1750
85.0,16,42.56,-2750
85.0,19,39.18,2500
85.0,20,37.0,-3000
85.0,23,44.89,-500
85.0,29,35.35,5500
85.0,30,36.94,-3250
85.5,3,44.16,750
85.5,6,37.47,-750
85.5,7,37.38,2000
85.5,10,35.07,500
85.5,11,35.54,0
85.5,12,35.44,-5000
85.5,13,43.87,1750
85.5,16,44.18,-2750
85.5,19,40.25,2500
85.5,22,35.07,-2750
85.5,23,45.09,-500
85.5,30,35.49,-3250
86.0,3,43.4,750
86.0,6,39.78,-500
86.0,7,37.5,1750
86.0,11,35.11,-2750
86.0,13,43.02,1750
86.0,16,40.24,-2750
86.0,19,40.61,2500
86.0,20,38.18,-3000
86.0,23,43.08,-500
86.0,25,35.13,-5750
86.0,30,37.55,-3250
86.5,2,35.36,-500
86.5,3,44.25,750
86.5,5,35.1,-2750
86.5,6,38.74,-750
86.5,7,37.95,1750
86.5,13,43.7,1750
86.5,16,42.41,-2750
86.5,19,40.68,2500
86.5,22,35.02,2750
86.5,23,43.68,-500
86.5,26,35.34,4500
86.5,28,35.13,-2750
86.5,30,35.73,-3250
86.5,31,36.17,1250
87.0,3,44.26,750
87.0,6,40.5,-500
87.0,7,37.15,1750
87.0,10,36.06,500
87.0,11,35.07,750
87.0,13,43.23,1750
87.0,16,41.14,-3000
87.0,19,40.68,2500
87.0,20,35.01,-3000
87.0,23,44.23,-500
87.0,30,36.51,-3250
87.5,1,35.22,-6000
87.5,3,43.26,750
87.5,6,39.14,-750
87.5,7,38.35,1750
87.5,13,43.24,1750
87.5,14,35.16,0
87.5,16,42.2,-2750
87.5,19,39.71,2500
87.5,22,36.15,-4500
87.5,23,44.58,-500
87.5,27,35.64,0
87.5,30,35.57,-3250
88.0,3,43.15,750
88.0,6,37.27,-750
88.0,7,37.51,1750
88.0,13,43.82,1750
88.0,15,35.42,-3250
88.0,16,40.5,-3000
88.0,19,38.01,2750
88.0,20,37.11,-3000
88.0,23,44.83,-500
88.0,30,37.15,-3250
88.0,31,36.49,-6000
88.0,32,36.19,-3250
88.5,1,35.04,-5000
88.5,3,43.97,750
88.5,6,41.06,-500
88.5,7,37.78,1750
88.5,11,35.09,-6000
88.5,13,43.69,1750
88.5,16,39.12,-3000
88.5,19,38.95,2500
88.5,20,37.17,-3000
88.5,23,43.97,-500
88.5,24,35.55,-6000
88.5,26,36.93,-2500
88.5,27,35.04,2750
88.5,30,35.42,-3250
89.0,3,43.77,750
89.0,6,40.73,-500
89.0,7,36.47,1750
89.0,8,35.1,2750
89.0,13,44.45,1750
89.0,16,41.98,-2750
89.0,17,35.62,750
89.0,19,40.68,2500
89.0,23,44.15,-500
89.0,30,35.82,-3250
89.5,3,44.05,750
89.5,5,35.04,-500
89.5,6,42.42,-500
89.5,7,38.08,1750
89.5,12,35.24,1500
89.5,13,42.99,1750
89.5,16,42.37,-2750
89.5,17,35.16,-2750
89.5,19,41.77,2500
89.5,23,44.25,-500
89.5,27,35.09,-4500
89.5,31,35.36,2500
89.5,32,35.01,-1000
90.0,3,43.58,750
90.0,6,39.87,-500
90.0,7,38.69,1750
90.0,10,36.08,500
90.0,11,35.07,2000
90.0,13,43.42,1750
90.0,16,42.04,-2750
90.0,19,39.07,2500
90.0,20,35.38,-3000
90.0,23,44.13,-500
90.0,28,35.99,-5250
90.0,29,35.06,-4250
90.0,30,36.37,-3250
90.0,32,35.2,5500
90.5,2,35.47,-4500
90.5,3,43.44,750
90.5,6,38.51,-750
90.5,7,38.92,1750
90.5,13,43.1,1750
90.5,16,39.48,-3000
90.5,19,38.38,2500
90.5,20,37.9,-3000
90.5,21,36.61,4750
90.5,23,43.5,-500
90.5,26,35.0,-5000
90.5,30,35.68,-3250
90.5,32,35.22,-5250
91.0,2,35.17,-250
91.0,3,43.62,750
91.0,6,40.44,-500
91.0,7,38.83,1750
91.0,13,43.48,1750
91.0,16,42.66,-2750
91.0,17,35.03,2750
91.0,19,40.29,2500
91.0,20,35.52,-3000
91.0,23,44.85,-500
91.0,27,35.06,-5000
91.0,31,35.56,3750
91.5,3,44.42,750
91.5,6,39.69,-500
91.5,7,39.86,1750
91.5,13,42.96,1750
91.5,14,35.43,-3500
91.5,16,42.0,-2750
91.5,19,40.15,2500
91.5,23,44.41,-500
91.5,25,35.06,-5500
91.5,30,36.46,-3250
91.5,31,35.12,4500
92.0,2,35.0,4750
92.0,3,43.29,750
92.0,6,41.01,-500
92.0,7,37.59,1750
92.0,8,35.18,4750
92.0,10,35.39,4250
92.0,13,43.32,1750
92.0,16,40.44,-2750
92.0,18,35.15,2500
92.0,19,40.8,2500
92.0,23,43.72,-500
92.0,27,35.41,2250
92.0,29,35.75,-4500
92.5,3,43.62,750
92.5,6,41.72,-500
92.5,7,38.56,1750
92.5,9,35.71,2500
92.5,10,36.06,500
92.5,11,38.07,2000
92.5,13,43.21,1750
92.5,15,35.31,-500
92.5,16,41.17,-2750
92.5,19,36.04,2750
92.5,22,35.46,5250
92.5,23,43.84,-500
92.5,30,36.52,-3250
93.0,3,43.08,750
93.0,6,40.44,-500
93.0,7,39.24,2000
93.0,10,36.59,500
93.0,11,35.08,2750
93.0,13,44.29,1750
93.0,16,41.6,-2750
93.0,19,39.14,2500
93.0,23,43.63,-500
93.0,30,35.8,-3250
93.5,2,35.28,4000
93.5,3,44.03,750
93.5,6,40.34,-500
93.5,7,37.44,1750
93.5,13,42.77,1750
93.5,16,43.0,-2750
93.5,19,40.39,2500
93.5,20,35.37,-3000
93.5,23,44.19,-500
94.0,3,42.94,750
94.0,6,38.94,-750
94.0,7,37.87,1750
94.0,13,42.42,1750
94.0,14,35.17,750
94.0,16,42.41,-2750
94.0,17,35.54,-6000
94.0,19,40.16,2500
94.0,20,36.39,-3000
94.0,23,43.65,-500
94.0,30,36.86,-3250
94.5,1,35.81,-1500
94.5,3,44.51,750
94.5,5,36.12,2500
94.5,6,40.05,-500
94.5,7,38.2,1750
94.5,11,35.47,2000
94.5,13,43.46,1750
94.5,16,37.69,-3000
94.5,19,38.85,2750
94.5,23,44.18,-500
94.5,26,35.34,-1000
94.5,29,35.35,3000
95.0,3,42.94,750
95.0,5,35.09,3500
95.0,6,40.44,-750
95.0,7,39.02,1750
95.0,10,35.17,500
95.0,11,36.28,2000
95.0,13,43.11,1750
95.0,16,38.56,-2750
95.0,19,39.15,2500
95.0,20,35.26,-3000
95.0,23,44.29,-500
95.0,24,35.39,-5000
95.0,30,36.85,-3250
95.5,3,44.01,750
95.5,6,39.05,-750
95.5,7,37.5,1750
95.5,8,35.15,2000
95.5,13,43.25,1750
95.5,16,38.59,-3000
95.5,18,35.49,0
95.5,19,40.42,2500
95.5,23,44.54,-500
95.5,28,35.22,2000
95.5,30,35.2,-1000
95.5,31,35.62,1000
95.5,32,35.28,2000
96.0,3,44.11,750
96.0,6,39.01,-750
96.0,7,35.53,1750
96.0,10,35.35,4000
96.0,13,43.46,1750
96.0,16,40.95,-2750
96.0,17,35.1,-1750
96.0,19,41.23,2500
96.0,23,44.29,-500
96.0,30,36.63,-3250
96.5,1,35.75,4250
96.5,3,43.84,750
96.5,6,39.83,-750
96.5,7,36.91,1750
96.5,8,35.29,2250
96.5,10,36.22,500
96.5,12,35.79,4000
96.5,13,42.93,1750
96.5,15,35.16,-1250
96.5,16,39.27,-2750
96.5,19,37.76,2500
96.5,20,36.43,-3000
96.5,23,45.0,-500
96.5,24,35.41,-4250
96.5,30,37.76,-3250
97.0,3,43.27,750
97.0,6,40.31,-500
97.0,7,36.77,1750
97.0,10,35.02,500
97.0,13,43.55,1750
97.0,14,35.28,-750
97.0,15,35.13,1750
97.0,16,42.17,-2750
97.0,19,40.55,2500
97.0,20,36.17,-3000
97.0,23,45.04,-500
97.0,27,35.12,-5500
97.0,29,35.24,-4500
97.0,30,35.27,4500
97.0,32,35.38,4000
97.5,3,42.46,750
97.5,5,35.69,4000
97.5,6,41.18,-500
97.5,7,37.54,1750
97.5,10,35.11,-5000
97.5,13,44.74,1750
97.5,16,42.54,-2750
97.5,19,41.27,2500
97.5,23,43.78,-500
97.5,25,35.51,-2000
97.5,27,35.29,1500
97.5,28,35.53,-3500
97.5,29,35.15,750
97.5,30,36.32,-3250
97.5,32,35.07,500
98.0,3,44.04,750
98.0,4,35.04,-500
98.0,6,41.76,-500
98.0,7,36.84,1750
98.0,10,35.24,500
98.0,11,35.68,3500
98.0,12,36.71,3750
98.0,13,44.23,1750
98.0,14,35.03,-2000
98.0,16,42.74,-2750
98.0,19,41.9,2500
98.0,23,43.97,-500
98.0,24,35.8,1000
98.0,25,35.03,-4250
98.0,26,35.28,5750
98.0,30,36.74,-3250
98.5,1,35.33,-4000
98.5,3,43.73,750
98.5,6,38.43,-750
98.5,7,35.9,1750
98.5,10,35.17,750
98.5,13,44.01,1750
98.5,15,35.08,-4000
98.5,16,39.58,-3000
98.5,19,39.71,2500
98.5,23,44.88,-500
98.5,28,35.16,-5000
99.0,3,44.54,750
99.0,4,35.12,-4250
99.0,6,40.36,-500
99.0,7,37.02,1750
99.0,10,35.75,500
99.0,13,43.1,1750
99.0,16,43.1,-2750
99.0,19,40.21,2500
99.0,23,44.79,-500
99.0,24,35.37,-2000
99.0,25,35.04,-5250
99.0,30,36.31,-3250
99.5,3,43.66,750
99.5,5,35.61,-1500
99.5,6,39.13,-750
99.5,7,39.58,1750
99.5,13,43.63,1750
99.5,15,35.47,-3500
99.5,16,40.13,-2750
99.5,19,39.09,2750
99.5,20,35.81,-3000
99.5,23,43.69,-500
100.0,3,43.44,750
100.0,6,36.19,-750
100.0,7,37.91,1750
100.0,10,35.7,500
100.0,11,35.09,-3250
100.0,12,35.42,-3250
100.0,13,43.49,1750
100.0,14,35.4,-5750
100.0,16,38.9,-3000
100.0,17,35.7,4000
100.0,18,35.13,-2750
100.0,19,37.02,2750
100.0,20,36.1,-3000
100.0,23,44.62,-500
100.0,25,35.99,-1500
100.0,26,35.35,3750
100.0,30,35.22,-3250
100.5,2,35.22,4750
100.5,3,43.25,750
100.5,4,35.72,-4000
100.5,6,40.08,-500
100.5,7,37.39,1750
100.5,10,36.46,500
100.5,13,42.99,1750
100.5,16,41.94,-2750
100.5,17,35.41,-2500
100.5,19,41.07,2500
100.5,20,35.12,-3000
100.5,23,44.54,-500
101.0,3,43.16,750
101.0,4,35.31,-3000
101.0,6,40.66,-500
101.0,7,38.94,1750
101.0,13,43.69,1750
101.0,16,42.57,-2750
101.0,19,40.9,2500
101.0,23,43.83,-500
101.5,3,42.89,750
101.5,6,40.6,-750
101.5,7,39.0,1750
101.5,8,35.2,-3250
101.5,10,36.12,500
101.5,13,43.19,1750
101.5,16,37.97,-2750
101.5,19,37.57,2750
101.5,21,35.42,4750
101.5,23,44.84,-500
102.0,3,43.72,750
102.0,6,40.72,-750
102.0,7,39.32,1750
102.0,8,35.24,4250
102.0,13,43.16,1750
102.0,14,35.33,4250
102.0,16,38.74,-3000
102.0,19,38.3,2750
102.0,22,36.71,-5500
102.0,23,43.93,-500
102.0,24,35.4,2000
102.0,30,35.22,-3250
102.0,31,35.12,-5000
102.0,32,35.33,-5250
102.5,2,35.05,1000
102.5,3,42.47,750
102.5,6,39.73,-750
102.5,7,40.13,1750
102.5,10,35.51,500
102.5,13,42.83,1750
102.5,16,40.38,-2750
102.5,19,40.09,2500
102.5,21,35.34,4000
102.5,22,35.11,750
102.5,23,44.99,-500
102.5,28,35.05,0
103.0,2,35.22,-3000
103.0,3,43.61,750
103.0,6,40.04,-500
103.0,7,39.22,1750
103.0,13,43.84,1750
103.0,16,43.2,-2750
103.0,19,40.25,2500
103.0,23,45.27,-500
103.0,25,35.26,-6000
103.0,26,35.82,-2750
103.0,31,35.38,-750
103.5,3,42.95,750
103.5,6,40.83,-750
103.5,7,39.65,1750
103.5,10,35.23,-5000
103.5,13,42.87,1750
103.5,16,40.05,-3000
103.5,19,37.74,2500
103.5,23,44.67,-500
103.5,29,35.43,-2250
104.0,2,35.41,-1000
104.0,3,43.14,750
104.0,5,35.03,-5250
104.0,6,41.15,-500
104.0,7,38.75,2000
104.0,11,36.62,2000
104.0,12,35.1,250
104.0,13,43.57,1750
104.0,15,35.85,-500
104.0,16,41.43,-2750
104.0,19,39.42,2500
104.0,23,44.25,-500
104.0,26,35.47,-500
104.0,28,35.29,750
104.0,29,35.22,4250
104.0,30,35.08,-3250
104.5,1,35.29,3500
104.5,3,43.14,750
104.5,5,35.2,2250
104.5,6,41.81,-500
104.5,7,38.72,1750
104.5,9,35.91,-5000
104.5,10,35.93,500
104.5,13,44.3,1750
104.5,16,41.69,-2750
104.5,19,40.41,2500
104.5,20,35.87,-3000
104.5,22,35.3,2000
104.5,23,44.72,-500
104.5,32,35.24,500
105.0,3,41.98,750
105.0,4,35.12,5750
105.0,6,40.67,-500
105.0,7,38.83,1750
105.0,13,43.63,1750
105.0,16,41.31,-2750
105.0,19,39.62,2500
105.0,23,44.63,-500
105.0,26,35.03,-3250
105.0,29,35.31,-3500
105.0,30,37.67,-3250
105.5,3,44.33,750
105.5,4,35.05,2000
105.5,6,41.08,-500
105.5,7,38.77,1750
105.5,10,35.41,500
105.5,13,43.67,1750
105.5,16,42.92,-2750
105.5,19,38.66,2500
105.5,20,35.08,-3250
105.5,23,44.6,-500
105.5,31,35.52,-5000
106.0,3,42.2,750
106.0,5,35.27,-5750
106.0,6,39.71,-500
106.0,7,38.44,1750
106.0,13,43.01,1750
106.0,14,35.26,250
106.0,16,42.24,-2750
106.0,18,35.53,-1000
106.0,19,39.13,2500
106.0,23,43.82,-500
106.5,2,35.0,-3250
106.5,3,42.85,750
106.5,6,38.41,-750
106.5,7,37.65,1750
106.5,10,35.95,500
106.5,13,43.37,1750
106.5,16,37.6,-3000
106.5,19,39.36,2500
106.5,20,36.17,-3000
106.5,23,45.07,-500
107.0,3,42.36,750
107.0,6,40.23,-750
107.0,7,39.96,1750
107.0,10,36.1,500
107.0,13,42.88,1750
107.0,16,39.05,-3000
107.0,19,38.02,2750
107.0,23,44.09,-500
107.0,24,35.02,-4250
107.0,27,35.34,4250
107.0,30,35.87,-3250
107.5,3,43.71,750
107.5,4,35.76,-250
107.5,5,35.01,3750
107.5,6,38.98,-750
107.5,7,38.89,1750
107.5,9,35.04,0
107.5,10,35.53,500
107.5,13,43.79,1750
107.5,16,42.75,-2750
107.5,19,39.82,2500
107.5,20,35.78,-3000
107.5,23,44.15,-500
107.5,24,35.67,3500
107.5,30,36.72,-3250
108.0,3,43.93,750
108.0,6,39.19,-750
108.0,7,38.15,1750
108.0,11,36.26,2000
108.0,13,43.19,1750
108.0,16,40.89,-2750
108.0,19,37.45,2500
108.0,23,44.43,-500
108.0,27,35.44,-3250
108.0,30,35.0,1750
108.5,3,42.43,750
108.5,6,38.36,-750
108.5,7,38.05,1750
108.5,13,42.89,1750
108.5,16,40.53,-2750
108.5,17,35.07,-5250
108.5,19,38.69,2500
108.5,20,36.12,-3000
108.5,23,44.41,-500
108.5,24,35.06,-5250
108.5,26,35.08,-5250
108.5,30,35.32,-3250
109.0,2,35.0,0
109.0,3,43.29,750
109.0,4,35.7,-2250
109.0,6,41.39,-500
109.0,7,39.62,1750
109.0,10,36.5,500
109.0,11,35.68,3000
109.0,13,43.73,1750
109.0,16,43.37,-2750
109.0,18,35.48,1750
109.0,19,38.46,2500
109.0,20,36.3,0
109.0,23,43.67,-500
109.0,24,35.15,-500
109.0,28,35.05,4000
109.0,32,36.51,4000
109.5,3,44.1,750
109.5,6,39.48,-750
109.5,7,38.21,1750
109.5,10,37.24,500
109.5,13,43.37,1750
109.5,16,41.74,-2750
109.5,19,37.74,2750
109.5,20,37.13,-3000
109.5,23,45.02,-500
109.5,24,35.07,-1500
109.5,28,35.04,1750
109.5,30,36.19,-3250
109.5,31,35.14,750
109.5,32,35.28,0
110.0,3,43.23,750
110.0,6,39.71,-500
110.0,7,39.33,1750
110.0,9,35.17,1750
110.0,10,36.08,500
110.0,11,36.24,2000
110.0,12,35.05,-1750
110.0,13,43.36,1750
110.0,16,43.65,-2750
110.0,18,35.04,-1250
110.0,19,41.08,2500
110.0,20,35.04,-2250
110.0,23,44.67,-500
110.0,24,35.73,4000
110.0,25,35.16,4500
110.5,1,35.91,2000
110.5,3,43.67,750
110.5,5,35.09,-2250
110.5,6,39.11,-750
110.5,7,37.63,2000
110.5,13,43.91,1750
110.5,16,39.29,-3000
110.5,17,35.57,-5000
110.5,19,39.41,2500
110.5,20,36.94,-3000
110.5,23,44.83,-500
110.5,24,36.94,-5000
110.5,27,35.29,3750
110.5,30,36.92,-3250
111.0,3,43.85,750
111.0,6,40.82,-500
111.0,7,37.03,1750
111.0,8,35.85,-2000
111.0,12,35.63,2500
111.0,13,44.27,1750
111.0,14,35.03,3250
111.0,16,43.76,-2750
111.0,17,35.33,-2500
111.0,19,41.98,2500
111.0,20,35.44,-2750
111.0,21,35.19,-1000
111.0,23,44.13,-500
111.0,28,35.66,2250
111.0,30,35.72,-3250
111.5,3,42.08,750
111.5,6,41.14,-500
111.5,7,37.59,2000
111.5,13,44.2,1750
111.5,16,42.58,-2750
111.5,19,39.73,2500
111.5,20,36.2,-3000
111.5,23,44.9,-500
111.5,30,36.36,-3250
112.0,2,35.62,-1000
112.0,3,43.07,750
112.0,6,39.76,-500
112.0,7,36.86,1750
112.0,8,35.03,-4500
112.0,9,35.27,-1000
112.0,10,36.2,500
112.0,13,42.94,1750
112.0,14,35.48,-1500
112.0,16,42.0,-2750
112.0,19,40.78,2500
112.0,20,36.61,-3000
112.0,21,35.6,-5750
112.0,23,43.89,-500
112.0,25,35.01,-5750
112.0,28,36.11,-3250
112.0,30,35.04,1750
112.5,1,35.12,-4000
112.5,3,43.71,750
112.5,5,36.5,250
112.5,6,38.05,-750
112.5,7,37.59,1750
112.5,13,43.97,1750
112.5,16,43.32,-2750
112.5,18,35.54,4500
112.5,19,40.38,2500
112.5,20,35.83,-3000
112.5,23,44.81,-500
112.5,25,35.31,2250
112.5,26,35.17,4000
112.5,32,35.06,3250
113.0,3,43.57,750
113.0,6,41.37,-500
113.0,7,37.74,1750
113.0,10,36.5,500
113.0,13,43.81,1750
113.0,14,35.19,-4000
113.0,16,42.46,-2750
113.0,17,35.81,-500
113.0,19,40.85,2500
113.0,23,44.02,-500
113.0,24,35.1,-250
113.0,26,35.08,-1750
113.0,28,35.72,-2500
113.0,30,37.46,-3250
113.5,3,42.54,750
113.5,6,39.21,-500
113.5,7,39.22,1750
113.5,8,35.41,2000
113.5,10,35.36,500
113.5,12,35.28,2250
113.5,13,43.41,1750
113.5,14,35.26,-2250
113.5,16,39.78,-3000
113.5,19,38.21,2750
113.5,20,37.05,-3000
113.5,22,35.35,-2500
113.5,23,44.72,-500
113.5,27,36.08,-1750
113.5,32,35.66,4000
114.0,1,35.61,5000
114.0,3,42.71,750
114.0,6,40.19,-750
114.0,7,38.72,1750
114.0,13,42.47,1750
114.0,16,40.32,-2750
114.0,19,40.32,2500
114.0,20,36.26,-3000
114.0,23,43.92,-500
114.5,3,42.37,750
114.5,6,40.49,-750
114.5,7,38.55,1750
114.5,13,42.9,1750
114.5,14,35.08,250
114.5,16,38.6,-3000
114.5,19,37.91,2750
114.5,20,35.76,-3000
114.5,23,44.68,-500
114.5,26,35.02,3250
114.5,29,35.55,-250
114.5,30,36.31,-3250
114.5,32,35.01,-6000
115.0,3,43.23,750
115.0,6,41.15,-500
115.0,7,39.04,1750
115.0,9,35.2,-750
115.0,10,36.95,500
115.0,12,35.23,-5000
115.0,13,43.03,1750
115.0,16,43.01,-2750
115.0,19,41.58,2500
115.0,20,37.21,-3000
115.0,23,43.31,-500
115.0,27,35.12,-4250
115.0,30,35.58,-3250
115.5,3,42.38,750
115.5,4,35.58,0
115.5,6,39.33,-750
115.5,7,38.69,1750
115.5,10,35.84,500
115.5,13,43.17,1750
115.5,16,42.69,-2750
115.5,19,38.11,2500
115.5,23,43.44,-500
115.5,30,35.13,0
116.0,3,42.65,750
116.0,6,39.38,-500
116.0,7,38.08,1750
116.0,8,35.28,0
116.0,13,43.16,1750
116.0,15,35.68,4500
116.0,16,42.49,-2750
116.0,17,35.49,-4500
116.0,19,40.22,2500
116.0,23,43.83,-500
116.0,32,35.44,500
116.5,2,35.12,-5250
116.5,3,43.35,750
116.5,6,38.86,-750
116.5,7,36.87,2000
116.5,8,35.34,-3500
116.5,11,35.39,0
116.5,13,44.01,1750
116.5,16,43.53,-2750
116.5,18,35.46,-2750
116.5,19,40.81,2500
116.5,23,44.57,-500
116.5,31,35.2,5500
117.0,3,43.06,750
117.0,6,40.36,-500
117.0,7,37.68,1750
117.0,10,36.36,500
117.0,13,43.16,1750
117.0,16,39.69,-2750
117.0,19,42.45,2500
117.0,21,35.92,5000
117.0,23,43.75,-500
117.0,26,35.2,2500
117.0,30,36.1,-3250
117.5,3,42.77,750
117.5,6,39.72,-750
117.5,7,40.27,1750
117.5,10,36.01,500
117.5,12,35.16,1000
117.5,13,43.86,1750
117.5,16,41.57,-2750
117.5,19,40.94,2500
117.5,23,44.56,-500
117.5,30,35.13,500
118.0,3,43.21,750
118.0,5,35.03,4250
118.0,6,39.37,-750
118.0,7,40.05,1750
118.0,10,35.34,1750
118.0,13,42.75,1750
118.0,15,35.38,1750
118.0,16,39.64,-3000
118.0,19,36.66,2750
118.0,21,35.42,1750
118.0,23,44.35,-500
118.0,24,35.29,4000
118.0,30,35.57,-3250
118.5,3,41.69,750
118.5,5,35.73,2750
118.5,6,40.63,-500
118.5,7,38.24,1750
118.5,10,35.69,5750
118.5,13,42.85,1750
118.5,14,35.01,4000
118.5,16,40.91,-3000
118.5,19,41.01,2500
118.5,20,36.41,-3000
118.5,23,44.6,-500
118.5,29,35.15,4750
119.0,1,35.47,-6000
119.0,2,35.1,750
119.0,3,43.11,750
119.0,6,39.88,-500
119.0,7,38.11,1750
119.0,8,35.27,2500
119.0,10,36.49,500
119.0,13,43.04,1750
119.0,14,35.07,-2500
119.0,16,43.48,-2750
119.0,17,35.44,-4000
119.0,18,35.2,1500
119.0,19,40.64,2500
119.0,20,37.05,-3000
119.0,22,35.16,2500
119.0,23,45.1,-500
119.0,28,35.17,750
119.5,3,41.61,750
119.5,6,38.41,-500
119.5,7,38.94,1750
119.5,8,35.18,2000
119.5,12,35.02,1750
119.5,13,43.13,1750
119.5,14,35.0,-250
119.5,16,44.04,-2750
119.5,19,40.45,2500
119.5,22,35.09,5500
119.5,23,45.2,-500
119.5,30,36.95,-3250
119.5,31,35.65,-3750
120.0,3,41.83,750
120.0,4,35.4,-4750
120.0,6,37.75,-500
120.0,7,38.42,1750
120.0,10,36.42,500
120.0,13,42.61,1750
120.0,16,42.71,-2750
120.0,19,40.24,2500
120.0,20,35.52,-3000
120.0,23,44.48,-500
120.0,24,35.86,4000
120.0,30,36.92,-3250
120.5,1,35.03,-1000
120.5,2,35.04,-4750
120.5,3,42.64,750
120.5,6,38.8,-750
120.5,7,39.88,1750
120.5,10,36.33,500
120.5,13,42.38,1750
120.5,16,40.87,-3000
120.5,17,35.53,0
120.5,19,39.2,2500
120.5,20,36.13,-3000
120.5,23,45.27,-500
120.5,30,35.46,-3250
121.0,3,43.02,750
121.0,6,37.63,-500
121.0,7,41.02,1750
121.0,13,43.09,1750
121.0,14,35.18,750
121.0,15,35.96,4000
121.0,16,43.46,-2750
121.0,19,41.69,2500
121.0,20,35.67,-3000
121.0,22,35.61,-1000
121.0,23,45.11,-500
121.0,28,35.1,5750
121.0,29,35.36,5500
121.0,30,35.99,-3250
121.5,1,36.41,2500
121.5,2,35.15,-1000
121.5,3,43.32,750
121.5,6,38.54,-500
121.5,7,41.03,1750
121.5,13,43.89,1750
121.5,15,35.95,3750
121.5,16,43.68,-2750
121.5,19,40.77,2500
121.5,23,44.95,-500
121.5,24,35.43,-2500
121.5,30,36.54,-3250
122.0,1,35.26,2500
122.0,2,35.19,5500
122.0,3,41.45,750
122.0,6,40.25,-500
122.0,7,39.35,1750
122.0,13,42.59,1750
122.0,16,40.6,-3000
122.0,17,35.83,-1500
122.0,19,41.7,2500
122.0,20,37.31,-3000
122.0,23,45.27,-500
122.0,32,35.48,-3000
122.5,1,35.66,-250
122.5,3,42.5,750
122.5,6,35.74,-500
122.5,7,38.57,1750
122.5,13,43.05,1750
122.5,16,43.06,-2750
122.5,19,38.78,2750
122.5,20,37.39,-3000
122.5,23,45.05,-500
122.5,29,36.17,4250
122.5,30,35.0,-3250
123.0,3,42.33,750
123.0,4,35.02,5250
123.0,6,37.58,-500
123.0,7,39.24,1750
123.0,11,35.15,1250
123.0,13,42.04,1750
123.0,16,41.74,-2750
123.0,19,41.65,2500
123.0,20,38.27,-3000
123.0,23,45.69,-500
123.0,31,35.56,3250
123.5,3,42.04,750
123.5,6,36.69,-500
123.5,7,40.28,1750
123.5,11,35.01,-250
123.5,12,35.01,3750
123.5,13,42.49,1750
123.5,16,43.9,-2750
123.5,19,41.55,2500
123.5,20,37.33,-3000
123.5,23,45.12,-500
124.0,3,42.86,750
124.0,6,38.23,-750
124.0,7,38.18,1750
124.0,13,43.47,1750
124.0,16,43.25,-2750
124.0,19,40.88,2500
124.0,20,36.94,-3000
124.0,23,45.17,-500
124.5,3,42.71,750
124.5,6,39.0,-500
124.5,7,40.88,1750
124.5,12,35.22,-4250
124.5,13,42.67,1750
124.5,16,41.04,-2750
124.5,19,39.19,2750
124.5,22,35.67,250
124.5,23,45.63,-500
124.5,30,35.14,4000
125.0,2,35.35,5500
125.0,3,41.59,750
125.0,6,38.3,-750
125.0,7,38.95,1750
125.0,8,35.6,2250
125.0,13,42.15,1750
125.0,16,41.45,-2750
125.0,19,39.55,2500
125.0,20,37.77,-3000
125.0,23,45.71,-500
125.0,32,35.38,-1000
125.5,3,42.66,750
125.5,5,35.27,-1000
125.5,6,38.03,-750
125.5,7,40.24,1750
125.5,8,35.13,4500
125.5,13,43.36,1750
125.5,14,35.0,0
125.5,15,35.82,1000
125.5,16,39.58,-3000
125.5,19,41.24,2500
125.5,20,36.77,-3000
125.5,23,44.67,-500
126.0,1,35.3,-3500
126.0,3,40.42,750
126.0,6,37.09,-750
126.0,7,36.55,1750
126.0,13,41.46,1750
126.0,14,35.09,250
126.0,16,42.3,-2750
126.0,19,39.68,2500
126.0,20,36.06,-3000
126.0,23,43.1,-500
126.0,28,35.01,500
126.0,29,35.32,-5000
126.0,30,35.2,3500
126.0,31,35.15,1250
126.5,3,41.44,750
126.5,6,35.42,-750
126.5,7,37.39,1750
126.5,12,35.28,5000
126.5,13,42.25,1750
126.5,16,38.15,-2750
126.5,19,36.82,2500
126.5,20,37.58,-3000
126.5,23,43.2,-500
126.5,28,35.22,-3500
126.5,30,35.8,-3250
127.0,3,41.68,750
127.0,6,37.02,-500
127.0,7,37.59,1750
127.0,13,41.77,1750
127.0,15,35.1,-4500
127.0,16,40.2,-2750
127.0,19,40.62,2500
127.0,20,35.37,3500
127.0,23,42.97,-500
127.5,1,35.26,-5250
127.5,3,41.17,750
127.5,6,38.51,-500
127.5,7,37.4,1750
127.5,13,42.26,1750
127.5,16,41.69,-2750
127.5,19,41.04,2500
127.5,20,35.43,-2250
127.5,21,35.62,-4500
127.5,23,42.6,-500
127.5,25,35.12,3750
127.5,28,35.59,-2750
128.0,1,35.68,-4000
128.0,3,42.75,750
128.0,6,37.72,-500
128.0,7,36.36,1750
128.0,11,35.01,-5000
128.0,13,42.64,1750
128.0,16,40.6,-2750
128.0,19,39.49,2500
128.0,20,36.67,-3000
128.0,23,42.31,-500
128.0,27,35.06,-500
128.0,32,35.51,3750
128.5,3,41.18,750
128.5,6,39.74,-750
128.5,7,36.38,1750
128.5,8,35.55,5750
128.5,10,35.3,-1000
128.5,13,42.03,1750
128.5,16,38.76,-3000
128.5,18,35.07,-5250
128.5,19,36.71,2500
128.5,20,36.55,-3000
128.5,23,43.5,-500
128.5,31,35.59,3250
129.0,3,42.0,750
129.0,6,36.22,-500
129.0,7,38.16,1750
129.0,11,36.02,-3250
129.0,12,36.66,4250
129.0,13,43.3,1750
129.0,14,35.1,3750
129.0,16,40.92,-2750
129.0,17,35.46,5250
129.0,19,39.12,2500
129.0,21,35.59,-250
129.0,22,35.57,1750
129.0,23,43.23,-500
129.5,3,42.89,750
129.5,6,35.3,-750
129.5,7,39.54,1750
129.5,13,42.66,1750
129.5,16,39.0,-2750
129.5,18,35.09,-4250
129.5,19,37.95,2750
129.5,23,43.1,-500
129.5,25,35.21,1500
130.0,3,41.77,750
130.0,6,38.13,-500
130.0,7,35.14,2000
130.0,8,35.14,5250
130.0,9,35.0,-5500
130.0,10,35.17,-500
130.0,13,41.85,1750
130.0,15,35.49,-750
130.0,16,40.76,-2750
130.0,18,35.25,1000
130.0,19,38.65,2500
130.0,23,41.85,-500
130.0,26,35.01,-5750
130.0,31,35.13,2500
130.5,3,42.47,750
130.5,6,38.09,-500
130.5,7,36.52,1750
130.5,9,35.08,-4250
130.5,13,42.93,1750
130.5,16,39.03,-2750
130.5,19,38.43,2500
130.5,23,42.8,-500
131.0,3,41.25,750
131.0,6,39.5,-500
131.0,7,38.09,1750
131.0,9,35.61,0
131.0,13,42.67,1750
131.0,16,41.55,-2750
131.0,17,35.58,-3750
131.0,19,38.59,2500
131.0,23,42.57,-500
131.0,30,35.17,-4250
131.5,3,41.15,750
131.5,6,37.38,-750
131.5,7,37.13,1750
131.5,13,42.26,1750
131.5,16,40.02,-2750
131.5,19,37.83,2750
131.5,20,35.49,-3000
131.5,23,42.2,-500
132.0,3,41.0,750
132.0,6,38.36,-500
132.0,7,36.92,1750
132.0,8,35.04,-1500
132.0,13,42.97,1750
132.0,16,40.7,-2750
132.0,19,39.88,2500
132.0,20,35.56,-3000
132.0,23,42.68,-500
132.0,29,35.83,5250
132.0,31,35.49,3500
132.0,32,35.21,4500
132.5,3,41.71,750
132.5,6,37.22,-750
132.5,7,35.77,2000
132.5,12,35.1,750
132.5,13,42.96,1750
132.5,16,38.44,-2750
132.5,19,36.54,2750
132.5,21,35.01,-5000
132.5,23,42.87,-500
132.5,26,36.2,-3750
132.5,31,35.32,-5750
133.0,3,41.9,750
133.0,6,39.02,-500
133.0,7,38.85,1750
133.0,11,35.8,-6000
133.0,12,35.55,3000
133.0,13,42.45,1750
133.0,16,40.31,-2750
133.0,19,40.12,2500
133.0,23,41.15,-500
133.0,32,36.1,3500
133.5,3,40.89,750
133.5,6,37.62,-750
133.5,7,37.69,1750
133.5,13,42.42,1750
133.5,16,38.52,-3000
133.5,18,36.03,-4250
133.5,19,35.91,2750
133.5,20,35.9,-250
133.5,23,43.07,-500
133.5,26,35.66,3750
133.5,30,35.64,-3250
134.0,3,41.85,750
134.0,6,37.82,-500
134.0,7,38.41,1750
134.0,9,35.3,-3750
134.0,13,43.2,1750
134.0,15,35.49,-1500
134.0,16,41.49,-2750
134.0,17,35.73,5000
134.0,19,40.12,2500
134.0,23,41.35,-500
134.0,25,35.09,3500
134.0,27,35.45,-1250
134.0,28,36.12,-5750
134.5,3,41.71,750
134.5,6,38.44,-500
134.5,7,39.13,1750
134.5,10,35.24,3750
134.5,13,43.0,1750
134.5,16,40.34,-2750
134.5,18,35.62,-3250
134.5,19,40.11,2500
134.5,20,35.36,-3000
134.5,22,35.41,3750
134.5,23,42.53,-500
134.5,30,35.18,-4250
135.0,1,35.51,0
135.0,3,40.58,750
135.0,4,35.52,4750
135.0,6,38.46,-500
135.0,7,37.36,1750
135.0,13,43.47,1750
135.0,16,40.25,-2750
135.0,19,39.4,2500
135.0,22,35.79,-4250
135.0,23,43.22,-500
135.5,3,42.16,750
135.5,6,38.97,-500
135.5,7,36.9,1750
135.5,10,35.75,500
135.5,13,42.88,1750
135.5,16,40.16,-2750
135.5,19,39.12,2500
135.5,20,36.12,4500
135.5,21,35.32,2750
135.5,22,35.31,3750
135.5,23,43.28,-500
136.0,3,42.61,750
136.0,6,39.4,-500
136.0,7,36.19,1750
136.0,13,43.12,1750
136.0,16,40.28,-2750
136.0,19,39.03,2500
136.0,20,36.17,-3000
136.0,21,35.04,-6000
136.0,23,43.29,-500
136.0,26,35.21,-250
136.0,31,35.55,4000
136.5,3,42.16,750
136.5,6,38.25,-500
136.5,7,36.05,1750
136.5,10,35.18,500
136.5,13,42.09,1750
136.5,14,35.37,5250
136.5,16,41.38,-2750
136.5,18,35.9,3250
136.5,19,38.88,2500
136.5,20,35.04,-3000
136.5,23,41.4,-500
136.5,29,35.01,-1250
137.0,3,41.76,750
137.0,6,38.48,-750
137.0,7,38.52,1750
137.0,10,35.79,500
137.0,13,41.77,1750
137.0,16,38.2,-3000
137.0,19,36.29,2500
137.0,23,43.05,-500
137.0,28,35.08,2500
137.0,30,35.17,2500
137.0,32,35.86,1000
137.5,3,41.68,750
137.5,5,35.51,4000
137.5,6,36.61,-500
137.5,7,35.37,1750
137.5,10,35.04,500
137.5,13,42.06,1750
137.5,16,41.29,-2750
137.5,19,37.28,2500
137.5,23,43.11,-500
137.5,25,35.71,-1750
137.5,29,35.03,2000
138.0,2,35.2,-4000
138.0,3,41.82,750
138.0,6,36.24,-750
138.0,7,37.62,1750
138.0,13,43.27,1750
138.0,16,39.49,-2750
138.0,19,37.21,2750
138.0,23,42.91,-500
138.0,24,35.44,4000
138.0,25,35.27,-5000
138.5,3,41.35,750
138.5,6,37.43,-750
138.5,7,35.92,1750
138.5,9,35.02,5750
138.5,10,35.98,500
138.5,12,35.13,-5250
138.5,13,42.98,1750
138.5,16,38.6,-3000
138.5,19,36.33,2500
138.5,20,36.62,-3000
138.5,23,42.6,-500
138.5,24,35.09,-3500
138.5,27,35.31,-3250
139.0,3,42.33,750
139.0,6,37.34,-500
139.0,7,37.17,1750
139.0,13,43.74,1750
139.0,14,35.48,-2500
139.0,16,40.38,-2750
139.0,17,35.5,-2250
139.0,18,35.18,3250
139.0,19,39.16,2500
139.0,20,36.06,-3000
139.0,23,43.37,-500
139.0,29,35.3,3250
139.0,31,35.71,-1750
139.5,3,41.81,750
139.5,6,36.84,-750
139.5,7,39.4,1750
139.5,9,36.15,-2500
139.5,10,36.24,500
139.5,13,42.59,1750
139.5,16,37.86,-3000
139.5,19,36.19,2500
139.5,23,43.09,-500
139.5,24,35.11,250
140.0,3,41.47,750
140.0,6,39.53,-500
140.0,7,36.28,1750
140.0,10,36.17,500
140.0,11,35.58,3750
140.0,12,35.11,500
140.0,13,42.77,1750
140.0,16,39.64,-2750
140.0,19,38.68,2500
140.0,20,36.24,-3000
140.0,23,43.33,-500
140.0,30,35.16,-3250
140.5,3,43.25,750
140.5,6,39.53,-750
140.5,7,37.98,1750
140.5,9,35.18,750
140.5,13,42.31,1750
140.5,16,35.92,-2750
140.5,19,36.64,2500
140.5,20,36.82,-3000
140.5,23,43.09,-500
140.5,24,35.4,500
140.5,27,35.23,5000
140.5,31,35.25,-4000
141.0,3,43.35,750
141.0,6,35.87,-500
141.0,7,39.05,1750
141.0,12,35.07,1750
141.0,13,41.8,1750
141.0,16,40.73,-2750
141.0,19,41.72,2500
141.0,21,35.28,4750
141.0,23,41.96,-500
141.0,25,35.19,3250
141.5,3,41.76,750
141.5,6,38.54,-500
141.5,7,36.16,1750
141.5,13,43.42,1750
141.5,16,40.6,-2750
141.5,19,39.88,2500
141.5,21,35.04,-750
141.5,22,35.14,500
141.5,23,43.64,-500
141.5,27,35.06,3000
141.5,29,35.33,-250
142.0,3,41.99,750
142.0,6,37.2,-500
142.0,7,36.98,1750
142.0,12,35.57,-5750
142.0,13,42.48,1750
142.0,16,40.23,-2750
142.0,19,40.11,2500
142.0,20,36.17,-3000
142.0,23,43.09,-500
142.0,30,35.68,4000
142.5,3,41.62,750
142.5,6,37.37,-750
142.5,7,37.32,1750
142.5,13,42.91,1750
142.5,16,39.93,-2750
142.5,19,38.24,2750
142.5,20,35.2,-3000
142.5,22,35.04,-1250
142.5,23,43.18,-500
142.5,24,35.93,4000
142.5,27,35.11,-1500
143.0,3,42.52,750
143.0,6,37.08,-500
143.0,7,37.77,1750
143.0,10,36.18,500
143.0,13,42.45,1750
143.0,16,39.18,-2750
143.0,19,39.89,2500
143.0,23,42.04,-500
143.5,3,43.03,750
143.5,4,35.3,-250
143.5,5,35.66,-1250
143.5,6,38.18,-500
143.5,7,36.55,1750
143.5,12,35.25,-4000
143.5,13,42.32,1750
143.5,16,38.33,-2750
143.5,18,35.5,4750
143.5,19,35.55,2500
143.5,23,43.79,-500
143.5,27,35.34,-4250
144.0,1,35.0,-3500
144.0,3,41.41,750
144.0,6,39.92,-750
144.0,7,37.79,1750
144.0,8,35.28,-3500
144.0,10,35.99,5500
144.0,13,42.33,1750
144.0,16,36.73,-2750
144.0,19,37.1,2750
144.0,21,35.01,3000
144.0,23,43.49,-500
144.0,30,35.24,2000
144.5,3,41.56,750
144.5,6,37.1,-750
144.5,7,37.51,2000
144.5,11,35.21,1000
144.5,13,43.05,1750
144.5,16,37.93,-3000
144.5,19,37.11,2750
144.5,23,42.99,-500
144.5,31,35.18,-750
145.0,3,42.86,750
145.0,6,39.13,-500
145.0,7,36.18,1750
145.0,13,41.21,1750
145.0,16,40.01,-2750
145.0,19,39.69,2500
145.0,23,42.75,-500
145.5,3,40.63,750
145.5,6,37.66,-750
145.5,7,37.21,1750
145.5,13,43.68,1750
145.5,16,38.88,-2750
145.5,19,35.84,2750
145.5,20,35.43,-3000
145.5,23,43.05,-500
145.5,24,35.17,750
145.5,32,35.49,-3000
146.0,3,41.23,750
146.0,6,37.15,-500
146.0,7,37.06,1750
146.0,13,41.41,1750
146.0,16,39.44,-2750
146.0,18,35.06,4500
146.0,19,40.27,2500
146.0,23,41.91,-500
146.0,29,35.14,3500
146.5,1,35.41,2250
146.5,3,40.41,750
146.5,6,38.2,-750
146.5,7,36.81,1750
146.5,13,42.52,1750
146.5,14,35.01,-3750
146.5,15,35.22,0
146.5,16,40.8,-2750
146.5,19,39.18,2500
146.5,23,41.38,-500
146.5,24,35.6,-3250
146.5,26,35.07,-3500
147.0,1,35.46,-1500
147.0,3,40.98,750
147.0,4,35.6,-500
147.0,6,38.55,-500
147.0,7,36.27,1750
147.0,13,43.3,1750
147.0,15,35.23,5500
147.0,16,37.84,-2750
147.0,17,35.12,-3250
147.0,19,39.12,2500
147.0,22,35.15,5500
147.0,23,43.16,-500
147.5,3,41.9,750
147.5,6,38.66,-750
147.5,7,37.57,1750
147.5,8,35.22,5000
147.5,12,35.31,-3250
147.5,13,43.06,1750
147.5,14,35.16,1750
147.5,15,35.09,-500
147.5,16,41.66,-2750
147.5,19,39.91,2500
147.5,23,42.23,-500
147.5,26,35.08,-2500
147.5,29,36.68,3250
147.5,30,35.24,-1000
148.0,3,40.08,750
148.0,6,38.86,-750
148.0,7,36.12,1750
148.0,8,35.33,2250
148.0,9,35.1,3250
148.0,10,36.26,500
148.0,13,43.61,1750
148.0,15,35.78,-3000
148.0,16,37.87,-2750
148.0,19,36.46,2500
148.0,20,35.77,-3000
148.0,23,42.88,-500
148.5,1,35.09,-4750
148.5,3,41.83,750
148.5,6,37.93,-500
148.5,7,36.99,1750
148.5,9,35.56,3000
148.5,13,43.21,1750
148.5,16,38.07,-2750
148.5,19,38.48,2500
148.5,20,37.06,-3000
148.5,23,41.93,-500
148.5,24,35.17,1000
148.5,28,35.12,5500
149.0,3,41.25,750
149.0,4,35.26,750
149.0,6,38.04,-500
149.0,7,35.75,1750
149.0,13,42.53,1750
149.0,16,40.05,-2750
149.0,19,38.87,2500
149.0,23,42.73,-500
149.5,3,41.53,750
149.5,6,38.45,-500
149.5,7,35.07,5250
149.5,9,35.05,-3500
149.5,13,41.88,1750
149.5,16,40.73,-2750
149.5,19,40.73,2500
149.5,20,35.13,-3000
149.5,23,43.55,-500
150.0,3,41.15,750
150.0,6,37.79,-500
150.0,7,37.87,1750
150.0,8,35.73,3000
150.0,9,35.61,-3750
150.0,13,41.92,1750
150.0,16,39.16,-2750
150.0,18,35.17,1000
150.0,19,39.81,2500
150.0,23,42.38,-500
150.0,27,35.32,-750
150.0,29,35.04,-250
150.0,31,35.6,4750
150.5,3,42.61,750
150.5,6,38.04,-750
150.5,7,36.1,1750
150.5,10,35.25,4750
150.5,13,42.08,1750
150.5,16,37.98,-3000
150.5,19,37.71,2750
150.5,23,44.73,-500
150.5,24,35.05,-1000
150.5,29,35.34,4750
151.0,3,41.93,750
151.0,6,39.64,-500
151.0,7,35.19,1750
151.0,8,35.5,1000
151.0,13,43.14,1750
151.0,16,40.09,-2750
151.0,17,35.32,2250
151.0,18,35.75,250
151.0,19,40.04,2500
151.0,20,36.67,-3000
151.0,23,43.3,-500
151.0,24,35.33,-500
151.5,3,41.19,750
151.5,6,37.09,-500
151.5,7,38.67,1750
151.5,8,35.46,1750
151.5,10,35.53,1250
151.5,11,35.38,4750
151.5,13,43.31,1750
151.5,16,39.59,-2750
151.5,17,35.16,-1000
151.5,19,39.12,2500
151.5,23,42.26,-500
151.5,25,35.2,0
152.0,1,35.15,-3250
152.0,3,41.19,750
152.0,4,35.72,4750
152.0,6,37.68,-500
152.0,7,35.59,1750
152.0,11,35.42,3750
152.0,13,42.87,1750
152.0,15,35.46,-2750
152.0,16,38.64,-3000
152.0,17,35.3,-2000
152.0,19,39.53,2500
152.0,20,35.37,-5750
152.0,23,42.52,-500
152.0,31,35.23,5250
152.5,3,39.45,750
152.5,6,36.64,-500
152.5,7,37.67,1750
152.5,9,35.68,0
152.5,10,36.54,500
152.5,11,35.67,3750
152.5,12,35.95,2250
152.5,13,42.92,1750
152.5,15,35.11,2750
152.5,16,39.44,-2750
152.5,18,35.07,-4250
152.5,19,35.39,2750
152.5,22,35.76,-2750
152.5,23,43.28,-500
152.5,24,35.9,-6000
152.5,32,35.14,-1000
153.0,1,35.16,1500
153.0,3,41.38,750
153.0,6,38.23,-500
153.0,7,36.55,2000
153.0,13,42.5,1750
153.0,16,40.48,-2750
153.0,19,39.14,2500
153.0,23,41.94,-500
153.0,29,35.68,2250
153.5,1,35.99,5250
153.5,3,40.89,750
153.5,6,38.92,-500
153.5,7,36.12,1750
153.5,10,35.17,-3500
153.5,13,43.71,1750
153.5,15,35.37,-3250
153.5,16,41.14,-2750
153.5,19,38.8,2500
153.5,20,35.54,2000
153.5,23,42.74,-500
153.5,30,36.12,-3250
154.0,1,36.07,1750
154.0,3,40.98,750
154.0,4,35.6,1500
154.0,5,35.4,500
154.0,6,39.77,-750
154.0,7,38.83,1750
154.0,13,43.77,1750
154.0,16,38.41,-2750
154.0,17,35.09,1500
154.0,19,39.03,2500
154.0,20,35.19,-3000
154.0,23,42.31,-500
154.0,26,35.61,-250
154.5,3,41.01,750
154.5,5,35.2,-4500
154.5,6,37.38,-500
154.5,7,38.28,1750
154.5,8,35.39,5000
154.5,10,37.52,500
154.5,11,35.07,-500
154.5,13,44.07,1750
154.5,16,37.78,-3000
154.5,19,36.13,2750
154.5,20,36.48,-3000
154.5,23,43.05,-500
154.5,30,35.66,-3250
155.0,1,35.41,-2250
155.0,3,41.7,750
155.0,4,35.27,-3750
155.0,6,36.22,-750
155.0,7,35.8,1750
155.0,13,42.98,1750
155.0,15,35.24,1000
155.0,16,39.9,-3000
155.0,19,37.51,2500
155.0,20,35.55,-3000
155.0,22,35.7,-4000
155.0,23,42.8,-500
155.0,24,35.05,5250
155.5,3,41.04,750
155.5,6,36.75,-500
155.5,7,38.12,1750
155.5,10,37.16,500
155.5,13,42.2,1750
155.5,16,38.83,-3000
155.5,18,35.09,-3250
155.5,19,39.12,2500
155.5,20,35.03,0
155.5,23,41.99,-500
155.5,28,35.08,4000
155.5,32,35.31,-5000
156.0,3,41.88,750
156.0,5,35.0,-4000
156.0,6,35.99,-750
156.0,7,37.72,1750
156.0,10,35.09,3750
156.0,13,42.91,1750
156.0,16,40.49,-2750
156.0,19,40.1,2500
156.0,20,36.13,-3000
156.0,23,43.18,-500
156.5,3,41.45,750
156.5,6,37.95,-500
156.5,7,39.2,1750
156.5,10,35.75,500
156.5,13,42.72,1750
156.5,16,37.34,-2750
156.5,19,35.54,2500
156.5,20,35.55,2750
156.5,23,43.6,-500
157.0,3,41.37,750
157.0,6,36.34,-500
157.0,7,36.97,1750
157.0,13,43.63,1750
157.0,16,40.51,-2750
157.0,19,38.83,2500
157.0,23,42.96,-500
157.0,27,35.42,3250
157.0,31,35.15,-5750
157.5,1,35.37,4750
157.5,3,41.36,750
157.5,6,38.93,-500
157.5,13,42.97,1750
157.5,14,35.01,4000
157.5,16,41.08,-2750
157.5,19,38.94,2500
157.5,23,42.14,-500
158.0,3,40.73,750
158.0,6,37.0,-500
158.0,7,38.46,1750
158.0,10,35.89,500
158.0,12,35.91,750
158.0,13,42.46,1750
158.0,14,35.6,-1750
158.0,16,40.19,-2750
158.0,19,38.47,2500
158.0,23,42.26,-500
158.5,3,41.57,750
158.5,6,37.2,-500
158.5,7,37.64,1750
158.5,8,35.26,3750
158.5,11,35.15,1500
158.5,13,42.38,1750
158.5,16,38.92,-2750
158.5,19,36.87,2500
158.5,23,42.23,-500
158.5,24,35.13,-3500
158.5,27,35.11,1250
159.0,1,35.17,1000
159.0,3,41.8,750
159.0,5,35.05,-1250
159.0,6,36.86,-500
159.0,7,36.06,1750
159.0,8,35.41,4750
159.0,13,43.37,1750
159.0,16,38.66,-2750
159.0,19,38.3,2500
159.0,20,35.11,-2500
159.0,23,43.36,-500
159.0,27,35.15,4500
159.0,28,35.56,1500
159.5,2,35.3,-1250
159.5,3,42.03,750
159.5,6,36.82,-500
159.5,7,36.05,1750
159.5,9,35.14,-1250
159.5,13,43.37,1750
159.5,16,41.72,-2750
159.5,19,39.84,2500
159.5,22,35.49,4250
159.5,23,41.97,-500
159.5,26,35.44,-5000
159.5,27,35.39,1500
159.5,32,35.02,1750
160.0,1,35.5,3000
160.0,3,41.11,750
160.0,6,36.74,-500
160.0,7,38.1,1750
160.0,13,42.1,1750
160.0,16,40.26,-2750
160.0,19,38.99,2500
160.0,23,43.49,-500
160.0,24,35.61,2750
160.5,3,41.54,750
160.5,6,38.1,-750
160.5,7,38.59,1750
160.5,10,35.75,500
160.5,13,41.26,1750
160.5,16,37.87,-3000
160.5,19,35.75,2750
160.5,22,35.07,-5000
160.5,23,43.59,-500
160.5,24,35.34,3250
160.5,27,35.32,-750
161.0,1,35.19,-1000
161.0,3,41.11,750
161.0,6,36.76,-500
161.0,13,42.47,1750
161.0,16,41.28,-2750
161.0,19,38.91,2500
161.0,20,35.66,-3000
161.0,23,42.09,-500
161.0,26,35.14,-3000
161.5,3,39.39,750
161.5,6,38.09,-500
161.5,7,35.73,1750
161.5,13,42.48,1750
161.5,15,35.18,-3250
161.5,16,37.73,-3000
161.5,19,36.68,2500
161.5,23,43.16,-500
161.5,29,35.08,-3500
162.0,3,40.15,750
162.0,4,35.09,4250
162.0,5,35.65,-4000
162.0,6,37.02,-500
162.0,7,37.09,2000
162.0,10,35.51,250
162.0,11,35.14,-4000
162.0,13,43.54,1750
162.0,16,40.65,-2750
162.0,18,35.54,-2750
162.0,19,40.15,2500
162.0,23,43.68,-500
162.5,3,40.1,750
162.5,6,38.07,-750
162.5,7,36.39,1750
162.5,10,37.77,500
162.5,13,43.81,1750
162.5,16,40.34,-2750
162.5,19,36.26,2500
162.5,20,36.22,-3000
162.5,23,42.24,-500
162.5,28,35.2,-5750
163.0,1,35.36,-1000
163.0,2,35.2,-250
163.0,3,39.8,750
163.0,5,35.12,-4250
163.0,6,38.43,-500
163.0,7,35.73,1750
163.0,8,35.05,4250
163.0,9,35.01,-500
163.0,13,43.0,1750
163.0,16,40.1,-2750
163.0,19,39.98,2500
163.0,23,42.97,-500
163.0,30,35.04,-2750
163.5,3,40.94,750
163.5,4,35.09,-1500
163.5,6,37.41,-750
163.5,7,35.11,1750
163.5,13,42.82,1750
163.5,16,38.68,-3000
163.5,19,36.78,2500
163.5,20,36.39,-3000
163.5,22,35.03,-4500
163.5,23,43.52,-500
164.0,3,41.99,750
164.0,6,36.78,-500
164.0,7,36.91,1750
164.0,9,35.01,-5000
164.0,11,35.08,5500
164.0,13,42.67,1750
164.0,16,42.76,-2750
164.0,19,39.4,2500
164.0,22,35.21,2000
164.0,23,42.42,-500
164.0,28,35.1,-4250
164.5,2,35.28,-2250
164.5,3,42.3,750
164.5,6,37.58,-500
164.5,7,37.11,1750
164.5,13,43.03,1750
164.5,16,42.32,-2750
164.5,19,38.99,2500
164.5,23,44.14,-500
165.0,3,42.45,750
165.0,4,35.01,5500
165.0,6,37.13,-750
165.0,7,35.6,1750
165.0,10,35.93,500
165.0,13,42.56,1750
165.0,16,39.73,-2750
165.0,19,39.62,2500
165.0,23,42.29,-500
165.0,27,35.11,4500
165.0,30,35.28,-4000
165.5,2,35.22,-6000
165.5,3,41.33,750
165.5,6,35.37,-500
165.5,7,36.76,1750
165.5,10,35.52,500
165.5,13,42.6,1750
165.5,14,35.12,2750
165.5,15,35.78,2500
165.5,16,37.83,-3000
165.5,19,35.18,2500
165.5,20,35.28,750
165.5,21,35.01,-5500
165.5,23,43.89,-500
165.5,24,35.65,250
165.5,27,35.32,4500
166.0,1,35.13,750
166.0,2,35.29,-5750
166.0,3,40.58,750
166.0,6,38.63,-750
166.0,7,35.87,1750
166.0,8,35.58,250
166.0,11,35.46,-3500
166.0,13,41.69,1750
166.0,14,35.02,1500
166.0,16,39.18,-3000
166.0,19,35.71,2750
166.0,20,35.72,-3000
166.0,23,43.56,-500
166.0,29,35.83,-1750
166.5,3,40.22,750
166.5,4,35.03,-1500
166.5,6,35.46,-750
166.5,7,37.23,1750
166.5,10,36.41,500
166.5,12,35.09,-3500
166.5,13,43.16,1750
166.5,16,40.96,-2750
166.5,19,41.19,2500
166.5,22,35.04,3750
166.5,23,43.24,-500
166.5,32,35.35,3750
167.0,3,41.36,750
167.0,4,35.18,5750
167.0,6,38.13,-750
167.0,10,35.45,500
167.0,11,35.27,4500
167.0,13,42.99,1750
167.0,14,35.1,750
167.0,16,38.19,-2750
167.0,19,35.2,2500
167.0,23,42.58,-500
167.0,26,35.2,-750
167.0,30,35.06,500
167.5,1,35.09,-4000
167.5,3,41.38,750
167.5,6,38.11,-500
167.5,7,36.12,1750
167.5,13,43.87,1750
167.5,16,39.31,-2750
167.5,17,35.52,-1500
167.5,19,36.91,2750
167.5,20,35.44,-3000
167.5,22,35.48,2250
167.5,23,41.32,-500
167.5,24,35.46,4000
167.5,25,35.07,-500
168.0,3,41.59,750
168.0,6,37.99,-750
168.0,13,43.47,1750
168.0,14,35.22,2500
168.0,16,41.41,-2750
168.0,17,35.27,-5750
168.0,19,39.2,2500
168.0,22,35.22,3500
168.0,23,42.69,-500
168.0,24,35.09,2250
168.5,3,42.17,750
168.5,6,37.16,-500
168.5,7,37.45,2000
168.5,10,35.16,-1250
168.5,13,42.61,1750
168.5,16,38.13,-3000
168.5,19,37.45,2750
168.5,23,42.87,-500
168.5,25,36.15,-500
168.5,30,35.23,-3250
169.0,3,39.95,750
169.0,6,35.37,-500
169.0,7,35.52,1750
169.0,10,35.54,500
169.0,13,43.8,1750
169.0,14,35.19,-2500
169.0,16,40.07,-2750
169.0,19,40.36,2500
169.0,20,35.56,1750
169.0,23,42.73,-500
169.0,30,35.27,750
169.5,3,41.05,750
169.5,6,36.89,-500
169.5,7,37.25,1750
169.5,13,42.36,1750
169.5,16,39.54,-3000
169.5,19,37.64,2750
169.5,23,42.37,-500
170.0,3,41.19,750
170.0,6,37.37,-750
170.0,7,36.15,1750
170.0,8,35.02,750
170.0,10,35.57,-3750
170.0,13,43.44,1750
170.0,16,40.49,-2750
170.0,19,40.57,2500
170.0,23,43.7,-500
170.0,25,35.1,4750
170.0,29,35.04,1500
170.0,30,35.07,-750
170.5,3,41.25,750
170.5,6,37.53,-500
170.5,7,36.97,1750
170.5,10,36.72,500
170.5,12,35.35,2000
170.5,13,42.59,1750
170.5,15,35.25,-1500
170.5,16,37.1,-3000
170.5,19,35.02,2750
170.5,23,42.55,-500
170.5,26,35.61,-250
170.5,27,35.4,-4000
170.5,30,35.29,-250
170.5,31,35.24,3750
171.0,2,35.12,-2500
171.0,3,40.64,750
171.0,6,35.49,-500
171.0,7,36.63,1750
171.0,10,35.92,500
171.0,13,43.06,1750
171.0,16,40.21,-2750
171.0,19,39.38,2500
171.0,23,42.2,-500
171.0,26,35.3,2500
171.0,30,36.99,-3250
171.0,31,35.44,-500
171.5,3,40.52,750
171.5,4,35.7,1000
171.5,6,37.8,-500
171.5,7,37.24,1750
171.5,13,42.72,1750
171.5,16,40.73,-2750
171.5,19,38.08,2500
171.5,20,35.15,-4000
171.5,23,42.24,-500
171.5,32,35.2,-750
172.0,3,41.44,750
172.0,6,39.74,-500
172.0,7,37.77,1750
172.0,10,35.86,500
172.0,11,35.14,0
172.0,13,42.35,1750
172.0,16,40.41,-2750
172.0,19,38.21,2500
172.0,23,42.21,-500
172.0,28,35.19,4000
172.0,29,35.6,-6000
172.0,30,35.09,-1000
172.5,3,41.3,750
172.5,6,37.95,-500
172.5,13,42.33,1750
172.5,16,41.16,-2750
172.5,19,36.69,2750
172.5,23,43.26,-500
172.5,27,35.14,-500
172.5,30,36.84,-3250
172.5,32,35.54,-3000
173.0,3,41.3,750
173.0,6,35.67,-500
173.0,7,38.95,1750
173.0,10,35.78,500
173.0,13,42.85,1750
173.0,14,36.14,-4500
173.0,15,35.09,-2750
173.0,16,40.41,-2750
173.0,19,40.44,2500
173.0,20,35.33,3750
173.0,23,42.81,-500
173.0,32,35.33,2250
173.5,3,41.61,750
173.5,4,35.5,-6000
173.5,6,39.66,-500
173.5,7,35.98,1750
173.5,13,43.79,1750
173.5,15,35.16,3000
173.5,16,38.41,-3000
173.5,17,35.47,-2250
173.5,19,37.09,2750
173.5,23,42.67,-500
173.5,28,35.16,3250
174.0,1,35.75,-500
174.0,3,40.08,750
174.0,6,37.77,-500
174.0,7,36.87,1750
174.0,10,35.63,500
174.0,13,41.23,1750
174.0,15,35.12,3000
174.0,16,38.63,-2750
174.0,19,39.49,2750
174.0,21,35.14,3000
174.0,23,41.55,-500
174.0,30,35.25,5750
174.5,3,41.15,750
174.5,4,35.03,1500
174.5,6,38.36,-750
174.5,7,36.0,1750
174.5,13,42.17,1750
174.5,16,36.5,-3000
174.5,18,35.5,2000
174.5,19,38.58,2750
174.5,23,42.94,-500
175.0,3,40.72,750
175.0,6,37.8,-750
175.0,7,36.1,1750
175.0,9,35.42,-5000
175.0,10,35.46,4000
175.0,13,42.34,1750
175.0,16,38.57,-2750
175.0,18,35.22,-3250
175.0,19,41.62,2500
175.0,20,35.01,-3250
175.0,23,42.54,-500
175.0,32,35.02,-3250
175.5,3,40.65,750
175.5,6,38.18,-750
175.5,7,37.87,1750
175.5,13,41.53,1750
175.5,16,40.78,-2750
175.5,19,35.64,2500
175.5,23,42.87,-500
175.5,26,35.04,2500
175.5,28,35.33,4250
176.0,3,40.86,750
176.0,6,35.59,-500
176.0,7,37.13,1750
176.0,13,42.34,1750
176.0,16,41.03,-2750
176.0,18,35.03,4500
176.0,19,39.28,2500
176.0,20,35.22,4000
176.0,23,43.33,-500
176.0,25,35.73,4500
176.5,3,40.0,750
176.5,5,35.42,5750
176.5,6,36.19,-750
176.5,7,35.54,1750
176.5,9,35.25,3000
176.5,10,36.1,500
176.5,13,42.16,1750
176.5,16,39.84,-2750
176.5,19,38.97,2500
176.5,22,35.1,-5250
176.5,23,42.78,-500
176.5,26,35.81,-3750
176.5,28,35.73,-2750
176.5,31,35.07,-500
177.0,1,35.02,-3750
177.0,3,40.02,750
177.0,6,37.74,-500
177.0,7,36.56,2000
177.0,8,36.19,3750
177.0,10,36.34,500
177.0,13,43.12,1750
177.0,16,37.84,-3000
177.0,19,41.47,2500
177.0,20,35.03,-3750
177.0,21,35.21,-500
177.0,23,43.05,-500
177.0,28,35.15,-1000
177.5,1,35.03,5500
177.5,2,35.42,3000
177.5,3,41.01,750
177.5,5,35.09,1750
177.5,6,39.44,-500
177.5,7,35.67,1750
177.5,13,43.61,1750
177.5,15,35.45,1000
177.5,16,39.89,-2750
177.5,17,35.26,1500
177.5,19,40.16,2500
177.5,23,43.48,-500
177.5,24,35.4,750
177.5,27,35.89,-6000
177.5,29,35.26,-1750
177.5,31,35.06,1000
178.0,3,39.76,750
178.0,6,38.15,-500
178.0,8,35.27,3000
178.0,12,35.77,3750
178.0,13,43.42,1750
178.0,16,38.66,-2750
178.0,19,35.73,2500
178.0,23,43.45,-500
178.5,1,35.05,-5250
178.5,3,41.64,750
178.5,6,37.51,-500
178.5,7,37.5,1750
178.5,13,42.07,1750
178.5,16,37.55,-2750
178.5,19,40.43,2500
178.5,22,36.51,2000
178.5,23,43.58,-500
178.5,27,35.25,2000
179.0,3,41.48,750
179.0,6,38.95,-500
179.0,7,39.32,1750
179.0,9,36.12,-5500
179.0,12,35.71,-5000
179.0,13,43.33,1750
179.0,16,39.38,-2750
179.0,19,40.1,2500
179.0,20,35.36,-750
179.0,22,35.5,4500
179.0,23,43.07,-500
179.0,30,35.14,-3250
179.0,32,35.15,-250
179.5,3,40.75,750
179.5,5,35.28,5250
179.5,6,36.55,-500
179.5,7,38.63,1750
179.5,13,42.52,1750
179.5,16,40.24,-2750
179.5,17,35.49,4250
179.5,19,41.53,2500
179.5,23,43.55,-500
179.5,29,35.68,2000
180.0,3,40.7,750
180.0,4,35.52,4250
180.0,6,37.03,-750
180.0,7,37.81,1750
180.0,8,35.34,-500
180.0,10,36.17,500
180.0,13,42.67,1750
180.0,16,40.93,-2750
180.0,19,41.24,2500
180.0,23,42.49,-500
180.5,3,40.88,750
180.5,4,35.37,5000
180.5,6,37.2,-750
180.5,7,35.56,1750
180.5,13,42.6,1750
180.5,16,38.99,-2750
180.5,20,35.52,-3000
180.5,23,43.77,-500
180.5,30,35.09,0
181.0,3,39.58,750
181.0,6,39.01,-500
181.0,7,35.1,500
181.0,8,35.13,-6000
181.0,9,35.21,3500
181.0,12,35.07,-4500
181.0,13,41.78,1750
181.0,14,35.47,1750
181.0,16,39.95,-2750
181.0,17,35.15,4750
181.0,19,39.31,2500
181.0,20,35.5,-3750
181.0,23,44.2,-500
181.0,25,35.46,-4750
181.0,27,35.06,-4750
181.0,30,35.05,500
181.5,1,35.02,-1500
181.5,3,41.67,750
181.5,4,35.46,2750
181.5,6,38.86,-750
181.5,7,36.41,1750
181.5,13,42.79,1750
181.5,16,39.58,-2750
181.5,18,35.46,-1500
181.5,19,39.48,2500
181.5,23,43.85,-500
181.5,26,35.38,-1250
182.0,3,40.69,750
182.0,5,35.04,-500
182.0,6,36.96,-500
182.0,7,36.89,1750
182.0,10,35.42,500
182.0,13,42.2,1750
182.0,16,37.26,-3000
182.0,19,39.65,2500
182.0,23,43.36,-500
182.5,3,40.11,750
182.5,6,35.65,-500
182.5,7,37.47,1750
182.5,10,36.43,500
182.5,11,36.27,-2750
182.5,13,43.23,1750
182.5,16,40.44,-2750
182.5,19,35.75,2750
182.5,20,36.49,-3000
182.5,23,44.13,-500
183.0,1,35.44,-250
183.0,3,39.64,750
183.0,6,37.86,-750
183.0,7,37.08,1750
183.0,9,35.13,4500
183.0,10,35.01,500
183.0,13,43.26,1750
183.0,16,40.39,-2750
183.0,19,39.88,2500
183.0,23,44.29,-500
183.5,3,41.74,750
183.5,6,35.7,-500
183.5,7,36.47,1750
183.5,13,42.64,1750
183.5,16,40.8,-2750
183.5,19,40.45,2500
183.5,23,43.28,-500
183.5,27,35.23,2500
183.5,28,35.25,-1000
183.5,29,35.36,-3250
184.0,3,41.47,750
184.0,6,37.9,-750
184.0,7,36.45,1750
184.0,9,35.02,-1250
184.0,13,43.21,1750
184.0,16,38.0,-2750
184.0,19,37.64,2500
184.0,22,36.11,4250
184.0,23,42.94,-500
184.0,30,35.01,-4750
184.5,3,40.39,750
184.5,6,36.41,-750
184.5,7,37.24,1750
184.5,13,41.46,1750
184.5,16,36.09,-2750
184.5,19,37.43,2750
184.5,21,35.04,-5500
184.5,23,43.47,-500
184.5,29,35.03,750
184.5,30,35.46,-3500
184.5,32,35.54,-3000
185.0,2,35.22,1750
185.0,3,40.29,750
185.0,5,35.33,0
185.0,6,38.69,-500
185.0,7,36.64,1750
185.0,13,43.16,1750
185.0,16,37.44,-2750
185.0,17,35.41,5750
185.0,19,36.47,2750
185.0,20,37.06,-3000
185.0,23,43.16,-500
185.0,24,35.21,-3500
185.0,26,35.72,1250
185.0,29,35.18,250
185.5,3,40.55,750
185.5,6,36.63,-750
185.5,7,37.68,1750
185.5,10,35.45,500
185.5,12,35.89,2000
185.5,13,42.47,1750
185.5,16,37.71,-2750
185.5,17,35.12,4250
185.5,19,39.67,2500
185.5,20,36.04,1250
185.5,23,43.21,-500
185.5,24,35.03,-2000
185.5,27,35.08,-1500
185.5,31,35.86,1750
186.0,1,35.57,3000
186.0,3,41.45,750
186.0,6,35.81,-750
186.0,7,36.84,1750
186.0,9,35.19,-4000
186.0,13,41.12,1750
186.0,16,38.04,-2750
186.0,19,38.98,2500
186.0,20,35.46,-4500
186.0,23,43.41,-500
186.5,1,36.2,0
186.5,3,42.04,750
186.5,6,37.46,-500
186.5,7,35.63,1750
186.5,10,35.79,500
186.5,13,42.67,1750
186.5,16,37.82,-3000
186.5,17,35.3,4000
186.5,18,35.46,-1500
186.5,19,35.96,2750
186.5,22,35.23,-5750
186.5,23,43.22,-500
187.0,3,41.27,750
187.0,6,36.94,-500
187.0,7,36.09,1750
187.0,10,35.09,-2500
187.0,11,35.17,-250
187.0,12,35.01,-750
187.0,13,42.78,1750
187.0,16,38.29,-2750
187.0,19,39.39,2500
187.0,23,43.59,-500
187.5,3,40.17,750
187.5,6,37.89,-750
187.5,7,37.0,1750
187.5,13,42.3,1750
187.5,15,35.16,1500
187.5,16,38.7,-2750
187.5,19,36.65,2500
187.5,20,35.2,-3000
187.5,23,43.71,-500
188.0,3,40.23,750
188.0,4,35.08,1500
188.0,6,36.85,-500
188.0,7,37.22,1750
188.0,13,43.88,1750
188.0,15,35.34,-1500
188.0,16,39.47,-3000
188.0,17,35.4,-4500
188.0,19,37.27,2500
188.0,21,35.88,-2750
188.0,23,43.95,-500
188.0,26,36.07,5500
188.5,3,41.4,750
188.5,6,38.26,-500
188.5,7,36.63,1750
188.5,10,37.28,500
188.5,13,42.58,1750
188.5,16,36.99,-3000
188.5,19,35.91,2750
188.5,23,44.05,-500
189.0,1,35.79,1750
189.0,3,40.19,750
189.0,6,37.25,-500
189.0,7,36.59,2000
189.0,10,35.14,-1250
189.0,13,43.66,1750
189.0,14,35.53,-1500
189.0,16,38.92,-2750
189.0,19,38.82,2500
189.0,20,35.2,-3000
189.0,23,43.08,-500
189.0,27,35.1,-6000
189.0,28,35.25,4000
189.0,30,36.06,-4250
189.0,31,35.65,-3000
189.5,3,40.92,750
189.5,6,36.34,-500
189.5,7,38.62,1750
189.5,10,35.08,500
189.5,13,43.53,1750
189.5,16,38.79,-2750
189.5,18,35.44,-4000
189.5,19,39.36,2500
189.5,20,35.05,0
189.5,21,35.34,5250
189.5,23,42.63,-500
189.5,27,35.2,4750
189.5,28,35.56,4250
190.0,2,35.03,-4250
190.0,3,40.58,750
190.0,6,37.96,-500
190.0,7,37.88,1750
190.0,13,42.14,1750
190.0,16,36.8,-3000
190.0,19,36.96,2750
190.0,23,43.38,-500
190.0,29,35.48,-3250
190.0,32,35.03,-2000
190.5,3,42.04,750
190.5,6,36.11,-500
190.5,7,37.35,1750
190.5,9,35.45,2500
190.5,13,43.76,1750
190.5,14,35.12,1500
190.5,16,38.49,-2750
190.5,19,42.13,2500
190.5,20,35.05,-4250
190.5,23,42.59,-500
191.0,3,39.47,750
191.0,6,38.48,-750
191.0,7,36.42,2000
191.0,8,35.0,2000
191.0,10,36.01,500
191.0,12,35.34,5750
191.0,13,43.19,1750
191.0,16,38.72,-2750
191.0,19,38.98,2500
191.0,23,42.76,-500
191.0,24,35.23,-4250
191.0,26,35.4,-3750
191.5,3,41.54,750
191.5,4,35.5,1750
191.5,6,37.13,-750
191.5,9,35.46,1250
191.5,10,35.68,500
191.5,13,43.83,1750
191.5,15,35.48,-5250
191.5,16,41.25,-2750
191.5,19,39.64,2500
191.5,23,42.78,-500
191.5,27,35.23,3750
191.5,30,35.4,3250
192.0,1,35.22,-4500
192.0,3,38.11,750
192.0,5,35.09,-4500
192.0,6,36.58,-500
192.0,7,38.78,1750
192.0,11,35.47,4500
192.0,13,42.59,1750
192.0,16,39.15,-2750
192.0,19,39.0,2500
192.0,20,35.08,-3000
192.0,22,35.38,-4500
192.0,23,42.86,-500
192.5,3,40.56,750
192.5,6,36.72,-750
192.5,7,37.32,1750
192.5,10,36.41,500
192.5,13,43.61,1750
192.5,15,35.05,2000
192.5,16,37.6,-2750
192.5,19,36.61,2500
192.5,20,35.49,-3000
192.5,23,43.34,-500
192.5,24,35.56,4500
193.0,2,35.01,-1250
193.0,3,41.77,750
193.0,6,36.25,-500
193.0,7,36.07,2000
193.0,10,37.21,500
193.0,13,43.1,1750
193.0,15,35.02,-3250
193.0,16,35.28,-4250
193.0,19,36.23,2750
193.0,23,43.6,-500
193.0,27,35.03,-5250
193.5,3,39.47,750
193.5,6,37.85,-500
193.5,7,35.92,1750
193.5,10,37.79,500
193.5,12,35.67,0
193.5,13,43.4,1750
193.5,14,35.29,-2500
193.5,16,37.72,-3000
193.5,19,35.58,2750
193.5,20,35.03,3750
193.5,21,35.04,-5500
193.5,22,36.31,-4500
193.5,23,42.87,-500
193.5,24,35.52,-4500
193.5,25,35.22,-5500
193.5,30,35.57,-500
194.0,3,39.63,750
194.0,4,36.3,2250
194.0,5,35.06,4250
194.0,6,37.75,-500
194.0,7,38.09,1750
194.0,10,36.1,500
194.0,13,43.06,1750
194.0,16,40.12,-2750
194.0,19,39.24,2500
194.0,21,35.46,750
194.0,23,43.03,-500
194.0,27,35.17,1750
194.0,29,35.5,-4250
194.5,1,35.36,5500
194.5,3,41.6,750
194.5,6,38.87,-750
194.5,7,38.37,1750
194.5,10,37.42,500
194.5,11,35.12,-5250
194.5,13,42.1,1750
194.5,16,39.09,-3000
194.5,18,35.16,3500
194.5,19,35.38,2750
194.5,20,37.54,-3000
194.5,23,43.67,-500
194.5,30,35.38,-1250
194.5,32,36.13,-250
195.0,3,39.17,750
195.0,6,37.23,-750
195.0,8,35.48,-1250
195.0,13,44.15,1750
195.0,16,38.44,-2750
195.0,17,35.01,-4250
195.0,19,38.95,2500
195.0,20,36.26,-3000
195.0,23,43.1,-500
195.0,30,35.95,-3250
195.5,2,35.03,250
195.5,3,40.14,750
195.5,4,35.24,-250
195.5,6,36.58,-750
195.5,7,36.02,1750
195.5,10,35.24,500
195.5,13,43.11,1750
195.5,16,41.35,-2750
195.5,19,38.86,2500
195.5,23,42.79,-500
195.5,28,35.11,-3250
196.0,1,35.11,-2250
196.0,3,39.71,750
196.0,6,38.91,-750
196.0,7,37.08,1750
196.0,10,35.37,500
196.0,13,42.63,1750
196.0,16,37.53,-2750
196.0,19,37.94,2500
196.0,20,35.33,-3000
196.0,23,43.41,-500
196.5,1,35.81,5000
196.5,3,40.6,750
196.5,6,37.77,-500
196.5,7,36.94,1750
196.5,10,36.1,500
196.5,13,44.11,1750
196.5,16,39.87,-2750
196.5,19,40.36,2500
196.5,20,37.45,-3000
196.5,23,43.57,-500
196.5,26,35.37,5500
196.5,30,35.56,-6000
197.0,3,40.76,750
197.0,6,35.7,-500
197.0,7,36.0,1750
197.0,10,36.69,500
197.0,13,43.65,1750
197.0,16,38.27,-2750
197.0,17,35.01,750
197.0,19,39.38,2500
197.0,23,43.57,-500
197.0,25,35.36,750
197.0,28,35.8,-2750
197.5,2,35.31,-4000
197.5,3,39.78,750
197.5,6,38.96,-750
197.5,7,36.95,1750
197.5,13,43.97,1750
197.5,16,36.14,-3000
197.5,19,36.21,2750
197.5,20,36.23,-3000
197.5,22,35.99,250
197.5,23,43.71,-500
197.5,32,35.06,-5500
198.0,3,41.51,750
198.0,6,36.28,-750
198.0,7,36.6,1750
198.0,12,35.01,3250
198.0,13,43.07,1750
198.0,16,37.63,-2750
198.0,19,36.23,2750
198.0,23,42.28,-500
198.5,3,41.9,750
198.5,6,38.37,-500
198.5,7,37.21,1750
198.5,12,35.17,1750
198.5,13,42.71,1750
198.5,16,37.25,-2750
198.5,19,35.97,3250
198.5,20,35.97,-3000
198.5,23,42.01,-500
199.0,3,40.15,750
199.0,4,35.13,4750
199.0,6,37.02,-500
199.0,7,37.28,2000
199.0,10,36.56,500
199.0,11,36.0,-2000
199.0,13,43.36,1750
199.0,15,35.36,3500
199.0,16,37.54,-3000
199.0,19,35.66,2750
199.0,20,35.66,-3000
199.0,23,42.95,-500
199.0,26,35.37,-1000
199.0,28,35.95,3500
199.0,30,35.27,2500
199.0,32,35.09,250
199.5,3,41.02,750
199.5,6,36.53,-750
199.5,7,35.35,1750
199.5,10,35.02,500
199.5,13,42.51,1750
199.5,14,35.04,4750
199.5,16,36.6,-2750
199.5,19,36.07,2500
199.5,23,43.22,-500
199.5,26,35.37,4000
199.5,31,35.92,5750
199.5,32,35.38,1500
200.0,3,41.48,750
200.0,4,35.22,-5250
200.0,6,37.1,-500
200.0,7,36.45,1750
200.0,8,35.11,-4500
200.0,9,35.65,-5750
200.0,10,35.23,500
200.0,13,42.62,1750
200.0,16,38.66,-2750
200.0,19,39.42,2500
200.0,23,44.58,-500
200.0,25,35.3,-1500
200.0,30,35.8,-750
200.5,3,39.61,750
200.5,6,37.99,-500
200.5,7,35.51,1750
200.5,10,35.7,500
200.5,13,42.27,1750
200.5,15,35.25,-750
200.5,16,36.17,-3000
200.5,17,35.04,-4250
200.5,19,37.51,2750
200.5,20,35.49,-3000
200.5,23,42.6,-500
200.5,26,35.01,2000
201.0,3,40.33,750
201.0,6,36.69,-750
201.0,7,37.26,1750
201.0,8,35.09,5500
201.0,12,35.9,-2250
201.0,13,43.05,1750
201.0,14,35.62,-4750
201.0,16,39.38,-2750
201.0,19,40.13,2500
201.0,20,36.85,-3000
201.0,23,43.96,-500
201.0,31,35.17,5500
201.5,3,40.75,750
201.5,6,35.92,-750
201.5,7,36.46,1750
201.5,11,35.03,2750
201.5,13,43.19,1750
201.5,16,37.49,-2750
201.5,19,38.71,2500
201.5,20,35.98,-3000
201.5,23,43.23,-500
202.0,3,39.31,750
202.0,6,36.93,-750
202.0,10,37.08,500
202.0,13,41.95,1750
202.0,16,39.51,-2750
202.0,19,38.04,2500
202.0,23,42.73,-500
202.0,29,35.79,-1500
202.5,1,35.44,-3500
202.5,2,35.38,2750
202.5,3,40.47,750
202.5,5,36.75,-500
202.5,6,37.4,-500
202.5,7,38.43,1750
202.5,13,41.68,1750
202.5,16,37.44,-2750
202.5,19,36.38,2500
202.5,20,35.78,-3000
202.5,23,43.85,-500
202.5,31,36.37,1000
202.5,32,35.79,5250
203.0,1,35.1,-3500
203.0,3,40.28,750
203.0,5,35.58,3750
203.0,6,38.37,-750
203.0,7,36.97,1750
203.0,10,35.39,500
203.0,11,35.37,250
203.0,12,35.06,5750
203.0,13,42.9,1750
203.0,16,38.41,-2750
203.0,17,35.2,5750
203.0,19,40.22,2500
203.0,21,35.04,-750
203.0,23,43.44,-500
203.0,31,35.69,-5750
203.5,3,40.33,750
203.5,6,37.96,-750
203.5,7,35.87,2000
203.5,10,35.36,500
203.5,13,42.9,1750
203.5,16,36.82,-3000
203.5,19,35.15,2750
203.5,23,43.74,-500
203.5,32,35.62,-3000
204.0,3,39.85,750
204.0,6,37.87,-500
204.0,7,38.4,1750
204.0,12,35.2,5500
204.0,13,43.05,1750
204.0,16,37.67,-2750
204.0,19,35.17,2750
204.0,23,42.85,-500
204.0,26,35.01,-1750
204.5,2,35.41,1250
204.5,3,40.04,750
204.5,4,35.4,-6000
204.5,6,36.34,-500
204.5,7,35.52,1750
204.5,13,43.38,1750
204.5,16,36.36,-2750
204.5,17,35.04,1750
204.5,19,36.92,2250
204.5,20,37.84,-3000
204.5,23,42.66,-500
204.5,29,35.02,-2500
205.0,3,41.68,750
205.0,6,39.1,-500
205.0,7,37.79,1750
205.0,10,36.54,500
205.0,12,35.09,-5000
205.0,13,42.4,1750
205.0,16,36.74,-2750
205.0,17,35.24,-5500
205.0,19,37.95,2500
205.0,23,43.14,-500
205.0,27,35.15,5250
205.5,1,35.23,-1750
205.5,3,41.25,750
205.5,4,35.04,-6000
205.5,6,38.12,-750
205.5,7,37.12,1750
205.5,10,36.01,500
205.5,13,42.75,1750
205.5,15,35.2,0
205.5,16,39.5,-2750
205.5,19,37.99,2750
205.5,20,36.86,-3000
205.5,21,35.69,-2000
205.5,22,35.42,1750
205.5,23,42.83,-500
206.0,3,39.5,500
206.0,5,35.18,-250
206.0,6,38.4,-750
206.0,7,35.41,1750
206.0,10,35.36,500
206.0,12,35.0,-1250
206.0,13,42.11,1750
206.0,16,36.83,-2750
206.0,19,40.31,2500
206.0,20,35.86,-3000
206.0,23,43.09,-500
206.5,3,41.85,750
206.5,5,35.22,-1000
206.5,6,37.1,-500
206.5,7,37.89,2000
206.5,10,38.24,500
206.5,12,35.17,750
206.5,13,41.95,1750
206.5,14,35.04,2500
206.5,16,37.76,-2750
206.5,19,39.23,2500
206.5,20,35.14,-2000
206.5,23,42.41,-500
206.5,30,35.14,-4250
207.0,3,41.23,750
207.0,6,36.95,-500
207.0,7,38.47,1750
207.0,10,36.75,500
207.0,13,42.35,1750
207.0,16,38.12,-3000
207.0,19,38.5,2500
207.0,20,35.05,-5000
207.0,21,35.15,2750
207.0,23,43.54,-500
207.0,27,35.77,-3250
207.0,32,35.37,-1500
207.5,1,35.35,-3500
207.5,3,39.26,750
207.5,6,36.59,-500
207.5,7,37.16,1750
207.5,8,35.09,5750
207.5,13,42.84,1750
207.5,14,35.16,2500
207.5,16,39.05,-2750
207.5,19,40.23,2500
207.5,20,35.34,-250
207.5,23,43.78,-500
208.0,3,39.57,500
208.0,6,38.41,-750
208.0,7,37.2,1750
208.0,10,36.73,500
208.0,13,42.21,1750
208.0,16,36.49,-2750
208.0,19,37.38,2750
208.0,20,35.81,-3000
208.0,23,42.41,-500
208.0,26,35.25,-4250
208.0,30,35.42,-3000
208.5,3,41.45,750
208.5,6,37.46,-500
208.5,7,37.52,1750
208.5,10,37.05,500
208.5,13,41.74,1750
208.5,16,37.81,-3000
208.5,19,38.53,2500
208.5,20,35.43,-3000
208.5,23,43.4,-500
208.5,30,35.38,4000
209.0,3,40.53,750
209.0,6,38.66,-750
209.0,7,37.34,1750
209.0,10,36.08,500
209.0,13,42.56,1750
209.0,16,38.0,-2750
209.0,19,40.4,2500
209.0,23,42.86,-500
209.0,26,35.19,4500
209.5,3,39.35,750
209.5,6,38.99,-750
209.5,7,37.43,1750
209.5,8,35.54,3500
209.5,13,41.84,1750
209.5,16,39.52,-2750
209.5,19,40.78,2500
209.5,23,43.16,-500
209.5,29,35.96,3500
209.5,30,35.0,-2750
210.0,1,35.55,-2500
210.0,3,39.36,750
210.0,6,37.3,-750
210.0,7,37.62,1750
210.0,10,36.65,500
210.0,13,42.89,1750
210.0,14,35.67,2750
210.0,15,35.2,-3250
210.0,16,40.52,-2750
210.0,19,38.97,2500
210.0,20,36.75,-3000
210.0,22,35.04,-1750
210.0,23,43.22,-500
210.0,26,36.14,1250
210.5,3,40.77,750
210.5,6,37.4,-500
210.5,7,35.19,1750
210.5,10,37.63,500
210.5,13,42.98,1750
210.5,16,37.59,-3000
210.5,19,35.88,2500
210.5,20,35.13,-3000
210.5,23,43.73,-500
210.5,27,35.05,-5500
210.5,32,35.38,4500
211.0,3,41.03,750
211.0,6,37.75,-500
211.0,7,36.1,2000
211.0,10,35.21,500
211.0,13,42.39,1750
211.0,16,38.84,-3000
211.0,19,36.24,2500
211.0,20,37.0,-3000
211.0,23,42.78,-500
211.0,25,35.13,-1250
211.0,27,35.29,4250
211.5,2,35.52,5500
211.5,3,39.13,750
211.5,4,35.89,3250
211.5,6,35.99,-500
211.5,7,37.58,1750
211.5,10,35.24,2750
211.5,13,43.75,1750
211.5,16,37.95,-2750
211.5,17,35.11,-3000
211.5,19,40.45,2500
211.5,20,36.37,-3000
211.5,21,35.55,5000
211.5,23,41.99,-500
212.0,3,39.77,750
212.0,4,35.01,-6000
212.0,6,38.38,-750
212.0,7,37.82,1750
212.0,10,36.42,500
212.0,11,35.04,-4500
212.0,13,42.54,1750
212.0,16,36.7,-2750
212.0,17,35.75,4750
212.0,19,39.57,2500
212.0,23,43.57,-500
212.5,3,40.51,750
212.5,6,39.61,-750
212.5,7,35.54,1750
212.5,10,36.65,500
212.5,12,36.14,-4500
212.5,13,42.91,1750
212.5,16,38.61,-2750
212.5,19,35.64,2500
212.5,20,35.32,4750
212.5,23,44.11,-500
213.0,3,41.66,750
213.0,6,39.79,-750
213.0,10,35.2,500
213.0,13,42.39,1750
213.0,16,37.6,-2750
213.0,17,35.41,-4750
213.0,19,38.68,2500
213.0,23,42.78,-500
213.0,25,35.29,-2750
213.5,2,35.27,-4500
213.5,3,40.68,750
213.5,6,39.29,-500
213.5,7,38.6,1750
213.5,9,35.06,4750
213.5,12,35.17,5250
213.5,13,43.09,1750
213.5,14,35.95,-5250
213.5,16,38.54,-2750
213.5,19,37.5,2500
213.5,23,43.69,-500
213.5,24,35.34,-6000
213.5,28,35.65,-6000
214.0,3,40.85,750
214.0,6,38.56,-500
214.0,7,37.66,1750
214.0,11,35.66,4000
214.0,13,42.89,1750
214.0,14,35.18,4250
214.0,16,37.5,-2750
214.0,19,38.07,2500
214.0,23,43.27,-500
214.5,3,40.13,750
214.5,5,35.28,-2000
214.5,6,37.92,-750
214.5,7,35.3,2000
214.5,13,41.98,1750
214.5,16,38.61,-3000
214.5,19,36.17,2250
214.5,20,36.99,-3000
214.5,23,43.46,-500
214.5,29,35.53,4250
215.0,2,35.34,5000
215.0,3,39.52,750
215.0,6,36.74,-750
215.0,7,37.04,1750
215.0,8,35.31,-3500
215.0,10,35.62,500
215.0,13,42.75,1750
215.0,14,36.09,-1000
215.0,16,35.54,-3000
215.0,19,35.18,2750
215.0,23,42.2,-500
215.0,29,35.34,-2500
215.0,32,35.7,-2000
215.5,3,40.51,750
215.5,6,36.31,-500
215.5,7,36.91,1750
215.5,10,36.72,500
215.5,13,43.49,1750
215.5,16,35.68,-3000
215.5,19,39.45,2500
215.5,23,42.0,-500
216.0,3,41.02,750
216.0,6,38.11,-750
216.0,10,36.25,500
216.0,13,43.04,1750
216.0,16,38.79,-2750
216.0,18,35.46,0
216.0,19,38.64,2500
216.0,23,44.0,-500
216.0,31,35.46,5500
216.0,32,35.02,-4500
216.5,3,41.4,750
216.5,4,35.13,3750
216.5,6,36.52,-750
216.5,7,36.8,1750
216.5,10,37.14,500
216.5,12,35.1,-2000
216.5,13,43.63,1750
216.5,16,39.36,-3000
216.5,20,35.22,-3000
216.5,22,35.46,3250
216.5,23,42.23,-500
217.0,3,41.07,750
217.0,5,35.08,-2000
217.0,6,36.21,-750
217.0,7,38.76,1750
217.0,13,44.1,1750
217.0,14,35.62,-2250
217.0,16,38.2,-3000
217.0,18,35.07,500
217.0,19,35.38,2750
217.0,21,35.24,4000
217.0,23,42.44,-500
217.0,28,35.22,-3500
217.0,30,35.63,250
217.5,1,35.49,1000
217.5,3,40.38,750
217.5,6,37.44,-750
217.5,7,38.9,1750
217.5,10,36.18,500
217.5,11,35.41,2500
217.5,13,42.94,1750
217.5,16,39.26,-2750
217.5,19,38.51,2500
217.5,23,42.31,-500
217.5,25,35.63,750
217.5,26,35.03,-3750
217.5,30,35.09,-2750
218.0,1,35.23,4750
218.0,3,39.68,750
218.0,6,38.31,-750
218.0,7,37.0,1750
218.0,8,35.71,-4750
218.0,13,42.69,1750
218.0,16,39.78,-2750
218.0,19,40.72,2500
218.0,23,43.61,-500
218.0,29,35.15,5500
218.0,30,35.13,-1750
218.0,31,35.19,-500
218.0,32,35.21,-3750
218.5,2,35.47,-2000
218.5,3,39.5,750
218.5,6,36.05,-500
218.5,7,38.54,1750
218.5,9,35.41,-4750
218.5,10,37.49,500
218.5,13,43.77,1750
218.5,16,40.17,-2750
218.5,19,36.43,2500
218.5,23,43.11,-500
218.5,26,35.57,-5250
218.5,30,35.08,-3250
219.0,3,40.3,750
219.0,6,37.88,-750
219.0,7,35.5,2000
219.0,9,35.05,-5250
219.0,10,35.9,2000
219.0,13,41.55,1750
219.0,15,35.6,-250
219.0,16,38.82,-2750
219.0,17,35.43,1750
219.0,18,35.01,1750
219.0,19,39.28,2500
219.0,20,35.44,-2250
219.0,22,35.71,-250
219.0,23,43.81,-500
219.0,26,35.34,1000
219.0,29,35.15,-2750
219.0,30,35.75,5000
219.0,32,35.3,-250
219.5,1,35.56,1250
219.5,3,41.29,500
219.5,6,39.1,-500
219.5,7,35.0,1750
219.5,10,36.38,500
219.5,13,41.9,1750
219.5,16,38.65,-2750
219.5,17,35.11,4500
219.5,19,35.34,-3250
219.5,20,35.94,-3000
219.5,22,35.18,-5500
219.5,23,42.27,-500
219.5,25,35.2,0
219.5,32,35.09,1000
220.0,2,35.08,1750
220.0,3,38.65,750
220.0,6,38.79,-750
220.0,7,37.21,1750
220.0,10,36.2,500
220.0,13,41.41,1750
220.0,16,37.64,-2750
220.0,17,35.26,-500
220.0,18,35.43,-2000
220.0,19,38.08,2500
220.0,20,35.22,-3000
220.0,23,42.39,-500
220.5,2,35.42,-2250
220.5,3,39.52,750
220.5,6,39.45,-750
220.5,7,37.58,1750
220.5,10,35.12,-500
220.5,13,42.14,1750
220.5,16,39.09,-2750
220.5,19,37.95,2500
220.5,20,35.31,-3000
220.5,23,42.65,-500
221.0,3,39.16,500
221.0,6,35.29,-750
221.0,7,36.48,1750
221.0,10,35.89,500
221.0,13,43.51,1750
221.0,14,35.17,500
221.0,16,40.19,-2750
221.0,17,35.18,2500
221.0,18,35.15,250
221.0,19,36.54,2750
221.0,23,43.27,-500
221.5,2,35.22,-3000
221.5,3,40.1,750
221.5,6,36.47,-500
221.5,7,39.08,1750
221.5,13,43.16,1750
221.5,14,35.42,2250
221.5,16,37.73,-2750
221.5,19,35.8,2750
221.5,22,35.22,-1000
221.5,23,42.57,-500
221.5,28,35.04,2500
221.5,29,35.78,-500
222.0,3,40.06,750
222.0,5,35.73,-5500
222.0,6,38.03,-750
222.0,7,35.59,1750
222.0,10,36.87,500
222.0,13,41.87,1750
222.0,14,35.83,3750
222.0,16,39.69,-2750
222.0,19,39.51,2500
222.0,20,35.32,-3000
222.0,21,35.12,-4500
222.0,23,43.81,-500
222.5,3,39.91,750
222.5,6,35.93,-500
222.5,7,38.58,1750
222.5,10,36.23,500
222.5,13,43.44,1750
222.5,16,37.47,-3000
222.5,18,35.09,-500
222.5,21,35.99,1250
222.5,23,43.36,-500
222.5,27,35.6,-3000
222.5,29,35.11,1000
222.5,31,35.43,-5250
222.5,32,35.29,2500
223.0,1,36.23,1250
223.0,3,40.31,750
223.0,5,35.33,-750
223.0,6,37.62,-500
223.0,7,37.78,1750
223.0,10,35.74,500
223.0,13,43.87,1750
223.0,15,35.03,3500
223.0,16,38.19,-2750
223.0,19,35.15,2750
223.0,20,35.88,-3000
223.0,22,35.38,-2750
223.0,23,42.33,-500
223.5,1,35.28,-3000
223.5,3,40.3,750
223.5,6,38.72,-750
223.5,7,36.73,1750
223.5,8,35.59,-4250
223.5,10,37.89,500
223.5,11,35.19,-3250
223.5,13,43.09,1750
223.5,16,38.07,-2750
223.5,19,40.56,2500
223.5,22,35.5,4500
223.5,23,42.46,-500
223.5,28,35.46,-1750
224.0,3,39.77,750
224.0,4,35.56,-1000
224.0,6,37.37,-750
224.0,7,36.54,1750
224.0,10,36.14,500
224.0,13,43.01,1750
224.0,15,35.02,-3000
224.0,16,40.53,-2750
224.0,17,35.5,4750
224.0,18,35.84,-2250
224.0,19,38.65,2500
224.0,20,36.17,-3000
224.0,23,44.21,-500
224.0,32,35.11,-4750
224.5,3,39.81,750
224.5,6,39.2,-750
224.5,7,37.49,1750
224.5,10,35.41,1750
224.5,12,35.08,5000
224.5,13,42.31,1750
224.5,16,39.82,-2750
224.5,19,38.58,2500
224.5,23,42.67,-500
224.5,29,36.18,-3000
224.5,32,35.87,-4000
225.0,3,39.87,750
225.0,6,39.67,-750
225.0,7,35.1,1750
225.0,10,35.62,500
225.0,13,43.26,1750
225.0,16,40.92,-2750
225.0,19,40.02,2500
225.0,21,35.37,-3750
225.0,23,42.26,-500
225.0,24,36.0,2250
225.0,31,36.16,2250
225.0,32,35.66,-500
225.5,1,35.28,5750
225.5,3,38.76,750
225.5,6,36.99,-500
225.5,7,36.7,1750
225.5,10,35.01,500
225.5,13,42.86,1750
225.5,16,37.75,-3000
225.5,18,35.23,500
225.5,20,36.34,-3000
225.5,23,44.0,-500
226.0,3,39.19,500
226.0,6,38.63,-750
226.0,7,38.51,1750
226.0,10,37.02,500
226.0,13,43.0,1750
226.0,16,40.32,-2750
226.0,18,35.62,-5750
226.0,19,37.73,2500
226.0,23,43.2,-500
226.5,3,39.63,500
226.5,5,35.35,-3500
226.5,6,36.15,-500
226.5,7,35.95,1750
226.5,10,36.33,-1000
226.5,12,35.1,-1000
226.5,13,41.58,1750
226.5,16,37.25,-2750
226.5,19,38.01,2250
226.5,22,35.39,-4500
226.5,23,42.79,-500
227.0,3,40.0,750
227.0,6,36.92,-500
227.0,7,37.53,1750
227.0,9,35.02,-4500
227.0,13,42.66,1750
227.0,16,38.19,-2750
227.0,23,42.95,-500
227.0,25,35.55,-5000
227.0,26,35.01,3000
227.5,3,38.59,500
227.5,4,35.05,3500
227.5,6,38.22,-500
227.5,7,38.36,1750
227.5,9,35.13,1250
227.5,10,36.57,500
227.5,13,41.98,1750
227.5,16,37.0,-2750
227.5,18,35.04,2500
227.5,19,35.43,2750
227.5,20,36.06,-3000
227.5,23,42.71,-500
228.0,3,37.77,500
228.0,6,39.31,-750
228.0,7,35.27,1750
228.0,8,35.47,-5500
228.0,10,35.9,500
228.0,13,42.12,1750
228.0,16,39.73,-2750
228.0,19,39.24,2500
228.0,20,35.29,750
228.0,23,42.85,-500
228.0,25,35.15,-4250
228.0,27,35.92,-2750
228.0,32,35.88,-3500
228.5,3,40.15,750
228.5,6,35.75,-500
228.5,7,37.67,1750
228.5,10,37.12,500
228.5,13,42.92,1750
228.5,15,35.18,-1000
228.5,16,38.95,-2750
228.5,19,36.17,2500
228.5,23,43.49,-500
229.0,3,38.73,750
229.0,5,35.02,500
229.0,6,37.49,-500
229.0,7,36.62,1750
229.0,10,36.82,500
229.0,11,35.76,-4750
229.0,13,42.34,1750
229.0,16,36.79,-3000
229.0,19,36.78,2750
229.0,23,42.04,-500
229.0,31,35.17,-4250
229.5,3,39.49,750
229.5,6,36.14,-500
229.5,7,37.76,1750
229.5,10,35.5,500
229.5,13,42.81,1750
229.5,16,37.66,-3000
229.5,19,35.98,2750
229.5,21,35.89,-4750
229.5,22,35.27,4500
229.5,23,41.84,-500
230.0,3,39.11,500
230.0,6,38.47,-750
230.0,7,39.24,1750
230.0,13,42.28,1750
230.0,16,39.82,-2750
230.0,19,38.46,2500
230.0,20,35.5,-3000
230.0,23,42.81,-500
230.0,30,35.13,-1000
230.5,3,39.49,500
230.5,5,35.43,-3750
230.5,6,37.48,-500
230.5,7,36.66,1750
230.5,10,35.13,500
230.5,13,43.2,1750
230.5,14,35.59,4750
230.5,16,38.9,-2750
230.5,17,35.46,2750
230.5,18,35.88,-2500
230.5,19,37.01,2750
230.5,20,35.84,-3000
230.5,23,42.91,-500
231.0,3,40.68,500
231.0,6,38.8,-750
231.0,7,38.53,1750
231.0,13,42.88,1750
231.0,16,38.38,-2750
231.0,19,39.59,2500
231.0,20,35.09,-3000
231.0,23,42.45,-500
231.0,25,35.28,-4750
231.5,1,35.5,3000
231.5,3,40.34,750
231.5,5,35.06,-250
231.5,6,37.58,-750
231.5,7,35.53,1750
231.5,10,36.81,500
231.5,13,42.23,1750
231.5,14,35.11,250
231.5,16,38.98,-2750
231.5,19,39.96,2500
231.5,20,35.01,-3000
231.5,22,35.16,1750
231.5,23,43.5,-500
231.5,26,35.99,3750
231.5,28,35.13,4000
232.0,2,36.0,-4500
232.0,3,39.04,500
232.0,6,39.31,-750
232.0,10,37.73,500
232.0,13,42.14,1750
232.0,14,35.84,5750
232.0,16,41.21,-2750
232.0,18,35.4,2500
232.0,19,39.68,2500
232.0,20,35.28,-3000
232.0,23,42.49,-500
232.0,32,35.63,-2750
232.5,3,40.5,500
232.5,6,35.78,-500
232.5,7,35.97,1750
232.5,10,38.28,500
232.5,13,42.19,1750
232.5,14,35.98,-2750
232.5,16,38.83,-2750
232.5,18,35.76,-1250
232.5,19,35.56,4750
232.5,23,41.75,-500
233.0,3,38.72,750
233.0,6,37.81,-750
233.0,10,36.58,500
233.0,12,35.35,4500
233.0,13,43.0,1750
233.0,16,39.37,-2750
233.0,19,38.88,2500
233.0,23,42.6,-500
233.0,25,35.54,-4000
233.5,3,39.64,500
233.5,5,35.16,-2250
233.5,6,38.82,-750
233.5,7,37.21,1750
233.5,10,37.52,500
233.5,13,42.13,1750
233.5,16,36.71,-2750
233.5,18,35.39,2750
233.5,19,35.26,2750
233.5,23,43.27,-500
234.0,1,35.06,-2000
234.0,3,38.83,500
234.0,6,36.15,-500
234.0,7,37.5,1750
234.0,8,35.08,4750
234.0,10,36.26,500
234.0,11,35.28,-250
234.0,13,42.46,1750
234.0,16,38.06,-3000
234.0,21,35.12,5500
234.0,23,42.7,-500
234.0,28,35.01,3750
234.5,1,35.03,250
234.5,3,40.47,500
234.5,6,37.16,-500
234.5,7,37.56,1750
234.5,9,35.08,1250
234.5,10,38.03,500
234.5,11,35.06,-500
234.5,13,43.6,1750
234.5,16,39.26,-2750
234.5,23,43.04,-500
234.5,27,35.05,-6000
235.0,3,40.28,750
235.0,4,36.04,3250
235.0,6,37.55,-500
235.0,7,35.99,1750
235.0,10,35.77,500
235.0,13,42.39,1750
235.0,16,37.7,-2750
235.0,19,36.16,2750
235.0,22,35.05,1500
235.0,23,42.68,-500
235.0,30,35.23,-250
235.5,3,40.32,500
235.5,6,35.55,-500
235.5,7,38.47,1750
235.5,13,42.72,1750
235.5,16,40.84,-2750
235.5,19,36.17,2250
235.5,22,35.03,1500
235.5,23,42.75,-500
235.5,32,35.43,-3750
236.0,3,40.57,500
236.0,6,38.62,-750
236.0,7,39.2,1750
236.0,10,35.28,500
236.0,13,41.34,1750
236.0,16,37.13,-2750
236.0,17,35.57,5750
236.0,19,39.41,2500
236.0,20,36.08,-3000
236.0,23,42.68,-500
236.5,2,35.18,-1000
236.5,3,39.78,500
236.5,5,35.44,1500
236.5,6,37.29,-750
236.5,7,36.55,1750
236.5,10,35.66,500
236.5,13,43.23,1750
236.5,16,39.46,-2750
236.5,19,41.32,2500
236.5,23,41.5,-500
236.5,24,35.58,250
237.0,1,35.15,4500
237.0,3,39.51,500
237.0,6,39.24,-750
237.0,7,37.08,1750
237.0,10,37.73,500
237.0,11,35.25,-500
237.0,13,42.91,1750
237.0,14,35.16,1750
237.0,15,35.43,-4500
237.0,16,37.7,-2750
237.0,19,40.41,2500
237.0,23,41.62,-500
237.5,3,39.3,750
237.5,6,37.32,-500
237.5,7,37.2,1750
237.5,9,35.53,5750
237.5,10,36.35,500
237.5,13,42.08,1750
237.5,16,39.26,-2750
237.5,19,39.51,2500
237.5,20,35.04,4750
237.5,23,41.96,-500
237.5,26,35.48,-2750
237.5,30,35.33,-2000
238.0,3,38.89,750
238.0,6,38.14,-500
238.0,7,35.72,1750
238.0,10,36.23,-5000
238.0,13,43.84,1750
238.0,16,37.74,-2750
238.0,18,36.54,4500
238.0,19,35.75,2750
238.0,23,42.07,-500
238.0,27,35.44,-2000
238.5,3,39.53,750
238.5,6,37.79,-750
238.5,7,38.58,1750
238.5,10,36.14,500
238.5,13,44.0,1750
238.5,16,37.7,-2750
238.5,18,35.87,2000
238.5,19,37.69,2500
238.5,23,42.21,-500
238.5,32,35.83,-4250
239.0,3,39.7,750
239.0,6,37.21,-750
239.0,7,37.98,1750
239.0,13,43.34,1750
239.0,16,39.12,-2750
239.0,19,38.34,2500
239.0,22,35.41,-4000
239.0,23,43.39,-500
239.0,25,35.89,500
239.0,32,35.38,-6000
239.5,2,35.94,-3750
239.5,3,40.54,500
239.5,6,39.99,-750
239.5,7,37.11,1750
239.5,11,35.34,-3500
239.5,13,42.29,1750
239.5,16,39.79,-2750
239.5,19,38.7,2500
239.5,22,35.14,-5500
239.5,23,43.39,-500
239.5,31,35.01,3500
240.0,3,39.95,500
240.0,6,38.13,-750
240.0,7,37.54,1750
240.0,10,35.94,500
240.0,12,35.23,-3750
240.0,13,43.8,1750
240.0,16,37.45,-2750
240.0,18,36.58,-1750
240.0,19,38.19,2500
240.0,20,35.61,-3000
240.0,21,35.87,2000
240.0,23,43.11,-500
240.0,24,35.07,-5500
240.5,2,35.14,-500
240.5,3,38.62,750
240.5,7,37.52,1750
240.5,10,38.12,500
240.5,13,41.87,1750
240.5,16,38.53,-2750
240.5,20,35.03,-250
240.5,22,35.44,-3750
240.5,23,43.65,-500
240.5,30,35.15,250
241.0,1,35.08,-500
241.0,3,39.06,500
241.0,6,38.06,-500
241.0,7,38.96,1750
241.0,10,37.89,500
241.0,13,42.51,1750
241.0,16,40.18,-2750
241.0,19,35.4,2750
241.0,20,35.48,4750
241.0,21,36.16,-2000
241.0,23,42.68,-500
241.5,3,39.08,750
241.5,6,37.71,-750
241.5,7,35.78,1750
241.5,10,37.0,500
241.5,12,35.08,-4250
241.5,13,42.61,1750
241.5,16,38.76,-2750
241.5,17,35.84,4500
241.5,19,37.7,2500
241.5,23,42.31,-500
241.5,24,35.52,-1750
241.5,25,35.48,-3500
242.0,2,35.26,1750
242.0,3,39.79,750
242.0,6,38.77,-750
242.0,7,37.05,1750
242.0,8,35.01,-3000
242.0,10,37.32,500
242.0,13,42.87,1750
242.0,16,38.22,-3000
242.0,19,40.28,2500
242.0,20,35.72,-3000
242.0,23,42.03,-500
242.0,29,35.32,1000
242.5,2,36.9,1250
242.5,3,40.73,500
242.5,4,35.12,4500
242.5,6,36.96,-750
242.5,7,37.83,1750
242.5,9,35.08,1250
242.5,10,36.16,500
242.5,12,35.38,5250
242.5,13,42.4,1750
242.5,14,35.29,-3500
242.5,15,35.57,-4500
242.5,16,39.21,-2750
242.5,17,35.32,5750
242.5,19,35.78,2750
242.5,23,42.04,-500
242.5,25,35.07,-500
242.5,29,35.32,-5500
243.0,3,39.66,500
243.0,6,38.57,-750
243.0,7,37.18,1750
243.0,10,35.42,500
243.0,13,43.41,1750
243.0,16,39.3,-2750
243.0,17,35.0,-5750
243.0,19,40.95,2500
243.0,21,35.18,-2250
243.0,23,42.43,-500
243.0,29,35.08,3750
243.5,2,35.14,2250
243.5,3,39.11,500
243.5,6,39.81,-750
243.5,7,35.88,1750
243.5,10,36.33,500
243.5,13,42.43,1750
243.5,15,35.49,1250
243.5,16,39.04,-2750
243.5,19,38.78,2500
243.5,23,42.59,-500
243.5,25,35.26,-1250
244.0,2,35.64,0
244.0,3,38.64,750
244.0,4,35.29,2750
244.0,6,36.09,-500
244.0,7,37.53,1750
244.0,12,35.2,-3250
244.0,13,43.08,1750
244.0,16,39.29,-2750
244.0,19,39.05,2500
244.0,23,42.64,-500
244.5,3,39.97,500
244.5,6,40.37,-750
244.5,7,38.01,1750
244.5,9,35.18,3000
244.5,13,42.93,1750
244.5,16,37.84,-2750
244.5,19,36.46,2500
244.5,20,35.78,-3000
244.5,21,35.06,4250
244.5,23,42.22,-500
244.5,25,35.13,2750
245.0,3,38.96,500
245.0,6,36.25,-750
245.0,7,37.74,1750
245.0,8,35.04,1750
245.0,10,37.11,500
245.0,11,35.01,-500
245.0,13,42.62,1750
245.0,16,39.04,-2750
245.0,19,35.17,2500
245.0,23,42.54,-500
245.0,27,35.16,-4750
245.0,30,35.02,4000
245.0,31,35.06,-3250
245.5,3,39.84,750
245.5,6,35.47,-500
245.5,7,38.51,1750
245.5,13,43.45,1750
245.5,16,37.34,-2750
245.5,19,38.76,2500
245.5,23,41.47,-500
246.0,3,40.25,500
246.0,5,35.0,-4250
246.0,6,37.31,-500
246.0,7,36.51,1750
246.0,10,35.74,500
246.0,13,43.25,1750
246.0,15,35.08,-2250
246.0,16,39.85,-2750
246.0,19,38.69,2500
246.0,20,35.19,-4500
246.0,23,42.36,-500
246.0,32,35.07,5750
246.5,1,35.33,-3750
246.5,3,40.72,500
246.5,6,36.99,-500
246.5,7,36.44,1750
246.5,8,35.33,2500
246.5,10,35.73,500
246.5,13,42.07,1750
246.5,15,35.59,3500
246.5,16,38.66,-2750
246.5,19,37.85,2750
246.5,23,42.3,-500
247.0,3,38.36,750
247.0,4,35.59,5250
247.0,6,37.22,-500
247.0,7,37.99,1750
247.0,8,35.5,2250
247.0,10,35.89,500
247.0,13,42.39,1750
247.0,14,35.28,-4250
247.0,16,37.47,-3000
247.0,19,36.98,2750
247.0,20,37.36,-3000
247.0,23,42.5,-500
247.5,2,35.62,-2250
247.5,3,40.0,500
247.5,6,38.55,-500
247.5,7,37.18,1750
247.5,10,37.78,500
247.5,13,43.33,1750
247.5,15,35.19,-2250
247.5,16,36.81,-2750
247.5,23,42.77,-500
247.5,27,35.3,5500
247.5,31,35.02,5500
248.0,3,37.71,500
248.0,5,35.04,-5750
248.0,6,37.71,-750
248.0,7,39.52,1750
248.0,10,38.08,500
248.0,11,35.49,-1750
248.0,13,42.69,1750
248.0,16,37.9,-2750
248.0,19,35.71,2750
248.0,23,42.45,-500
248.5,3,38.67,500
248.5,6,38.91,-750
248.5,7,37.32,1750
248.5,13,42.79,1750
248.5,14,35.43,-4000
248.5,15,35.0,0
248.5,16,39.06,-2750
248.5,19,40.88,2500
248.5,20,35.11,-3000
248.5,23,42.38,-500
248.5,25,35.75,-1750
248.5,28,35.11,3250
248.5,31,35.12,3750
248.5,32,35.3,1250
249.0,2,35.28,4250
249.0,3,39.06,500
249.0,6,36.66,-750
249.0,7,38.58,1750
249.0,10,37.06,500
249.0,13,42.18,1750
249.0,16,37.63,-3000
249.0,19,38.5,2500
249.0,20,35.31,-1250
249.0,23,41.83,-500
249.0,24,35.1,-750
249.0,26,35.17,5250
249.0,27,35.28,-2250
249.0,30,35.25,-6000
249.5,3,39.0,750
249.5,6,38.47,-750
249.5,7,37.7,1750
249.5,13,43.33,1750
249.5,16,38.35,-3000
249.5,19,39.24,2500
249.5,23,42.28,-500
250.0,2,35.52,5500
250.0,3,40.0,500
250.0,6,40.36,-750
250.0,7,38.06,1750
250.0,8,35.21,-3750
250.0,10,36.59,500
250.0,13,43.08,1750
250.0,15,35.21,-4250
250.0,16,38.32,-2750
250.0,20,35.54,-3000
250.0,23,41.84,-500
250.5,3,39.42,500
250.5,6,38.02,-500
250.5,7,38.74,1750
250.5,10,37.77,500
250.5,12,35.37,-5250
250.5,13,42.13,1750
250.5,16,38.87,-2750
250.5,17,35.11,-500
250.5,19,38.44,2500
250.5,21,35.72,1250
250.5,22,35.04,-3000
250.5,23,42.11,-500
250.5,32,35.54,-500
251.0,1,35.22,3500
251.0,3,39.38,500
251.0,4,35.17,4750
251.0,5,35.35,-3000
251.0,6,38.16,-750
251.0,7,37.33,1750
251.0,10,35.77,500
251.0,13,42.93,1750
251.0,16,39.7,-2750
251.0,18,36.47,-4000
251.0,19,35.54,2750
251.0,22,35.39,-3750
251.0,23,42.31,-500
251.0,25,35.02,-5500
251.0,26,35.11,1500
251.0,30,35.42,3500
251.5,3,40.89,500
251.5,5,35.15,4750
251.5,6,39.91,-750
251.5,7,36.69,1750
251.5,10,36.23,500
251.5,13,43.09,1750
251.5,15,35.36,-2250
251.5,16,39.62,-2750
251.5,23,42.2,-500
251.5,26,35.03,-2750
251.5,27,35.12,-2750
252.0,1,35.07,-3000
252.0,2,35.84,1250
252.0,3,38.99,500
252.0,6,41.02,-750
252.0,7,36.94,1750
252.0,13,42.86,1750
252.0,16,39.39,-2750
252.0,17,35.52,-750
252.0,19,37.71,2750
252.0,23,42.23,-500
252.0,27,35.0,5500
252.0,30,35.64,-3250
252.5,1,35.09,-500
252.5,3,40.41,500
252.5,6,35.91,-1000
252.5,7,39.11,1750
252.5,10,37.11,500
252.5,13,43.13,1750
252.5,20,35.53,1500
252.5,22,35.57,3750
252.5,23,41.68,-500
252.5,30,35.23,5000
253.0,3,39.08,750
253.0,6,36.72,-500
253.0,7,37.55,1750
253.0,10,36.38,500
253.0,13,42.11,1750
253.0,16,36.73,-3000
253.0,18,35.57,1500
253.0,19,35.41,2500
253.0,20,35.39,-3000
253.0,23,41.3,-500
253.5,3,38.44,500
253.5,4,35.29,3000
253.5,6,39.28,-750
253.5,7,36.77,1750
253.5,10,35.51,500
253.5,11,35.26,-1250
253.5,12,35.28,1250
253.5,13,42.15,1750
253.5,16,40.3,-2750
253.5,19,38.17,2500
253.5,23,42.36,-500
253.5,27,35.22,-3750
253.5,29,35.06,-1750
254.0,3,40.01,500
254.0,4,36.01,250
254.0,6,38.5,-750
254.0,7,36.47,1750
254.0,8,35.18,3500
254.0,10,36.78,500
254.0,13,42.34,1750
254.0,16,40.21,-2750
254.0,19,39.64,2500
254.0,21,35.05,-3250
254.0,23,41.61,-500
254.0,26,35.06,2250
254.0,31,35.04,-1250
254.5,3,40.08,750
254.5,6,39.05,-500
254.5,7,36.68,1750
254.5,10,37.38,500
254.5,13,41.85,1750
254.5,16,38.42,-2750
254.5,17,35.6,-5250
254.5,19,36.72,2750
254.5,21,35.19,5750
254.5,23,42.1,-500
254.5,26,35.25,-5500
254.5,30,36.18,1500
255.0,3,40.27,500
255.0,6,37.54,-750
255.0,7,38.16,1750
255.0,9,35.12,-5750
255.0,10,36.14,500
255.0,12,35.66,5000
255.0,13,41.95,1750
255.0,16,39.04,-2750
255.0,19,39.97,2500
255.0,20,35.2,2000
255.0,22,35.6,1750
255.0,23,41.9,-500
255.0,26,35.76,-750
255.5,1,35.14,4750
255.5,3,40.23,500
255.5,5,35.59,-5000
255.5,6,37.27,-750
255.5,7,37.5,2000
255.5,13,42.21,1750
255.5,16,40.77,-2750
255.5,19,38.25,2500
255.5,21,35.37,-2500
255.5,23,42.28,-500
255.5,28,35.39,-5750
255.5,30,35.25,-3250
256.0,3,40.42,500
256.0,6,39.23,-750
256.0,7,39.89,1750
256.0,10,35.91,500
256.0,13,42.84,1750
256.0,14,35.14,-4500
256.0,16,39.44,-2750
256.0,19,39.76,2500
256.0,20,36.27,-3000
256.0,23,42.16,-500
256.0,26,35.26,-2750
256.0,30,35.11,4250
256.5,3,39.13,750
256.5,6,38.14,-500
256.5,7,39.58,1750
256.5,13,43.21,1750
256.5,16,38.28,-3000
256.5,19,37.85,2750
256.5,23,42.38,-500
256.5,26,35.38,-500
256.5,28,35.08,2750
256.5,29,35.18,4500
257.0,3,40.03,500
257.0,4,35.02,750
257.0,6,41.28,-750
257.0,7,37.38,1750
257.0,8,35.52,1000
257.0,13,42.0,1750
257.0,16,39.49,-2750
257.0,19,36.65,2500
257.0,23,42.25,-500
257.5,3,37.5,500
257.5,4,35.09,1250
257.5,6,37.64,-750
257.5,7,36.94,1750
257.5,10,37.13,500
257.5,13,42.24,1750
257.5,15,35.67,5500
257.5,16,39.41,-2750
257.5,19,37.9,2500
257.5,21,35.37,4250
257.5,23,42.4,-500
258.0,3,39.66,500
258.0,6,35.57,-500
258.0,7,38.75,1750
258.0,9,35.12,5500
258.0,10,35.33,500
258.0,13,42.36,1750
258.0,16,40.83,-2750
258.0,19,40.51,2500
258.0,23,41.93,-500
258.0,25,35.32,-6000
258.0,28,35.21,-250
258.5,1,35.3,5500
258.5,3,41.33,500
258.5,6,35.4,-500
258.5,7,37.25,1750
258.5,8,35.89,-2000
258.5,10,35.18,5750
258.5,12,35.25,2250
258.5,13,41.58,1750
258.5,16,38.88,-2750
258.5,18,35.06,-5750
258.5,19,35.68,2750
258.5,23,42.58,-500
258.5,30,35.07,-6000
259.0,3,40.96,500
259.0,6,38.81,-500
259.0,7,37.96,1750
259.0,10,37.69,500
259.0,13,42.36,1750
259.0,14,35.71,-5000
259.0,16,39.05,-2750
259.0,19,37.63,2750
259.0,23,41.83,-500
259.0,25,35.31,-6000
259.5,3,40.43,500
259.5,6,38.92,-500
259.5,7,37.4,1750
259.5,10,35.38,500
259.5,13,41.37,1750
259.5,15,35.13,0
259.5,16,37.97,-2750
259.5,19,38.8,2750
259.5,23,40.99,-500
259.5,25,35.84,3750
259.5,27,35.09,-3500
260.0,3,40.69,500
260.0,4,35.07,-5750
260.0,5,35.26,2250
260.0,6,39.29,-750
260.0,7,35.98,1750
260.0,8,35.61,4000
260.0,13,42.12,1750
260.0,16,38.74,-2750
260.0,19,39.62,2500
260.0,20,36.65,-3000
260.0,23,42.02,-500
260.5,3,38.84,500
260.5,6,37.93,-750
260.5,7,37.47,1750
260.5,8,35.39,5250
260.5,9,35.1,500
260.5,13,43.12,1750
260.5,16,35.95,-3000
260.5,18,35.94,2000
260.5,19,36.7,2250
260.5,20,37.32,-3000
260.5,23,42.71,-500
260.5,29,36.63,-3250
261.0,3,39.36,500
261.0,6,39.41,-750
261.0,7,39.7,1750
261.0,10,35.5,500
261.0,13,42.14,1750
261.0,16,40.12,-2750
261.0,19,40.17,2500
261.0,20,36.89,-3000
261.0,23,41.06,-500
261.0,32,35.1,-250
261.5,3,40.53,500
261.5,6,37.08,-750
261.5,7,38.8,1750
261.5,8,35.1,-2000
261.5,13,43.49,1750
261.5,15,35.46,-5500
261.5,16,39.95,-2750
261.5,18,35.02,500
261.5,19,40.6,2500
261.5,20,35.55,-3000
261.5,23,40.64,-500
261.5,24,35.68,-4750
261.5,26,35.04,-5500
261.5,27,35.2,-250
261.5,28,35.36,5000
261.5,29,35.38,1500
261.5,30,35.46,1250
262.0,1,35.57,3500
262.0,3,40.95,500
262.0,6,39.1,-750
262.0,7,36.0,1750
262.0,8,35.0,-3500
262.0,12,35.08,5500
262.0,13,42.55,1750
262.0,16,38.77,-2750
262.0,19,39.37,2500
262.0,23,40.83,-500
262.0,24,35.21,-1500
262.5,3,38.49,500
262.5,6,38.07,-500
262.5,9,35.21,-2750
262.5,10,36.47,500
262.5,13,40.8,1750
262.5,15,35.01,-250
262.5,16,40.02,-2750
262.5,17,35.41,-1250
262.5,20,35.06,-250
262.5,23,41.84,-500
262.5,25,35.49,-3500
263.0,3,40.34,500
263.0,6,35.59,-750
263.0,7,38.8,1750
263.0,13,41.93,1750
263.0,16,40.56,-2750
263.0,19,40.48,2500
263.0,20,37.41,-3000
263.0,23,41.95,-500
263.0,26,35.54,-1000
263.5,3,39.51,500
263.5,5,35.01,-750
263.5,6,38.44,-750
263.5,7,36.77,1750
263.5,10,36.47,500
263.5,13,42.38,1750
263.5,16,36.9,-3000
263.5,19,35.33,2500
263.5,20,36.11,-3000
263.5,23,42.45,-500
263.5,26,35.18,1000
263.5,32,35.12,3000
264.0,3,39.09,500
264.0,6,36.5,-500
264.0,7,36.9,1750
264.0,8,35.42,-4000
264.0,13,42.26,1750
264.0,16,37.16,-2750
264.0,18,35.38,5500
264.0,19,35.83,2750
264.0,20,36.96,-3000
264.0,23,42.8,-500
264.0,25,35.54,2500
264.0,27,35.17,4000
264.5,2,35.11,-4250
264.5,3,41.01,500
264.5,6,37.57,-500
264.5,7,38.19,1750
264.5,12,35.26,3000
264.5,13,41.45,1750
264.5,16,38.68,-2750
264.5,18,35.37,1250
264.5,19,35.57,2250
264.5,20,38.56,-3000
264.5,21,35.31,-5500
264.5,23,42.38,-500
264.5,30,36.02,-3250
265.0,3,40.53,500
265.0,6,39.66,-500
265.0,7,37.05,1750
265.0,13,42.21,1750
265.0,16,38.19,-2750
265.0,19,37.93,2750
265.0,20,36.0,-3000
265.0,21,35.88,-5000
265.0,23,40.67,-500
265.0,32,35.43,-4500
265.5,3,39.39,500
265.5,6,39.91,-500
265.5,7,36.75,1750
265.5,10,35.2,-250
265.5,13,41.14,1750
265.5,16,40.88,-2750
265.5,20,35.79,-3000
265.5,23,41.3,-500
265.5,24,35.04,5750
265.5,30,35.12,-250
266.0,1,35.22,-1000
266.0,3,40.02,500
266.0,6,37.62,-750
266.0,7,37.9,1750
266.0,10,35.73,500
266.0,13,42.11,1750
266.0,16,40.3,-2750
266.0,19,40.28,2500
266.0,23,41.73,-500
266.0,28,36.04,-1500
266.0,30,35.56,-4000
266.0,32,35.29,-1750
266.5,3,39.61,500
266.5,6,35.86,-1000
266.5,7,38.84,1750
266.5,11,35.43,-2500
266.5,13,42.38,1750
266.5,16,39.84,-2750
266.5,17,35.27,-2250
266.5,19,40.73,2500
266.5,20,35.04,-3000
266.5,23,40.18,-500
266.5,32,35.24,-2750
267.0,3,38.11,750
267.0,6,38.48,-750
267.0,7,36.19,1750
267.0,9,35.58,-2250
267.0,10,35.29,500
267.0,11,35.07,-2250
267.0,13,42.95,1750
267.0,16,39.54,-3000
267.0,19,39.82,2500
267.0,20,35.11,-3000
267.0,22,35.76,-2500
267.0,23,41.2,-500
267.0,24,35.04,-3750
267.0,29,35.22,750
267.5,3,39.05,500
267.5,6,35.29,-500
267.5,7,38.41,1750
267.5,10,35.84,500
267.5,13,41.08,1750
267.5,16,40.66,-2750
267.5,19,40.14,2500
267.5,23,40.8,-500
268.0,2,35.47,0
268.0,3,39.44,500
268.0,6,35.26,-500
268.0,7,36.51,1750
268.0,10,35.22,500
268.0,13,41.44,1750
268.0,15,35.53,4500
268.0,16,38.2,-2750
268.0,19,35.97,2750
268.0,21,35.0,-250
268.0,23,41.53,-500
268.5,2,35.5,-1000
268.5,3,39.4,500
268.5,6,38.68,-750
268.5,7,38.49,1750
268.5,10,37.55,500
268.5,13,41.86,1750
268.5,14,35.15,-1250
268.5,16,38.63,-2750
268.5,19,40.93,2500
268.5,20,37.09,-3000
268.5,21,35.14,3000
268.5,23,41.71,-500
268.5,25,35.05,3500
268.5,26,35.21,-1250
268.5,32,35.6,-4000
269.0,1,35.31,4500
269.0,2,35.69,1500
269.0,3,40.74,500
269.0,5,35.22,-5500
269.0,6,39.55,-750
269.0,7,36.34,1750
269.0,10,37.13,500
269.0,13,42.54,1750
269.0,14,35.51,1750
269.0,16,38.77,-2750
269.0,19,39.34,2500
269.0,23,42.98,-500
269.0,26,35.19,-5000
269.5,3,39.72,500
269.5,6,40.16,-750
269.5,7,37.63,2000
269.5,11,35.02,250
269.5,13,43.26,1750
269.5,16,39.45,-2750
269.5,19,41.25,2500
269.5,23,42.11,-500
269.5,24,35.06,-4000
269.5,25,35.19,5000
269.5,30,35.78,-250
269.5,31,35.04,2750
270.0,3,39.97,500
270.0,5,35.18,-2250
270.0,6,38.92,-750
270.0,7,37.82,1750
270.0,8,36.06,-4750
270.0,10,36.09,500
270.0,13,43.26,1750
270.0,16,39.84,-2750
270.0,18,35.29,-500
270.0,19,39.39,2500
270.0,20,35.11,-2750
270.0,21,35.09,-2750
270.0,23,41.31,-500
270.0,24,35.27,3500
270.0,25,35.02,-4250
270.0,28,35.04,5500
270.0,32,35.29,-3500
270.5,3,40.77,500
270.5,5,35.01,-3750
270.5,6,36.22,-500
270.5,7,38.01,1750
270.5,8,35.41,-5250
270.5,10,35.27,500
270.5,13,43.01,1750
270.5,16,39.33,-2750
270.5,19,37.57,2750
270.5,23,41.95,-500
270.5,24,35.1,-5750
271.0,3,40.28,500
271.0,6,37.58,-500
271.0,7,37.98,1750
271.0,10,35.31,500
271.0,13,41.99,1750
271.0,15,35.69,250
271.0,16,37.63,-2750
271.0,19,37.07,2750
271.0,20,35.77,-3000
271.0,23,42.2,-500
271.0,30,35.25,4750
271.0,31,35.36,3250
271.5,3,39.49,750
271.5,6,39.3,-750
271.5,7,37.96,1750
271.5,13,41.92,1750
271.5,16,40.53,-2750
271.5,19,40.72,2500
271.5,23,40.64,-500
271.5,25,35.04,-250
271.5,28,35.05,-1500
271.5,30,35.82,-3250
271.5,31,35.12,-4500
272.0,2,35.54,1250
272.0,3,41.29,500
272.0,6,40.43,-750
272.0,7,39.35,1750
272.0,9,35.15,5250
272.0,10,37.88,500
272.0,13,41.82,1750
272.0,15,35.2,2000
272.0,16,36.73,-3000
272.0,19,38.77,2500
272.0,20,36.69,-3000
272.0,23,42.46,-500
272.0,25,35.33,-1750
272.0,26,35.37,5000
272.0,32,35.05,5750
272.5,2,35.11,5500
272.5,3,41.19,500
272.5,6,40.38,-750
272.5,7,38.5,1750
272.5,13,41.08,1750
272.5,15,35.27,-4750
272.5,16,39.09,-2750
272.5,18,35.21,-250
272.5,19,36.65,2750
272.5,23,41.97,-500
272.5,26,35.08,4250
272.5,30,35.07,-2750
273.0,2,35.25,3750
273.0,3,39.87,500
273.0,6,36.07,-750
273.0,7,38.44,1750
273.0,13,42.2,1750
273.0,16,39.27,-2750
273.0,19,39.66,2500
273.0,23,41.71,-500
273.0,30,35.81,-3250
273.0,32,35.05,0
273.5,3,40.73,500
273.5,6,39.61,-750
273.5,7,37.69,1750
273.5,8,35.5,5750
273.5,9,35.28,-1250
273.5,10,36.05,500
273.5,13,41.74,1750
273.5,16,41.65,-2750
273.5,19,39.56,2500
273.5,23,40.36,-500
273.5,26,35.42,5500
273.5,30,35.08,-250
274.0,3,40.41,500
274.0,5,35.04,4000
274.0,6,37.96,-500
274.0,7,38.37,1750
274.0,10,35.99,500
274.0,13,41.93,1750
274.0,14,35.17,-2250
274.0,16,40.07,-2750
274.0,19,39.23,2500
274.0,23,40.94,-500
274.5,2,35.03,-500
274.5,3,39.5,500
274.5,6,39.2,-750
274.5,7,39.72,1750
274.5,10,36.58,500
274.5,13,42.72,1750
274.5,16,38.76,-2750
274.5,18,35.01,-4500
274.5,20,36.67,-3000
274.5,23,40.28,-500
274.5,25,35.04,-500
274.5,28,35.1,-2750
274.5,30,35.24,-3000
275.0,1,35.35,4250
275.0,3,40.71,500
275.0,5,35.16,3750
275.0,6,38.2,-500
275.0,8,35.96,-5750
275.0,10,35.4,500
275.0,13,43.04,1750
275.0,16,36.73,-2750
275.0,19,36.71,2750
275.0,23,41.82,-500
275.0,24,35.3,5500
275.0,31,35.11,-750
275.5,3,40.34,500
275.5,6,36.73,-500
275.5,7,36.15,1750
275.5,10,38.15,500
275.5,13,43.03,1750
275.5,16,39.72,-2750
275.5,19,38.04,2500
275.5,21,35.05,-2500
275.5,23,40.25,-500
276.0,3,39.54,500
276.0,6,37.95,-500
276.0,7,39.97,1750
276.0,10,36.92,500
276.0,13,42.57,1750
276.0,16,39.23,-2750
276.0,19,39.63,2500
276.0,20,35.96,-3000
276.0,23,41.29,-500
276.0,32,35.0,1500
276.5,2,35.47,4000
276.5,3,40.14,500
276.5,5,35.06,2250
276.5,6,38.08,-500
276.5,7,37.66,1750
276.5,9,35.19,-5000
276.5,12,35.49,500
276.5,13,41.74,1750
276.5,15,35.09,-5750
276.5,16,39.13,-2750
276.5,19,35.69,2750
276.5,23,41.14,-500
277.0,1,35.33,750
277.0,3,39.92,500
277.0,6,38.27,-500
277.0,7,38.02,1750
277.0,10,37.85,500
277.0,11,35.13,750
277.0,12,35.05,-1250
277.0,13,42.84,1750
277.0,16,40.15,-2750
277.0,19,36.9,2250
277.0,23,42.1,-500
277.0,29,35.06,-3000
277.5,3,40.23,500
277.5,6,37.38,-500
277.5,7,36.14,1750
277.5,10,37.27,500
277.5,13,42.74,1750
277.5,16,38.85,-3000
277.5,17,35.22,500
277.5,23,40.98,-500
277.5,29,35.34,-750
277.5,32,35.45,-1750
278.0,1,35.77,1750
278.0,3,40.83,500
278.0,7,37.42,1750
278.0,8,35.81,-1250
278.0,9,35.17,4000
278.0,10,35.86,500
278.0,13,42.5,1750
278.0,16,37.87,-2750
278.0,19,36.54,2750
278.0,23,41.97,-500
278.5,3,41.25,500
278.5,6,38.53,-500
278.5,7,37.75,1750
278.5,12,35.55,-3500
278.5,13,41.86,1750
278.5,14,35.01,-3750
278.5,15,35.02,-2250
278.5,16,37.37,-2750
278.5,19,35.45,2750
278.5,23,41.94,-500
278.5,24,35.55,4500
278.5,28,35.25,1250
278.5,30,35.1,5500
279.0,3,39.94,500
279.0,5,35.04,-5000
279.0,6,38.14,-500
279.0,7,36.78,1750
279.0,10,38.11,500
279.0,13,42.41,1750
279.0,16,39.1,-2750
279.0,19,37.22,2750
279.0,23,42.16,-500
279.5,3,39.76,500
279.5,6,35.83,-750
279.5,7,37.34,1750
279.5,8,35.09,250
279.5,10,36.65,500
279.5,13,41.73,1750
279.5,16,37.9,-3000
279.5,19,37.83,2250
279.5,20,35.05,-4750
279.5,23,40.83,-500
279.5,31,35.05,-2500
280.0,3,39.29,500
280.0,6,39.45,-500
280.0,7,35.62,1750
280.0,9,35.07,-250
280.0,13,42.74,1750
280.0,15,35.37,1500
280.0,16,37.43,-3000
280.0,17,35.13,250
280.0,19,36.96,2750
280.0,20,35.33,-3000
280.0,23,42.14,-500
280.0,27,35.28,1750
280.5,3,40.69,500
280.5,6,37.62,-500
280.5,7,38.55,1750
280.5,8,35.18,-3750
280.5,10,39.05,500
280.5,13,42.01,1750
280.5,16,38.38,-2750
280.5,19,37.31,2750
280.5,20,35.33,-1750
280.5,22,35.13,5250
280.5,23,42.09,-500
281.0,2,35.3,-5000
281.0,3,41.94,500
281.0,6,39.5,-500
281.0,7,36.82,1750
281.0,10,37.37,500
281.0,12,35.64,1500
281.0,13,41.71,1750
281.0,16,36.92,-3000
281.0,19,35.79,2750
281.0,23,41.02,-500
281.0,27,35.11,-5000
281.0,29,35.51,5750
281.5,3,40.8,500
281.5,6,36.92,-500
281.5,7,38.04,1750
281.5,10,37.39,500
281.5,11,35.42,-1500
281.5,13,42.12,1750
281.5,16,36.45,-2750
281.5,18,35.4,750
281.5,19,36.26,2750
281.5,23,43.38,-500
282.0,3,39.82,500
282.0,6,35.83,-500
282.0,7,38.18,1750
282.0,10,37.38,500
282.0,13,41.92,1750
282.0,14,35.41,-2500
282.0,16,38.66,-2750
282.0,17,35.23,-3000
282.0,19,35.54,2500
282.0,20,36.4,-3000
282.0,23,41.31,-500
282.0,30,35.02,-2500
282.0,31,35.2,4750
282.5,3,41.22,500
282.5,6,36.71,-500
282.5,7,35.97,2000
282.5,10,36.76,500
282.5,13,43.26,1750
282.5,16,38.02,-2750
282.5,23,40.99,-500
282.5,30,35.67,-3250
283.0,2,35.39,4500
283.0,3,40.87,500
283.0,6,36.67,-750
283.0,7,36.27,1750
283.0,10,37.29,500
283.0,13,42.8,1750
283.0,14,35.04,3000
283.0,16,38.29,-2750
283.0,19,36.38,2750
283.0,20,37.4,-3000
283.0,23,40.73,-500
283.0,26,35.03,-5250
283.0,30,35.14,4250
283.5,3,40.6,500
283.5,4,35.14,2750
283.5,5,35.16,3500
283.5,6,39.86,-750
283.5,7,36.72,1750
283.5,8,35.24,1750
283.5,10,36.25,500
283.5,13,43.63,1750
283.5,16,38.72,-2750
283.5,19,39.42,2500
283.5,20,37.26,-3000
283.5,22,35.25,-5500
283.5,23,40.83,-500
283.5,30,35.04,-5750
284.0,2,35.31,-5750
284.0,3,40.15,500
284.0,6,38.72,-750
284.0,7,38.78,1750
284.0,9,35.71,2000
284.0,10,36.3,500
284.0,11,35.33,-4000
284.0,13,42.6,1750
284.0,16,39.68,-2750
284.0,19,39.07,2500
284.0,23,42.6,-500
284.5,3,39.73,500
284.5,6,37.85,-500
284.5,7,35.89,1750
284.5,8,35.37,-4250
284.5,10,36.38,500
284.5,13,42.21,1750
284.5,16,37.44,-3000
284.5,17,35.11,2750
284.5,19,36.97,2750
284.5,20,35.76,-3000
284.5,21,35.24,-3000
284.5,23,41.09,-500
284.5,24,35.14,-2250
284.5,31,35.77,-5250
285.0,3,40.56,500
285.0,6,40.43,-750
285.0,7,36.62,1750
285.0,10,37.29,500
285.0,13,42.49,1750
285.0,16,37.47,-2750
285.0,19,40.04,2500
285.0,23,39.96,-500
285.0,30,35.17,-3250
285.0,32,35.29,-2500
285.5,3,40.62,500
285.5,6,40.11,-750
285.5,7,39.3,1750
285.5,10,36.78,500
285.5,13,43.09,1750
285.5,15,35.74,3750
285.5,16,37.88,-2750
285.5,17,35.17,3750
285.5,19,40.37,2500
285.5,23,40.79,-500
286.0,3,40.21,500
286.0,5,35.0,-4250
286.0,6,38.32,-500
286.0,7,37.46,1750
286.0,13,41.49,1750
286.0,15,35.39,250
286.0,16,38.25,-2750
286.0,19,37.8,2750
286.0,20,37.44,-3000
286.0,22,35.68,2000
286.0,23,40.56,-500
286.0,25,35.57,1750
286.0,30,35.46,1750
286.0,31,35.04,-5500
286.5,3,38.6,500
286.5,6,38.72,-750
286.5,7,38.66,1750
286.5,13,43.0,1750
286.5,16,38.57,-2750
286.5,19,40.36,2500
286.5,20,37.49,-3000
286.5,23,41.4,-500
286.5,24,35.55,-3750
286.5,27,35.15,-250
287.0,3,40.85,500
287.0,6,38.85,-750
287.0,7,36.55,1750
287.0,13,41.06,1750
287.0,16,38.02,-2750
287.0,19,40.02,2500
287.0,23,40.98,-500
287.5,3,41.24,500
287.5,6,36.3,-500
287.5,7,36.1,1750
287.5,10,35.65,500
287.5,13,42.0,1750
287.5,16,38.03,-2750
287.5,19,39.57,2500
287.5,22,35.24,500
287.5,23,41.85,-500
287.5,24,35.04,-5000
287.5,32,35.55,4000
288.0,3,39.79,500
288.0,6,38.06,-750
288.0,7,37.9,1750
288.0,13,42.59,1750
288.0,16,38.32,-2750
288.0,19,40.97,2500
288.0,20,36.64,-3000
288.0,22,35.23,-1750
288.0,23,41.44,-500
288.0,27,35.02,1750
288.5,1,35.34,-6000
288.5,2,35.09,5750
288.5,3,40.88,500
288.5,6,35.2,5250
288.5,7,39.44,1750
288.5,10,36.01,500
288.5,12,35.16,0
288.5,13,42.31,1750
288.5,16,37.31,-3000
288.5,19,36.31,2750
288.5,20,35.22,-5750
288.5,23,42.08,-500
288.5,28,35.01,1750
288.5,30,35.47,-2500
288.5,31,35.06,2000
289.0,1,35.26,-500
289.0,3,40.65,500
289.0,4,35.14,4500
289.0,5,35.54,-1000
289.0,6,35.63,-1000
289.0,7,39.63,1750
289.0,9,35.05,-2000
289.0,10,37.02,500
289.0,13,41.74,1750
289.0,16,38.58,-2750
289.0,18,35.74,-5250
289.0,19,35.2,2500
289.0,20,35.89,-3000
289.0,23,41.05,-500
289.5,3,40.76,500
289.5,4,35.22,3250
289.5,6,39.21,-500
289.5,7,38.74,1750
289.5,10,37.18,500
289.5,11,35.0,-4250
289.5,13,42.88,1750
289.5,16,38.67,-2750
289.5,19,36.71,2750
289.5,23,40.65,-500
289.5,26,35.36,-2250
290.0,3,40.07,500
290.0,6,39.25,-750
290.0,7,38.06,1750
290.0,8,35.27,-4750
290.0,10,36.62,500
290.0,13,41.69,1750
290.0,16,39.57,-2750
290.0,19,40.35,2500
290.0,23,40.29,-500
290.0,31,35.16,-3500
290.5,3,41.24,500
290.5,6,37.7,-500
290.5,7,37.26,1750
290.5,13,41.61,1750
290.5,16,38.09,-2750
290.5,19,36.42,2750
290.5,23,40.88,-500
290.5,31,35.67,5250
291.0,3,39.88,500
291.0,6,39.9,-750
291.0,7,38.91,1750
291.0,10,38.1,500
291.0,13,41.03,1750
291.0,16,37.2,-2750
291.0,19,40.18,2500
291.0,20,36.17,-750
291.0,22,35.94,-4750
291.0,23,41.29,-500
291.0,31,35.74,4750
291.5,1,35.21,3750
291.5,3,40.87,500
291.5,6,39.53,-750
291.5,7,37.64,1750
291.5,9,35.18,-4500
291.5,10,35.99,500
291.5,11,36.07,-4250
291.5,12,35.83,5750
291.5,13,42.31,1750
291.5,16,36.69,-2750
291.5,19,41.04,2500
291.5,23,40.83,-500
291.5,24,35.23,-1500
291.5,31,35.07,-4000
292.0,2,35.34,-3750
292.0,3,40.52,500
292.0,5,35.17,2750
292.0,6,41.11,-750
292.0,7,37.68,1750
292.0,10,36.42,500
292.0,11,35.39,-3000
292.0,13,42.43,1750
292.0,16,38.84,-2750
292.0,19,40.09,2500
292.0,20,38.22,-3000
292.0,22,35.12,-750
292.0,23,42.48,-500
292.5,2,35.21,-3500
292.5,3,40.18,500
292.5,7,39.16,1750
292.5,8,35.44,-750
292.5,10,37.38,500
292.5,12,35.27,-3250
292.5,13,42.79,1750
292.5,15,35.39,1000
292.5,16,38.89,-2750
292.5,19,36.42,2750
292.5,20,36.66,-3000
292.5,23,41.91,-500
292.5,24,35.28,1500
293.0,3,41.37,500
293.0,5,35.02,-750
293.0,6,41.11,-750
293.0,7,38.12,2000
293.0,8,35.19,-2750
293.0,10,36.23,500
293.0,11,36.28,2750
293.0,12,35.33,1750
293.0,13,42.27,1750
293.0,16,38.8,-2750
293.0,19,40.81,2500
293.0,21,35.07,-3250
293.0,23,41.12,-500
293.0,26,35.68,2750
293.5,3,39.56,500
293.5,6,38.9,-750
293.5,7,35.76,1750
293.5,8,35.19,4000
293.5,10,35.57,500
293.5,13,43.22,1750
293.5,15,35.09,-2000
293.5,16,38.29,-3000
293.5,23,41.29,-500
293.5,27,36.17,-4250
293.5,30,35.04,-1750
294.0,3,41.31,500
294.0,6,38.32,-500
294.0,7,37.37,1750
294.0,8,35.32,2250
294.0,10,36.66,500
294.0,13,43.04,1750
294.0,16,39.02,-2750
294.0,17,36.27,1750
294.0,19,36.71,2250
294.0,23,41.72,-500
294.0,24,35.27,0
294.0,31,35.41,1000
294.5,3,42.11,500
294.5,6,39.11,-500
294.5,7,37.07,2000
294.5,8,35.0,3750
294.5,10,36.1,500
294.5,13,42.82,1750
294.5,16,38.33,-2750
294.5,18,35.33,-3500
294.5,23,40.51,-500
294.5,30,35.28,-3250
295.0,3,41.75,500
295.0,6,37.08,-500
295.0,7,37.26,1750
295.0,8,36.32,2250
295.0,13,40.61,1750
295.0,16,37.28,-2750
295.0,19,36.08,2250
295.0,22,35.04,-4250
295.0,23,40.72,-500
295.0,25,35.48,750
295.5,3,39.4,500
295.5,6,36.75,-500
295.5,7,36.53,1750
295.5,9,35.24,-3250
295.5,10,36.79,500
295.5,12,35.08,5250
295.5,13,43.28,1750
295.5,16,39.42,-2750
295.5,18,35.05,-2500
295.5,19,35.98,2750
295.5,20,38.33,-3000
295.5,23,41.1,-500
295.5,30,35.25,2000
296.0,1,35.05,-6000
296.0,3,40.0,500
296.0,6,40.57,-750
296.0,7,39.13,1750
296.0,10,38.01,500
296.0,13,42.16,1750
296.0,16,39.18,-3000
296.0,19,40.96,2500
296.0,20,35.79,-3000
296.0,23,40.36,-500
296.0,26,35.32,1750
296.0,29,35.79,-5250
296.5,3,41.64,500
296.5,4,35.67,-5000
296.5,7,37.28,1750
296.5,10,35.29,-2250
296.5,13,43.18,1750
296.5,15,35.53,2250
296.5,16,40.25,-2750
296.5,19,41.84,2500
296.5,20,35.11,2750
296.5,23,41.01,-500
296.5,28,35.02,1250
297.0,3,40.72,500
297.0,6,39.13,-750
297.0,7,37.22,1750
297.0,10,36.05,500
297.0,13,41.7,1750
297.0,14,35.74,-1750
297.0,16,37.95,-3000
297.0,19,40.58,2500
297.0,22,35.49,2500
297.0,23,39.67,-750
297.0,26,35.07,4750
297.5,3,40.98,500
297.5,6,36.85,-500
297.5,7,37.38,1750
297.5,10,36.22,500
297.5,13,43.24,1750
297.5,16,39.02,-2750
297.5,19,39.72,2500
297.5,23,41.59,-500
297.5,27,35.17,-3750
298.0,3,40.91,500
298.0,4,35.01,-4250
298.0,5,35.58,-2250
298.0,6,37.08,-500
298.0,7,36.51,1750
298.0,8,35.5,-3000
298.0,10,36.01,500
298.0,12,35.42,2500
298.0,13,41.71,1750
298.0,16,38.11,-2750
298.0,17,35.4,500
298.0,19,35.9,2250
298.0,23,40.15,-500
298.0,28,35.23,3250
298.5,3,41.02,500
298.5,6,38.71,-750
298.5,7,37.44,1750
298.5,8,35.14,2250
298.5,10,36.66,500
298.5,13,41.85,1750
298.5,14,35.09,-1000
298.5,16,38.31,-2750
298.5,17,35.28,3000
298.5,19,39.71,2500
298.5,22,35.12,3000
298.5,23,41.18,-500
298.5,24,35.06,3000
298.5,30,35.89,-3250
298.5,32,35.08,-3500
299.0,3,40.32,500
299.0,5,35.62,3000
299.0,6,40.27,-750
299.0,7,36.22,1750
299.0,10,35.38,500
299.0,13,42.73,1750
299.0,16,38.6,-2750
299.0,19,39.42,2500
299.0,21,35.18,-5250
299.0,22,35.58,0
299.0,23,39.92,-500
299.0,28,35.44,2500
299.0,29,35.08,3500
299.0,30,35.12,1500
299.5,3,41.33,500
299.5,6,40.06,-750
299.5,7,39.66,1750
299.5,10,39.24,500
299.5,13,42.53,1750
299.5,14,35.07,3750
299.5,16,39.49,-3000
299.5,17,35.27,-3750
299.5,18,35.01,2500
299.5,19,40.63,2500
299.5,21,35.09,250
299.5,23,40.64,-500
299.5,32,35.7,-4500
300.0,3,41.08,500
300.0,6,40.77,-750
300.0,7,38.82,1750
300.0,10,37.58,500
300.0,11,35.97,-3250
300.0,13,42.51,1750
300.0,14,35.45,3500
300.0,16,39.46,-2750
300.0,19,40.84,2500
300.0,20,35.85,-4750
300.0,23,38.07,-500
300.0,25,35.55,750
300.0,30,35.08,1500
300.5,3,41.09,500
300.5,6,37.6,-500
300.5,7,37.07,1750
300.5,8,35.25,5250
300.5,10,35.72,500
300.5,13,42.45,1750
300.5,15,35.09,-5250
300.5,16,38.95,-2750
300.5,19,36.56,2250
300.5,20,35.98,-3000
300.5,23,39.36,-500
300.5,30,35.2,-3250
301.0,3,41.72,500
301.0,6,37.0,-500
301.0,7,40.19,1750
301.0,8,35.63,-3500
301.0,10,36.56,500
301.0,13,42.4,1750
301.0,16,40.28,-2750
301.0,19,35.79,2250
301.0,23,41.4,-500
301.5,3,41.34,500
301.5,6,40.66,-750
301.5,7,38.11,1750
301.5,10,35.65,500
301.5,13,43.22,1750
301.5,16,38.74,-2750
301.5,17,35.0,3500
301.5,19,39.82,2500
301.5,23,40.81,-500
301.5,26,35.04,-4250
301.5,30,35.36,-3250
302.0,3,41.66,500
302.0,6,40.51,-750
302.0,7,38.07,1750
302.0,11,35.2,3500
302.0,13,42.54,1750
302.0,16,39.33,-3000
302.0,18,35.2,4000
302.0,19,40.36,2500
302.0,20,35.7,-3000
302.0,23,42.23,-500
302.0,25,35.06,-2000
302.5,3,40.13,500
302.5,6,40.52,-750
302.5,7,37.99,1750
302.5,8,35.38,5000
302.5,10,36.82,500
302.5,11,35.23,0
302.5,13,41.65,1750
302.5,16,39.2,-2750
302.5,19,35.71,2750
302.5,23,41.29,-500
302.5,32,35.42,3000
303.0,3,39.71,500
303.0,6,39.57,-750
303.0,7,37.08,1750
303.0,13,42.8,1750
303.0,16,37.92,-2750
303.0,19,41.11,2500
303.0,23,40.79,-500
303.0,27,35.01,5500
303.0,31,35.99,-6000
303.5,3,39.52,500
303.5,6,39.49,-750
303.5,7,37.54,1750
303.5,10,35.26,-5500
303.5,13,42.3,1750
303.5,16,39.05,-2750
303.5,18,35.34,5250
303.5,19,39.86,2500
303.5,23,42.08,-500
303.5,25,35.01,-1500
303.5,26,35.57,-5500
303.5,29,35.79,1250
303.5,30,35.05,-1750
304.0,3,40.94,500
304.0,6,36.17,-1000
304.0,7,36.17,1750
304.0,13,42.63,1750
304.0,15,35.36,1500
304.0,16,40.31,-2750
304.0,17,35.1,-2750
304.0,19,41.73,2500
304.0,20,35.7,2250
304.0,23,40.73,-750
304.5,2,35.42,-750
304.5,3,42.04,500
304.5,6,38.32,-750
304.5,7,37.03,1750
304.5,10,35.04,500
304.5,13,42.59,1750
304.5,16,39.12,-2750
304.5,19,36.42,2250
304.5,20,37.12,-3000
304.5,22,35.88,-750
304.5,23,40.78,-500
304.5,25,35.15,5750
304.5,30,35.53,-1500
305.0,3,40.97,500
305.0,6,35.07,-1000
305.0,7,36.19,1750
305.0,10,36.2,500
305.0,13,41.49,1750
305.0,14,36.14,-1000
305.0,15,35.35,-3750
305.0,16,37.99,-2750
305.0,20,36.55,-3000
305.0,23,40.29,-500
305.5,3,40.62,500
305.5,6,36.36,-500
305.5,7,36.11,1750
305.5,8,35.49,-5000
305.5,10,36.75,500
305.5,11,35.17,5500
305.5,13,41.08,1750
305.5,16,39.22,-2750
305.5,19,40.04,2500
305.5,21,35.02,4500
305.5,23,40.21,-500
306.0,3,41.42,500
306.0,6,36.14,-500
306.0,7,39.86,1750
306.0,13,41.19,1750
306.0,16,40.1,-2750
306.0,19,40.56,2500
306.0,21,35.18,3500
306.0,23,41.74,-500
306.0,26,35.14,-4250
306.0,27,35.31,2000
306.0,28,35.48,-4500
306.5,3,40.89,500
306.5,6,36.17,-500
306.5,7,38.34,1750
306.5,10,35.61,500
306.5,13,42.58,1750
306.5,16,37.87,-3000
306.5,19,36.8,2750
306.5,20,35.36,-3000
306.5,22,35.78,-2750
306.5,23,39.96,-500
307.0,3,41.47,500
307.0,6,36.68,-500
307.0,10,38.16,500
307.0,13,41.76,1750
307.0,16,39.95,-2750
307.0,19,35.84,2750
307.0,20,35.25,-3000
307.0,23,39.67,-750
307.0,25,35.09,3750
307.0,30,35.47,500
307.5,3,41.52,500
307.5,6,38.46,-500
307.5,7,38.49,1750
307.5,10,38.08,500
307.5,13,42.21,1750
307.5,16,38.88,-3000
307.5,17,35.2,3000
307.5,19,38.31,2250
307.5,21,35.46,-3000
307.5,23,40.53,-500
307.5,25,35.73,5250
307.5,26,35.28,-1250
307.5,29,35.08,2500
307.5,31,35.17,3000
308.0,3,41.29,500
308.0,5,35.5,3500
308.0,6,37.63,-500
308.0,7,38.61,1750
308.0,13,42.53,1750
308.0,16,38.67,-2750
308.0,17,35.21,2500
308.0,19,36.49,2750
308.0,22,35.52,-3250
308.0,23,40.3,-500
308.0,28,36.0,750
308.5,3,40.44,500
308.5,4,35.11,-5750
308.5,6,39.17,-750
308.5,7,39.32,1750
308.5,12,35.3,4000
308.5,13,41.86,1750
308.5,16,37.17,-3000
308.5,19,37.25,2250
308.5,23,40.78,-500
308.5,24,36.1,-5500
309.0,3,41.88,500
309.0,6,40.72,-750
309.0,7,36.98,1750
309.0,11,35.69,250
309.0,13,42.35,1750
309.0,16,39.79,-2750
309.0,19,41.27,2500
309.0,20,35.28,-3000
309.0,23,40.77,-500
309.5,3,40.34,500
309.5,6,36.06,-500
309.5,7,38.03,1750
309.5,8,35.43,-4750
309.5,10,35.46,500
309.5,13,41.65,1750
309.5,16,41.17,-2750
309.5,17,35.05,-3750
309.5,19,39.93,2500
309.5,20,36.27,3750
309.5,22,35.27,-4750
309.5,23,40.67,-500
309.5,29,35.27,-5750
309.5,32,35.27,-4500
310.0,3,42.17,500
310.0,6,38.48,-500
310.0,7,35.42,1750
310.0,10,36.2,500
310.0,11,35.04,4500
310.0,13,42.73,1750
310.0,16,39.74,-2750
310.0,19,41.04,2500
310.0,23,40.09,-500
310.0,27,35.01,-5250
310.5,1,35.64,0
310.5,3,42.38,500
310.5,5,35.41,-2750
310.5,6,38.38,-500
310.5,7,36.0,1750
310.5,8,35.82,-3750
310.5,10,37.82,500
310.5,13,42.28,1750
310.5,14,35.08,4500
310.5,16,39.22,-3000
310.5,19,37.77,2250
310.5,22,35.16,2000
310.5,23,39.36,-500
310.5,24,36.64,1500
310.5,26,35.23,4000
310.5,29,35.48,-1750
311.0,3,41.13,500
311.0,5,35.26,-3750
311.0,6,36.6,-500
311.0,7,35.97,1750
311.0,9,35.43,4250
311.0,10,35.75,500
311.0,13,42.71,1750
311.0,15,35.01,-250
311.0,16,38.69,-3000
311.0,19,35.13,2750
311.0,23,39.24,-750
311.0,25,35.62,3250
311.0,28,35.42,-750
311.0,31,35.36,5750
311.5,3,40.86,500
311.5,6,40.23,-750
311.5,7,36.59,1750
311.5,13,42.71,1750
311.5,16,39.45,-2750
311.5,19,39.87,2500
311.5,23,40.17,-500
311.5,28,35.14,1250
311.5,30,35.15,-3250
312.0,3,41.36,500
312.0,6,37.57,-500
312.0,7,38.42,1750
312.0,10,35.02,500
312.0,13,42.32,1750
312.0,14,35.13,-4500
312.0,16,37.93,-2750
312.0,19,36.55,2250
312.0,23,40.36,-500
312.0,32,35.12,2000
312.5,3,41.82,500
312.5,6,35.54,-500
312.5,11,35.51,250
312.5,13,42.15,1750
312.5,16,38.63,-2750
312.5,19,36.76,2750
312.5,23,40.54,-500
312.5,30,35.63,-3250
312.5,31,35.56,-1000
313.0,3,40.93,500
313.0,6,37.9,-500
313.0,7,37.95,1750
313.0,8,35.54,-2500
313.0,10,35.57,500
313.0,13,42.17,1750
313.0,15,35.43,-750
313.0,16,39.31,-3000
313.0,19,36.17,2250
313.0,23,40.57,-500
313.5,2,35.0,-6000
313.5,3,41.3,500
313.5,5,36.21,-5250
313.5,6,39.76,-750
313.5,7,35.14,1750
313.5,10,36.21,500
313.5,11,35.69,5500
313.5,13,42.65,1750
313.5,16,38.54,-2750
313.5,19,39.53,2500
313.5,23,41.02,-500
313.5,27,35.37,4500
313.5,28,35.48,-750
313.5,30,35.05,5500
313.5,31,35.1,3500
314.0,3,41.28,500
314.0,5,35.06,4250
314.0,6,40.04,-750
314.0,7,35.73,1750
314.0,8,35.24,2000
314.0,10,36.13,500
314.0,13,42.26,1750
314.0,14,35.29,3000
314.0,16,39.89,-2750
314.0,19,41.19,2500
314.0,20,35.07,-3000
314.0,23,41.04,-500
314.0,26,35.06,-250
314.0,30,35.05,4500
314.5,3,41.16,500
314.5,4,35.1,-4250
314.5,6,41.69,-750
314.5,7,38.22,1750
314.5,10,35.9,500
314.5,13,42.61,1750
314.5,16,40.27,-2750
314.5,19,40.52,2500
314.5,23,39.4,-500
315.0,3,41.29,500
315.0,6,40.64,-750
315.0,7,37.98,1750
315.0,9,35.18,-4000
315.0,10,36.06,500
315.0,11,35.49,3000
315.0,13,43.34,1750
315.0,16,40.27,-2750
315.0,19,40.75,2500
315.0,20,35.54,-3000
315.0,23,40.47,-500
315.0,29,35.69,-4750
315.5,3,41.73,500
315.5,6,37.77,-750
315.5,7,37.4,1750
315.5,10,36.58,500
315.5,12,35.06,-3250
315.5,13,42.69,1750
315.5,16,39.57,-2750
315.5,18,35.05,-5750
315.5,19,40.79,2500
315.5,23,40.25,-500
315.5,29,35.45,-1000
316.0,3,41.78,500
316.0,6,41.62,-750
316.0,7,37.14,1750
316.0,13,42.72,1750
316.0,16,39.31,-2750
316.0,19,41.43,2500
316.0,23,40.05,-750
316.5,1,35.05,3750
316.5,2,35.28,-2250
316.5,3,38.55,500
316.5,6,39.73,-750
316.5,7,37.27,1750
316.5,8,35.97,2000
316.5,10,36.3,500
316.5,13,42.2,1750
316.5,16,38.96,-2750
316.5,19,39.91,2500
316.5,23,39.31,-500
316.5,24,35.01,4000
317.0,3,42.04,500
317.0,6,40.42,-750
317.0,10,35.85,500
317.0,12,35.11,3500
317.0,13,42.23,1750
317.0,16,39.02,-2750
317.0,17,35.04,3750
317.0,19,39.18,2500
317.0,20,36.92,-3000
317.0,23,39.05,-500
317.0,25,35.16,-1750
317.0,29,35.8,3750
317.0,31,35.07,3250
317.5,1,35.31,-500
317.5,3,39.68,500
317.5,6,40.46,-750
317.5,7,38.07,1750
317.5,10,35.41,5500
317.5,13,41.43,1750
317.5,16,37.0,-2750
317.5,19,37.22,2750
317.5,23,39.6,-500
317.5,31,35.06,3000
318.0,1,35.28,2000
318.0,3,42.6,500
318.0,6,36.89,-500
318.0,7,36.32,1750
318.0,9,35.8,750
318.0,10,37.69,500
318.0,13,42.16,1750
318.0,16,38.85,-2750
318.0,17,35.21,2250
318.0,19,36.7,2750
318.0,20,35.1,-1250
318.0,22,35.9,-3750
318.0,23,39.73,-500
318.0,30,35.02,-2000
318.0,32,35.52,-4000
318.5,3,40.36,500
318.5,6,37.92,-500
318.5,7,35.36,1750
318.5,8,35.05,-500
318.5,10,35.43,500
318.5,13,42.03,1750
318.5,15,35.93,-250
318.5,16,39.47,-2750
318.5,19,36.31,2250
318.5,20,35.75,-3000
318.5,23,40.8,-500
319.0,3,41.37,500
319.0,4,35.01,0
319.0,6,38.19,-500
319.0,7,37.36,1750
319.0,9,35.03,-2500
319.0,13,41.65,1750
319.0,16,39.27,-2750
319.0,17,35.33,-3000
319.0,19,37.49,2250
319.0,20,35.08,-2750
319.0,23,40.07,-500
319.0,32,35.27,-1500
319.5,3,39.02,500
319.5,6,37.34,-500
319.5,7,36.69,1750
319.5,9,35.59,-3250
319.5,10,37.84,500
319.5,11,36.06,-3250
319.5,13,42.59,1750
319.5,16,37.72,-2750
319.5,19,36.72,2500
319.5,22,35.51,5000
319.5,23,40.35,-500
319.5,24,36.01,-3500
319.5,25,35.16,-4500
319.5,27,35.47,0
319.5,31,35.26,-250
320.0,3,41.71,500
320.0,6,39.81,-750
320.0,7,38.79,1750
320.0,10,35.24,500
320.0,13,43.88,1750
320.0,16,38.72,-2750
320.0,19,40.26,2500
320.0,20,35.77,-3000
320.0,22,35.31,0
320.0,23,39.75,-500
320.0,26,35.27,-1500
320.0,31,35.17,4750
320.5,3,43.21,500
320.5,6,37.45,-500
320.5,7,37.37,1750
320.5,10,35.35,500
320.5,13,42.84,1750
320.5,16,40.08,-2750
320.5,19,36.32,2750
320.5,23,41.62,-500
320.5,31,35.48,-2250
321.0,3,41.62,500
321.0,4,35.17,-4000
321.0,6,40.11,-750
321.0,7,37.57,1750
321.0,10,36.16,500
321.0,11,35.43,-3500
321.0,13,42.45,1750
321.0,16,37.54,-2750
321.0,19,41.96,2500
321.0,20,35.33,1000
321.0,22,35.18,-5750
321.0,23,40.99,-500
321.0,24,35.69,-4000
321.0,26,35.21,-5500
321.0,30,35.04,4500
321.5,3,41.9,500
321.5,6,40.8,-750
321.5,7,35.78,1750
321.5,13,43.72,1750
321.5,16,37.52,-2750
321.5,19,40.18,2500
321.5,20,35.22,3500
321.5,21,35.01,4500
321.5,23,40.65,-750
321.5,27,35.41,4750
321.5,30,35.23,1750
322.0,3,42.05,500
322.0,4,35.08,-250
322.0,6,40.71,-750
322.0,7,36.14,1750
322.0,10,35.38,500
322.0,13,42.48,1750
322.0,16,39.73,-2750
322.0,19,41.44,2500
322.0,23,40.85,-500
322.5,1,35.16,4500
322.5,2,35.22,-500
322.5,3,41.44,500
322.5,6,36.6,-500
322.5,7,37.04,1750
322.5,11,35.46,-4500
322.5,13,42.25,1750
322.5,16,39.81,-2750
322.5,18,35.14,2500
322.5,19,37.24,2250
322.5,23,39.67,-500
323.0,1,36.2,4250
323.0,3,41.2,500
323.0,6,39.72,-750
323.0,7,35.25,1750
323.0,10,36.22,500
323.0,13,41.46,1750
323.0,15,35.4,-3500
323.0,16,40.93,-2750
323.0,19,38.99,2500
323.0,22,35.87,-4750
323.0,23,40.26,-500
323.5,3,39.28,500
323.5,6,41.77,-750
323.5,7,35.59,1750
323.5,9,35.79,-2500
323.5,12,35.03,-4250
323.5,13,42.66,1750
323.5,14,35.04,-2500
323.5,16,38.03,-3000
323.5,17,35.16,1500
323.5,19,37.99,2250
323.5,20,35.19,-3000
323.5,23,39.92,-750
324.0,3,41.24,500
324.0,4,35.05,-3250
324.0,6,37.37,-500
324.0,7,36.51,1750
324.0,10,37.66,500
324.0,11,35.31,-3500
324.0,13,42.04,1750
324.0,14,35.03,-1000
324.0,16,41.05,-2750
324.0,19,37.82,2750
324.0,20,35.26,-3000
324.0,23,39.56,-500
324.0,26,35.07,-3000
324.0,27,35.5,2250
324.5,3,41.92,500
324.5,6,37.72,-500
324.5,7,38.08,1750
324.5,10,35.0,500
324.5,11,35.5,1500
324.5,13,42.24,1750
324.5,16,38.68,-2750
324.5,19,37.1,2250
324.5,23,39.98,-500
325.0,3,41.38,500
325.0,6,39.0,-500
325.0,7,37.26,1750
325.0,13,42.34,1750
325.0,15,35.52,750
325.0,16,38.87,-3000
325.0,19,37.65,2250
325.0,20,36.05,-3000
325.0,23,40.68,-500
325.0,27,35.18,-1750
325.0,31,35.31,2500
325.0,32,35.04,-1500
325.5,3,41.14,500
325.5,5,35.1,-500
325.5,7,36.96,1750
325.5,10,35.66,500
325.5,13,40.98,1750
325.5,16,38.61,-2750
325.5,19,36.4,2750
325.5,23,39.43,-500
325.5,26,35.11,-5750
326.0,3,40.92,500
326.0,5,35.24,-1250
326.0,6,39.77,-750
326.0,7,36.17,1750
326.0,8,35.27,4250
326.0,13,42.39,1750
326.0,16,39.61,-2750
326.0,18,35.51,500
326.0,19,40.67,2500
326.0,20,35.2,3750
326.0,23,37.58,-500
326.0,27,35.14,-250
326.5,3,41.39,500
326.5,6,35.5,-500
326.5,7,39.55,1750
326.5,10,35.94,500
326.5,13,41.1,1750
326.5,16,39.12,-3000
326.5,18,35.11,5250
326.5,19,40.16,2500
326.5,20,35.05,-5000
326.5,23,40.73,-500
326.5,30,35.01,3250
327.0,3,39.66,500
327.0,6,39.57,-750
327.0,7,37.23,1750
327.0,13,43.12,1750
327.0,16,39.22,-2750
327.0,19,39.69,2500
327.0,21,35.33,2250
327.0,22,35.14,-4750
327.0,23,41.44,-750
327.5,1,35.24,5750
327.5,3,41.59,500
327.5,6,38.34,-500
327.5,7,35.86,1750
327.5,10,35.91,500
327.5,13,42.87,1750
327.5,16,38.88,-2750
327.5,17,35.03,4000
327.5,19,41.34,2500
327.5,21,35.03,4750
327.5,23,40.11,-750
327.5,25,35.78,500
327.5,32,35.42,-2000
328.0,3,41.21,500
328.0,6,38.95,-500
328.0,7,37.31,1750
328.0,10,37.78,500
328.0,13,42.86,1750
328.0,15,35.08,-6000
328.0,16,38.11,-2750
328.0,19,37.16,2750
328.0,23,40.56,-750
328.0,32,35.41,-2500
328.5,3,41.35,500
328.5,6,41.0,-750
328.5,7,38.94,1750
328.5,9,35.25,-750
328.5,10,36.0,500
328.5,11,35.62,-3500
328.5,13,41.71,1750
328.5,16,37.49,-2750
328.5,17,35.09,-3000
328.5,19,40.62,2500
328.5,20,35.02,250
328.5,23,39.79,-500
329.0,3,39.63,500
329.0,5,35.0,-4750
329.0,6,40.25,-750
329.0,7,36.97,1750
329.0,8,35.13,500
329.0,10,35.08,500
329.0,11,35.18,750
329.0,13,42.76,1750
329.0,16,38.61,-2750
329.0,19,40.25,2500
329.0,23,40.83,-750
329.0,30,35.04,-3500
329.5,1,35.71,-5000
329.5,3,41.55,500
329.5,5,35.18,-4750
329.5,6,40.23,-750
329.5,7,37.8,1750
329.5,9,35.5,4500
329.5,10,37.28,500
329.5,13,42.74,1750
329.5,16,40.09,-3000
329.5,17,35.4,1000
329.5,19,40.91,2500
329.5,23,39.11,-500
329.5,26,35.22,-2750
330.0,3,42.67,500
330.0,6,39.78,-750
330.0,7,37.73,1750
330.0,10,36.02,500
330.0,13,42.45,1750
330.0,14,35.53,-2250
330.0,16,38.44,-2750
330.0,17,35.35,-3250
330.0,19,41.53,2500
330.0,22,35.14,1000
330.0,23,40.43,-500
330.5,3,41.54,500
330.5,6,36.73,-1000
330.5,7,36.93,1750
330.5,13,42.71,1750
330.5,16,37.38,-3000
330.5,19,36.43,2750
330.5,23,40.9,-750
331.0,3,39.65,500
331.0,6,37.2,-500
331.0,7,36.47,1750
331.0,10,36.13,500
331.0,11,35.35,4750
331.0,13,42.38,1750
331.0,16,37.59,-3000
331.0,19,37.69,2250
331.0,23,41.04,-500
331.0,25,35.27,5500
331.0,29,35.01,-2000
331.0,31,35.19,-2500
331.5,3,40.94,500
331.5,5,35.12,4750
331.5,6,40.21,-750
331.5,7,35.95,1750
331.5,9,35.25,5250
331.5,10,35.69,500
331.5,11,35.07,2250
331.5,13,42.28,1750
331.5,16,39.34,-2750
331.5,19,40.76,2500
331.5,23,38.73,-750
331.5,26,35.86,2500
331.5,31,35.24,-5250
331.5,32,35.11,250
332.0,1,35.14,250
332.0,3,40.45,500
332.0,6,38.46,-750
332.0,7,36.89,1750
332.0,13,42.27,1750
332.0,14,35.32,4750
332.0,16,38.44,-2750
332.0,19,40.14,2500
332.0,20,36.12,-3000
332.0,21,35.92,3750
332.0,22,35.44,-3250
332.0,23,40.71,-500
332.0,30,35.25,-3250
332.5,3,41.04,500
332.5,6,40.51,-750
332.5,7,37.4,1750
332.5,10,35.6,500
332.5,11,35.36,-5250
332.5,13,41.91,1750
332.5,15,35.16,-1750
332.5,16,38.12,-2750
332.5,19,38.94,2250
332.5,20,36.09,-3000
332.5,23,39.4,-750
332.5,26,35.28,2250
332.5,27,35.14,-250
332.5,30,35.32,-1750
333.0,3,41.56,500
333.0,4,35.38,-250
333.0,6,41.04,-750
333.0,7,36.63,1750
333.0,13,41.14,1750
333.0,16,38.31,-2750
333.0,19,40.95,2500
333.0,20,36.52,-3000
333.0,23,39.77,-500
333.0,27,35.51,500
333.5,3,42.67,500
333.5,6,40.06,-750
333.5,7,37.92,1750
333.5,13,41.29,1750
333.5,16,40.11,-2750
333.5,19,39.84,2500
333.5,23,40.21,-500
334.0,3,42.1,500
334.0,6,35.63,-1000
334.0,7,35.41,0
334.0,11,35.93,1500
334.0,13,42.15,1750
334.0,19,41.82,2500
334.0,23,41.63,-750
334.0,28,35.12,2500
334.0,29,35.13,-2250
334.5,3,42.95,500
334.5,6,38.68,-750
334.5,7,35.66,1750
334.5,10,35.1,2250
334.5,13,42.42,1750
334.5,16,37.82,-3000
334.5,19,37.02,2250
334.5,23,40.26,-750
334.5,31,35.93,5250
335.0,2,35.03,-2750
335.0,3,40.62,500
335.0,6,35.72,-500
335.0,7,38.1,1750
335.0,12,35.11,3000
335.0,13,41.76,1750
335.0,16,38.94,-2750
335.0,19,37.82,2250
335.0,21,35.04,-3000
335.0,23,40.64,-750
335.0,28,35.93,-4750
335.0,29,35.2,-4250
335.0,30,35.22,2000
335.5,3,41.7,500
335.5,6,37.17,-500
335.5,7,37.03,1750
335.5,13,41.67,1750
335.5,15,35.22,-3750
335.5,16,37.82,-3000
335.5,19,39.53,2500
335.5,23,40.58,-500
335.5,29,35.46,3750
336.0,2,35.14,-1250
336.0,3,41.52,500
336.0,6,37.93,-1000
336.0,7,37.64,1750
336.0,13,42.03,1750
336.0,14,35.15,5000
336.0,16,39.34,-2750
336.0,17,35.11,-4750
336.0,19,40.53,2500
336.0,21,35.23,-4250
336.0,23,39.76,-750
336.0,25,35.71,-1250
336.5,3,41.83,500
336.5,5,35.02,5750
336.5,6,35.06,-500
336.5,7,37.11,1750
336.5,10,36.62,500
336.5,13,41.5,1750
336.5,15,35.8,3250
336.5,16,37.31,-2750
336.5,19,36.17,2250
336.5,23,40.2,-500
336.5,30,35.69,-3250
336.5,32,35.98,-5000
337.0,3,41.74,500
337.0,6,37.22,-500
337.0,7,38.18,1750
337.0,8,35.24,-1750
337.0,13,42.55,1750
337.0,15,35.05,4500
337.0,16,37.48,-2750
337.0,19,37.98,2250
337.0,23,42.41,-750
337.0,32,36.89,-3000
337.5,3,42.17,500
337.5,4,35.88,1500
337.5,6,37.05,-500
337.5,7,38.21,1750
337.5,13,42.29,1750
337.5,16,38.48,-2750
337.5,19,37.83,2250
337.5,20,35.38,4750
337.5,22,36.28,-2000
337.5,23,39.25,-500
337.5,32,36.77,-3000
338.0,1,35.31,2000
338.0,3,42.47,500
338.0,5,35.46,-2000
338.0,6,36.15,-500
338.0,7,36.7,1750
338.0,13,41.94,1750
338.0,14,35.35,-4500
338.0,15,35.16,3500
338.0,16,36.95,-2750
338.0,19,37.83,2250
338.0,23,40.92,-750
338.0,31,35.28,-4500
338.5,1,35.68,-250
338.5,3,43.39,500
338.5,6,35.62,-500
338.5,7,37.45,1750
338.5,10,35.44,500
338.5,13,42.31,1750
338.5,15,35.12,-250
338.5,16,38.07,-2750
338.5,19,37.82,2250
338.5,23,39.04,-750
338.5,27,35.39,3750
338.5,29,36.13,3500
339.0,3,41.48,500
339.0,6,40.52,-750
339.0,7,36.91,1750
339.0,9,35.2,-3000
339.0,10,35.34,500
339.0,13,41.95,1750
339.0,16,38.41,-2750
339.0,19,40.32,2500
339.0,21,35.36,-4500
339.0,23,39.24,-750
339.0,30,35.77,-6000
339.5,3,41.86,500
339.5,5,35.16,4500
339.5,6,40.66,-750
339.5,7,35.4,1750
339.5,10,35.79,500
339.5,13,41.64,1750
339.5,16,39.03,-2750
339.5,19,41.37,2500
339.5,20,36.11,-3000
339.5,23,40.99,-750
340.0,2,35.55,-4500
340.0,3,42.1,500
340.0,6,38.68,-500
340.0,7,38.31,1750
340.0,9,35.19,2500
340.0,10,36.02,500
340.0,11,35.0,1750
340.0,13,41.79,1750
340.0,16,36.62,-2750
340.0,19,37.37,2500
340.0,20,35.31,-3000
340.0,21,35.46,250
340.0,23,40.09,-500
340.0,31,35.22,5250
340.5,3,42.57,500
340.5,6,40.88,-750
340.5,7,36.64,1750
340.5,13,42.38,1750
340.5,14,35.22,-750
340.5,16,37.49,-2750
340.5,19,40.76,2500
340.5,23,40.83,-750
341.0,3,43.34,500
341.0,6,41.27,-750
341.0,7,37.62,1750
341.0,9,35.17,5250
341.0,10,35.13,500
341.0,13,42.76,1750
341.0,16,37.4,-2750
341.0,19,40.22,2500
341.0,23,40.22,-750
341.0,30,35.59,-3250
341.0,31,36.0,2250
341.5,3,42.23,500
341.5,5,35.07,5250
341.5,6,38.82,-750
341.5,7,35.9,2000
341.5,10,36.92,500
341.5,12,35.11,1500
341.5,13,40.72,1750
341.5,16,38.05,-2750
341.5,19,39.63,2500
341.5,20,35.93,-3000
341.5,21,35.66,1250
341.5,23,41.1,-500
342.0,2,35.23,5500
342.0,3,42.89,500
342.0,6,42.19,-750
342.0,7,37.84,1750
342.0,13,41.96,1750
342.0,16,37.16,-2750
342.0,19,39.96,2500
342.0,20,37.33,-3000
342.0,23,40.92,-500
342.0,26,35.52,5750
342.0,27,35.21,500
342.5,3,41.87,500
342.5,6,37.66,-500
342.5,7,37.16,1750
342.5,10,36.89,500
342.5,11,35.14,4000
342.5,13,42.29,1750
342.5,15,35.09,-2750
342.5,16,35.68,-3000
342.5,17,36.07,1750
342.5,18,36.1,3500
342.5,19,37.18,2750
342.5,23,40.37,-500
343.0,3,41.37,500
343.0,6,36.58,-500
343.0,7,36.78,1750
343.0,9,35.08,5750
343.0,10,35.22,-2750
343.0,12,35.44,2000
343.0,13,42.12,1750
343.0,16,37.96,-3000
343.0,19,38.4,2750
343.0,20,35.32,-3000
343.0,23,40.73,-750
343.5,3,42.66,500
343.5,6,38.06,-750
343.5,7,39.22,1750
343.5,9,35.61,2000
343.5,10,37.36,500
343.5,11,35.35,2750
343.5,13,41.33,1750
343.5,16,36.43,-3000
343.5,17,35.24,1250
343.5,19,39.52,2500
343.5,20,35.8,-3000
343.5,23,40.88,-500
343.5,26,35.14,5250
343.5,31,35.45,3750
344.0,3,41.97,500
344.0,6,40.1,-750
344.0,7,37.78,1750
344.0,13,41.55,1750
344.0,15,35.46,5500
344.0,16,35.16,-3000
344.0,17,35.17,-2250
344.0,19,39.35,2500
344.0,23,40.53,-750
344.5,1,35.32,-4750
344.5,3,41.79,500
344.5,6,38.38,-750
344.5,7,38.24,1750
344.5,13,42.81,1750
344.5,16,39.9,-2750
344.5,19,39.18,2500
344.5,23,39.63,-500
344.5,26,35.01,1750
345.0,3,43.14,500
345.0,6,39.76,-750
345.0,7,36.71,1750
345.0,13,40.64,1750
345.0,16,37.71,-3000
345.0,19,39.97,2500
345.0,23,39.52,-750
345.0,26,35.01,-2500
345.0,28,35.75,-2750
345.0,31,35.05,1000
345.5,3,41.82,500
345.5,6,38.16,-500
345.5,7,38.03,1750
345.5,8,35.57,4750
345.5,10,35.81,500
345.5,13,42.53,1750
345.5,15,35.09,3750
345.5,16,38.06,-2750
345.5,19,37.27,2750
345.5,23,40.08,-750
346.0,3,42.28,500
346.0,5,35.62,2500
346.0,6,37.88,-500
346.0,7,36.03,1750
346.0,9,35.39,-1000
346.0,10,35.01,-6000
346.0,11,35.22,-3750
346.0,13,41.16,1750
346.0,16,36.13,-3000
346.0,19,36.39,2750
346.0,20,35.26,1500
346.0,23,40.71,-750
346.0,26,35.02,2250
346.0,27,35.05,-2250
346.0,30,35.48,-3250
346.0,32,35.25,250
346.5,3,41.87,500
346.5,6,40.3,-750
346.5,7,37.07,1750
346.5,10,36.01,500
346.5,13,42.18,1750
346.5,14,35.3,-750
346.5,15,35.13,5500
346.5,16,35.86,-3000
346.5,19,40.35,2500
346.5,20,35.47,-5250
346.5,23,40.87,-750
346.5,28,35.26,5750
346.5,29,35.12,-5000
347.0,2,35.35,-2500
347.0,3,42.43,500
347.0,6,38.81,-500
347.0,7,38.37,1750
347.0,10,35.2,500
347.0,13,42.1,1750
347.0,16,36.77,-3000
347.0,19,36.85,2750
347.0,23,39.7,-500
347.0,26,35.29,-3500
347.5,3,41.0,500
347.5,6,36.75,-500
347.5,7,40.07,1750
347.5,10,35.1,500
347.5,13,41.23,1750
347.5,16,38.68,-3000
347.5,19,41.69,2500
347.5,23,40.33,-500
347.5,28,35.17,-1750
348.0,1,35.34,-3250
348.0,3,42.43,500
348.0,6,41.18,-750
348.0,7,39.01,1750
348.0,11,35.81,-750
348.0,13,41.59,1750
348.0,16,37.73,-2750
348.0,19,39.92,2500
348.0,20,35.24,-5750
348.0,23,42.38,-750
348.0,29,35.17,1500
348.5,3,42.06,500
348.5,6,36.14,-1000
348.5,7,38.2,1750
348.5,13,41.59,1750
348.5,16,35.39,-3000
348.5,19,36.18,2250
348.5,20,36.03,-3000
348.5,23,39.07,-750
349.0,3,42.55,500
349.0,6,35.59,-1000
349.0,7,37.51,1750
349.0,13,42.24,1750
349.0,16,37.71,-2750
349.0,17,35.97,-1250
349.0,19,38.98,2250
349.0,22,35.39,-5750
349.0,23,40.48,-750
349.0,28,35.17,3250
349.5,1,35.63,2750
349.5,3,42.07,500
349.5,6,36.72,-500
349.5,7,38.19,1750
349.5,10,35.79,500
349.5,13,42.12,1750
349.5,14,35.22,-3500
349.5,16,39.1,-2750
349.5,23,40.43,-750
350.0,3,42.33,500
350.0,6,40.2,-750
350.0,7,38.39,1750
350.0,13,41.8,1750
350.0,15,35.89,-5000
350.0,16,35.83,-3000
350.0,19,39.96,2500
350.0,23,41.42,-750
350.0,24,35.18,-750
350.0,29,35.12,-4500
350.0,31,35.17,-4000
350.5,2,35.17,-2000
350.5,3,42.21,500
350.5,5,35.41,-4750
350.5,6,39.02,-500
350.5,7,38.3,1750
350.5,10,35.88,500
350.5,12,35.14,3500
350.5,13,41.22,1750
350.5,16,37.08,-2750
350.5,19,36.14,2250
350.5,23,38.5,-500
350.5,32,36.2,-3000
351.0,3,41.65,500
351.0,5,35.32,2500
351.0,6,40.81,-750
351.0,7,38.65,1750
351.0,8,35.06,2500
351.0,13,41.12,1750
351.0,16,36.75,-2750
351.0,17,35.16,4500
351.0,19,39.14,2500
351.0,23,40.93,-750
351.5,2,35.49,-5500
351.5,3,42.2,500
351.5,6,39.49,-750
351.5,7,39.07,1750
351.5,13,41.33,1750
351.5,14,35.22,-5750
351.5,16,38.84,-2750
351.5,19,39.35,2500
351.5,21,35.15,2250
351.5,23,39.87,-500
351.5,25,35.34,250
352.0,3,42.15,500
352.0,4,35.11,-2750
352.0,6,40.89,-750
352.0,7,39.47,1750
352.0,10,35.12,500
352.0,11,35.09,-5500
352.0,13,42.33,1750
352.0,14,35.11,-4250
352.0,16,36.77,-3000
352.0,19,42.04,2500
352.0,23,40.78,-750
352.5,1,35.09,1750
352.5,3,42.51,500
352.5,6,37.25,-500
352.5,7,38.87,1750
352.5,8,35.03,-5500
352.5,13,41.89,1750
352.5,16,38.48,-2750
352.5,19,35.93,2250
352.5,23,39.95,-750
352.5,31,35.54,-3250
353.0,2,36.09,1000
353.0,3,43.24,500
353.0,6,36.99,-750
353.0,7,37.98,1750
353.0,10,35.32,500
353.0,13,41.77,1750
353.0,16,38.31,-2750
353.0,17,35.83,4250
353.0,19,40.44,2500
353.0,21,35.19,-4000
353.0,23,38.44,-500
353.0,26,35.27,4250
353.0,27,35.87,-1500
353.0,29,35.23,750
353.0,30,36.94,-3250
353.5,3,42.42,500
353.5,6,39.13,-750
353.5,7,38.15,1750
353.5,13,43.07,1750
353.5,16,39.1,-3000
353.5,19,37.6,2500
353.5,20,35.16,-3000
353.5,22,35.09,2000
353.5,23,39.88,-500
353.5,24,35.12,-1500
353.5,29,36.06,4500
354.0,3,42.48,500
354.0,6,36.88,-500
354.0,7,35.73,1750
354.0,13,42.33,1750
354.0,14,35.38,-250
354.0,16,40.41,-2750
354.0,17,35.67,-1250
354.0,19,36.86,2750
354.0,23,39.94,-500
354.5,3,42.62,500
354.5,6,35.9,-1000
354.5,7,38.12,1750
354.5,8,35.04,-1750
354.5,13,41.99,1750
354.5,16,38.13,-2750
354.5,19,36.41,2750
354.5,21,35.03,4500
354.5,23,40.39,-750
354.5,32,35.35,2500
355.0,3,42.86,500
355.0,6,37.36,-500
355.0,7,38.43,1750
355.0,10,35.75,500
355.0,11,35.91,-5250
355.0,13,41.96,1750
355.0,14,36.44,3000
355.0,16,37.63,-3000
355.0,19,38.5,2250
355.0,21,35.03,-4250
355.0,22,35.1,-6000
355.0,23,40.37,-500
355.0,28,35.89,5250
355.5,3,40.37,500
355.5,4,35.08,4500
355.5,6,37.56,-1000
355.5,7,39.11,1750
355.5,8,35.56,-250
355.5,13,42.1,1750
355.5,16,38.95,-2750
355.5,17,35.29,4750
355.5,19,36.69,2250
355.5,20,35.54,-3000
355.5,23,40.53,-750
355.5,25,35.44,-2500
355.5,29,35.22,-2000
356.0,3,42.68,500
356.0,4,35.26,500
356.0,6,39.26,-750
356.0,7,36.78,1750
356.0,9,35.77,3500
356.0,13,41.78,1750
356.0,16,38.78,-2750
356.0,19,39.56,2500
356.0,23,37.68,-500
356.5,2,35.16,-2250
356.5,3,42.6,500
356.5,6,37.08,-1000
356.5,7,36.93,1750
356.5,13,41.61,1750
356.5,14,35.55,3250
356.5,16,39.01,-2750
356.5,19,38.35,2500
356.5,23,40.76,-500
356.5,29,35.24,-2750
357.0,3,42.27,500
357.0,6,39.22,-750
357.0,7,37.75,1750
357.0,10,36.01,500
357.0,13,42.47,1750
357.0,15,35.72,-2250
357.0,16,38.01,-3000
357.0,17,35.37,500
357.0,18,35.24,4250
357.0,19,39.22,2500
357.0,23,41.55,-750
357.5,1,35.81,3250
357.5,3,41.71,500
357.5,4,35.33,-1500
357.5,6,37.65,-500
357.5,7,35.02,1750
357.5,9,35.29,-3000
357.5,13,42.56,1750
357.5,16,40.41,-2750
357.5,19,40.5,2500
357.5,20,35.56,-3000
357.5,23,39.6,-750
357.5,24,35.21,5250
357.5,28,35.84,3250
358.0,2,35.11,-4000
358.0,3,41.69,500
358.0,6,37.68,-500
358.0,7,36.75,1750
358.0,10,35.04,500
358.0,13,41.85,1750
358.0,16,36.57,-3000
358.0,19,38.39,2250
358.0,23,40.28,-750
358.0,25,35.21,5000
358.5,3,42.68,500
358.5,5,35.16,-3250
358.5,6,40.29,-750
358.5,7,38.37,1750
358.5,10,35.08,500
358.5,13,41.77,1750
358.5,14,35.11,-1500
358.5,16,35.91,-2750
358.5,18,35.0,750
358.5,19,41.21,2500
358.5,21,35.07,4250
358.5,23,40.93,-750
358.5,24,35.64,-3250
358.5,25,35.07,500
358.5,26,35.55,1250
358.5,29,35.08,750
359.0,3,42.38,500
359.0,6,39.0,-750
359.0,7,38.26,1750
359.0,10,38.29,500
359.0,13,41.15,1750
359.0,16,40.21,-2750
359.0,19,40.05,2500
359.0,21,35.14,5250
359.0,23,40.81,-750
359.0,30,35.71,-3250
359.5,2,35.45,0
359.5,3,41.31,500
359.5,6,39.59,-750
359.5,7,36.8,1750
359.5,11,35.47,4250
359.5,13,41.6,1750
359.5,16,38.5,-2750
359.5,19,39.06,2500
359.5,23,40.09,-750
359.5,25,35.18,-500
360.0,3,42.44,500
360.0,4,35.08,-250
360.0,6,37.82,-750
360.0,7,39.26,1750
360.0,10,36.31,500
360.0,13,41.86,1750
360.0,16,38.17,-2750
360.0,19,41.75,2500
360.0,20,35.02,3500
360.0,23,41.13,-750
360.0,32,35.13,0
360.5,2,35.45,1500
360.5,3,43.29,500
360.5,4,35.06,500
360.5,6,35.51,-500
360.5,7,38.02,1750
360.5,11,35.53,-4750
360.5,13,41.72,1750
360.5,16,37.14,-3000
360.5,17,35.07,1250
360.5,20,35.87,-5500
360.5,22,35.7,1250
360.5,23,40.96,-750
360.5,29,35.16,5500
360.5,32,35.29,-3000
361.0,3,42.26,500
361.0,6,37.07,-500
361.0,7,38.52,1750
361.0,10,38.15,500
361.0,12,35.07,-2000
361.0,13,41.44,1750
361.0,16,39.93,-2750
361.0,19,38.4,2250
361.0,20,35.58,-3000
361.0,23,42.14,-750
361.5,3,41.68,500
361.5,6,40.41,-750
361.5,7,38.96,1750
361.5,9,35.17,-1000
361.5,13,42.9,1750
361.5,14,35.21,-4750
361.5,16,37.76,-2750
361.5,19,39.55,2500
361.5,22,35.05,3250
361.5,23,39.4,-750
361.5,24,35.31,3750
361.5,29,35.26,-1000
362.0,3,43.11,500
362.0,6,39.91,-750
362.0,7,37.51,1750
362.0,10,35.56,500
362.0,13,42.4,1750
362.0,16,38.93,-2750
362.0,17,35.13,4750
362.0,18,35.03,-1250
362.0,19,40.69,2500
362.0,20,35.55,-3250
362.0,23,41.31,-750
362.5,3,42.3,500
362.5,4,35.48,-3000
362.5,6,39.79,-750
362.5,7,38.37,1750
362.5,12,35.18,4500
362.5,13,41.98,1750
362.5,16,37.61,-2750
362.5,19,36.25,2250
362.5,23,40.75,-750
362.5,32,35.2,-2750
363.0,3,41.92,500
363.0,4,35.4,-4250
363.0,6,39.42,-750
363.0,7,40.09,1750
363.0,13,42.33,1750
363.0,14,35.29,1000
363.0,16,39.54,-2750
363.0,18,35.62,3250
363.0,19,40.75,2500
363.0,20,36.22,-3000
363.0,23,39.08,-500
363.0,27,35.64,1750
363.0,30,35.72,-4750
363.5,3,40.76,500
363.5,6,37.85,-750
363.5,7,37.31,1750
363.5,11,35.15,-500
363.5,12,35.32,-4500
363.5,13,41.23,1750
363.5,14,35.31,5750
363.5,16,39.39,-2750
363.5,19,41.25,2500
363.5,22,35.3,1500
363.5,23,40.92,-750
363.5,26,35.12,-5250
363.5,30,35.87,-3250
363.5,31,35.16,-750
363.5,32,35.13,4500
364.0,2,35.01,750
364.0,3,42.66,500
364.0,6,35.8,-1000
364.0,7,38.69,1750
364.0,8,35.15,2250
364.0,9,35.49,-3250
364.0,12,35.19,3000
364.0,13,41.21,1750
364.0,16,38.31,-2750
364.0,18,35.23,750
364.0,19,39.19,2500
364.0,20,35.73,-3000
364.0,23,40.73,-750
364.0,28,35.23,750
364.0,31,35.07,-3000
364.0,32,35.1,2750
364.5,3,43.05,500
364.5,6,39.01,-750
364.5,7,38.58,1750
364.5,13,41.56,1750
364.5,16,38.31,-3000
364.5,19,37.25,2250
364.5,23,40.5,-750
364.5,30,35.59,-1750
365.0,3,42.44,500
365.0,5,35.6,3250
365.0,6,36.75,-1000
365.0,7,37.89,1750
365.0,13,42.14,1750
365.0,15,35.42,-1250
365.0,16,38.49,-2750
365.0,19,35.93,2750
365.0,21,35.25,-2500
365.0,23,40.01,-750
365.5,3,42.88,500
365.5,6,36.31,-1000
365.5,7,39.59,1750
365.5,10,37.07,500
365.5,13,40.75,1750
365.5,16,38.35,-2750
365.5,17,35.35,0
365.5,19,39.97,2500
365.5,20,36.38,-3000
365.5,23,41.7,-750
365.5,24,35.42,3000
365.5,27,35.08,-500
365.5,30,36.02,2750
366.0,3,43.07,500
366.0,6,37.65,-500
366.0,7,39.07,1750
366.0,10,35.01,500
366.0,12,35.71,-3000
366.0,13,42.22,1750
366.0,14,35.18,-4250
366.0,16,39.31,-2750
366.0,18,35.76,4500
366.0,19,40.12,2500
366.0,23,41.08,-750
366.0,28,35.05,-4000
366.0,29,35.18,-5500
366.0,31,35.04,5000
366.0,32,35.24,-2000
366.5,2,35.05,500
366.5,3,43.24,500
366.5,5,35.71,-1500
366.5,6,37.43,-1000
366.5,7,37.54,1750
366.5,13,42.9,1750
366.5,16,38.8,-3000
366.5,17,35.4,750
366.5,19,35.05,0
366.5,23,41.69,-750
366.5,30,37.24,-3250
367.0,1,35.27,2250
367.0,2,35.08,3000
367.0,3,42.3,500
367.0,6,36.71,-500
367.0,7,38.26,1750
367.0,10,35.17,500
367.0,13,42.18,1750
367.0,16,38.36,-2750
367.0,17,35.35,-2000
367.0,19,35.71,2250
367.0,20,35.42,-3000
367.0,23,39.31,-750
367.0,25,35.24,4250
367.0,32,35.07,-4000
367.5,3,42.65,500
367.5,6,36.67,-1000
367.5,7,36.84,1750
367.5,8,35.62,3750
367.5,10,35.77,500
367.5,12,35.87,2000
367.5,13,43.54,1750
367.5,16,38.15,-2750
367.5,18,35.16,-750
367.5,19,36.82,2250
367.5,23,39.53,-750
367.5,24,35.03,250
367.5,29,35.59,-4250
367.5,32,35.12,-4500
368.0,3,41.71,500
368.0,4,35.07,-1000
368.0,6,39.57,-750
368.0,7,37.66,1750
368.0,10,35.17,-4250
368.0,13,41.06,1750
368.0,16,37.52,-3000
368.0,19,39.07,2500
368.0,23,40.05,-750
368.5,3,42.14,500
368.5,4,35.03,5750
368.5,6,40.54,-750
368.5,7,39.13,1750
368.5,13,41.02,1750
368.5,15,35.34,500
368.5,16,38.24,-2750
368.5,19,38.88,2500
368.5,22,35.48,1750
368.5,23,41.47,-750
368.5,25,35.02,1750
369.0,3,41.37,500
369.0,6,38.01,-750
369.0,7,38.66,1750
369.0,8,35.66,-5250
369.0,10,36.54,500
369.0,13,41.11,1750
369.0,14,35.04,1750
369.0,16,38.65,-2750
369.0,19,41.25,2500
369.0,20,35.41,-3000
369.0,22,35.28,-3000
369.0,23,41.61,-750
369.0,30,35.37,-3750
369.5,3,42.69,500
369.5,6,41.12,-750
369.5,7,39.72,1750
369.5,10,35.23,-1250
369.5,13,41.86,1750
369.5,16,37.12,-2750
369.5,19,38.85,2500
369.5,21,35.06,1750
369.5,22,35.45,-750
369.5,23,41.77,-750
369.5,26,35.09,-5250
369.5,32,35.23,4000
370.0,3,42.89,500
370.0,5,35.28,-2500
370.0,6,35.69,-500
370.0,7,37.52,1750
370.0,8,35.02,4500
370.0,11,35.08,1000
370.0,12,35.49,0
370.0,13,41.54,1750
370.0,16,38.79,-3000
370.0,19,38.44,2250
370.0,20,35.02,-500
370.0,23,40.04,-750
370.0,26,35.29,2250
370.0,30,35.4,-3250
370.5,3,42.53,500
370.5,6,39.48,-750
370.5,7,38.88,1750
370.5,8,35.3,-4000
370.5,13,40.37,1750
370.5,16,38.04,-2750
370.5,18,35.22,4750
370.5,19,40.11,2500
370.5,23,41.21,-750
370.5,31,35.61,-1500
371.0,3,42.47,500
371.0,5,35.03,3000
371.0,6,38.35,-750
371.0,7,36.83,1750
371.0,13,41.48,1750
371.0,16,39.22,-2750
371.0,18,35.3,-2250
371.0,19,40.97,2500
371.0,23,39.85,-500
371.0,24,35.41,-2000
371.0,25,35.3,5750
371.5,3,42.3,500
371.5,5,35.94,750
371.5,6,36.13,-1000
371.5,7,37.2,1750
371.5,8,35.44,-4750
371.5,9,35.49,-250
371.5,10,35.02,500
371.5,13,40.92,1750
371.5,16,39.34,-3000
371.5,18,35.43,4000
371.5,19,35.12,2750
371.5,20,35.75,-3000
371.5,23,40.48,-750
371.5,28,35.37,-250
372.0,3,42.12,500
372.0,4,35.57,750
372.0,6,39.98,-750
372.0,7,38.15,1750
372.0,13,42.21,1750
372.0,16,39.09,-2750
372.0,19,41.96,2500
372.0,23,40.1,-750
372.0,30,35.69,0
372.5,1,35.05,-4750
372.5,3,41.91,500
372.5,4,35.07,-4500
372.5,5,35.35,-4750
372.5,6,37.16,-500
372.5,7,37.35,1750
372.5,13,39.87,1750
372.5,16,37.86,-2750
372.5,19,38.07,2250
372.5,22,35.08,4500
372.5,23,40.19,-750
372.5,25,35.12,500
373.0,3,42.75,500
373.0,6,38.08,-500
373.0,7,38.75,1750
373.0,8,35.32,5000
373.0,11,35.12,-1000
373.0,13,42.0,1750
373.0,16,38.4,-2750
373.0,19,38.53,2250
373.0,23,42.11,-750
373.0,25,35.16,1250
373.0,26,35.43,3500
373.5,3,42.97,500
373.5,4,35.13,-3750
373.5,6,39.56,-750
373.5,7,38.86,1750
373.5,8,35.1,2250
373.5,13,41.72,1750
373.5,16,38.19,-3000
373.5,19,40.08,2500
373.5,23,40.83,-750
373.5,24,35.15,-4000
374.0,3,42.61,500
374.0,6,41.03,-750
374.0,7,39.23,1750
374.0,13,41.52,1750
374.0,16,38.51,-3000
374.0,19,39.69,2500
374.0,20,35.28,2500
374.0,23,41.02,-750
374.0,27,35.66,2500
374.5,1,35.17,750
374.5,2,35.48,-250
374.5,3,42.74,500
374.5,6,39.64,-750
374.5,7,39.4,1750
374.5,8,35.43,5000
374.5,10,37.31,500
374.5,11,35.96,2000
374.5,13,41.69,1750
374.5,15,35.66,-4750
374.5,16,37.29,-3000
374.5,18,35.38,-2750
374.5,19,39.51,2500
374.5,23,41.68,-750
375.0,3,41.95,500
375.0,6,40.09,-750
375.0,7,37.21,1750
375.0,13,41.6,1750
375.0,16,37.73,-2750
375.0,19,39.3,2500
375.0,20,36.54,-250
375.0,21,35.38,500
375.0,22,35.23,1000
375.0,23,41.06,-750
375.5,3,42.11,500
375.5,4,35.07,5750
375.5,6,36.97,-1000
375.5,7,39.62,1750
375.5,10,36.58,500
375.5,11,35.05,5000
375.5,13,40.78,1750
375.5,16,37.78,-3000
375.5,17,35.82,-2250
375.5,19,37.8,2250
375.5,23,41.9,-750
375.5,25,35.0,1500
375.5,27,35.16,-4250
376.0,3,41.34,500
376.0,6,39.64,-750
376.0,7,40.6,1750
376.0,9,35.07,5500
376.0,13,40.34,1750
376.0,15,35.81,4500
376.0,16,38.95,-2750
376.0,19,40.63,2500
376.0,23,41.59,-750
376.0,26,35.0,4000
376.0,29,35.08,2750
376.5,3,42.7,500
376.5,4,35.7,3750
376.5,5,35.07,-5500
376.5,6,39.44,-750
376.5,7,38.23,1750
376.5,13,42.16,1750
376.5,14,35.33,-5250
376.5,16,39.53,-2750
376.5,18,35.1,3750
376.5,19,41.68,2500
376.5,20,35.66,-3000
376.5,21,35.17,-2750
376.5,23,40.95,-750
376.5,27,35.27,-1000
377.0,3,42.95,500
377.0,4,35.05,-3750
377.0,6,39.57,-750
377.0,7,37.18,1750
377.0,9,35.5,4250
377.0,10,35.68,-1750
377.0,11,35.17,-2000
377.0,13,41.95,1750
377.0,16,37.24,-2750
377.0,19,41.6,2500
377.0,23,40.94,-750
377.0,26,35.05,-3500
377.0,28,35.15,-3250
377.0,32,35.1,-250
377.5,3,41.4,500
377.5,6,35.16,-1000
377.5,7,37.16,1750
377.5,11,35.44,-5750
377.5,12,35.12,2000
377.5,13,42.33,1750
377.5,14,36.04,-1750
377.5,16,39.42,-2750
377.5,19,40.35,2500
377.5,23,41.59,-750
377.5,27,35.13,2500
377.5,30,35.86,2250
378.0,3,42.78,500
378.0,5,35.31,-2500
378.0,6,37.94,-1000
378.0,7,37.34,1750
378.0,10,35.37,500
378.0,11,35.09,4500
378.0,12,35.04,-5000
378.0,13,40.15,1750
378.0,15,36.88,-2750
378.0,16,37.63,-3000
378.0,19,36.91,2250
378.0,20,35.62,-3000
378.0,23,40.27,-750
378.0,24,35.45,4250
378.0,25,35.01,2500
378.5,1,35.65,-4000
378.5,3,42.55,500
378.5,6,38.41,-500
378.5,7,39.59,1750
378.5,9,35.24,-2500
378.5,13,41.52,1750
378.5,16,35.16,-2750
378.5,19,37.59,2250
378.5,21,35.52,-2250
378.5,23,42.03,-750
378.5,31,35.29,1000
378.5,32,35.25,1500
379.0,3,41.94,500
379.0,5,35.47,-4000
379.0,7,39.19,1750
379.0,13,42.01,1750
379.0,16,38.23,-3000
379.0,19,37.72,2750
379.0,20,37.75,-3000
379.0,23,40.68,-750
379.0,28,35.4,2000
379.5,3,40.44,500
379.5,6,38.01,-1000
379.5,7,37.22,1750
379.5,8,35.41,-1750
379.5,12,35.1,-1000
379.5,13,41.65,1750
379.5,16,37.8,-2750
379.5,18,35.11,-4250
379.5,19,36.87,2250
379.5,20,35.28,-3000
379.5,21,36.15,-2750
379.5,23,41.76,-750
379.5,27,35.16,2500
379.5,30,35.31,-750
380.0,3,42.22,500
380.0,6,39.85,-750
380.0,7,37.24,1750
380.0,10,36.5,500
380.0,13,40.58,1750
380.0,15,35.02,4500
380.0,16,39.09,-2750
380.0,17,35.19,-1000
380.0,19,40.42,2500
380.0,23,41.95,-750
380.0,31,35.47,-5000
380.0,32,35.24,500
380.5,3,42.95,500
380.5,6,37.14,-1000
380.5,7,37.06,1750
380.5,9,35.05,-3500
380.5,10,36.81,500
380.5,13,41.17,1750
380.5,16,38.5,-3000
380.5,19,36.94,2250
380.5,20,36.11,-3000
380.5,23,41.58,-750
380.5,29,35.04,-250
380.5,30,35.31,-3000
380.5,31,35.2,-3500
381.0,3,41.64,500
381.0,6,39.73,-750
381.0,7,38.17,1750
381.0,10,35.43,-2000
381.0,13,40.97,1750
381.0,16,39.43,-2750
381.0,19,41.79,2500
381.0,22,35.06,-3500
381.0,23,41.37,-750
381.0,31,35.2,3250
381.5,3,42.0,500
381.5,6,39.69,-750
381.5,7,38.65,1750
381.5,13,41.29,1750
381.5,15,35.68,-750
381.5,16,38.39,-2750
381.5,19,40.53,2500
381.5,23,42.11,-750
382.0,3,41.89,500
382.0,6,39.64,-750
382.0,7,39.8,1750
382.0,10,35.93,-6000
382.0,13,42.34,1750
382.0,15,35.25,2500
382.0,16,37.61,-2750
382.0,18,35.06,-1500
382.0,19,40.9,2500
382.0,21,35.17,4250
382.0,23,39.63,-750
382.5,3,42.92,500
382.5,6,37.22,-1000
382.5,7,36.7,1750
382.5,11,35.05,2500
382.5,13,41.5,1750
382.5,16,37.86,-3000
382.5,19,36.86,2250
382.5,23,40.06,-750
382.5,28,35.46,4000
382.5,31,35.16,-4750
382.5,32,35.2,-1750
383.0,3,40.94,500
383.0,6,38.51,-750
383.0,7,38.13,1750
383.0,8,35.04,2250
383.0,13,41.95,1750
383.0,16,38.29,-2750
383.0,19,39.93,2500
383.0,23,41.54,-750
383.0,24,35.13,-2500
383.0,30,35.14,-3250
383.5,3,42.1,500
383.5,5,35.32,-5250
383.5,6,40.28,-750
383.5,7,38.79,1750
383.5,13,42.03,1750
383.5,16,39.21,-2750
383.5,19,38.89,2250
383.5,22,35.03,5000
383.5,23,40.08,-750
383.5,29,35.03,-1500
384.0,3,41.8,500
384.0,6,37.23,-1000
384.0,7,37.12,1750
384.0,10,35.32,-2500
384.0,12,35.02,-250
384.0,13,42.07,1750
384.0,15,36.12,3500
384.0,16,37.89,-2750
384.0,19,36.63,2500
384.0,23,41.09,-750
384.0,24,35.04,2500
384.5,3,42.65,500
384.5,6,35.11,-1000
384.5,7,37.06,1750
384.5,9,35.94,250
384.5,13,42.28,1750
384.5,16,38.28,-2750
384.5,17,35.44,4000
384.5,19,36.95,2750
384.5,20,35.08,250
384.5,23,41.35,-750
384.5,30,35.23,-3250
385.0,3,42.21,500
385.0,5,35.16,-3250
385.0,6,37.23,-500
385.0,7,38.14,1750
385.0,13,41.8,1750
385.0,16,39.05,-2750
385.0,19,37.0,2250
385.0,23,41.33,-750
385.0,24,35.95,-5000
385.0,29,35.35,3500
385.0,30,35.17,4750
385.5,1,35.24,3000
385.5,3,42.03,500
385.5,6,38.05,-500
385.5,7,37.67,2000
385.5,9,35.13,-2750
385.5,13,42.28,1750
385.5,16,39.99,-2750
385.5,17,35.52,3500
385.5,19,37.05,2750
385.5,21,35.93,-5500
385.5,23,39.76,-750
385.5,26,35.24,-4500
385.5,30,35.43,-3250
385.5,32,35.64,-3000
386.0,3,43.08,500
386.0,6,37.85,-750
386.0,7,37.54,1750
386.0,13,42.27,1750
386.0,16,37.66,-2750
386.0,19,40.06,2500
386.0,20,36.64,-3000
386.0,21,35.68,4000
386.0,23,41.53,-750
386.0,26,35.58,-1750
386.0,29,35.09,-3000
386.0,32,35.07,-3750
386.5,3,43.06,500
386.5,6,36.95,-1000
386.5,7,38.8,1750
386.5,13,41.63,1750
386.5,16,37.6,-3000
386.5,19,40.29,2500
386.5,20,36.6,-3000
386.5,21,35.18,-3500
386.5,23,41.48,-750
386.5,29,35.16,2750
387.0,3,43.14,500
387.0,6,38.52,-750
387.0,7,40.11,1750
387.0,8,35.11,3750
387.0,9,35.15,-5250
387.0,13,40.68,1750
387.0,16,37.65,-3000
387.0,19,38.29,2500
387.0,23,41.8,-750
387.0,27,35.35,-4500
387.5,3,43.05,500
387.5,6,35.08,-500
387.5,7,38.72,1750
387.5,10,35.08,-3000
387.5,13,41.87,1750
387.5,16,38.83,-2750
387.5,19,39.86,2500
387.5,23,41.58,-750
387.5,28,35.79,750
388.0,2,35.06,3500
388.0,3,43.21,500
388.0,4,35.57,-5750
388.0,6,38.23,-500
388.0,7,37.19,1750
388.0,8,35.65,2500
388.0,10,35.13,2250
388.0,12,35.07,-2250
388.0,13,40.19,1750
388.0,16,35.75,-2750
388.0,19,36.11,2250
388.0,21,35.66,-2000
388.0,23,41.21,-750
388.5,3,41.13,500
388.5,6,38.61,-750
388.5,7,38.35,1750
388.5,10,35.01,-1500
388.5,13,42.89,1750
388.5,16,36.43,-3000
388.5,19,39.46,2500
388.5,23,41.27,-750
388.5,32,35.05,3500
389.0,2,36.17,-4250
389.0,3,42.42,500
389.0,5,35.15,-5750
389.0,6,38.42,-750
389.0,7,39.38,1750
389.0,8,35.17,5500
389.0,12,35.12,-1500
389.0,13,40.95,1750
389.0,15,35.02,5250
389.0,16,38.5,-2750
389.0,19,40.53,2500
389.0,22,35.74,2750
389.0,23,41.73,-750
389.5,3,42.95,500
389.5,4,35.08,-750
389.5,6,40.22,-750
389.5,7,37.3,1750
389.5,10,35.23,500
389.5,13,39.75,1750
389.5,16,37.86,-2750
389.5,17,35.08,2500
389.5,19,40.59,2500
389.5,23,41.06,-750
389.5,24,35.2,2500
389.5,25,36.19,3000
389.5,26,35.59,-250
390.0,3,43.09,500
390.0,6,42.19,-750
390.0,7,39.0,1750
390.0,8,35.26,-2750
390.0,12,35.3,2000
390.0,13,40.1,1750
390.0,16,37.66,-3000
390.0,18,35.68,3750
390.0,19,39.74,2500
390.0,23,41.63,-750
390.0,27,35.18,4500
390.5,3,42.36,500
390.5,4,35.15,-750
390.5,6,35.56,-500
390.5,7,38.28,1750
390.5,10,36.99,500
390.5,13,40.27,1750
390.5,16,38.67,-3000
390.5,19,37.28,2250
390.5,23,41.77,-750
390.5,24,35.48,-3000
391.0,3,42.78,500
391.0,6,37.34,-500
391.0,7,37.41,1750
391.0,11,35.02,3500
391.0,13,40.34,1750
391.0,16,38.3,-3000
391.0,19,38.86,2250
391.0,23,41.52,-750
391.0,26,35.51,5500
391.0,32,35.74,-1750
391.5,3,41.16,500
391.5,6,39.6,-750
391.5,7,37.79,1750
391.5,10,36.32,-6000
391.5,13,41.55,1750
391.5,16,39.16,-2750
391.5,19,41.55,2500
391.5,23,41.96,-750
391.5,27,35.39,5750
391.5,31,35.19,5500
392.0,3,42.68,500
392.0,6,39.42,-750
392.0,7,38.18,1750
392.0,13,40.52,1750
392.0,15,35.08,4250
392.0,16,37.87,-2750
392.0,19,41.21,2500
392.0,22,35.73,1000
392.0,23,41.88,-750
392.0,30,35.51,-750
392.5,3,43.17,500
392.5,6,39.16,-750
392.5,7,38.92,1750
392.5,8,35.17,3250
392.5,11,35.15,-4000
392.5,13,39.82,1750
392.5,16,37.84,-3000
392.5,19,36.3,2500
392.5,20,35.19,-3000
392.5,23,40.56,-750
392.5,31,35.02,-4500
393.0,3,41.91,500
393.0,6,40.08,-750
393.0,7,39.01,1750
393.0,13,40.22,1750
393.0,14,35.04,4750
393.0,16,36.9,-3000
393.0,17,35.13,-4750
393.0,18,36.23,-3000
393.0,19,39.17,2500
393.0,22,35.12,-1500
393.0,23,41.59,-750
393.5,2,35.58,-5500
393.5,3,43.06,500
393.5,6,40.25,-750
393.5,7,39.22,1750
393.5,10,35.62,-500
393.5,11,35.23,0
393.5,13,40.47,1750
393.5,14,35.16,-1500
393.5,16,36.21,-2750
393.5,19,39.9,2500
393.5,23,41.93,-750
394.0,3,41.98,500
394.0,5,35.27,-3000
394.0,6,36.75,-1000
394.0,7,35.83,1750
394.0,13,40.77,1750
394.0,14,35.49,-5750
394.0,16,38.52,-2750
394.0,19,39.47,2500
394.0,23,42.83,-750
394.5,1,35.84,-1250
394.5,3,42.65,500
394.5,4,36.53,1500
394.5,6,39.83,-750
394.5,7,38.53,1750
394.5,10,36.18,500
394.5,13,41.64,1750
394.5,16,37.97,-2750
394.5,19,35.65,2250
394.5,23,41.32,-750
394.5,29,35.4,3250
394.5,30,35.38,-2250
395.0,2,35.84,0
395.0,3,42.51,500
395.0,4,35.55,-750
395.0,6,36.48,-1000
395.0,7,38.35,1750
395.0,13,40.6,1750
395.0,15,35.61,0
395.0,16,39.51,-2750
395.0,17,35.15,5500
395.0,19,36.75,2750
395.0,20,36.3,0
395.0,23,42.37,-750
395.0,30,35.1,-1500
395.5,1,35.32,-3000
395.5,3,43.06,500
395.5,5,35.19,-1750
395.5,6,35.17,-1000
395.5,7,38.05,1750
395.5,8,35.14,-3750
395.5,9,35.57,5750
395.5,13,41.14,1750
395.5,15,35.08,-5500
395.5,16,37.66,-3000
395.5,18,35.58,-3000
395.5,19,41.28,2500
395.5,23,41.56,-750
395.5,24,35.41,-500
395.5,27,35.16,-500
395.5,30,35.67,-3250
396.0,3,42.99,500
396.0,6,37.15,-1000
396.0,7,38.35,1750
396.0,8,36.15,2250
396.0,13,40.06,1750
396.0,14,35.29,2000
396.0,15,35.33,1000
396.0,16,38.87,-2750
396.0,19,38.87,2500
396.0,23,41.59,-750
396.5,1,35.09,3500
396.5,3,43.39,500
396.5,6,35.56,-500
396.5,7,39.66,1750
396.5,8,35.14,2250
396.5,13,40.87,1750
396.5,16,36.11,-2750
396.5,18,35.07,3500
396.5,19,38.78,2250
396.5,23,42.53,-750
396.5,26,35.1,3000
397.0,3,42.8,500
397.0,7,37.82,1750
397.0,9,35.09,4250
397.0,10,35.37,500
397.0,13,40.99,1750
397.0,14,35.41,5750
397.0,16,36.89,-2750
397.0,17,35.83,0
397.0,19,35.95,2250
397.0,21,35.7,-250
397.0,23,42.66,-750
397.0,27,35.0,1250
397.5,3,43.37,500
397.5,6,37.01,-1000
397.5,7,36.99,1750
397.5,8,36.42,750
397.5,10,35.08,-750
397.5,12,35.08,2500
397.5,13,40.49,1750
397.5,16,38.3,-2750
397.5,19,35.93,2250
397.5,23,42.43,-750
397.5,31,36.04,3750
398.0,2,35.0,-4750
398.0,3,43.3,500
398.0,6,36.47,-1000
398.0,7,37.09,1750
398.0,13,40.57,1750
398.0,16,36.67,-2750
398.0,17,36.09,4000
398.0,18,35.45,-3500
398.0,19,36.37,2250
398.0,20,35.16,-3000
398.0,23,42.07,-750
398.0,28,35.11,-2750
398.0,31,35.08,-750
398.0,32,35.11,1750
398.5,3,42.54,500
398.5,4,35.67,-2000
398.5,6,39.8,-750
398.5,7,38.22,1750
398.5,9,35.12,5750
398.5,10,37.62,500
398.5,13,41.52,1750
398.5,16,37.24,-2750
398.5,18,36.49,-3250
398.5,19,37.32,2500
398.5,23,42.3,-750
398.5,25,35.32,750
399.0,3,42.91,500
399.0,6,39.39,-750
399.0,7,38.63,1750
399.0,8,35.85,2250
399.0,10,35.26,500
399.0,13,41.66,1750
399.0,16,38.06,-3000
399.0,19,40.32,2500
399.0,21,35.15,-750
399.0,23,42.11,-750
399.0,29,35.22,-1250
399.0,30,36.34,-3250
399.5,3,42.04,500
399.5,4,36.02,-3750
399.5,6,40.58,-750
399.5,7,40.13,1750
399.5,13,41.32,1750
399.5,16,39.29,-3000
399.5,19,39.9,2500
399.5,20,35.32,2500
399.5,23,42.08,-750
399.5,25,35.09,2500
399.5,27,36.14,0
399.5,30,35.14,5750
399.5,31,35.86,-4750
400.0,1,35.05,-2750
400.0,3,43.16,500
400.0,6,37.7,-750
400.0,7,37.07,1750
400.0,10,36.07,500
400.0,13,41.61,1750
400.0,14,35.2,1250
400.0,16,37.92,-3000
400.0,19,40.7,2500
400.0,23,42.12,-750
400.5,3,41.75,500
400.5,6,40.17,-750
400.5,7,40.52,1750
400.5,8,37.09,2250
400.5,10,36.15,500
400.5,13,41.75,1750
400.5,15,35.14,-6000
400.5,16,38.96,-3000
400.5,18,35.26,-1250
400.5,19,39.44,2500
400.5,21,35.53,-500
400.5,23,41.96,-750
400.5,25,35.61,1750
400.5,27,35.22,-4250
401.0,2,35.26,2500
401.0,3,42.47,500
401.0,6,40.02,-750
401.0,7,39.13,1750
401.0,13,41.32,1750
401.0,16,38.42,-3000
401.0,19,40.08,2500
401.0,20,35.13,-3000
401.0,23,42.58,-750
401.0,32,35.22,2500
401.5,3,42.78,500
401.5,6,39.63,-750
401.5,7,37.24,1750
401.5,10,35.86,500
401.5,11,35.58,-3500
401.5,13,40.62,1750
401.5,16,38.91,-3000
401.5,19,40.03,2500
401.5,20,36.77,-3000
401.5,23,42.01,-750
401.5,24,35.64,500
401.5,30,35.31,-3250
402.0,3,43.23,500
402.0,4,35.15,-5500
402.0,6,40.83,-750
402.0,7,37.66,1750
402.0,13,41.87,1750
402.0,15,35.04,2500
402.0,16,38.68,-3000
402.0,17,35.68,1500
402.0,19,40.69,2500
402.0,23,41.03,-750
402.0,25,35.56,-5000
402.5,1,35.12,-5000
402.5,3,42.25,500
402.5,4,35.27,-5000
402.5,6,38.37,-1000
402.5,7,36.86,1750
402.5,8,35.9,-250
402.5,13,42.28,1750
402.5,14,35.85,-750
402.5,16,38.82,-3000
402.5,18,35.14,-1250
402.5,19,37.24,2250
402.5,20,36.43,-3000
402.5,23,41.82,-750
402.5,29,35.37,-6000
402.5,30,36.09,-3250
403.0,3,42.8,500
403.0,6,35.83,-1000
403.0,7,37.46,1750
403.0,9,35.77,4500
403.0,13,41.44,1750
403.0,16,36.34,-2750
403.0,17,35.15,-5250
403.0,19,36.47,2250
403.0,23,41.38,-750
403.0,32,35.19,5000
403.5,3,42.41,500
403.5,6,41.26,-750
403.5,7,38.16,1750
403.5,10,35.27,500
403.5,12,35.1,1500
403.5,13,41.02,1750
403.5,16,38.06,-3000
403.5,17,35.15,5500
403.5,19,41.34,2500
403.5,23,41.15,-750
403.5,26,35.3,-2250
403.5,30,35.32,-4750
404.0,3,41.24,500
404.0,5,35.08,5250
404.0,6,39.81,-750
404.0,7,38.17,1750
404.0,8,35.31,1500
404.0,13,39.27,1750
404.0,16,38.75,-3000
404.0,18,35.54,3500
404.0,19,41.15,2500
404.0,20,36.2,500
404.0,22,35.51,-3000
404.0,23,40.21,-750
404.0,32,36.07,-3000
404.5,3,42.86,500
404.5,6,39.83,-750
404.5,7,38.02,1750
404.5,13,40.64,1750
404.5,16,38.47,-2750
404.5,19,40.89,2500
404.5,20,35.93,-750
404.5,23,40.46,-750
404.5,31,35.24,1250
405.0,3,42.1,500
405.0,6,40.79,-750
405.0,7,37.32,1750
405.0,13,41.76,1750
405.0,16,38.09,-2750
405.0,19,39.71,2500
405.0,23,42.14,-750
405.0,30,35.46,500
405.5,3,42.44,500
405.5,4,35.63,-1750
405.5,6,36.63,-1000
405.5,7,36.44,1750
405.5,10,36.2,500
405.5,13,40.19,1750
405.5,15,35.07,2250
405.5,16,37.8,-2750
405.5,18,35.45,1000
405.5,19,36.11,2750
405.5,22,35.6,-5750
405.5,23,41.85,-750
405.5,31,35.83,-750
405.5,32,35.64,250
406.0,3,42.35,500
406.0,6,37.62,-500
406.0,7,36.97,1750
406.0,8,35.26,4000
406.0,10,37.27,500
406.0,13,39.96,1750
406.0,16,39.07,-3000
406.0,19,38.08,2250
406.0,23,42.04,-750
406.0,25,35.56,500
406.0,26,36.35,-2500
406.0,30,35.18,-4750
406.5,3,43.58,500
406.5,5,35.14,2000
406.5,6,37.14,-500
406.5,7,38.58,1750
406.5,12,35.01,-1250
406.5,13,41.33,1750
406.5,16,36.47,-2750
406.5,18,35.19,5500
406.5,19,38.12,2250
406.5,23,41.48,-750
407.0,3,43.65,500
407.0,6,35.7,-500
407.0,7,38.1,1750
407.0,9,35.76,-3000
407.0,10,35.23,500
407.0,13,40.97,1750
407.0,16,38.21,-2750
407.0,19,35.19,2250
407.0,20,35.11,-3000
407.0,23,42.96,-750
407.0,31,35.52,-4250
407.5,1,35.4,1000
407.5,3,41.3,500
407.5,6,35.49,-1000
407.5,7,36.79,1750
407.5,8,35.01,-2500
407.5,10,35.15,-4750
407.5,13,40.88,1750
407.5,16,38.26,-2750
407.5,19,38.15,2250
407.5,20,35.05,-3000
407.5,23,42.58,-750
407.5,27,35.47,1000
407.5,28,35.48,500
407.5,29,35.1,-3250
407.5,30,36.04,-3250
408.0,1,35.76,-750
408.0,2,35.11,-5750
408.0,3,42.36,500
408.0,4,35.27,-3000
408.0,6,40.39,-750
408.0,7,39.58,1750
408.0,10,35.49,-3750
408.0,13,40.95,1750
408.0,16,38.72,-2750
408.0,17,35.02,500
408.0,18,35.23,4750
408.0,19,35.73,5500
408.0,23,42.63,-750
408.0,26,35.04,2250
408.0,30,36.6,-3250
408.0,32,35.31,4250
408.5,3,42.08,500
408.5,7,37.82,1750
408.5,8,35.66,2250
408.5,10,35.85,-5750
408.5,13,40.93,1750
408.5,14,35.53,-5750
408.5,15,35.0,2000
408.5,16,38.05,-2750
408.5,19,35.9,2750
408.5,23,42.24,-750
408.5,28,35.02,4250
408.5,29,35.86,-3750
408.5,30,35.04,2000
409.0,3,42.24,500
409.0,5,35.03,750
409.0,6,35.12,-500
409.0,7,38.9,1750
409.0,10,35.74,500
409.0,11,35.1,-500
409.0,13,39.56,1750
409.0,16,37.94,-2750
409.0,19,38.09,2250
409.0,20,35.44,2000
409.0,23,41.85,-750
409.0,25,35.07,4250
409.0,28,36.4,2750
409.0,32,35.6,-2250
409.5,2,36.52,500
409.5,3,42.28,500
409.5,4,35.24,-1000
409.5,5,35.57,-2500
409.5,7,40.35,1750
409.5,13,40.73,1750
409.5,14,35.46,-2250
409.5,16,36.71,-3000
409.5,19,38.25,2250
409.5,20,35.09,-750
409.5,23,42.25,-750
409.5,25,35.06,3000
410.0,3,41.79,500
410.0,4,35.12,-2000
410.0,6,40.63,-750
410.0,7,38.66,1750
410.0,13,41.94,1750
410.0,16,36.4,-3000
410.0,19,40.75,2500
410.0,23,40.84,-750
410.0,25,35.04,1750
410.0,27,35.04,-4000
410.5,3,43.11,500
410.5,6,36.64,-500
410.5,7,39.2,1750
410.5,13,39.9,1750
410.5,14,35.07,-500
410.5,15,36.0,-1750
410.5,16,38.74,-2750
410.5,19,38.89,2250
410.5,20,35.24,-6000
410.5,23,43.07,-750
411.0,3,43.16,500
411.0,6,39.4,-750
411.0,7,37.73,1750
411.0,10,35.63,500
411.0,11,35.59,-5250
411.0,13,40.76,1750
411.0,16,36.59,-3000
411.0,19,39.93,2500
411.0,23,41.37,-750
411.0,26,36.19,-750
411.0,30,36.93,-3250
411.0,32,35.11,1750
411.5,3,42.62,500
411.5,5,35.25,-3250
411.5,6,38.0,-750
411.5,7,38.56,1750
411.5,8,37.53,2250
411.5,10,35.74,500
411.5,13,40.35,1750
411.5,16,36.02,-2750
411.5,18,35.15,1250
411.5,19,40.51,2500
411.5,20,35.77,-3000
411.5,23,42.12,-750
411.5,24,35.08,-2500
412.0,2,35.03,2750
412.0,3,42.66,500
412.0,4,35.04,-2000
412.0,6,38.19,-750
412.0,7,39.97,1750
412.0,11,36.27,-4500
412.0,12,35.0,-1000
412.0,13,41.91,1750
412.0,16,38.64,-3000
412.0,19,40.94,2500
412.0,20,35.25,-3000
412.0,23,40.92,-750
412.5,3,42.47,500
412.5,6,37.26,-1000
412.5,7,36.34,1750
412.5,10,35.35,4750
412.5,12,35.17,-5250
412.5,13,40.26,1750
412.5,15,35.48,250
412.5,16,36.63,-2750
412.5,19,37.29,2750
412.5,20,35.01,-3000
412.5,22,35.34,-5500
412.5,23,41.59,-750
412.5,27,35.57,-3250
413.0,2,35.43,-2250
413.0,3,42.74,500
413.0,4,35.85,-3500
413.0,6,39.16,-750
413.0,7,37.82,1750
413.0,10,36.13,500
413.0,13,40.18,1750
413.0,16,37.86,-2750
413.0,19,40.89,2500
413.0,20,35.32,3750
413.0,23,42.65,-750
413.0,28,35.14,1500
413.0,30,35.73,-3500
413.0,31,35.03,1500
413.5,3,42.97,500
413.5,6,38.94,-750
413.5,7,39.29,1750
413.5,13,41.3,1750
413.5,15,35.31,2250
413.5,16,37.88,-3000
413.5,18,35.84,-5500
413.5,19,38.7,2250
413.5,20,35.05,-3000
413.5,22,35.34,5500
413.5,23,42.85,-750
414.0,3,42.41,500
414.0,6,36.78,-1000
414.0,7,35.33,1750
414.0,13,41.15,1750
414.0,16,37.18,-3000
414.0,18,35.01,-5000
414.0,19,38.53,2250
414.0,20,36.43,-3000
414.0,23,41.09,-750
414.0,27,35.76,500
414.0,31,35.35,4500
414.0,32,35.11,1500
414.5,1,35.3,-750
414.5,3,41.82,500
414.5,7,38.74,1750
414.5,13,41.52,1750
414.5,15,35.18,250
414.5,16,38.26,-3000
414.5,19,36.18,2250
414.5,23,41.14,-750
414.5,28,35.69,-750
415.0,3,42.6,500
415.0,6,37.11,-500
415.0,7,38.83,1750
415.0,12,35.02,-500
415.0,13,40.2,1750
415.0,16,38.13,-3000
415.0,19,40.72,2250
415.0,20,35.33,-3000
415.0,23,41.83,-750
415.0,30,36.18,-3250
415.5,1,35.28,-2250
415.5,3,43.19,500
415.5,5,35.23,5500
415.5,6,36.45,-1000
415.5,7,38.77,1750
415.5,13,41.41,1750
415.5,14,35.08,-1750
415.5,15,36.23,4500
415.5,16,38.5,-3000
415.5,19,35.89,2250
415.5,23,42.42,-750
415.5,30,35.11,-3750
416.0,3,42.97,500
416.0,6,38.18,-750
416.0,7,39.12,1750
416.0,13,41.54,1750
416.0,16,40.02,-3000
416.0,19,41.05,2500
416.0,23,42.5,-750
416.0,26,35.6,5500
416.5,1,35.58,3500
416.5,3,43.24,500
416.5,5,35.5,3500
416.5,6,36.64,-1000
416.5,7,38.51,1750
416.5,10,37.58,500
416.5,13,40.61,1750
416.5,16,38.87,-2750
416.5,19,40.91,2500
416.5,23,42.84,-750
416.5,30,35.23,-1500
416.5,32,35.02,2250
417.0,3,43.12,500
417.0,4,35.31,-4750
417.0,6,39.74,-750
417.0,7,38.36,1750
417.0,8,35.14,3750
417.0,10,35.28,500
417.0,13,38.25,1750
417.0,16,35.28,-2750
417.0,19,40.52,2500
417.0,20,35.18,-3000
417.0,22,35.13,5500
417.0,23,41.7,-750
417.5,3,43.74,500
417.5,6,35.27,-1000
417.5,7,39.28,1750
417.5,13,39.62,1750
417.5,14,35.42,-3250
417.5,16,38.79,-3000
417.5,17,35.33,-3000
417.5,18,35.17,-5500
417.5,19,40.06,2500
417.5,23,42.05,-750
417.5,26,35.25,4500
417.5,30,35.15,1250
418.0,3,42.98,500
418.0,6,36.8,-1000
418.0,7,36.14,1750
418.0,10,36.37,500
418.0,13,41.4,1750
418.0,16,37.25,-3000
418.0,19,37.57,2250
418.0,23,40.82,-750
418.0,24,35.75,5750
418.5,2,35.65,3000
418.5,3,42.94,500
418.5,4,35.35,-6000
418.5,6,40.65,-750
418.5,7,37.19,1750
418.5,9,35.02,2250
418.5,13,38.96,1500
418.5,16,37.9,-3000
418.5,17,35.16,5000
418.5,19,40.03,2500
418.5,23,40.84,-750
419.0,3,42.64,500
419.0,6,40.17,-750
419.0,7,38.53,1750
419.0,10,35.47,2250
419.0,11,35.08,-2000
419.0,13,41.74,1750
419.0,14,35.06,-4500
419.0,16,37.43,-2750
419.0,19,39.04,2500
419.0,22,35.6,2750
419.0,23,40.78,-750
419.0,25,35.56,-4750
419.0,32,35.06,1000
419.5,3,42.87,500
419.5,6,38.14,-750
419.5,7,37.9,1750
419.5,8,36.45,-750
419.5,10,35.01,500
419.5,13,40.39,1750
419.5,14,35.43,-1250
419.5,16,38.24,-2750
419.5,19,40.31,2500
419.5,22,35.04,5250
419.5,23,42.93,-750
419.5,29,35.2,1000
419.5,30,35.57,-3250
420.0,3,41.85,500
420.0,6,39.09,-750
420.0,7,38.01,1750
420.0,9,35.06,-2750
420.0,10,36.69,500
420.0,13,42.12,1750
420.0,16,38.99,-3000
420.0,17,35.2,-5000
420.0,19,39.91,2500
420.0,20,36.62,-3000
420.0,23,42.6,-750
420.5,1,36.31,-5500
420.5,3,42.92,500
420.5,6,36.33,-1000
420.5,7,39.67,1750
420.5,12,36.1,-2500
420.5,13,41.23,1750
420.5,14,35.46,500
420.5,16,37.91,-3000
420.5,19,36.2,2250
420.5,23,42.29,-750
420.5,27,35.59,-4750
420.5,28,35.68,-6000
421.0,3,42.17,500
421.0,5,35.41,4500
421.0,6,37.15,-1000
421.0,7,39.47,1750
421.0,8,35.18,-1000
421.0,10,36.17,500
421.0,13,41.26,1750
421.0,16,37.79,-2750
421.0,18,35.29,-1000
421.0,19,36.96,2250
421.0,23,41.54,-750
421.0,28,35.53,-3000
421.0,30,35.14,-4250
421.0,32,35.47,-1000
421.5,3,42.5,500
421.5,6,39.83,-750
421.5,7,37.67,1750
421.5,10,36.23,500
421.5,13,41.48,1750
421.5,16,36.68,-3000
421.5,19,40.71,2500
421.5,20,35.02,2000
421.5,23,42.22,-750
421.5,28,35.36,5000
421.5,30,35.23,2500
422.0,3,42.56,500
422.0,6,41.38,-750
422.0,7,35.77,1750
422.0,13,40.68,1750
422.0,16,36.82,-2750
422.0,18,35.32,-2500
422.0,19,39.97,2500
422.0,23,42.84,-750
422.0,29,35.27,-4250
422.5,2,35.01,-500
422.5,3,41.22,500
422.5,4,35.53,3750
422.5,5,35.87,500
422.5,6,39.38,-750
422.5,7,38.34,1750
422.5,8,35.15,-3000
422.5,13,40.11,1750
422.5,14,35.51,-4500
422.5,16,38.69,-3000
422.5,19,37.01,2250
422.5,20,36.91,-3000
422.5,22,35.11,-2750
422.5,23,42.89,-750
422.5,27,35.48,-2500
422.5,30,35.78,-3250
422.5,31,35.47,5500
423.0,3,42.85,500
423.0,6,39.64,-750
423.0,7,37.67,1750
423.0,8,35.68,-5250
423.0,13,41.5,1750
423.0,16,37.69,-3000
423.0,17,35.11,500
423.0,19,40.21,2500
423.0,20,36.1,-3000
423.0,23,41.79,-750
423.0,24,35.48,5500
423.5,3,42.46,500
423.5,5,35.22,1000
423.5,6,38.34,-750
423.5,7,37.69,1750
423.5,8,35.03,4000
423.5,11,35.24,2500
423.5,13,41.47,1750
423.5,16,37.82,-2750
423.5,19,39.13,2500
423.5,23,42.53,-750
423.5,26,35.05,-1750
423.5,30,35.47,-5250
424.0,1,35.19,5500
424.0,3,43.06,500
424.0,6,36.93,-500
424.0,7,36.96,1750
424.0,8,35.13,5500
424.0,13,41.55,1750
424.0,14,35.86,5750
424.0,16,38.05,-3000
424.0,19,41.09,2500
424.0,20,35.42,-3000
424.0,23,42.42,-750
424.5,3,42.63,500
424.5,6,39.39,-750
424.5,7,38.42,1750
424.5,12,35.22,-1750
424.5,13,39.94,1750
424.5,14,35.53,3750
424.5,16,37.91,-3000
424.5,19,36.33,2250
424.5,22,35.39,-5750
424.5,23,42.67,-750
424.5,31,35.03,-2000
425.0,3,42.29,500
425.0,6,35.94,-1000
425.0,7,38.06,1750
425.0,8,35.15,5500
425.0,13,40.61,1750
425.0,16,37.29,-3000
425.0,19,36.88,2250
425.0,23,42.49,-750
425.5,1,36.16,-3500
425.5,3,42.5,500
425.5,7,37.72,1750
425.5,13,38.31,1750
425.5,14,35.03,0
425.5,16,38.35,-3000
425.5,19,40.17,2500
425.5,23,42.42,-750
425.5,25,35.08,-5500
426.0,1,35.6,-5750
426.0,3,42.37,500
426.0,5,35.05,500
426.0,6,36.54,-750
426.0,7,38.65,1750
426.0,9,35.36,-4000
426.0,11,35.08,1500
426.0,12,35.15,1250
426.0,13,41.44,1750
426.0,16,37.37,-3000
426.0,19,39.98,2500
426.0,23,42.67,-750
426.0,27,35.02,1500
426.0,28,35.08,-4500
426.0,30,35.11,2750
426.5,3,41.93,500
426.5,6,36.13,-1000
426.5,7,38.52,1750
426.5,13,41.89,1750
426.5,16,36.89,-2750
426.5,17,35.45,4250
426.5,19,37.81,2250
426.5,23,42.82,-750
426.5,27,35.26,4750
426.5,28,35.36,-3250
427.0,3,42.56,500
427.0,6,36.59,-1000
427.0,7,38.17,1750
427.0,9,35.82,2250
427.0,10,36.17,500
427.0,11,35.64,4500
427.0,13,40.14,1750
427.0,14,35.33,750
427.0,16,37.81,-2750
427.0,17,35.41,250
427.0,19,38.25,2250
427.0,20,35.83,-3000
427.0,23,43.04,-750
427.0,27,35.02,250
427.0,29,35.86,-500
427.5,3,42.71,500
427.5,7,38.15,1750
427.5,13,40.68,1750
427.5,16,38.13,-2750
427.5,19,37.16,2750
427.5,20,35.13,-3250
427.5,23,43.73,-750
428.0,3,42.59,500
428.0,6,39.34,-750
428.0,7,37.16,1750
428.0,10,36.23,500
428.0,11,35.53,-5250
428.0,13,41.33,1750
428.0,16,38.02,-3000
428.0,19,39.7,2500
428.0,23,43.12,-750
428.0,24,35.04,4500
428.0,27,35.45,-1750
428.0,30,35.31,-4750
428.5,3,42.12,500
428.5,6,37.88,-750
428.5,7,37.4,1750
428.5,12,35.2,750
428.5,13,40.1,1750
428.5,16,36.94,-3000
428.5,18,35.41,-750
428.5,19,39.1,2500
428.5,20,35.01,-250
428.5,23,42.51,-750
428.5,25,35.01,-5500
429.0,1,35.05,5000
429.0,3,43.75,500
429.0,6,37.61,-1000
429.0,7,37.28,1750
429.0,10,36.09,500
429.0,11,35.59,-3000
429.0,13,41.13,1750
429.0,14,35.71,-6000
429.0,16,38.9,-3000
429.0,19,39.0,2250
429.0,23,42.5,-750
429.0,26,35.65,2250
429.5,2,35.31,-1000
429.5,3,41.99,500
429.5,5,35.6,-250
429.5,6,36.84,-1000
429.5,7,38.11,1750
429.5,13,39.24,1750
429.5,16,37.91,-3000
429.5,19,37.51,2250
429.5,21,35.6,5500
429.5,23,42.45,-750
429.5,29,35.41,500
429.5,31,35.34,750
430.0,3,42.82,500
430.0,4,35.0,5250
430.0,6,39.34,-750
430.0,7,38.19,1750
430.0,9,35.21,-4000
430.0,13,39.49,1500
430.0,14,36.62,-2250
430.0,16,37.18,-3000
430.0,17,35.53,1250
430.0,19,40.09,2500
430.0,20,35.2,-1250
430.0,23,41.63,-750
430.0,24,35.01,-3000
430.0,25,35.54,-6000
430.5,3,42.23,500
430.5,6,39.31,-750
430.5,7,37.01,1750
430.5,9,35.87,5750
430.5,10,35.53,500
430.5,13,40.51,1750
430.5,16,38.44,-3000
430.5,19,40.45,2500
430.5,23,41.77,-750
430.5,25,35.62,1500
431.0,3,43.1,500
431.0,5,35.39,3000
431.0,6,38.68,-750
431.0,7,37.03,1750
431.0,10,36.86,500
431.0,12,35.2,-3000
431.0,13,40.96,1750
431.0,16,38.49,-3000
431.0,19,41.37,2500
431.0,23,43.51,-750
431.0,25,35.32,750
431.0,30,35.38,3500
431.5,3,43.92,500
431.5,6,39.37,-750
431.5,7,37.32,1750
431.5,9,35.2,5000
431.5,10,35.07,500
431.5,13,40.99,1750
431.5,15,35.02,-1750
431.5,16,37.6,-3000
431.5,19,38.71,2500
431.5,20,35.4,-4250
431.5,23,42.9,-750
431.5,26,35.8,5250
431.5,32,35.4,4000
432.0,1,35.15,5500
432.0,3,42.53,500
432.0,6,37.83,-500
432.0,7,37.59,1750
432.0,13,39.7,1750
432.0,16,36.55,-3000
432.0,19,37.84,2250
432.0,23,42.98,-750
432.0,29,35.61,-3750
432.0,31,35.18,3000
432.5,3,42.52,500
432.5,6,37.84,-500
432.5,7,36.45,1750
432.5,10,36.25,500
432.5,13,41.8,1750
432.5,16,37.29,-2750
432.5,17,35.19,3500
432.5,19,35.78,2250
432.5,23,42.04,-750
432.5,27,35.19,2750
432.5,32,35.13,-3500
433.0,2,35.78,1250
433.0,3,42.18,500
433.0,4,35.51,5500
433.0,6,38.86,-1000
433.0,7,37.77,1750
433.0,12,35.19,-3750
433.0,13,40.7,1750
433.0,16,38.3,-3000
433.0,19,38.86,2250
433.0,23,42.46,-750
433.0,29,35.24,4250
433.5,2,35.5,-3000
433.5,3,43.34,500
433.5,6,39.55,-750
433.5,7,36.48,1750
433.5,8,35.08,2250
433.5,12,35.18,-3750
433.5,13,41.03,1750
433.5,15,35.16,5750
433.5,16,38.57,-3000
433.5,19,37.71,2500
433.5,20,35.55,-3000
433.5,21,35.44,-2500
433.5,23,41.35,-750
433.5,31,35.19,500
434.0,3,42.54,500
434.0,6,39.91,-750
434.0,7,38.28,1750
434.0,12,35.17,1500
434.0,13,40.51,1750
434.0,15,35.19,-1750
434.0,16,39.25,-2750
434.0,19,39.93,2500
434.0,23,41.91,-750
434.0,25,35.48,2750
434.5,3,43.17,500
434.5,6,35.97,-1000
434.5,7,37.46,1750
434.5,9,35.98,250
434.5,13,41.01,1750
434.5,15,35.29,250
434.5,16,40.21,-2750
434.5,18,35.26,1000
434.5,19,37.26,2250
434.5,21,35.24,2250
434.5,23,42.46,-750
435.0,3,42.64,500
435.0,6,38.37,-750
435.0,7,37.76,1750
435.0,10,36.21,500
435.0,13,40.78,1750
435.0,16,39.38,-3000
435.0,19,39.86,2500
435.0,23,42.75,-750
435.5,3,42.19,500
435.5,6,38.64,-750
435.5,7,37.65,1750
435.5,12,35.4,3000
435.5,13,39.8,1750
435.5,16,39.0,-3000
435.5,19,39.88,2500
435.5,23,42.32,-750
435.5,25,35.21,1500
435.5,29,35.05,5500
435.5,32,35.2,-3000
436.0,3,41.75,500
436.0,6,38.06,-1000
436.0,7,37.54,1750
436.0,11,35.15,-3000
436.0,13,40.83,1750
436.0,16,38.84,-2750
436.0,19,38.85,2250
436.0,20,35.25,4250
436.0,23,42.52,-750
436.0,24,35.46,-2750
436.0,32,35.13,4250
436.5,1,35.03,750
436.5,3,42.56,500
436.5,6,37.72,-1000
436.5,7,39.17,1750
436.5,9,35.21,1500
436.5,13,40.53,1750
436.5,14,35.13,2750
436.5,15,35.21,-3500
436.5,16,37.75,-3000
436.5,19,38.57,2250
436.5,20,36.26,-3000
436.5,23,41.86,-750
436.5,30,35.08,5750
436.5,32,35.44,-250
437.0,3,42.78,500
437.0,6,37.91,-750
437.0,7,39.04,1750
437.0,12,35.4,5750
437.0,13,40.62,1750
437.0,16,37.33,-2750
437.0,19,42.15,2500
437.0,23,42.79,-750
437.0,26,35.42,-4000
437.0,30,36.03,-3250
437.0,32,36.2,-3000
437.5,3,42.98,500
437.5,5,35.83,-1500
437.5,6,39.27,-750
437.5,7,37.17,1750
437.5,10,35.27,500
437.5,12,35.37,3000
437.5,13,38.77,1750
437.5,16,37.07,-2750
437.5,19,40.05,2250
437.5,23,41.96,-750
437.5,32,35.03,4000
438.0,3,42.66,500
438.0,6,40.03,-750
438.0,7,38.9,1750
438.0,11,35.54,2000
438.0,13,40.09,1750
438.0,16,38.59,-3000
438.0,19,39.16,2500
438.0,22,35.36,1500
438.0,23,42.47,-750
438.5,3,43.03,500
438.5,6,37.17,-1000
438.5,7,36.36,1750
438.5,10,36.49,250
438.5,13,39.6,1750
438.5,16,36.99,-2750
438.5,18,35.4,-500
438.5,19,38.75,2250
438.5,21,35.13,-500
438.5,23,42.66,-750
438.5,30,35.13,1250
439.0,3,42.8,500
439.0,6,35.15,-1000
439.0,7,37.52,1750
439.0,8,36.01,2250
439.0,13,41.05,1750
439.0,16,37.85,-2750
439.0,19,37.66,2250
439.0,23,42.87,-750
439.0,25,35.16,-500
439.0,30,35.03,5000
439.5,3,42.56,500
439.5,6,36.22,-1000
439.5,7,38.36,1750
439.5,13,41.31,1750
439.5,16,36.78,-3000
439.5,19,37.73,2250
439.5,21,35.59,-2750
439.5,23,42.7,-750
439.5,24,35.07,5500
439.5,30,35.71,-3250
439.5,32,35.06,-1750
440.0,3,41.86,500
440.0,6,39.46,-750
440.0,7,37.05,1750
440.0,8,35.97,5500
440.0,10,35.47,250
440.0,13,39.36,1750
440.0,16,37.55,-3000
440.0,19,39.83,2500
440.0,23,42.56,-750
440.0,26,35.16,4000
440.5,1,35.89,-3250
440.5,3,42.98,500
440.5,6,36.32,-1000
440.5,7,38.08,1750
440.5,13,41.53,1750
440.5,16,36.06,-2750
440.5,19,36.43,2250
440.5,20,36.32,-3000
440.5,23,42.98,-750
441.0,3,42.46,500
441.0,4,35.45,5750
441.0,6,39.69,-750
441.0,7,39.1,1750
441.0,13,40.4,1750
441.0,16,37.64,-2750
441.0,19,40.61,2500
441.0,23,42.63,-750
441.0,24,35.15,-1000
441.0,30,35.24,3750
441.0,31,35.02,-4500
441.5,3,42.5,500
441.5,5,35.11,-2750
441.5,6,39.67,-750
441.5,7,37.16,1750
441.5,11,35.09,5250
441.5,13,41.44,1750
441.5,15,35.18,-250
441.5,16,36.75,-3000
441.5,19,38.99,2500
441.5,23,42.94,-750
441.5,26,35.25,4250
442.0,1,35.68,1500
442.0,3,42.73,500
442.0,6,39.77,-750
442.0,7,36.53,1750
442.0,10,35.23,500
442.0,13,40.74,1750
442.0,16,36.53,-3000
442.0,19,38.78,2500
442.0,23,42.01,-750
442.0,24,35.39,500
442.5,3,41.4,500
442.5,6,36.32,-1000
442.5,7,37.18,1750
442.5,10,35.95,500
442.5,13,42.39,1750
442.5,16,38.13,-3000
442.5,19,35.55,2250
442.5,23,42.35,-750
442.5,26,35.91,1000
443.0,2,35.34,1750
443.0,3,42.39,500
443.0,6,39.33,-750
443.0,7,38.47,1750
443.0,8,35.02,1250
443.0,11,35.31,-4000
443.0,13,40.68,1750
443.0,16,37.19,-3000
443.0,19,39.94,2500
443.0,20,35.09,1000
443.0,23,41.51,-750
443.0,24,35.25,2000
443.0,26,36.48,1500
443.0,29,35.28,-2250
443.0,30,35.16,-4500
443.0,32,35.79,-5000
443.5,1,35.77,250
443.5,3,42.73,500
443.5,6,38.92,-750
443.5,7,35.53,1750
443.5,8,35.44,2250
443.5,13,39.95,1750
443.5,16,36.51,-2750
443.5,19,37.33,2250
443.5,23,42.73,-750
444.0,3,42.72,500
444.0,7,39.54,1750
444.0,13,41.03,1750
444.0,16,36.99,-3000
444.0,18,35.12,2250
444.0,19,36.85,2250
444.0,23,42.95,-750
444.5,3,42.05,500
444.5,6,36.72,-1000
444.5,7,37.92,1750
444.5,13,40.01,1750
444.5,15,35.95,2500
444.5,16,35.62,-2750
444.5,19,36.11,2250
444.5,21,35.07,2000
444.5,22,35.06,2750
444.5,23,43.84,-750
444.5,30,35.13,-3250
444.5,32,36.09,-3000
445.0,1,35.23,-3250
445.0,3,43.49,500
445.0,6,37.11,-1000
445.0,7,36.74,1750
445.0,8,37.24,2250
445.0,13,39.77,1750
445.0,16,37.85,-3000
445.0,19,39.52,2250
445.0,22,35.03,4000
445.0,23,42.93,-750
445.0,28,35.16,-3000
445.5,2,35.54,4500
445.5,3,42.3,500
445.5,5,35.08,5500
445.5,7,37.14,1750
445.5,11,35.08,-3250
445.5,13,40.21,1750
445.5,16,38.41,-3000
445.5,19,39.62,2250
445.5,21,35.38,1750
445.5,23,42.35,-750
445.5,25,35.63,3750
445.5,29,35.09,750
446.0,3,42.28,500
446.0,6,38.59,-750
446.0,7,39.16,1750
446.0,8,35.35,2250
446.0,10,37.24,500
446.0,11,35.7,-2000
446.0,13,40.64,1750
446.0,14,35.46,-4000
446.0,16,38.67,-3000
446.0,19,39.69,2500
446.0,20,35.66,-3000
446.0,23,42.27,-750
446.0,26,35.34,-1750
446.0,30,37.22,-3250
446.5,1,35.24,3500
446.5,3,41.79,500
446.5,6,38.0,-1000
446.5,7,37.7,1750
446.5,13,39.97,1750
446.5,16,37.89,-3000
446.5,19,41.03,2500
446.5,22,35.34,4500
446.5,23,41.83,-750
446.5,24,35.4,500
446.5,32,36.2,-3000
447.0,3,40.81,500
447.0,6,40.93,-750
447.0,7,36.46,1750
447.0,12,35.08,5250
447.0,13,41.54,1750
447.0,16,39.02,-2750
447.0,19,38.96,2500
447.0,21,35.12,1750
447.0,23,42.33,-750
447.0,26,35.23,2000
447.5,1,36.27,2500
447.5,3,42.65,500
447.5,4,35.01,5750
447.5,6,36.73,-1000
447.5,7,37.37,1750
447.5,10,36.77,500
447.5,11,35.08,5750
447.5,13,40.86,1750
447.5,16,39.74,-2750
447.5,19,37.52,2500
447.5,21,35.19,1750
447.5,23,43.15,-750
447.5,30,35.02,750
448.0,1,35.03,2750
448.0,3,41.74,500
448.0,6,35.55,-1000
448.0,7,36.08,1750
448.0,10,35.56,1000
448.0,11,35.55,-3750
448.0,13,39.27,1500
448.0,16,38.09,-3000
448.0,19,40.29,2250
448.0,23,42.56,-750
448.5,3,42.22,500
448.5,6,40.46,-750
448.5,7,36.35,1750
448.5,9,35.35,-3750
448.5,13,40.95,1750
448.5,15,35.78,1250
448.5,16,37.26,-3000
448.5,19,39.31,2500
448.5,21,35.18,5000
448.5,23,42.56,-750
448.5,25,35.17,4000
448.5,30,37.11,-3250
448.5,32,35.26,-3000
449.0,3,42.5,500
449.0,5,35.74,-4750
449.0,6,39.82,-750
449.0,7,36.57,1750
449.0,8,35.25,-5250
449.0,11,35.89,-4500
449.0,12,35.31,-4500
449.0,13,38.23,1500
449.0,16,37.64,-2750
449.0,19,40.93,2500
449.0,22,35.54,-3000
449.0,23,42.69,-750
449.0,29,35.3,1750
449.5,1,35.49,1500
449.5,2,35.52,5250
449.5,3,42.7,500
449.5,6,39.46,-750
449.5,7,37.56,1750
449.5,8,35.11,-4250
449.5,10,35.37,-3250
449.5,13,40.5,1750
449.5,15,35.51,-4750
449.5,16,38.96,-3000
449.5,19,40.64,2500
449.5,20,36.91,-3000
449.5,23,42.14,-750
450.0,3,41.82,500
450.0,6,39.62,-750
450.0,7,37.94,1750
450.0,12,35.02,-4500
450.0,13,40.38,1750
450.0,16,36.97,-2750
450.0,19,40.45,2500
450.0,20,37.4,-3000
450.0,23,42.21,-750
450.0,27,35.43,4250
450.0,28,35.02,-5250
450.5,1,36.31,5500
450.5,3,43.23,500
450.5,6,36.47,-1000
450.5,7,38.08,1750
450.5,10,35.45,500
450.5,13,39.25,1750
450.5,16,38.9,-3000
450.5,19,37.64,2250
450.5,20,35.91,-3000
450.5,21,35.07,-6000
450.5,23,42.97,-750
450.5,30,35.2,1750
451.0,3,42.07,500
451.0,6,36.74,-1000
451.0,7,39.08,1750
451.0,13,40.36,1750
451.0,14,35.01,-5000
451.0,15,35.02,-5500
451.0,16,36.67,-2750
451.0,19,38.92,2250
451.0,23,42.94,-750
451.0,28,35.03,-1500
451.0,32,35.1,0
451.5,3,41.93,500
451.5,6,38.22,-750
451.5,7,38.04,1750
451.5,13,40.47,1750
451.5,16,38.0,-3000
451.5,19,40.82,2500
451.5,23,42.83,-750
451.5,24,35.12,5250
451.5,32,36.26,-3000
452.0,3,42.86,500
452.0,4,35.79,-3250
452.0,6,37.39,-750
452.0,7,37.99,1750
452.0,12,35.39,-2000
452.0,13,41.13,1750
452.0,16,39.99,-2750
452.0,19,39.67,2500
452.0,23,43.01,-750
452.0,26,35.52,-5500
452.0,29,35.17,250
452.5,1,35.39,-5000
452.5,2,35.04,3250
452.5,3,41.94,500
452.5,4,35.33,250
452.5,6,38.28,-750
452.5,7,36.7,1750
452.5,12,35.17,-3500
452.5,13,40.45,1750
452.5,15,35.35,3000
452.5,16,36.59,-3000
452.5,19,38.82,2250
452.5,23,42.85,-750
452.5,26,35.29,1750
452.5,31,35.0,-250
453.0,2,35.15,-2250
453.0,3,42.54,500
453.0,4,35.24,-750
453.0,6,39.84,-750
453.0,7,36.02,1750
453.0,8,35.28,1500
453.0,12,35.44,-5250
453.0,13,40.48,1750
453.0,16,38.61,-3000
453.0,19,40.88,2500
453.0,23,42.97,-750
453.5,3,42.02,500
453.5,6,37.74,-750
453.5,7,39.23,1750
453.5,9,35.51,3250
453.5,10,36.27,500
453.5,12,35.02,2250
453.5,13,41.08,1750
453.5,16,37.21,-2750
453.5,17,35.5,-1500
453.5,19,39.59,2500
453.5,20,36.55,-3000
453.5,23,42.93,-750
453.5,32,35.05,-3750
454.0,3,42.72,500
454.0,7,37.91,1750
454.0,9,35.18,4750
454.0,13,40.35,1750
454.0,16,39.5,-3000
454.0,19,37.84,2500
454.0,20,35.44,-3000
454.0,23,42.18,-750
454.0,25,35.22,-5000
454.0,29,35.7,4000
454.5,3,43.8,500
454.5,4,35.09,-3250
454.5,6,37.35,-750
454.5,7,37.72,1750
454.5,11,35.18,-4000
454.5,13,38.9,1500
454.5,15,35.94,-750
454.5,16,37.58,-3000
454.5,19,36.19,2250
454.5,22,35.67,4000
454.5,23,42.94,-750
454.5,30,35.29,-3250
454.5,32,35.41,1750
455.0,1,35.01,-1500
455.0,3,42.41,500
455.0,7,37.75,1750
455.0,9,35.76,-500
455.0,10,35.77,3750
455.0,13,41.06,1750
455.0,16,37.83,-2750
455.0,19,38.61,2250
455.0,23,42.88,-750
455.0,24,35.1,-3750
455.0,25,35.18,2500
455.0,26,35.4,-2250
455.0,27,35.05,-3750
455.5,3,41.9,500
455.5,6,35.39,-750
455.5,7,38.62,1750
455.5,10,36.32,500
455.5,13,40.29,1750
455.5,15,35.22,250
455.5,16,37.22,-2750
455.5,19,38.76,2500
455.5,20,35.43,4000
455.5,23,42.78,-750
455.5,24,35.46,-2500
455.5,25,35.56,4750
455.5,26,35.1,5500
456.0,3,42.83,500
456.0,7,36.75,1750
456.0,13,39.18,1500
456.0,16,36.75,-2750
456.0,19,39.33,2500
456.0,23,43.3,-750
456.0,28,35.2,5250
456.5,3,43.17,500
456.5,6,35.91,-1000
456.5,7,35.93,1750
456.5,9,35.39,2500
456.5,13,39.86,1750
456.5,16,39.1,-3000
456.5,19,38.44,2250
456.5,20,36.9,-3000
456.5,23,43.09,-750
456.5,24,35.1,5500
456.5,28,35.21,-4750
457.0,3,43.19,500
457.0,4,35.1,-2500
457.0,6,35.67,-500
457.0,7,37.16,1750
457.0,8,35.29,2250
457.0,9,35.4,2000
457.0,12,35.88,-1750
457.0,13,40.45,1750
457.0,16,38.71,-2750
457.0,19,36.34,2250
457.0,20,35.07,-3000
457.0,23,41.56,-750
457.0,24,35.74,-2000
457.5,3,42.72,500
457.5,6,36.09,-500
457.5,7,38.42,1750
457.5,8,35.27,2250
457.5,12,35.49,-3500
457.5,13,39.11,1750
457.5,15,35.46,5250
457.5,16,38.49,-3000
457.5,19,36.99,2250
457.5,20,37.68,-3000
457.5,22,35.04,-2750
457.5,23,43.23,-750
457.5,24,35.96,-3000
457.5,28,35.42,2250
457.5,30,35.51,-500
457.5,32,35.78,-3000
458.0,3,43.66,500
458.0,4,35.68,3000
458.0,6,37.27,-1000
458.0,11,35.38,-3750
458.0,13,39.48,1500
458.0,15,35.19,0
458.0,16,37.17,-2750
458.0,19,39.01,2250
458.0,20,36.35,-3000
458.0,21,35.11,-3750
458.0,23,42.08,-750
458.0,32,35.26,-5750
458.5,2,35.05,-2250
458.5,3,42.48,500
458.5,6,40.6,-750
458.5,7,37.76,1750
458.5,13,40.67,1750
458.5,16,39.75,-3000
458.5,19,40.81,2500
458.5,23,42.71,-750
458.5,24,35.15,3500
458.5,29,35.24,-4000
458.5,30,35.35,-1250
458.5,31,35.08,-4500
459.0,2,35.29,500
459.0,3,42.88,500
459.0,4,35.9,-5250
459.0,6,35.86,-1000
459.0,7,35.96,1750
459.0,10,35.37,-2750
459.0,13,40.12,1750
459.0,14,35.08,250
459.0,15,35.1,-5000
459.0,16,39.43,-2750
459.0,17,35.26,4000
459.0,19,37.21,2250
459.0,22,35.36,0
459.0,23,42.66,-750
459.0,28,35.04,2250
459.0,31,35.29,-4500
459.5,3,43.35,500
459.5,6,35.12,-1000
459.5,7,37.53,1750
459.5,8,36.22,2250
459.5,10,36.31,5000
459.5,13,39.27,1750
459.5,16,38.68,-3000
459.5,19,37.79,2750
459.5,20,37.23,-3000
459.5,23,42.21,-750
460.0,3,42.8,500
460.0,6,39.59,-750
460.0,7,37.22,1750
460.0,8,35.06,-750
460.0,9,35.19,-1000
460.0,10,35.13,1250
460.0,11,35.98,-2000
460.0,13,40.88,1750
460.0,15,35.21,-1500
460.0,16,37.7,-3000
460.0,18,35.05,500
460.0,19,39.71,2500
460.0,23,42.7,-750
460.0,24,35.13,0
460.0,27,35.01,5500
460.5,1,35.04,-3500
460.5,3,43.0,500
460.5,6,36.56,-1000
460.5,13,38.82,1750
460.5,15,35.13,1750
460.5,16,37.6,-3000
460.5,19,38.96,2250
460.5,20,35.19,-1750
460.5,22,35.1,3500
460.5,23,43.57,-750
460.5,25,35.5,-5000
461.0,3,42.46,500
461.0,7,37.03,1750
461.0,13,39.41,1750
461.0,16,37.74,-2750
461.0,17,35.06,4000
461.0,19,38.5,2250
461.0,23,42.2,-750
461.0,26,35.25,-3500
461.0,32,35.71,-250
