Time,PRN,CN0_dBHz,Doppler
0.0,1,35.4,5000
0.0,3,42.98,750
0.0,6,41.51,-500
0.0,7,37.83,1750
0.0,8,35.4,5500
0.0,13,40.83,1750
0.0,16,42.21,-2750
0.0,19,39.48,2500
0.0,23,42.55,-250
0.0,26,35.21,-500
0.0,32,36.57,-3000
0.5,3,43.18,750
0.5,6,41.21,-500
0.5,7,38.63,1750
0.5,13,42.35,1750
0.5,16,42.89,-2750
0.5,19,39.69,2750
0.5,20,36.68,-3000
0.5,21,35.21,4000
0.5,23,43.47,-500
0.5,25,35.9,-500
0.5,27,35.14,-3500
0.5,28,35.17,-4500
0.5,29,35.34,3500
0.5,30,36.21,-3250
1.0,3,44.32,750
1.0,6,43.37,-500
1.0,7,36.71,1750
1.0,13,40.87,1750
1.0,16,42.58,-2750
1.0,19,39.28,2750
1.0,20,37.06,-3000
1.0,23,43.64,-500
1.0,27,35.04,-2750
1.0,30,35.44,-3250
1.5,3,43.51,750
1.5,4,35.05,3750
1.5,6,42.85,-500
1.5,7,36.87,2000
1.5,9,35.29,500
1.5,12,35.3,-2000
1.5,13,42.39,1750
1.5,16,42.4,-2750
1.5,19,38.47,2500
1.5,20,37.39,-3000
1.5,23,44.54,-500
1.5,26,35.83,2750
1.5,30,35.44,-3250
2.0,3,42.9,750
2.0,6,41.26,-500
2.0,7,38.72,1750
2.0,11,35.08,750
2.0,13,42.24,1750
2.0,16,41.97,-2750
2.0,19,39.06,2500
2.0,20,35.02,5750
2.0,21,35.3,0
2.0,22,35.12,3000
2.0,23,41.57,-250
2.0,26,35.19,-2000
2.5,3,44.06,750
2.5,4,35.1,750
2.5,6,41.89,-500
2.5,7,38.68,1750
2.5,12,35.12,4750
2.5,13,41.95,1750
2.5,16,41.6,-2750
2.5,19,38.49,2500
2.5,23,42.76,-500
2.5,25,35.31,-3000
2.5,30,35.09,-3250
3.0,3,43.15,750
3.0,6,41.79,-500
3.0,7,40.39,1750
3.0,12,35.34,4500
3.0,13,43.38,1750
3.0,15,35.67,2250
3.0,16,41.56,-2750
3.0,19,38.96,2750
3.0,21,35.29,4750
3.0,22,35.0,-1250
3.0,23,43.16,-500
3.0,26,35.21,-500
3.0,27,35.04,-4250
3.0,29,35.59,-2500
3.5,3,42.4,750
3.5,4,35.52,4250
3.5,6,41.85,-500
3.5,7,39.7,1750
3.5,10,36.37,750
3.5,11,35.11,2750
3.5,12,35.8,-5250
3.5,13,42.13,1750
3.5,16,42.99,-2750
3.5,19,39.02,2500
3.5,20,35.82,-3000
3.5,23,41.96,-250
3.5,27,35.04,-3000
3.5,30,36.62,-3250
4.0,2,35.6,2000
4.0,3,43.58,750
4.0,4,35.85,-250
4.0,6,42.93,-500
4.0,7,40.02,1750
4.0,8,35.36,750
4.0,13,42.62,1750
4.0,16,43.08,-2750
4.0,19,38.07,2500
4.0,20,36.21,-3000
4.0,23,44.33,-500
4.0,25,35.28,-1250
4.0,30,35.69,-3250
4.5,3,43.36,750
4.5,6,41.19,-500
4.5,7,38.79,1750
4.5,13,42.35,1750
4.5,16,41.39,-2750
4.5,19,37.75,2750
4.5,20,36.52,-3000
4.5,23,41.28,-250
5.0,3,43.15,750
5.0,6,41.87,-500
5.0,7,38.44,2000
5.0,13,42.13,1750
5.0,16,41.21,-2750
5.0,17,35.2,5000
5.0,19,38.47,2500
5.0,20,36.34,-3000
5.0,21,35.24,5750
5.0,23,43.65,-500
5.0,24,35.92,500
5.0,26,35.95,4250
5.0,30,36.29,-3250
5.5,2,35.01,750
5.5,3,43.81,750
5.5,6,42.54,-500
5.5,7,40.1,1750
5.5,10,36.3,750
5.5,13,42.35,1750
5.5,15,35.02,2750
5.5,16,41.53,-2750
5.5,19,38.59,2750
5.5,21,35.01,1750
5.5,22,35.19,2500
5.5,23,42.25,-250
5.5,25,35.4,4500
5.5,26,35.81,-1750
5.5,30,35.54,-4500
5.5,31,35.3,-3500
6.0,3,43.24,750
6.0,4,35.27,-3000
6.0,6,41.62,-500
6.0,7,40.52,1750
6.0,8,35.28,-4250
6.0,10,35.51,750
6.0,11,35.23,-3250
6.0,12,35.15,4000
6.0,13,43.04,1750
6.0,14,35.44,2500
6.0,16,42.55,-2750
6.0,19,39.19,2500
6.0,20,37.01,-3000
6.0,23,41.48,-250
6.0,24,35.44,5750
6.0,25,35.39,1000
6.0,29,35.36,-3000
6.5,3,43.51,750
6.5,6,41.14,-500
6.5,7,39.38,1750
6.5,10,35.31,750
6.5,12,35.55,5500
6.5,13,42.17,1750
6.5,16,42.84,-2750
6.5,19,39.93,2750
6.5,20,35.67,-3000
6.5,23,43.11,-500
7.0,3,43.3,750
7.0,6,42.2,-500
7.0,7,40.62,1750
7.0,9,35.05,-5250
7.0,12,35.32,750
7.0,13,42.11,1750
7.0,16,41.64,-2750
7.0,19,39.18,2750
7.0,20,36.17,-3000
7.0,22,35.32,3500
7.0,23,43.97,-500
7.0,27,35.05,1750
7.5,3,44.33,750
7.5,4,35.01,-2250
7.5,5,35.17,-2750
7.5,6,40.95,-500
7.5,7,38.94,1750
7.5,13,41.85,1750
7.5,16,41.0,-2750
7.5,19,39.72,2500
7.5,20,37.35,-3000
7.5,23,40.84,-250
7.5,30,35.48,-5000
8.0,3,43.58,750
8.0,6,41.83,-500
8.0,7,38.73,1750
8.0,10,35.43,750
8.0,13,41.96,1750
8.0,16,42.51,-2750
8.0,19,39.48,2500
8.0,20,35.28,-5000
8.0,23,39.65,-250
8.0,30,36.1,-3250
8.0,32,35.19,-1250
8.5,3,43.17,750
8.5,6,42.4,-500
8.5,7,38.51,1750
8.5,9,35.58,-2500
8.5,10,35.96,-6000
8.5,13,42.73,1750
8.5,16,42.62,-2750
8.5,19,38.38,2750
8.5,20,35.56,-3000
8.5,23,44.77,-500
8.5,24,35.62,250
8.5,26,35.23,5750
8.5,27,35.07,-1250
8.5,29,35.55,750
8.5,30,35.03,5750
9.0,2,35.22,1500
9.0,3,43.13,750
9.0,5,35.32,-500
9.0,6,42.41,-500
9.0,7,39.35,1750
9.0,13,42.73,1750
9.0,16,43.46,-2750
9.0,19,39.42,2750
9.0,23,43.74,-500
9.0,29,35.07,-5000
9.5,3,42.45,750
9.5,4,35.58,-1000
9.5,6,42.49,-500
9.5,7,39.46,1750
9.5,10,35.17,-3500
9.5,13,43.04,1750
9.5,16,41.24,-2750
9.5,19,39.28,2500
9.5,20,35.47,-3000
9.5,21,35.13,-1500
9.5,23,44.35,-500
9.5,25,35.08,2250
9.5,26,35.09,5750
9.5,30,35.65,-3250
10.0,1,35.21,-2250
10.0,3,43.3,750
10.0,6,41.59,-500
10.0,7,39.31,1750
10.0,10,35.41,5250
10.0,13,42.25,1750
10.0,16,43.09,-2750
10.0,19,37.98,2750
10.0,20,36.56,-3000
10.0,22,35.42,4750
10.0,23,39.28,-500
10.0,24,35.34,2000
10.0,30,35.62,500
10.5,2,35.92,-250
10.5,3,42.89,750
10.5,6,41.95,-500
10.5,7,40.17,1750
10.5,8,35.22,4750
10.5,10,36.19,750
10.5,13,42.55,1750
10.5,14,35.08,-2750
10.5,16,42.45,-2750
10.5,19,40.45,2500
10.5,20,38.84,-3000
10.5,23,41.28,-250
11.0,3,43.33,750
11.0,6,41.87,-500
11.0,7,38.77,1750
11.0,9,35.09,-4000
11.0,10,37.34,750
11.0,13,42.65,1750
11.0,16,43.19,-2750
11.0,17,35.11,500
11.0,19,38.24,2750
11.0,20,36.06,-3000
11.0,23,44.36,-500
11.0,31,35.27,1000
11.0,32,35.94,-3000
11.5,2,35.75,-4500
11.5,3,43.48,750
11.5,6,42.35,-500
11.5,7,38.45,2000
11.5,10,35.64,750
11.5,13,41.72,1750
11.5,16,42.72,-2750
11.5,19,40.25,2500
11.5,20,36.08,-3000
11.5,21,35.06,2750
11.5,23,41.26,-250
11.5,27,35.09,1250
12.0,3,42.06,750
12.0,6,42.56,-500
12.0,7,38.54,1750
12.0,13,41.89,1750
12.0,15,35.13,4250
12.0,16,40.76,-2750
12.0,18,35.03,-2000
12.0,19,39.18,2750
12.0,20,35.73,-3000
12.0,23,41.54,-250
12.0,30,35.55,-3250
12.0,31,35.05,500
12.5,2,35.14,-4250
12.5,3,43.94,750
12.5,6,41.08,-500
12.5,7,39.67,1750
12.5,11,35.2,-2000
12.5,13,43.01,1750
12.5,16,43.73,-2750
12.5,19,38.96,2500
12.5,20,36.66,-3000
12.5,22,35.0,-3000
12.5,23,43.28,-500
12.5,24,35.22,-4000
12.5,29,35.34,5500
12.5,30,37.58,-3250
12.5,32,35.1,-6000
13.0,3,43.03,750
13.0,6,40.8,-500
13.0,7,39.67,1750
13.0,10,35.73,-3250
13.0,12,35.58,3750
13.0,13,41.55,1750
13.0,16,43.25,-2750
13.0,17,35.23,-2000
13.0,19,39.4,2500
13.0,20,37.1,-3000
13.0,23,41.39,-250
13.5,1,35.01,5000
13.5,3,42.93,750
13.5,6,42.04,-500
13.5,7,40.12,1750
13.5,11,35.65,-4750
13.5,13,42.22,1750
13.5,16,41.31,-2750
13.5,18,35.71,-3000
13.5,19,40.28,2500
13.5,20,35.39,-4750
13.5,23,41.2,-250
13.5,24,35.03,-5000
13.5,25,35.25,-1000
13.5,32,35.31,3000
14.0,3,43.31,750
14.0,6,41.65,-500
14.0,7,38.87,1750
14.0,10,35.98,500
14.0,13,43.17,1750
14.0,16,42.11,-2750
14.0,19,37.66,2750
14.0,20,35.06,-3000
14.0,23,41.3,-250
14.5,3,43.71,750
14.5,6,41.51,-500
14.5,7,39.36,1750
14.5,9,36.07,-3750
14.5,10,35.8,750
14.5,11,35.15,4500
14.5,13,43.89,1750
14.5,16,42.53,-2750
14.5,19,39.68,2500
14.5,23,42.81,-500
14.5,30,35.45,3250
14.5,31,35.19,-5000
15.0,3,42.54,750
15.0,5,36.28,-250
15.0,6,41.3,-500
15.0,7,40.27,1750
15.0,10,35.47,750
15.0,12,35.38,-2500
15.0,13,42.76,1750
15.0,14,35.05,-2250
15.0,16,42.56,-2750
15.0,19,38.86,2500
15.0,21,35.45,-3500
15.0,23,41.52,-250
15.0,30,35.52,1000
15.5,2,36.94,-1000
15.5,3,43.32,750
15.5,6,42.6,-500
15.5,7,38.3,1750
15.5,10,35.07,-4250
15.5,11,35.54,-5250
15.5,13,41.44,1750
15.5,16,42.74,-2750
15.5,19,39.63,2500
15.5,20,35.94,-3000
15.5,23,41.43,-250
15.5,24,35.18,750
15.5,26,35.48,-1250
16.0,2,35.73,-4750
16.0,3,43.87,750
16.0,4,35.74,4750
16.0,6,40.84,-500
16.0,7,40.56,1750
16.0,10,35.27,1750
16.0,13,42.61,1750
16.0,16,41.79,-2750
16.0,18,35.18,0
16.0,19,38.24,2750
16.0,23,42.74,-250
16.0,29,35.27,-4000
16.0,30,35.48,-3250
16.5,3,43.51,750
16.5,6,42.5,-500
16.5,7,40.73,1750
16.5,10,35.22,-3500
16.5,13,43.53,1750
16.5,15,35.42,0
16.5,16,42.88,-2750
16.5,19,36.27,2750
16.5,21,35.25,1500
16.5,23,42.16,-250
16.5,27,35.52,1000
17.0,3,43.6,750
17.0,6,41.63,-500
17.0,7,39.57,1750
17.0,10,36.68,500
17.0,13,41.28,1750
17.0,15,35.43,-3250
17.0,16,42.46,-2750
17.0,18,35.02,-3500
17.0,19,38.75,2500
17.0,20,35.08,2000
17.0,23,44.26,-500
17.0,30,36.39,-3250
17.5,3,43.06,750
17.5,6,41.5,-500
17.5,7,40.54,1750
17.5,10,35.01,1000
17.5,13,42.68,1750
17.5,15,35.15,1000
17.5,16,43.05,-2750
17.5,19,39.02,2750
17.5,20,36.22,-3000
17.5,23,44.15,-500
17.5,24,35.18,5250
17.5,28,35.27,-4250
17.5,30,35.08,-3250
18.0,3,42.62,750
18.0,6,42.79,-500
18.0,7,39.0,2000
18.0,13,40.69,1750
18.0,16,43.46,-2750
18.0,19,39.74,2500
18.0,20,35.7,-3000
18.0,22,35.01,-500
18.0,23,41.66,-250
18.0,24,35.24,-2750
18.0,25,35.02,3000
18.0,31,35.08,-2250
18.5,3,43.15,750
18.5,6,42.45,-500
18.5,7,40.26,1750
18.5,10,37.14,750
18.5,13,43.07,1750
18.5,16,42.85,-2750
18.5,17,35.15,500
18.5,19,38.12,2750
18.5,20,35.79,-3000
18.5,23,43.62,-500
18.5,27,35.35,5000
18.5,32,35.46,250
19.0,3,42.18,750
19.0,6,42.8,-500
19.0,7,39.69,1750
19.0,10,35.09,-3000
19.0,11,35.26,2000
19.0,12,35.9,1500
19.0,13,41.49,1750
19.0,16,42.48,-2750
19.0,19,38.99,2500
19.0,20,35.63,-3000
19.0,23,41.59,-250
19.0,28,35.08,-1500
19.0,30,35.03,-5750
19.5,3,44.65,750
19.5,4,35.02,5750
19.5,6,42.58,-500
19.5,7,37.38,1750
19.5,8,35.19,750
19.5,13,42.58,1750
19.5,15,35.0,-6000
19.5,16,42.34,-2750
19.5,17,35.55,2500
19.5,18,35.33,1750
19.5,19,38.78,2500
19.5,21,35.2,-2750
19.5,22,35.51,-5250
19.5,23,44.01,-500
19.5,25,35.23,-4250
20.0,3,43.23,750
20.0,5,35.59,5250
20.0,6,41.99,-500
20.0,7,38.13,1750
20.0,10,35.13,500
20.0,13,43.15,1750
20.0,15,35.21,-4750
20.0,16,42.44,-2750
20.0,18,35.19,-4000
20.0,19,38.01,2750
20.0,23,40.79,-250
20.0,30,36.25,-3250
20.5,1,36.02,4250
20.5,2,35.28,5000
20.5,3,41.87,750
20.5,6,41.2,-500
20.5,7,39.6,1750
20.5,13,41.77,1750
20.5,16,43.51,-2750
20.5,19,38.57,2500
20.5,20,37.41,-3000
20.5,23,45.16,-500
20.5,29,35.15,-1500
20.5,30,35.41,-3250
21.0,1,35.09,-3250
21.0,2,35.93,-5250
21.0,3,44.89,750
21.0,6,40.63,-500
21.0,7,37.71,1750
21.0,9,35.09,-250
21.0,13,43.26,1750
21.0,16,42.69,-2750
21.0,19,38.41,2500
21.0,21,35.11,-500
21.0,23,45.28,-500
21.0,27,35.15,-4000
21.0,31,35.31,5000
21.5,2,35.04,3000
21.5,3,41.62,750
21.5,6,41.91,-500
21.5,7,39.33,1750
21.5,8,35.19,-3000
21.5,10,35.32,750
21.5,13,43.22,1750
21.5,15,35.18,4750
21.5,16,41.94,-2750
21.5,19,38.42,2500
21.5,21,36.15,5500
21.5,23,44.17,-500
21.5,32,35.33,-3000
22.0,3,42.64,750
22.0,6,42.34,-500
22.0,7,37.62,1750
22.0,10,35.11,3750
22.0,11,35.4,500
22.0,13,43.91,1750
22.0,16,43.21,-2750
22.0,19,39.38,2500
22.0,20,35.32,-6000
22.0,23,40.79,-250
22.0,26,35.41,250
22.0,28,35.48,-5750
22.5,3,44.19,750
22.5,6,42.08,-500
22.5,7,39.26,1750
22.5,8,35.1,1750
22.5,13,43.71,1750
22.5,16,42.96,-2750
22.5,19,38.9,2500
22.5,21,35.09,250
22.5,23,43.63,-500
22.5,27,35.13,-500
22.5,28,35.04,3750
22.5,32,35.34,4750
23.0,3,43.0,750
23.0,6,41.43,-500
23.0,7,37.3,1750
23.0,12,35.71,-1500
23.0,13,43.13,1750
23.0,16,43.13,-2750
23.0,19,40.39,2500
23.0,21,36.0,-3500
23.0,23,44.13,-500
23.0,24,35.22,-3750
23.5,3,43.36,750
23.5,6,42.49,-500
23.5,7,39.26,1750
23.5,12,35.38,1750
23.5,13,44.35,1750
23.5,14,35.1,5500
23.5,16,43.53,-2750
23.5,19,39.31,2500
23.5,23,44.43,-500
23.5,28,35.64,5750
24.0,3,43.39,750
24.0,6,41.31,-500
24.0,7,38.53,1750
24.0,9,35.54,3500
24.0,10,35.83,500
24.0,13,42.58,1750
24.0,16,42.56,-2750
24.0,19,40.03,2500
24.0,20,35.07,-3750
24.0,22,35.33,4750
24.0,23,42.07,-250
24.5,3,44.3,750
24.5,4,36.11,5000
24.5,6,41.83,-500
24.5,7,38.37,1750
24.5,10,35.2,2750
24.5,13,43.68,1750
24.5,16,43.1,-2750
24.5,18,35.7,-5000
24.5,19,39.61,2500
24.5,22,35.01,5750
24.5,23,43.97,-500
24.5,30,36.0,-3250
25.0,3,42.84,750
25.0,4,35.22,500
25.0,6,41.29,-500
25.0,7,37.48,1750
25.0,9,35.87,-3250
25.0,10,35.26,750
25.0,12,35.15,750
25.0,13,42.94,1750
25.0,16,43.66,-2750
25.0,17,35.52,-3250
25.0,18,35.3,750
25.0,19,38.75,2750
25.0,20,35.33,-3000
25.0,23,42.25,-250
25.5,3,43.16,750
25.5,6,41.33,-500
25.5,7,38.84,1750
25.5,11,35.06,2750
25.5,13,42.88,1750
25.5,16,42.69,-2750
25.5,19,36.63,2500
25.5,22,35.17,-4750
25.5,23,44.49,-500
25.5,29,35.06,5500
26.0,3,44.13,750
26.0,6,42.6,-500
26.0,7,39.28,1750
26.0,11,35.1,2500
26.0,13,41.73,1750
26.0,16,43.45,-2750
26.0,19,39.34,2500
26.0,20,35.8,5750
26.0,23,42.5,-250
26.0,25,35.16,-3000
26.0,29,35.16,-750
26.0,32,35.56,2000
26.5,2,35.01,-250
26.5,3,43.16,750
26.5,6,41.38,-500
26.5,7,37.87,1750
26.5,13,42.83,1750
26.5,16,43.01,-2750
26.5,19,38.8,2750
26.5,23,43.35,-250
27.0,3,43.13,750
27.0,6,42.74,-500
27.0,7,37.71,1750
27.0,10,37.15,500
27.0,12,35.27,-1000
27.0,13,43.82,1750
27.0,14,35.38,-3500
27.0,16,43.99,-2750
27.0,18,35.78,4000
27.0,19,38.69,2500
27.0,21,35.37,1000
27.0,23,42.11,-250
27.0,30,35.66,-3250
27.0,32,35.3,5500
27.5,3,43.16,750
27.5,5,35.11,-2250
27.5,6,42.19,-500
27.5,7,38.89,1750
27.5,10,36.54,750
27.5,13,41.62,1750
27.5,16,43.56,-2750
27.5,19,39.33,2500
27.5,20,36.65,-3000
27.5,23,42.6,-250
27.5,30,35.22,-3250
28.0,1,35.12,2000
28.0,2,35.16,5750
28.0,3,43.56,750
28.0,6,41.64,-500
28.0,7,38.28,2000
28.0,9,35.11,-1250
28.0,13,42.83,1750
28.0,16,42.61,-2750
28.0,18,35.31,-250
28.0,19,39.57,2500
28.0,20,35.36,-1750
28.0,23,44.08,-500
28.0,24,35.01,-1500
28.0,29,35.59,-250
28.0,32,35.11,-5000
28.5,3,43.39,750
28.5,6,42.29,-500
28.5,7,40.48,1750
28.5,9,35.43,4000
28.5,10,35.09,-4000
28.5,13,42.72,1750
28.5,16,43.07,-2750
28.5,17,35.13,3500
28.5,19,38.54,2500
28.5,21,35.3,250
28.5,23,43.54,-500
28.5,28,35.5,-1250
29.0,3,43.7,750
29.0,6,41.71,-500
29.0,7,40.3,1750
29.0,13,43.3,1750
29.0,16,42.81,-2750
29.0,19,39.54,2500
29.0,21,35.43,500
29.0,22,35.18,-5000
29.0,23,44.28,-500
29.0,24,35.45,3750
29.0,28,35.35,-4500
29.0,29,35.13,0
29.0,32,35.75,-4250
29.5,3,43.09,750
29.5,6,42.2,-500
29.5,7,38.57,1750
29.5,12,35.74,-500
29.5,13,43.34,1750
29.5,16,43.35,-2750
29.5,17,35.29,-2000
29.5,19,39.26,2500
29.5,20,35.81,-3000
29.5,22,35.04,-6000
29.5,23,44.35,-500
29.5,28,35.02,-4250
30.0,3,44.63,750
30.0,6,41.68,-500
30.0,7,37.58,1750
30.0,10,35.65,-4000
30.0,13,42.54,1750
30.0,16,42.55,-2750
30.0,19,37.62,2500
30.0,20,36.44,-3000
30.0,23,40.71,-250
30.5,3,43.97,750
30.5,6,41.11,-500
30.5,7,38.25,1750
30.5,9,35.14,5500
30.5,12,35.17,-3000
30.5,13,44.34,1750
30.5,15,35.21,2500
30.5,16,44.03,-2750
30.5,18,35.03,-2500
30.5,19,40.11,2500
30.5,23,43.77,-500
30.5,24,35.12,5000
31.0,2,35.74,4000
31.0,3,42.48,750
31.0,4,35.49,-1250
31.0,6,41.64,-500
31.0,7,38.31,1750
31.0,9,35.89,-5250
31.0,13,42.16,1750
31.0,16,42.89,-2750
31.0,17,36.14,1000
31.0,19,40.18,2500
31.0,21,35.28,-4250
31.0,23,43.47,-500
31.0,31,35.34,-1500
31.5,3,43.47,750
31.5,4,35.13,0
31.5,6,41.67,-500
31.5,7,38.94,1750
31.5,13,42.72,1750
31.5,16,42.65,-2750
31.5,19,38.82,2500
31.5,20,37.62,-3000
31.5,23,43.82,-500
31.5,24,35.41,-5250
31.5,26,35.23,5750
31.5,30,35.04,750
31.5,32,36.11,1750
32.0,2,35.39,4750
32.0,3,42.17,750
32.0,6,41.61,-500
32.0,7,37.94,1750
32.0,9,35.18,-4250
32.0,13,42.72,1750
32.0,16,42.5,-2750
32.0,19,38.52,2500
32.0,20,37.78,-3000
32.0,23,42.86,-250
32.0,29,35.67,-3750
32.5,3,42.9,750
32.5,6,41.67,-500
32.5,7,38.58,1750
32.5,13,42.92,1750
32.5,16,43.1,-2750
32.5,19,39.71,2500
32.5,20,36.69,-3000
32.5,23,43.92,-500
32.5,25,35.24,1750
32.5,29,35.2,3750
33.0,1,35.34,5750
33.0,2,35.3,-750
33.0,3,43.32,750
33.0,4,35.42,4000
33.0,6,41.36,-500
33.0,7,38.75,1750
33.0,8,35.17,-4000
33.0,10,35.97,1750
33.0,11,35.5,-4750
33.0,13,43.47,1750
33.0,15,35.15,1750
33.0,16,43.68,-2750
33.0,19,37.01,2500
33.0,22,35.4,-250
33.0,23,43.04,-500
33.0,24,35.91,3250
33.0,25,35.5,-4500
33.0,26,35.12,-4500
33.0,27,35.44,2750
33.0,30,36.95,-3250
33.5,3,43.32,750
33.5,5,35.61,2250
33.5,6,41.58,-500
33.5,7,39.57,1750
33.5,10,35.43,750
33.5,13,42.63,1750
33.5,16,43.78,-2750
33.5,18,35.33,-4750
33.5,19,37.87,2500
33.5,20,36.22,-3000
33.5,23,40.74,-250
33.5,30,35.86,-3250
33.5,32,35.0,-1500
34.0,1,35.51,250
34.0,3,43.05,750
34.0,6,42.24,-500
34.0,7,36.18,1750
34.0,13,43.04,1750
34.0,14,35.27,4750
34.0,16,42.17,-2750
34.0,19,39.85,2500
34.0,20,38.52,-3000
34.0,23,44.35,-500
34.0,28,35.1,-1750
34.5,3,43.35,750
34.5,5,35.23,-1750
34.5,6,41.78,-500
34.5,7,35.62,1750
34.5,10,35.01,750
34.5,13,43.24,1750
34.5,15,35.09,500
34.5,16,43.42,-2750
34.5,18,35.02,-500
34.5,19,39.55,2500
34.5,20,35.99,-3000
34.5,23,41.44,-250
34.5,26,35.12,-3000
35.0,3,42.22,750
35.0,6,41.71,-500
35.0,7,39.19,1750
35.0,13,43.05,1750
35.0,16,42.97,-2750
35.0,19,39.59,2500
35.0,20,35.96,-3000
35.0,23,44.14,-500
35.0,30,35.09,-5250
35.5,3,43.42,750
35.5,4,35.28,-5000
35.5,6,43.05,-500
35.5,7,39.3,1750
35.5,12,35.22,5750
35.5,13,41.62,1750
35.5,16,41.82,-2750
35.5,17,35.17,4000
35.5,19,38.96,2500
35.5,20,35.57,-3000
35.5,21,35.21,1750
35.5,22,35.05,-1500
35.5,23,40.08,-250
35.5,26,35.62,-5500
35.5,30,35.74,-3250
36.0,3,43.65,750
36.0,6,40.37,-500
36.0,7,38.66,1750
36.0,9,35.5,2000
36.0,10,35.11,500
36.0,13,41.93,1750
36.0,16,43.59,-2750
36.0,19,38.87,2750
36.0,20,35.13,-6000
36.0,21,35.33,5500
36.0,22,35.49,3750
36.0,23,40.14,-250
36.0,29,36.34,4750
36.0,31,35.12,5000
36.5,3,43.75,750
36.5,6,41.94,-500
36.5,7,38.28,1750
36.5,8,35.49,1250
36.5,11,35.62,750
36.5,13,42.45,1750
36.5,16,42.67,-2750
36.5,19,38.77,2500
36.5,20,36.46,-3000
36.5,23,44.19,-500
36.5,31,35.14,-1500
37.0,3,43.84,750
37.0,6,40.93,-500
37.0,7,39.26,1750
37.0,8,35.03,-5250
37.0,13,43.33,1750
37.0,16,42.98,-2750
37.0,19,38.86,2500
37.0,20,38.07,-3000
37.0,23,40.62,-250
37.0,30,35.25,-3250
37.5,3,42.46,750
37.5,6,41.31,-500
37.5,7,38.96,1750
37.5,13,43.57,1750
37.5,16,42.8,-2750
37.5,19,40.4,2500
37.5,20,35.02,0
37.5,23,42.01,-250
37.5,24,35.79,2250
38.0,3,43.96,750
38.0,5,35.15,5000
38.0,6,43.8,-500
38.0,7,38.62,1750
38.0,8,35.11,-1250
38.0,13,42.47,1750
38.0,16,42.66,-2750
38.0,18,35.4,250
38.0,19,38.23,2750
38.0,23,41.98,-250
38.0,25,35.04,-5500
38.5,3,43.28,750
38.5,6,41.7,-500
38.5,7,37.14,1750
38.5,8,35.36,-3250
38.5,13,42.64,1750
38.5,16,42.19,-2750
38.5,17,35.12,-1250
38.5,19,38.12,2750
38.5,20,35.11,-2750
38.5,23,44.46,-500
38.5,25,35.2,-4750
38.5,27,35.02,-5500
38.5,32,35.32,-4500
39.0,3,42.61,750
39.0,6,42.31,-500
39.0,7,38.44,1750
39.0,13,42.24,1750
39.0,14,35.49,-4250
39.0,16,43.55,-2750
39.0,19,37.62,2500
39.0,20,35.18,-3000
39.0,23,44.39,-500
39.0,29,35.38,-250
39.5,1,35.82,4250
39.5,3,43.57,750
39.5,6,43.66,-500
39.5,7,38.25,2000
39.5,10,35.74,-3250
39.5,12,35.09,-1000
39.5,13,42.26,1750
39.5,15,35.1,-5500
39.5,16,43.92,-2750
39.5,17,35.06,-2000
39.5,19,38.81,2750
39.5,20,35.93,-3000
39.5,22,35.43,-3000
39.5,23,41.28,-250
39.5,24,35.49,-4500
39.5,29,35.75,-1750
39.5,30,35.28,-2000
40.0,3,44.14,750
40.0,4,35.13,750
40.0,6,41.18,-500
40.0,7,38.29,1750
40.0,12,35.77,-500
40.0,13,41.75,1750
40.0,16,42.94,-2750
40.0,17,35.4,4750
40.0,19,38.29,2500
40.0,20,35.95,-3000
40.0,23,44.4,-500
40.0,26,35.32,5500
40.0,31,35.54,2500
40.0,32,35.15,-4500
40.5,3,43.23,750
40.5,4,35.51,-4750
40.5,6,42.47,-500
40.5,7,40.9,1750
40.5,8,35.06,-4000
40.5,13,42.3,1750
40.5,15,35.18,4500
40.5,16,43.17,-2750
40.5,17,35.37,-4000
40.5,19,40.39,2500
40.5,23,44.13,-500
40.5,31,35.38,-250
41.0,2,35.3,-3250
41.0,3,42.85,750
41.0,6,41.39,-500
41.0,7,38.8,1750
41.0,13,42.4,1750
41.0,15,35.13,2750
41.0,16,43.33,-2750
41.0,19,39.95,2500
41.0,22,35.41,-4750
41.0,23,44.15,-500
41.0,25,35.71,750
41.5,2,35.06,4000
41.5,3,43.49,750
41.5,6,42.32,-500
41.5,7,39.29,1750
41.5,13,43.72,1750
41.5,16,43.45,-2750
41.5,19,38.46,2750
41.5,23,44.38,-500
41.5,24,35.15,-4250
41.5,25,35.14,3500
41.5,26,35.01,-2750
42.0,3,42.63,750
42.0,6,41.66,-500
42.0,7,37.23,1750
42.0,10,35.6,500
42.0,13,41.58,1750
42.0,16,42.41,-2750
42.0,19,40.98,2500
42.0,23,40.7,-250
42.0,24,35.27,-2500
42.0,25,35.28,5250
42.0,32,36.22,1750
42.5,3,42.92,750
42.5,6,42.99,-500
42.5,7,38.74,1750
42.5,12,35.27,-5250
42.5,13,43.26,1750
42.5,15,35.44,2500
42.5,16,42.95,-2750
42.5,19,39.06,2500
42.5,23,44.76,-500
42.5,26,35.4,750
42.5,28,35.06,-6000
42.5,30,35.85,-3250
43.0,3,43.76,750
43.0,4,35.71,-1250
43.0,6,40.65,-500
43.0,7,37.74,1750
43.0,9,35.25,2250
43.0,12,35.07,5750
43.0,13,42.31,1750
43.0,16,42.54,-2750
43.0,17,36.33,-5000
43.0,19,40.16,2500
43.0,23,41.64,-250
43.0,30,36.55,-3250
43.5,3,43.47,750
43.5,6,41.97,-500
43.5,7,39.84,1750
43.5,8,35.04,2250
43.5,9,35.11,-3750
43.5,13,42.33,1750
43.5,15,35.13,750
43.5,16,42.69,-2750
43.5,19,38.41,2750
43.5,23,41.39,-250
43.5,24,35.48,3500
44.0,1,35.57,-3750
44.0,3,43.06,750
44.0,6,41.98,-500
44.0,7,38.42,1750
44.0,13,42.57,1750
44.0,16,42.52,-2750
44.0,19,40.3,2500
44.0,20,35.1,-3000
44.0,23,41.13,-250
44.0,30,35.39,-3250
44.5,3,43.39,750
44.5,6,41.99,-500
44.5,7,36.88,1750
44.5,13,41.85,1750
44.5,16,42.25,-2750
44.5,19,39.42,2500
44.5,23,43.89,-500
44.5,31,35.34,750
44.5,32,35.44,4250
45.0,3,43.98,750
45.0,5,35.02,250
45.0,6,42.09,-500
45.0,7,39.8,1750
45.0,13,44.07,1750
45.0,16,43.83,-2750
45.0,19,40.11,2500
45.0,21,35.47,5000
45.0,23,43.75,-500
45.0,26,35.41,-2000
45.0,27,35.78,3750
45.0,30,35.74,-3250
45.5,3,43.65,750
45.5,6,41.35,-500
45.5,7,39.24,1750
45.5,9,35.17,0
45.5,10,35.27,750
45.5,13,42.39,1750
45.5,16,43.45,-2750
45.5,19,40.31,2500
45.5,20,35.43,-3000
45.5,23,44.27,-500
45.5,28,35.47,250
45.5,32,36.07,-3000
46.0,3,42.74,750
46.0,4,35.64,2750
46.0,6,41.64,-500
46.0,7,38.66,1750
46.0,13,42.71,1750
46.0,16,42.47,-2750
46.0,19,39.98,2500
46.0,23,43.77,-500
46.0,29,35.03,-750
46.0,31,35.89,5000
46.5,1,35.37,-500
46.5,3,43.77,750
46.5,6,41.86,-500
46.5,7,38.8,1750
46.5,12,35.08,-2250
46.5,13,43.21,1750
46.5,16,43.4,-2750
46.5,19,38.7,2500
46.5,23,43.05,-250
46.5,31,35.37,-6000
46.5,32,35.05,-3000
47.0,3,44.14,750
47.0,5,35.32,2250
47.0,6,41.68,-500
47.0,7,39.79,1750
47.0,13,42.12,1750
47.0,16,42.37,-2750
47.0,18,35.89,-5750
47.0,19,40.18,2500
47.0,23,41.66,-250
47.0,24,36.22,5000
47.0,30,37.44,-3250
47.5,3,43.87,750
47.5,6,41.86,-500
47.5,7,38.5,2000
47.5,8,35.75,-5500
47.5,13,43.76,1750
47.5,15,35.07,1000
47.5,16,42.9,-2750
47.5,19,38.14,2500
47.5,20,37.01,-3000
47.5,23,44.47,-500
47.5,28,35.32,3250
48.0,3,43.25,750
48.0,4,35.25,3000
48.0,5,35.09,-1250
48.0,6,42.2,-500
48.0,7,36.82,2000
48.0,10,35.13,0
48.0,13,42.77,1750
48.0,16,43.2,-2750
48.0,19,39.68,2500
48.0,20,35.92,-3000
48.0,21,35.04,-1000
48.0,23,42.5,-250
48.0,30,35.43,-5250
48.5,3,41.93,750
48.5,6,41.61,-500
48.5,7,39.07,1750
48.5,10,35.25,500
48.5,13,44.77,1750
48.5,15,35.04,2000
48.5,16,42.85,-2750
48.5,19,39.74,2500
48.5,23,44.45,-500
48.5,28,35.77,3000
48.5,29,35.1,-3250
49.0,3,42.88,750
49.0,6,41.18,-500
49.0,7,38.82,2000
49.0,13,43.03,1750
49.0,16,42.51,-2750
49.0,19,39.6,2500
49.0,22,35.29,-3000
49.0,23,40.25,-250
49.0,28,35.86,1500
49.0,30,35.38,-3250
49.0,32,36.33,-3000
49.5,3,44.32,750
49.5,6,40.86,-500
49.5,7,38.05,1750
49.5,10,35.82,500
49.5,13,42.41,1750
49.5,16,41.78,-2750
49.5,19,39.68,2500
49.5,23,43.49,-500
49.5,28,35.13,3750
49.5,32,36.47,-3000
50.0,3,42.79,750
50.0,6,42.2,-500
50.0,7,38.84,1750
50.0,8,35.12,-250
50.0,13,42.57,1750
50.0,16,43.19,-2750
50.0,19,41.21,2500
50.0,23,41.8,-250
50.0,24,35.48,5750
50.0,30,35.29,4750
50.5,3,43.12,750
50.5,6,40.3,-500
50.5,7,38.44,1750
50.5,12,35.27,-3500
50.5,13,42.74,1750
50.5,16,42.35,-2750
50.5,19,39.72,2500
50.5,20,38.3,-3000
50.5,21,35.38,5250
50.5,23,44.89,-500
50.5,24,35.85,-250
50.5,26,35.18,-5250
50.5,29,35.03,-4750
50.5,30,35.1,5750
50.5,31,35.51,5750
51.0,3,44.14,750
51.0,6,42.61,-500
51.0,7,40.79,1750
51.0,8,35.47,1250
51.0,11,35.24,-4750
51.0,13,43.13,1750
51.0,15,35.34,-6000
51.0,16,42.02,-2750
51.0,19,37.99,2500
51.0,20,36.81,-3000
51.0,23,43.88,-500
51.0,28,35.23,2750
51.0,30,37.54,-3250
51.5,3,43.79,750
51.5,4,35.33,1750
51.5,5,35.25,-1750
51.5,6,40.22,-500
51.5,7,37.79,2000
51.5,11,35.08,5750
51.5,13,42.79,1750
51.5,16,42.86,-2750
51.5,19,38.87,2500
51.5,21,36.1,5000
51.5,23,44.32,-500
51.5,25,35.4,500
51.5,27,35.89,-1750
51.5,30,35.47,-3250
52.0,3,42.93,750
52.0,6,41.09,-500
52.0,7,38.14,1750
52.0,8,35.21,-4000
52.0,11,35.6,2000
52.0,13,41.68,1750
52.0,15,35.11,1000
52.0,16,41.63,-2750
52.0,19,40.27,2500
52.0,20,35.34,0
52.0,23,41.14,-250
52.0,28,35.05,-3750
52.0,30,35.15,-3250
52.0,32,35.2,1750
52.5,3,43.72,750
52.5,6,41.51,-500
52.5,7,39.51,1750
52.5,8,35.71,-5500
52.5,11,35.2,4250
52.5,13,40.92,1750
52.5,16,42.25,-2750
52.5,19,39.76,2500
52.5,20,37.02,-3000
52.5,23,43.82,-500
52.5,30,35.16,-3250
52.5,31,35.12,-3500
52.5,32,35.04,1750
53.0,3,44.2,750
53.0,6,40.88,-500
53.0,7,39.94,1750
53.0,9,35.02,-3000
53.0,13,42.35,1750
53.0,16,42.96,-2750
53.0,19,41.7,2500
53.0,20,37.81,-3000
53.0,23,43.97,-500
53.0,27,35.04,-5250
53.5,3,42.74,750
53.5,6,41.42,-500
53.5,7,39.75,1750
53.5,10,35.02,-1250
53.5,11,35.02,4750
53.5,13,42.61,1750
53.5,16,42.89,-2750
53.5,19,40.18,2500
53.5,23,44.09,-500
53.5,24,35.01,2750
53.5,27,35.12,-5750
53.5,28,35.44,2750
54.0,3,43.66,750
54.0,6,40.57,-500
54.0,7,40.41,1750
54.0,9,35.08,750
54.0,10,35.38,500
54.0,11,35.01,1750
54.0,13,43.28,1750
54.0,15,36.8,-1750
54.0,16,41.76,-2750
54.0,19,38.94,2500
54.0,23,40.94,-250
54.0,30,35.1,4250
54.0,32,35.31,-3000
54.5,1,35.28,250
54.5,2,35.01,-4750
54.5,3,43.0,750
54.5,6,40.91,-500
54.5,7,38.54,2000
54.5,13,42.83,1750
54.5,16,42.63,-2750
54.5,19,40.6,2500
54.5,23,43.53,-500
54.5,28,35.16,-3000
54.5,30,35.3,-3250
55.0,3,42.01,750
55.0,6,42.45,-500
55.0,7,40.08,1750
55.0,10,36.33,750
55.0,11,36.89,2000
55.0,12,35.12,2000
55.0,13,42.33,1750
55.0,14,35.79,-5000
55.0,16,41.77,-2750
55.0,19,37.71,2750
55.0,20,35.15,-3500
55.0,23,40.3,-250
55.0,30,37.47,-3250
55.5,3,44.26,750
55.5,6,41.72,-500
55.5,7,38.52,1750
55.5,10,35.03,1750
55.5,13,42.61,1750
55.5,16,41.93,-2750
55.5,19,38.69,2500
55.5,20,35.65,-3000
55.5,23,43.81,-500
55.5,29,36.2,4250
56.0,3,42.69,750
56.0,4,35.63,750
56.0,6,41.19,-500
56.0,7,38.47,2000
56.0,10,35.61,500
56.0,13,43.4,1750
56.0,16,42.23,-2750
56.0,18,35.59,-2000
56.0,19,40.51,2500
56.0,20,35.93,-3000
56.0,22,35.17,-1250
56.0,23,41.32,-250
56.5,3,43.2,750
56.5,6,41.93,-500
56.5,7,38.03,1750
56.5,8,35.4,-2750
56.5,9,35.66,-2000
56.5,13,41.78,1750
56.5,14,36.1,-500
56.5,16,41.68,-2750
56.5,19,40.2,2500
56.5,20,36.59,-3000
56.5,23,40.75,-250
56.5,25,35.08,-4000
56.5,27,35.06,-2750
56.5,31,35.04,-4250
57.0,3,43.29,750
57.0,6,41.57,-500
57.0,7,38.24,1750
57.0,10,35.5,750
57.0,13,42.22,1750
57.0,16,41.69,-2750
57.0,17,35.38,-1500
57.0,19,40.1,2500
57.0,23,41.83,-250
57.0,26,35.49,-4250
57.0,28,35.32,250
57.0,31,35.08,-5000
57.5,1,35.53,-2000
57.5,3,43.04,750
57.5,6,41.91,-500
57.5,7,38.94,1750
57.5,10,35.28,5000
57.5,13,40.75,1750
57.5,16,42.86,-2750
57.5,19,39.16,2500
57.5,20,36.12,-3000
57.5,23,41.01,-250
57.5,26,35.35,2750
58.0,3,43.34,750
58.0,6,40.25,-500
58.0,7,39.21,1750
58.0,13,42.89,1750
58.0,16,39.41,-2750
58.0,19,39.78,2500
58.0,20,36.62,-3000
58.0,23,44.02,-500
58.0,25,35.08,5750
58.0,26,35.3,-2750
58.0,27,35.44,0
58.0,29,35.26,2250
58.0,30,36.76,-3250
58.5,3,44.0,750
58.5,6,41.05,-500
58.5,7,39.18,1750
58.5,10,35.07,-2750
58.5,11,35.89,2000
58.5,13,43.39,1750
58.5,16,41.94,-2750
58.5,19,40.46,2500
58.5,20,35.73,-3000
58.5,22,35.59,-5000
58.5,23,44.07,-500
58.5,26,35.24,1500
58.5,30,36.56,-3250
59.0,3,42.79,750
59.0,5,35.26,-4000
59.0,6,40.71,-500
59.0,7,39.73,1750
59.0,13,43.88,1750
59.0,15,35.27,-5000
59.0,16,41.72,-2750
59.0,19,39.42,2500
59.0,20,36.44,-3000
59.0,23,44.75,-500
59.0,27,35.37,250
59.0,29,36.29,750
59.5,3,43.25,750
59.5,6,39.9,-500
59.5,7,38.27,1750
59.5,13,41.98,1750
59.5,16,41.58,-2750
59.5,19,41.34,2500
59.5,20,35.68,-5500
59.5,23,44.89,-500
59.5,30,35.06,-6000
60.0,3,43.3,750
60.0,6,40.62,-500
60.0,7,37.14,1750
60.0,11,35.18,-2500
60.0,12,36.09,-4500
60.0,13,41.59,1750
60.0,16,41.3,-2750
60.0,19,39.8,2500
60.0,20,35.31,-2250
60.0,23,40.08,-250
60.0,25,35.45,1500
60.5,3,43.58,750
60.5,4,35.0,-4250
60.5,6,41.14,-500
60.5,7,38.96,2000
60.5,13,42.96,1750
60.5,15,35.09,4750
60.5,16,41.74,-2750
60.5,19,40.64,2500
60.5,20,36.4,-3000
60.5,23,44.62,-500
60.5,32,35.24,-1250
61.0,3,42.47,750
61.0,6,40.5,-500
61.0,7,39.15,1750
61.0,10,35.86,500
61.0,12,35.55,5750
61.0,13,43.09,1750
61.0,16,42.25,-2750
61.0,19,39.81,2500
61.0,20,36.77,-3000
61.0,23,44.0,-500
61.0,29,35.38,1750
61.5,3,43.38,750
61.5,6,41.21,-500
61.5,7,40.75,1750
61.5,8,35.62,3500
61.5,10,35.93,500
61.5,12,35.47,-5500
61.5,13,43.15,1750
61.5,16,41.9,-2750
61.5,19,41.04,2500
61.5,20,35.42,-3000
61.5,22,35.06,1250
61.5,23,44.43,-500
61.5,24,35.2,-5500
61.5,30,35.36,-3500
62.0,3,44.32,750
62.0,4,35.02,4500
62.0,5,35.33,-6000
62.0,6,40.16,-500
62.0,7,38.03,1750
62.0,13,42.01,1750
62.0,16,42.07,-2750
62.0,19,40.33,2500
62.0,20,35.6,-5750
62.0,23,41.51,-250
62.0,32,35.13,-4000
62.5,3,43.24,750
62.5,4,35.45,-3250
62.5,6,41.75,-500
62.5,7,37.88,1750
62.5,10,35.02,-1750
62.5,11,35.57,0
62.5,13,41.73,1750
62.5,16,39.83,-2750
62.5,19,40.79,2500
62.5,22,35.48,5500
62.5,23,44.04,-500
62.5,26,35.82,-3250
62.5,27,35.48,750
62.5,30,35.76,4250
62.5,32,35.18,5000
63.0,3,43.37,750
63.0,6,41.43,-500
63.0,7,39.93,1750
63.0,10,35.39,-4750
63.0,11,35.06,-3250
63.0,13,43.44,1750
63.0,16,41.84,-2750
63.0,17,35.63,3750
63.0,19,41.88,2500
63.0,20,35.35,-3000
63.0,23,44.1,-500
63.0,24,35.23,-1000
63.0,30,35.03,-1500
63.5,1,35.57,-3750
63.5,2,35.1,-3250
63.5,3,41.83,750
63.5,6,40.38,-500
63.5,7,37.84,1750
63.5,10,35.62,500
63.5,13,42.54,1750
63.5,14,35.75,1250
63.5,16,41.8,-2750
63.5,19,39.93,2500
63.5,23,40.84,-250
63.5,27,35.09,-4000
63.5,30,35.01,3250
64.0,3,43.38,750
64.0,5,35.38,5250
64.0,6,40.21,-500
64.0,7,39.55,1750
64.0,10,35.07,-4500
64.0,13,42.46,1750
64.0,14,35.34,-4000
64.0,16,42.63,-2750
64.0,19,37.52,2750
64.0,20,35.38,-3000
64.0,23,44.67,-500
64.0,28,35.43,4500
64.0,32,35.12,4750
64.5,1,35.54,-4000
64.5,3,43.63,750
64.5,6,40.81,-500
64.5,7,37.95,1750
64.5,12,36.19,500
64.5,13,41.96,1750
64.5,14,35.25,4750
64.5,15,35.18,1000
64.5,16,40.08,-2750
64.5,19,39.3,2500
64.5,20,35.23,-3000
64.5,23,40.29,-250
64.5,26,35.88,2250
64.5,30,35.49,-3250
64.5,32,35.76,-3750
65.0,3,41.99,750
65.0,6,40.39,-500
65.0,7,40.88,1750
65.0,13,42.31,1750
65.0,16,41.86,-2750
65.0,19,38.99,2500
65.0,20,38.86,-3000
65.0,21,35.01,3250
65.0,23,43.51,-500
65.0,28,35.77,4000
65.0,31,35.92,250
65.5,3,42.83,750
65.5,6,42.06,-500
65.5,7,39.1,1750
65.5,12,35.14,-3250
65.5,13,41.44,1750
65.5,16,41.11,-2750
65.5,19,39.74,2500
65.5,20,36.52,-3000
65.5,23,40.89,-250
65.5,28,35.14,-4500
65.5,29,35.71,1250
65.5,32,36.32,-3000
66.0,3,42.67,750
66.0,4,35.09,4000
66.0,6,41.94,-500
66.0,7,39.39,1750
66.0,9,35.53,-2000
66.0,11,35.02,-3750
66.0,13,42.11,1750
66.0,16,40.84,-2750
66.0,19,39.42,2500
66.0,20,36.5,-3000
66.0,23,40.96,-250
66.0,28,35.17,-1000
66.0,31,35.21,250
66.5,3,43.17,750
66.5,5,35.24,2500
66.5,6,39.75,-500
66.5,7,38.39,1750
66.5,9,35.35,-500
66.5,10,35.49,750
66.5,13,41.76,1750
66.5,14,35.21,1000
66.5,16,41.67,-2750
66.5,19,39.69,2500
66.5,20,36.94,-3000
66.5,23,44.79,-500
66.5,29,35.92,1250
66.5,30,35.77,-3250
67.0,2,35.16,250
67.0,3,42.32,750
67.0,6,42.06,-500
67.0,7,38.75,1750
67.0,13,43.07,1750
67.0,14,35.68,1250
67.0,16,42.02,-2750
67.0,17,35.24,-4750
67.0,19,40.52,2500
67.0,20,36.17,-3000
67.0,23,44.7,-500
67.0,28,36.14,4500
67.0,30,35.02,-5000
67.5,1,35.43,-2500
67.5,2,35.48,4750
67.5,3,42.45,750
67.5,5,35.28,-5000
67.5,6,40.72,-500
67.5,7,39.25,1750
67.5,8,35.17,4750
67.5,10,36.06,500
67.5,13,42.39,1750
67.5,16,41.53,-2750
67.5,18,35.23,750
67.5,19,37.73,2500
67.5,20,39.38,-3000
67.5,21,35.21,-5000
67.5,23,40.29,-250
67.5,26,35.02,4750
68.0,2,36.28,0
68.0,3,43.38,750
68.0,5,35.14,-4500
68.0,6,40.14,-500
68.0,7,39.31,1750
68.0,8,35.71,250
68.0,10,35.03,500
68.0,13,42.18,1750
68.0,16,42.5,-2750
68.0,19,39.27,2500
68.0,23,44.43,-500
68.0,26,35.01,750
68.0,28,35.53,750
68.5,3,42.08,750
68.5,6,41.42,-500
68.5,7,37.19,1750
68.5,9,35.02,-3500
68.5,10,35.37,-5750
68.5,11,35.16,-500
68.5,13,42.71,1750
68.5,16,41.14,-2750
68.5,17,35.19,-2500
68.5,19,38.14,2500
68.5,22,36.19,-4750
68.5,23,44.16,-500
68.5,29,35.71,4250
68.5,30,36.45,-3250
68.5,32,37.04,-3000
69.0,3,43.19,750
69.0,4,35.19,1500
69.0,6,41.26,-500
69.0,7,40.43,1750
69.0,12,35.22,4750
69.0,13,43.18,1750
69.0,16,41.41,-2750
69.0,19,41.09,2500
69.0,20,38.31,-3000
69.0,21,35.06,-2250
69.0,23,41.3,-250
69.5,3,42.1,750
69.5,6,40.82,-500
69.5,7,40.32,1750
69.5,8,35.87,-2000
69.5,13,43.18,1750
69.5,16,42.02,-2750
69.5,19,40.31,2500
69.5,20,36.63,-3000
69.5,22,35.23,2500
69.5,23,41.26,-250
69.5,27,35.03,-4250
69.5,28,35.13,2500
70.0,1,35.25,-6000
70.0,3,43.05,750
70.0,6,41.24,-500
70.0,7,40.44,1750
70.0,11,35.44,2250
70.0,12,35.06,-500
70.0,13,41.72,1750
70.0,14,36.2,3750
70.0,16,40.46,-2750
70.0,17,36.02,-1500
70.0,18,35.08,5000
70.0,19,38.13,2500
70.0,20,35.43,-3000
70.0,21,35.43,-5000
70.0,23,41.55,-250
70.5,3,43.05,750
70.5,6,39.63,-500
70.5,7,37.94,1750
70.5,11,35.64,-1000
70.5,13,42.65,1750
70.5,16,41.1,-2750
70.5,19,39.16,2500
70.5,23,44.77,-500
71.0,1,35.08,-3000
71.0,2,35.91,-2250
71.0,3,43.4,750
71.0,6,41.09,-500
71.0,7,38.35,1750
71.0,10,35.04,-4250
71.0,13,42.87,1750
71.0,15,35.01,-3500
71.0,16,40.84,-2750
71.0,19,39.98,2500
71.0,20,37.5,-3000
71.0,22,35.04,3500
71.0,23,40.58,-250
71.0,27,35.04,500
71.0,29,35.07,-5500
71.0,30,35.06,0
71.5,3,44.3,750
71.5,4,35.65,-5500
71.5,6,42.17,-500
71.5,7,37.97,2000
71.5,12,35.39,-1500
71.5,13,43.0,1750
71.5,16,42.35,-2750
71.5,19,39.67,2500
71.5,22,35.24,-4250
71.5,23,40.62,-250
71.5,24,36.18,-250
71.5,30,35.61,-3250
72.0,3,42.37,750
72.0,6,40.08,-500
72.0,7,39.26,1750
72.0,10,35.38,-2750
72.0,13,42.79,1750
72.0,15,35.2,-250
72.0,16,40.11,-2750
72.0,17,35.05,1250
72.0,18,35.02,-2750
72.0,19,40.8,2500
72.0,20,37.13,-3000
72.0,23,42.44,-250
72.0,24,35.12,5000
72.0,25,35.41,4250
72.0,27,35.55,-3250
72.5,1,35.11,-5500
72.5,3,43.95,750
72.5,6,42.45,-500
72.5,7,39.35,1750
72.5,9,35.01,3750
72.5,11,35.53,2000
72.5,13,42.64,1750
72.5,16,40.34,-2750
72.5,19,38.77,2500
72.5,20,36.57,-3000
72.5,23,44.11,-500
72.5,26,35.82,-3500
72.5,29,35.49,5000
73.0,3,43.03,750
73.0,6,40.59,-500
73.0,7,40.39,1750
73.0,9,35.08,-2750
73.0,10,35.38,500
73.0,11,35.47,0
73.0,13,42.84,1750
73.0,16,41.5,-2750
73.0,19,40.96,2500
73.0,20,35.08,1750
73.0,23,39.51,-250
73.0,25,35.09,5750
73.5,3,43.07,750
73.5,6,40.81,-500
73.5,7,38.64,1750
73.5,8,35.53,-4250
73.5,13,42.6,1750
73.5,15,35.27,5250
73.5,16,41.84,-2750
73.5,19,40.0,2500
73.5,20,35.85,-3000
73.5,23,42.79,-250
73.5,31,35.0,-1000
74.0,2,35.69,4500
74.0,3,43.08,750
74.0,5,35.59,-2000
74.0,6,40.62,-500
74.0,7,38.82,1750
74.0,8,35.22,-4500
74.0,11,35.3,2500
74.0,12,35.27,-5500
74.0,13,44.65,1750
74.0,16,41.26,-2750
74.0,19,39.17,2500
74.0,20,37.33,-3000
74.0,22,35.26,-2000
74.0,23,44.45,-500
74.0,32,35.8,-5500
74.5,1,35.36,750
74.5,3,43.66,750
74.5,4,35.25,-5250
74.5,5,35.01,-3250
74.5,6,40.88,-500
74.5,7,38.37,1750
74.5,10,35.82,500
74.5,13,42.64,1750
74.5,16,42.81,-2750
74.5,19,40.11,2500
74.5,20,36.56,-3000
74.5,23,45.51,-500
74.5,24,35.82,-2250
74.5,30,35.89,-3250
75.0,3,42.82,750
75.0,6,40.29,-500
75.0,7,39.9,1750
75.0,8,35.86,250
75.0,10,36.17,500
75.0,12,35.02,4500
75.0,13,43.07,1750
75.0,15,35.3,1500
75.0,16,42.32,-2750
75.0,19,40.72,2500
75.0,20,35.36,-3000
75.0,23,42.66,-250
75.0,30,36.7,-3250
75.0,31,35.33,-5250
75.0,32,35.43,-1750
75.5,3,43.77,750
75.5,6,40.12,-500
75.5,7,36.42,1750
75.5,13,43.35,1750
75.5,16,42.81,-2750
75.5,18,35.83,4750
75.5,19,41.44,2500
75.5,23,41.82,-250
76.0,3,42.82,750
76.0,6,41.53,-500
76.0,7,38.89,1750
76.0,13,43.13,1750
76.0,16,42.13,-2750
76.0,19,39.65,2500
76.0,20,37.66,-3000
76.0,23,42.39,-250
76.0,24,35.12,1000
76.5,3,43.56,750
76.5,6,39.35,-500
76.5,7,38.61,1750
76.5,8,35.53,-5750
76.5,11,35.14,-1500
76.5,12,35.36,4000
76.5,13,43.1,1750
76.5,16,43.53,-2750
76.5,19,41.33,2500
76.5,23,44.44,-500
76.5,30,35.36,-2500
77.0,1,35.23,0
77.0,3,43.3,750
77.0,4,35.07,1750
77.0,6,39.54,-500
77.0,7,37.23,1750
77.0,11,35.0,250
77.0,12,35.68,0
77.0,13,43.49,1750
77.0,16,41.53,-2750
77.0,19,40.44,2500
77.0,20,36.83,-3000
77.0,23,44.84,-500
77.0,28,35.03,3000
77.0,30,35.29,-3250
77.0,32,35.05,-1750
77.5,3,43.38,750
77.5,6,42.45,-500
77.5,7,37.7,1750
77.5,10,35.12,1000
77.5,13,43.84,1750
77.5,16,43.27,-2750
77.5,19,40.13,2500
77.5,20,37.24,-3000
77.5,23,44.65,-500
77.5,30,35.7,-3250
78.0,3,43.44,750
78.0,6,41.27,-500
78.0,7,40.08,1750
78.0,9,35.27,-1250
78.0,13,42.54,1750
78.0,16,42.32,-2750
78.0,19,38.61,2500
78.0,20,37.66,-3000
78.0,23,41.76,-250
78.0,28,35.37,-5250
78.0,30,35.32,2500
78.0,32,35.99,-3000
78.5,2,35.09,2500
78.5,3,44.08,750
78.5,6,41.05,-500
78.5,7,38.02,2000
78.5,13,43.65,1750
78.5,15,35.1,-2000
78.5,16,41.49,-2750
78.5,18,35.27,-2500
78.5,19,39.72,2500
78.5,20,36.31,-3000
78.5,23,43.11,-500
78.5,27,35.15,3000
79.0,3,43.61,750
79.0,6,40.46,-500
79.0,7,37.16,1750
79.0,8,35.72,-2250
79.0,13,41.73,1750
79.0,16,42.08,-2750
79.0,18,35.75,1250
79.0,19,40.99,2500
79.0,20,37.45,-3000
79.0,21,35.96,-5250
79.0,23,40.92,-250
79.0,26,35.19,-5250
79.5,2,35.22,-5250
79.5,3,42.74,750
79.5,6,41.61,-500
79.5,7,38.87,1750
79.5,8,35.01,1500
79.5,11,35.97,-3000
79.5,13,43.06,1750
79.5,14,35.04,4500
79.5,16,42.47,-2750
79.5,19,39.28,2500
79.5,20,35.13,-250
79.5,21,35.36,3500
79.5,23,43.7,-500
80.0,3,43.43,750
80.0,5,35.18,-3250
80.0,6,41.39,-500
80.0,7,38.36,1750
80.0,9,35.44,-4250
80.0,12,35.18,2750
80.0,13,41.92,1750
80.0,15,35.26,2500
80.0,16,42.14,-2750
80.0,19,40.13,2500
80.0,23,40.73,-250
80.0,25,35.68,2500
80.0,30,36.42,-3250
80.5,3,42.93,750
80.5,6,41.95,-500
80.5,7,39.55,1750
80.5,13,42.78,1750
80.5,14,35.22,4750
80.5,16,42.38,-2750
80.5,19,40.92,2500
80.5,23,44.46,-500
80.5,32,35.26,2000
81.0,3,44.33,750
81.0,6,41.06,-500
81.0,7,38.86,1750
81.0,10,35.31,500
81.0,12,35.24,3500
81.0,13,42.5,1750
81.0,14,35.09,-1500
81.0,16,42.25,-2750
81.0,19,41.24,2500
81.0,20,36.44,-3000
81.0,23,43.31,-500
81.0,27,35.04,-3250
81.0,29,35.38,3500
81.5,1,35.17,1750
81.5,3,43.73,750
81.5,5,35.78,3000
81.5,6,40.65,-500
81.5,7,39.16,1750
81.5,13,43.65,1750
81.5,16,41.91,-2750
81.5,19,39.96,2500
81.5,20,35.16,-3000
81.5,23,43.78,-500
82.0,3,43.57,750
82.0,6,42.11,-500
82.0,7,40.3,1750
82.0,13,41.79,1750
82.0,16,41.55,-2750
82.0,19,41.25,2500
82.0,21,35.01,-2250
82.0,23,41.18,-250
82.0,26,35.2,4750
82.0,32,35.46,-3000
82.5,3,43.11,750
82.5,5,35.06,-1500
82.5,6,41.21,-500
82.5,7,38.38,1750
82.5,12,35.55,2000
82.5,13,43.08,1750
82.5,14,35.69,-1750
82.5,16,41.65,-2750
82.5,19,41.1,2500
82.5,20,38.3,-3000
82.5,23,44.14,-500
82.5,30,35.06,-3250
83.0,3,43.19,750
83.0,6,39.92,-500
83.0,7,38.88,1750
83.0,10,36.5,500
83.0,13,43.07,1750
83.0,16,42.08,-2750
83.0,19,39.91,2500
83.0,20,35.93,-3000
83.0,23,45.08,-500
83.0,28,35.0,3500
83.5,3,43.54,750
83.5,6,39.85,-500
83.5,7,36.81,2000
83.5,13,43.3,1750
83.5,14,35.7,-6000
83.5,16,42.44,-2750
83.5,19,38.45,2500
83.5,20,35.44,-3000
83.5,23,43.76,-500
84.0,3,43.86,750
84.0,6,40.1,-500
84.0,7,39.72,1750
84.0,10,37.27,500
84.0,13,43.21,1750
84.0,16,41.47,-2750
84.0,19,42.31,2500
84.0,20,37.51,-3000
84.0,22,35.53,-5750
84.0,23,39.56,-250
84.5,2,35.4,5500
84.5,3,43.76,750
84.5,4,35.19,1750
84.5,6,39.75,-500
84.5,7,37.36,1750
84.5,8,35.05,4250
84.5,10,35.63,500
84.5,13,42.64,1750
84.5,14,35.25,-3750
84.5,16,41.55,-2750
84.5,19,39.82,2500
84.5,23,43.91,-500
84.5,27,35.23,-4500
84.5,28,35.25,-5750
84.5,30,35.36,-3250
85.0,3,43.86,750
85.0,6,41.01,-500
85.0,7,37.29,1750
85.0,12,35.91,1500
85.0,13,40.98,1750
85.0,15,35.33,4500
85.0,16,42.26,-2750
85.0,19,40.0,2500
85.0,20,38.96,-3000
85.0,23,41.43,-250
85.5,3,44.35,750
85.5,6,41.03,-500
85.5,7,38.86,1750
85.5,10,35.4,-1250
85.5,13,43.86,1750
85.5,16,42.22,-2750
85.5,17,35.07,-3250
85.5,19,41.14,2500
85.5,20,35.14,-3000
85.5,23,43.79,-500
85.5,24,35.15,-5000
85.5,29,35.64,3500
85.5,30,36.65,-3250
86.0,2,35.04,2750
86.0,3,44.06,750
86.0,4,35.25,-2750
86.0,6,40.03,-500
86.0,7,39.11,1750
86.0,10,36.12,500
86.0,12,35.19,0
86.0,13,43.76,1750
86.0,16,41.95,-2750
86.0,19,39.89,2500
86.0,23,42.05,-250
86.0,29,35.41,-2500
86.5,1,35.02,250
86.5,2,36.22,1500
86.5,3,43.7,750
86.5,6,39.88,-500
86.5,7,39.25,1750
86.5,8,35.15,500
86.5,13,41.86,1750
86.5,16,40.96,-2750
86.5,19,41.03,2500
86.5,20,35.76,-3000
86.5,23,40.5,-250
86.5,24,35.44,0
87.0,1,35.15,-5000
87.0,3,44.04,750
87.0,6,41.33,-500
87.0,7,38.9,1750
87.0,10,36.67,500
87.0,12,35.85,-3500
87.0,13,42.79,1750
87.0,16,41.68,-2750
87.0,19,41.58,2500
87.0,21,35.01,1750
87.0,23,41.72,-250
87.5,3,43.27,750
87.5,5,35.25,500
87.5,6,41.17,-500
87.5,7,40.04,1750
87.5,13,41.86,1750
87.5,16,42.07,-2750
87.5,19,41.46,2500
87.5,23,41.55,-750
87.5,29,35.04,0
88.0,3,44.59,750
88.0,6,39.9,-500
88.0,7,36.9,1750
88.0,12,35.07,3000
88.0,13,43.55,1750
88.0,16,43.74,-2750
88.0,19,39.61,2500
88.0,20,35.86,-3000
88.0,23,44.17,-500
88.0,30,37.27,-3250
88.5,2,35.59,3250
88.5,3,44.16,750
88.5,6,40.52,-500
88.5,7,38.31,2000
88.5,10,35.17,500
88.5,13,43.41,1750
88.5,16,42.76,-2750
88.5,19,38.19,2500
88.5,20,35.06,-3000
88.5,22,35.01,-250
88.5,23,44.99,-500
88.5,26,36.34,-1000
88.5,30,36.05,-3250
89.0,1,35.34,3750
89.0,2,35.41,-1500
89.0,3,43.44,750
89.0,6,41.75,-500
89.0,7,40.43,1750
89.0,13,42.65,1750
89.0,14,35.64,1750
89.0,16,42.36,-2750
89.0,17,35.21,-750
89.0,19,40.44,2500
89.0,23,45.18,-500
89.0,24,35.07,750
89.0,25,35.65,1750
89.5,3,43.74,750
89.5,6,40.81,-500
89.5,7,38.29,1750
89.5,12,35.01,3500
89.5,13,43.35,1750
89.5,16,41.62,-2750
89.5,18,35.91,-750
89.5,19,40.42,2500
89.5,22,35.12,-2000
89.5,23,44.22,-500
89.5,28,35.03,0
89.5,31,35.57,-2500
90.0,1,35.24,-3500
90.0,3,43.41,750
90.0,6,41.32,-500
90.0,7,38.64,1750
90.0,10,35.67,500
90.0,13,42.43,1750
90.0,16,41.48,-2750
90.0,19,38.7,2500
90.0,22,35.17,-5750
90.0,23,41.06,-250
90.5,3,43.78,750
90.5,4,35.27,-5500
90.5,6,41.04,-500
90.5,7,39.17,1750
90.5,11,35.4,-6000
90.5,13,43.15,1750
90.5,16,42.97,-2750
90.5,19,38.86,2500
90.5,20,35.57,-3250
90.5,23,45.2,-500
90.5,27,35.47,3250
90.5,30,35.18,-3250
90.5,31,35.23,-4000
91.0,3,43.46,750
91.0,5,35.01,-2250
91.0,6,41.19,-500
91.0,7,39.18,1750
91.0,8,35.09,750
91.0,12,35.08,2500
91.0,13,43.03,1750
91.0,16,42.38,-2750
91.0,19,39.84,2500
91.0,20,36.46,-3000
91.0,22,35.17,3750
91.0,23,43.78,-500
91.0,28,35.04,-5000
91.0,29,35.02,-750
91.0,30,37.09,-3250
91.5,3,42.96,750
91.5,6,41.99,-500
91.5,7,38.25,2000
91.5,12,35.88,2750
91.5,13,42.5,1750
91.5,16,40.72,-2750
91.5,19,39.93,2500
91.5,21,35.32,-5500
91.5,23,44.81,-500
92.0,1,35.44,1000
92.0,2,35.24,-1500
92.0,3,43.37,750
92.0,6,41.58,-500
92.0,7,39.2,1750
92.0,11,35.12,-1000
92.0,13,42.49,1750
92.0,15,35.15,-3000
92.0,16,43.48,-2750
92.0,19,41.35,2500
92.0,23,41.06,-250
92.0,30,36.29,-3250
92.5,3,41.99,750
92.5,6,41.15,-500
92.5,7,37.27,1750
92.5,9,35.55,-4500
92.5,10,35.21,1500
92.5,13,42.33,1750
92.5,16,41.47,-2750
92.5,17,35.84,5750
92.5,19,41.18,2500
92.5,23,44.88,-500
92.5,25,35.04,5500
92.5,32,35.03,1500
93.0,3,43.72,750
93.0,4,35.17,3500
93.0,6,40.14,-500
93.0,7,38.61,1750
93.0,10,35.79,500
93.0,13,44.32,1750
93.0,16,43.12,-2750
93.0,18,35.86,-2500
93.0,19,40.54,2500
93.0,20,35.38,-3000
93.0,23,45.14,-500
93.5,1,35.49,250
93.5,3,43.17,750
93.5,6,41.42,-500
93.5,7,37.74,1750
93.5,10,35.07,-4000
93.5,11,35.32,1250
93.5,13,41.09,1750
93.5,16,40.99,-2750
93.5,19,41.26,2500
93.5,22,35.24,1750
93.5,23,41.59,-750
93.5,25,35.2,-5000
93.5,29,35.18,0
93.5,31,36.83,500
93.5,32,35.02,-3000
94.0,3,43.87,750
94.0,6,40.51,-500
94.0,7,37.76,2000
94.0,9,36.26,-3000
94.0,13,43.86,1750
94.0,14,35.28,-5500
94.0,16,41.53,-2750
94.0,19,38.92,2500
94.0,20,36.2,-3000
94.0,23,43.13,-500
94.0,30,36.17,-3250
94.5,1,35.08,-1750
94.5,3,43.02,750
94.5,4,35.57,3500
94.5,5,35.37,3500
94.5,6,42.02,-500
94.5,7,37.47,1750
94.5,12,35.2,-5500
94.5,13,42.37,1750
94.5,15,35.84,2000
94.5,16,42.15,-2750
94.5,17,35.26,-4750
94.5,19,39.82,2500
94.5,20,36.82,-3000
94.5,23,40.29,-250
95.0,3,43.14,750
95.0,6,39.9,-500
95.0,7,39.37,1750
95.0,13,43.22,1750
95.0,16,41.82,-2750
95.0,19,40.11,2500
95.0,23,45.29,-500
95.0,25,35.4,4250
95.0,29,35.88,2250
95.5,2,35.14,2750
95.5,3,43.71,750
95.5,6,41.71,-500
95.5,7,39.05,1750
95.5,10,35.49,500
95.5,13,42.73,1750
95.5,14,35.18,-1250
95.5,16,43.62,-2750
95.5,19,40.95,2500
95.5,20,35.52,-1500
95.5,23,41.32,-750
95.5,27,35.04,500
96.0,3,43.19,750
96.0,6,42.45,-500
96.0,7,38.07,2000
96.0,11,35.26,-6000
96.0,13,42.17,1750
96.0,16,41.51,-2750
96.0,19,40.47,2500
96.0,20,35.26,-3000
96.0,21,36.1,3500
96.0,23,41.78,-250
96.0,28,35.53,-250
96.0,29,35.18,3750
96.5,3,44.46,750
96.5,6,40.12,-500
96.5,7,37.07,1750
96.5,13,44.1,1750
96.5,16,42.0,-2750
96.5,19,40.48,2500
96.5,20,35.02,-3000
96.5,23,44.12,-500
96.5,30,36.0,-3250
96.5,32,35.97,1250
97.0,2,36.23,-3000
97.0,3,42.49,750
97.0,6,39.02,-500
97.0,7,37.85,1750
97.0,10,35.74,500
97.0,12,35.1,-1000
97.0,13,42.23,1750
97.0,16,42.47,-2750
97.0,19,40.69,2500
97.0,23,44.3,-500
97.0,30,36.48,-3250
97.0,32,35.01,-4750
97.5,1,35.22,-750
97.5,3,42.76,750
97.5,6,41.66,-500
97.5,7,38.04,2000
97.5,11,36.14,-2500
97.5,13,42.0,1750
97.5,16,39.82,-2750
97.5,18,35.27,-750
97.5,19,40.83,2500
97.5,20,36.73,-3000
97.5,23,40.99,-250
97.5,25,35.12,250
97.5,29,35.27,-1000
97.5,32,35.78,-1500
98.0,3,42.76,750
98.0,6,41.86,-500
98.0,7,37.78,2000
98.0,9,35.11,4000
98.0,12,35.06,-1750
98.0,13,42.51,1750
98.0,15,35.18,-3000
98.0,16,41.89,-2750
98.0,18,35.62,-3250
98.0,19,39.53,2500
98.0,23,40.38,-250
98.0,25,35.02,2000
98.5,3,43.21,750
98.5,6,38.42,-500
98.5,7,37.04,1750
98.5,13,43.14,1750
98.5,16,42.84,-2750
98.5,19,37.92,2500
98.5,23,45.13,-500
98.5,30,35.02,3500
99.0,3,43.05,750
99.0,4,36.15,2000
99.0,5,35.32,-500
99.0,6,40.5,-500
99.0,7,38.72,1750
99.0,9,35.46,-3500
99.0,13,42.02,1750
99.0,16,42.79,-2750
99.0,19,41.69,2500
99.0,22,35.28,3750
99.0,23,41.4,-750
99.0,31,35.28,2750
99.5,3,44.23,750
99.5,6,41.7,-500
99.5,7,37.05,1750
99.5,11,35.45,4250
99.5,13,42.67,1750
99.5,16,42.74,-2750
99.5,19,40.48,2500
99.5,21,35.4,1000
99.5,23,40.96,-750
99.5,30,36.13,-3250
100.0,1,35.25,-1250
100.0,3,43.29,750
100.0,4,35.07,5250
100.0,6,40.51,-500
100.0,7,39.85,1750
100.0,11,35.35,2000
100.0,12,36.11,-1000
100.0,13,44.33,1750
100.0,15,35.35,1250
100.0,16,43.35,-2750
100.0,19,40.85,2500
100.0,23,43.99,-500
100.0,30,36.38,-3250
100.5,2,35.13,-5750
100.5,3,43.33,750
100.5,6,41.44,-500
100.5,7,39.84,1750
100.5,10,35.05,2000
100.5,13,44.0,1750
100.5,16,42.11,-2750
100.5,19,40.18,2500
100.5,20,35.13,3750
100.5,23,39.78,-250
100.5,24,35.16,-4000
100.5,30,35.86,-3250
100.5,32,35.1,1000
101.0,3,42.75,750
101.0,6,41.42,-500
101.0,7,37.75,1750
101.0,13,43.82,1750
101.0,16,42.41,-2750
101.0,19,41.48,2500
101.0,23,39.72,-250
101.0,25,35.06,3750
101.5,3,43.68,750
101.5,6,41.57,-500
101.5,7,41.23,1750
101.5,9,35.18,5750
101.5,13,43.42,1750
101.5,16,42.51,-2750
101.5,19,41.73,2500
101.5,21,35.36,-3500
101.5,23,43.66,-500
101.5,25,35.01,-3000
101.5,30,35.74,-3250
102.0,3,44.18,750
102.0,6,40.74,-500
102.0,7,39.17,1750
102.0,9,35.33,-5750
102.0,10,36.53,500
102.0,13,43.79,1750
102.0,16,43.07,-2750
102.0,19,40.96,2500
102.0,20,35.42,-2250
102.0,23,41.57,-250
102.5,1,36.36,-5500
102.5,3,43.92,750
102.5,6,42.02,-500
102.5,7,39.5,1750
102.5,9,35.02,3750
102.5,10,37.4,500
102.5,13,44.54,1750
102.5,16,41.06,-2750
102.5,18,35.26,5000
102.5,19,40.87,2500
102.5,23,44.64,-500
102.5,24,35.38,-1000
102.5,30,35.53,-3250
103.0,2,35.51,2750
103.0,3,44.52,750
103.0,5,35.01,-6000
103.0,6,42.4,-500
103.0,7,39.29,1750
103.0,10,35.05,500
103.0,13,42.75,1750
103.0,16,42.17,-2750
103.0,19,40.51,2500
103.0,23,40.27,-250
103.0,27,35.16,4500
103.0,30,36.73,-3250
103.5,3,43.9,750
103.5,6,41.59,-500
103.5,7,39.26,1750
103.5,9,35.93,1500
103.5,12,35.39,-250
103.5,13,44.38,1750
103.5,16,42.84,-2750
103.5,19,39.98,2500
103.5,20,35.74,-3000
103.5,23,40.06,-250
103.5,30,35.97,-3250
103.5,31,36.12,1750
104.0,3,44.1,750
104.0,4,35.32,-2000
104.0,5,35.25,-4000
104.0,6,41.22,-500
104.0,7,39.86,1750
104.0,13,45.31,1750
104.0,16,41.52,-2750
104.0,17,35.33,-2500
104.0,19,40.1,2500
104.0,23,43.56,-500
104.0,28,35.34,1000
104.0,30,35.3,-3250
104.0,32,35.31,1750
104.5,3,43.7,750
104.5,4,35.03,3750
104.5,6,39.74,-500
104.5,7,37.82,1750
104.5,9,35.12,3500
104.5,10,35.47,-5250
104.5,12,35.01,3750
104.5,13,44.97,1750
104.5,15,36.39,250
104.5,16,41.88,-2750
104.5,19,41.49,2500
104.5,23,44.37,-500
104.5,30,36.76,4500
105.0,3,43.49,750
105.0,6,42.74,-500
105.0,7,37.05,2000
105.0,13,44.35,1750
105.0,16,43.23,-2750
105.0,19,40.75,2500
105.0,21,35.29,3750
105.0,23,44.68,-500
105.0,27,35.27,3500
105.0,30,37.05,-3250
105.5,3,44.06,750
105.5,6,41.45,-500
105.5,7,38.35,1750
105.5,10,35.13,-5750
105.5,13,43.41,1750
105.5,14,35.07,5000
105.5,16,43.45,-2750
105.5,17,35.67,3750
105.5,19,41.39,2500
105.5,23,40.89,-250
105.5,30,35.76,5750
106.0,3,43.43,750
106.0,6,41.36,-500
106.0,7,40.32,1750
106.0,10,35.53,500
106.0,13,42.95,1750
106.0,16,41.42,-2750
106.0,17,35.2,-2000
106.0,18,35.26,-5000
106.0,19,41.6,2500
106.0,20,35.92,-3000
106.0,21,35.58,5250
106.0,23,41.62,-250
106.0,25,35.48,5000
106.0,30,36.72,-3250
106.5,3,43.71,750
106.5,6,40.41,-500
106.5,7,39.61,1750
106.5,13,44.26,1750
106.5,16,42.93,-2750
106.5,19,39.99,2500
106.5,23,44.67,-500
106.5,24,35.29,5750
106.5,30,37.68,-3250
106.5,31,35.02,2500
107.0,3,43.26,750
107.0,6,40.27,-500
107.0,7,38.39,1750
107.0,10,36.6,500
107.0,13,44.57,1750
107.0,16,43.2,-2750
107.0,18,35.17,500
107.0,19,41.54,2500
107.0,20,35.13,-3000
107.0,22,35.41,1750
107.0,23,41.93,-250
107.0,27,35.12,4750
107.0,30,35.85,-3250
107.5,3,43.36,750
107.5,6,40.82,-500
107.5,7,40.15,1750
107.5,9,35.83,-250
107.5,10,35.22,500
107.5,12,35.11,-3500
107.5,13,43.91,1750
107.5,16,41.65,-2750
107.5,19,41.54,2500
107.5,20,35.11,-3000
107.5,21,35.49,-5250
107.5,23,40.84,-250
107.5,24,35.06,5750
107.5,30,38.29,-3250
108.0,3,43.07,750
108.0,4,35.92,3250
108.0,6,40.63,-500
108.0,7,39.09,1750
108.0,8,36.39,0
108.0,10,35.85,500
108.0,12,35.1,4000
108.0,13,42.86,1750
108.0,16,42.12,-2750
108.0,18,36.17,-5250
108.0,19,39.98,2500
108.0,20,35.39,-3000
108.0,21,35.27,500
108.0,23,41.2,-750
108.0,30,35.66,250
108.5,2,35.3,2500
108.5,3,44.0,750
108.5,6,41.91,-500
108.5,7,39.73,1750
108.5,10,35.15,500
108.5,13,44.52,1750
108.5,16,42.96,-2750
108.5,19,41.28,2500
108.5,22,35.25,-2750
108.5,23,44.3,-500
108.5,25,35.27,-1750
108.5,30,36.8,-3250
108.5,31,35.74,3250
109.0,1,35.73,-3750
109.0,3,42.28,750
109.0,6,41.84,-500
109.0,7,39.02,1750
109.0,12,36.33,-500
109.0,13,43.56,1750
109.0,16,42.04,-2750
109.0,17,35.01,-2750
109.0,19,40.04,2500
109.0,21,35.3,-5750
109.0,23,43.01,-750
109.0,25,35.17,1750
109.0,30,35.68,-500
109.5,2,35.69,5000
109.5,3,43.42,750
109.5,6,40.34,-500
109.5,7,40.61,1750
109.5,8,35.53,-250
109.5,13,44.32,1750
109.5,16,41.56,-2750
109.5,19,39.45,2500
109.5,20,36.9,-3000
109.5,23,44.5,-500
109.5,28,35.28,-250
109.5,30,36.38,-3250
110.0,2,35.13,-2250
110.0,3,43.77,750
110.0,6,40.98,-500
110.0,7,40.1,1750
110.0,13,42.66,1750
110.0,14,35.02,-5000
110.0,16,42.51,-2750
110.0,17,35.34,5000
110.0,19,39.9,2500
110.0,20,35.64,-3000
110.0,23,40.74,-250
110.0,24,35.05,-4000
110.0,30,38.03,-3250
110.5,1,35.63,-3250
110.5,3,47.67,750
110.5,5,35.5,2750
110.5,6,44.24,-500
110.5,7,41.7,1750
110.5,10,38.34,500
110.5,13,47.81,1750
110.5,16,47.48,-2750
110.5,19,45.41,2500
110.5,20,38.4,-3000
110.5,23,46.14,-500
110.5,30,39.03,-3250
111.0,3,47.11,750
111.0,6,44.56,-500
111.0,7,41.48,1750
111.0,10,37.7,500
111.0,13,48.31,1750
111.0,16,48.01,-2750
111.0,19,44.86,2500
111.0,23,46.78,-500
111.0,30,37.28,-3250
111.5,3,47.56,750
111.5,4,35.83,5500
111.5,6,44.16,-500
111.5,7,41.1,1750
111.5,10,39.57,500
111.5,13,47.76,1750
111.5,16,47.86,-2750
111.5,19,44.41,2500
111.5,23,46.91,-500
111.5,29,35.26,4500
111.5,30,36.76,-3250
112.0,3,47.26,750
112.0,6,45.26,-500
112.0,7,41.02,1750
112.0,10,38.14,500
112.0,13,47.19,1750
112.0,16,46.91,-2750
112.0,19,45.45,2500
112.0,23,44.39,-750
112.0,30,37.2,-3250
112.5,3,47.87,750
112.5,6,44.17,-500
112.5,7,41.12,1750
112.5,9,35.06,1750
112.5,10,38.19,500
112.5,13,48.17,1750
112.5,16,47.75,-2750
112.5,19,45.18,2500
112.5,23,46.65,-500
112.5,30,39.4,-3250
112.5,32,38.65,-3000
113.0,3,47.42,750
113.0,6,45.64,-500
113.0,7,42.02,1750
113.0,10,37.39,500
113.0,13,47.86,1750
113.0,16,48.45,-2750
113.0,19,44.93,2500
113.0,20,37.37,-3000
113.0,23,47.6,-500
113.0,24,35.08,1750
113.0,30,37.79,-3250
113.0,32,38.37,-3000
113.5,3,47.31,750
113.5,6,44.71,-500
113.5,7,42.75,1750
113.5,10,37.72,500
113.5,13,47.41,1750
113.5,15,35.05,-2500
113.5,16,48.23,-2750
113.5,19,45.0,2500
113.5,20,38.41,-3000
113.5,22,35.53,-5250
113.5,23,47.05,-500
113.5,30,39.27,-3250
113.5,32,37.45,-3000
114.0,3,46.96,750
114.0,6,45.73,-500
114.0,7,41.65,1750
114.0,10,37.97,500
114.0,13,46.92,1750
114.0,15,36.93,-2750
114.0,16,47.24,-2750
114.0,19,45.36,2500
114.0,20,37.39,-3000
114.0,23,44.76,-750
114.0,26,35.46,4750
114.0,30,39.51,-3250
114.5,3,46.7,750
114.5,4,35.35,5750
114.5,6,44.56,-500
114.5,7,41.5,1750
114.5,9,35.71,1750
114.5,10,38.55,500
114.5,11,35.7,-4250
114.5,13,47.84,1750
114.5,16,47.74,-2750
114.5,19,44.61,2500
114.5,20,37.96,-3000
114.5,23,47.11,-500
114.5,30,38.33,-3250
114.5,31,35.01,1750
114.5,32,37.37,-3000
115.0,3,46.82,750
115.0,6,45.92,-500
115.0,7,41.81,1750
115.0,8,36.87,2250
115.0,10,39.1,500
115.0,13,47.44,1750
115.0,16,47.26,-2750
115.0,19,44.65,2500
115.0,20,39.0,-3000
115.0,21,35.87,-3250
115.0,23,41.9,-250
115.0,30,38.69,-3250
115.0,32,38.72,-3000
115.5,2,35.14,-3250
115.5,3,47.02,750
115.5,6,45.77,-500
115.5,7,42.46,1750
115.5,10,38.29,500
115.5,13,47.81,1750
115.5,15,35.75,-500
115.5,16,47.85,-2750
115.5,19,44.64,2500
115.5,20,36.7,-3000
115.5,23,47.45,-500
115.5,28,35.02,-3500
115.5,30,37.47,-3250
115.5,32,37.99,-3000
116.0,3,46.13,750
116.0,6,45.11,-500
116.0,7,42.16,1750
116.0,10,40.62,500
116.0,13,47.67,1750
116.0,16,47.32,-2750
116.0,19,45.83,2500
116.0,20,38.04,-3000
116.0,23,44.52,-750
116.0,30,37.17,-3250
116.0,32,38.65,-3000
116.5,3,46.21,750
116.5,6,45.01,-500
116.5,7,41.12,1750
116.5,8,36.16,-500
116.5,10,38.48,500
116.5,13,47.18,1750
116.5,16,46.64,-2750
116.5,19,44.51,2500
116.5,20,38.02,-3000
116.5,23,43.96,-250
116.5,26,35.51,-3250
116.5,30,38.31,-3250
116.5,32,37.01,-3000
117.0,3,45.63,750
117.0,6,45.99,-500
117.0,7,41.8,1750
117.0,9,35.1,-250
117.0,10,37.67,500
117.0,13,47.5,1750
117.0,16,47.17,-2750
117.0,19,45.85,2500
117.0,20,37.13,-3000
117.0,23,42.75,-250
117.0,24,35.05,1750
117.0,27,35.22,750
117.0,30,39.74,-3250
117.0,32,36.98,-3000
117.5,3,46.93,750
117.5,6,45.25,-500
117.5,7,41.55,1750
117.5,10,38.86,500
117.5,11,35.17,5750
117.5,13,47.35,1750
117.5,16,47.14,-2750
117.5,19,45.6,2500
117.5,23,44.86,-750
117.5,28,35.66,-3250
117.5,30,37.74,-3250
117.5,32,36.78,-3000
118.0,2,35.89,5750
118.0,3,46.73,750
118.0,6,45.25,-500
118.0,7,42.65,1750
118.0,10,36.04,500
118.0,11,35.37,-2250
118.0,13,48.43,1750
118.0,16,48.07,-2750
118.0,19,44.19,2500
118.0,23,47.39,-500
118.0,30,36.7,-3250
118.5,3,46.24,750
118.5,6,44.74,-500
118.5,7,42.06,1750
118.5,9,35.09,2500
118.5,10,37.43,500
118.5,13,48.29,1750
118.5,16,47.35,-2750
118.5,19,43.81,2500
118.5,23,48.2,-500
118.5,24,35.12,4500
118.5,25,35.15,-3250
118.5,30,37.74,-3250
118.5,32,37.16,-3000
119.0,3,46.91,750
119.0,6,45.01,-500
119.0,7,43.29,1750
119.0,10,35.69,500
119.0,11,35.11,-3250
119.0,13,47.81,1750
119.0,16,47.76,-2750
119.0,19,44.93,2500
119.0,23,47.44,-500
119.0,27,35.45,-4500
119.0,30,37.97,-3250
119.0,32,37.18,-3000
119.5,3,47.2,750
119.5,6,45.07,-500
119.5,7,42.67,1750
119.5,10,37.21,500
119.5,13,47.56,1750
119.5,16,47.82,-2750
119.5,19,44.06,2500
119.5,21,35.05,5750
119.5,23,47.91,-500
119.5,30,37.79,-3250
120.0,3,46.6,750
120.0,6,45.35,-500
120.0,7,42.33,1750
120.0,10,39.44,500
120.0,13,47.15,1750
120.0,16,46.62,-2750
120.0,19,45.35,2500
120.0,23,44.24,-250
120.0,30,36.79,-3250
120.0,32,39.26,-3000
120.5,3,46.64,750
120.5,6,45.37,-500
120.5,7,42.56,1750
120.5,10,35.7,500
120.5,13,48.0,1750
120.5,16,47.88,-2750
120.5,19,44.43,2500
120.5,23,47.61,-500
120.5,28,35.04,750
120.5,30,36.75,-3250
120.5,32,35.16,5750
121.0,3,45.84,750
121.0,6,44.75,-500
121.0,7,42.34,1750
121.0,10,35.05,4750
121.0,13,47.79,1750
121.0,16,48.15,-2750
121.0,19,44.2,2500
121.0,23,48.22,-500
121.0,30,36.97,-3250
121.0,32,36.1,-3000
121.5,3,46.02,750
121.5,6,44.06,-500
121.5,7,42.85,2000
121.5,8,35.21,1500
121.5,10,35.29,500
121.5,13,47.93,1750
121.5,16,47.73,-2750
121.5,19,44.64,2500
121.5,20,37.35,-3000
121.5,23,48.03,-500
121.5,26,35.53,1500
121.5,27,35.1,4500
121.5,30,36.74,-3250
121.5,31,35.03,1500
122.0,3,45.87,750
122.0,6,45.41,-500
122.0,7,41.1,1750
122.0,10,37.18,500
122.0,13,46.45,1750
122.0,16,46.85,-2750
122.0,18,35.06,-3250
122.0,19,45.75,2500
122.0,20,37.8,-3000
122.0,23,44.34,-250
122.0,27,36.7,-3250
122.0,30,38.43,-3250
122.0,32,35.42,1750
122.5,2,36.04,500
122.5,3,46.12,750
122.5,6,44.5,-500
122.5,7,42.23,1750
122.5,8,36.2,-500
122.5,9,35.38,-500
122.5,10,35.0,500
122.5,13,47.91,1750
122.5,16,47.73,-2750
122.5,19,44.24,2500
122.5,20,37.37,-3000
122.5,23,48.41,-500
122.5,27,35.11,-5500
122.5,30,40.2,-3250
123.0,3,45.71,750
123.0,6,45.55,-500
123.0,7,42.01,1750
123.0,12,35.1,5500
123.0,13,48.55,1750
123.0,16,47.24,-2750
123.0,18,35.45,1750
123.0,19,43.95,2500
123.0,20,38.05,-3000
123.0,21,35.61,750
123.0,23,47.77,-500
123.0,30,36.82,-3250
123.0,31,35.2,-1500
123.0,32,38.06,-3000
123.5,3,46.13,750
123.5,6,45.58,-500
123.5,7,41.91,1750
123.5,10,37.05,500
123.5,13,47.73,1750
123.5,16,47.29,-2750
123.5,19,46.18,2500
123.5,20,37.78,-3000
123.5,23,44.16,-250
123.5,28,35.2,-250
123.5,30,37.06,-3250
124.0,3,45.76,750
124.0,6,45.01,-500
124.0,7,41.28,1750
124.0,10,35.08,-500
124.0,11,35.46,-500
124.0,13,47.79,1750
124.0,16,46.94,-2750
124.0,19,44.55,2500
124.0,23,48.25,-500
124.0,24,35.73,3750
124.0,29,35.07,1750
124.0,30,37.88,-3250
124.5,3,45.73,750
124.5,5,35.09,-5500
124.5,6,44.77,-500
124.5,7,41.71,1750
124.5,10,38.85,500
124.5,11,35.98,5500
124.5,12,35.89,-3250
124.5,13,47.04,1750
124.5,16,46.66,-2750
124.5,19,44.92,2500
124.5,20,37.2,-3000
124.5,23,44.35,-250
124.5,30,36.55,-3250
124.5,32,38.33,-3000
125.0,3,45.99,750
125.0,6,43.85,-500
125.0,7,42.85,1750
125.0,10,35.72,500
125.0,13,47.38,1750
125.0,16,47.52,-2750
125.0,19,43.81,2500
125.0,23,48.44,-500
125.0,29,35.98,-2750
125.0,30,36.81,-3250
125.0,32,36.86,-3000
125.5,3,45.44,750
125.5,6,46.17,-500
125.5,7,44.0,1750
125.5,13,47.52,1750
125.5,16,46.6,-2750
125.5,19,45.28,2500
125.5,20,38.56,-3000
125.5,21,35.08,-2250
125.5,23,46.39,-750
125.5,24,36.27,-5750
125.5,28,36.75,750
125.5,30,37.82,-3250
125.5,32,36.89,-3000
126.0,2,35.4,-2750
126.0,3,45.59,750
126.0,5,35.53,-250
126.0,6,45.8,-500
126.0,7,42.95,1750
126.0,8,35.08,750
126.0,10,37.44,500
126.0,13,47.18,1750
126.0,16,46.89,-2750
126.0,19,45.45,2500
126.0,20,38.9,-3000
126.0,23,44.24,-250
126.0,28,35.04,2750
126.0,30,38.05,-3250
126.5,3,44.58,750
126.5,5,35.06,500
126.5,6,44.76,-500
126.5,7,41.85,1750
126.5,10,37.69,500
126.5,13,48.26,1750
126.5,16,47.54,-2750
126.5,19,44.15,2500
126.5,20,36.7,-3000
126.5,23,48.53,-500
126.5,26,35.02,4500
126.5,30,38.57,-3250
126.5,32,36.56,-3000
127.0,3,45.14,750
127.0,6,43.95,-500
127.0,7,43.34,1750
127.0,13,48.19,1750
127.0,15,35.49,1500
127.0,16,47.42,-2750
127.0,19,43.76,2500
127.0,20,37.83,-3000
127.0,22,35.59,5750
127.0,23,48.87,-500
127.0,30,38.23,-3250
127.5,3,45.26,750
127.5,6,45.37,-500
127.5,7,41.7,1750
127.5,10,35.09,2750
127.5,13,47.94,1750
127.5,16,46.78,-2750
127.5,19,45.73,2500
127.5,23,45.71,-750
127.5,30,39.3,-3250
127.5,32,38.74,-3000
128.0,3,45.61,750
128.0,6,44.51,-500
128.0,7,42.6,1750
128.0,10,36.93,500
128.0,13,48.05,1750
128.0,16,47.07,-2750
128.0,19,44.4,2500
128.0,20,38.31,-3000
128.0,23,47.89,-500
128.0,29,35.29,-4500
128.0,30,38.57,-3250
128.0,32,36.95,-3000
128.5,3,45.09,750
128.5,6,43.99,-500
128.5,7,43.39,1750
128.5,10,35.62,-500
128.5,13,48.51,1750
128.5,16,47.22,-2750
128.5,18,35.94,5500
128.5,19,44.22,2500
128.5,20,37.86,-3000
128.5,21,35.12,-2500
128.5,23,48.63,-500
128.5,25,35.32,1750
128.5,27,35.19,-2500
128.5,28,35.34,-3250
128.5,30,38.24,-3250
128.5,32,36.9,-3000
129.0,3,44.08,750
129.0,6,45.68,-500
129.0,7,42.17,1750
129.0,10,38.08,500
129.0,13,47.23,1750
129.0,16,46.9,-2750
129.0,19,45.83,2500
129.0,20,36.19,-3000
129.0,22,35.42,-2750
129.0,23,44.35,-250
129.0,30,37.59,-3250
129.0,32,36.39,-3000
129.5,3,44.33,750
129.5,6,45.03,-500
129.5,7,41.8,1750
129.5,10,36.23,500
129.5,12,35.09,5750
129.5,13,47.99,1750
129.5,16,47.35,-2750
129.5,19,44.23,2500
129.5,20,37.1,-3000
129.5,21,35.51,1500
129.5,23,48.17,-500
129.5,30,37.77,-3250
130.0,3,44.36,750
130.0,6,45.18,-500
130.0,7,42.71,1750
130.0,13,48.35,1750
130.0,16,47.22,-2750
130.0,19,43.43,2500
130.0,21,36.01,750
130.0,23,48.61,-500
130.0,30,35.85,-3250
130.0,32,38.31,-3000
130.5,3,44.77,750
130.5,6,44.95,-500
130.5,7,42.32,1750
130.5,8,35.02,-2500
130.5,13,48.2,1750
130.5,16,47.23,-2750
130.5,19,43.59,2500
130.5,20,39.11,-3000
130.5,23,48.42,-500
130.5,30,37.64,-3250
130.5,32,38.24,-3000
131.0,3,44.62,750
131.0,5,35.32,2500
131.0,6,45.14,-500
131.0,7,42.22,1750
131.0,8,35.9,2250
131.0,10,36.78,500
131.0,13,47.85,1750
131.0,16,46.98,-2750
131.0,19,42.83,2500
131.0,20,38.41,-3000
131.0,23,48.43,-500
131.0,26,35.6,1750
131.0,30,37.44,-3250
131.5,3,44.25,750
131.5,4,35.59,1750
131.5,5,35.3,1500
131.5,6,45.13,-500
131.5,7,44.3,1750
131.5,11,35.01,3750
131.5,13,48.43,1750
131.5,16,47.39,-2750
131.5,19,43.42,2500
131.5,20,37.27,-3000
131.5,23,48.5,-500
131.5,25,35.22,-1500
131.5,30,37.54,-3250
132.0,3,44.9,750
132.0,6,45.94,-500
132.0,7,43.03,1750
132.0,10,36.69,500
132.0,13,46.98,1750
132.0,16,45.98,-2750
132.0,19,44.16,2500
132.0,20,36.25,-3000
132.0,23,45.25,-250
132.0,26,35.4,-2750
132.0,30,41.16,-3250
132.0,32,37.76,-3000
132.5,3,43.88,750
132.5,4,35.58,1500
132.5,6,44.69,-500
132.5,7,42.32,1750
132.5,10,36.43,500
132.5,13,48.54,1750
132.5,14,35.04,500
132.5,16,46.42,-2750
132.5,19,44.33,2500
132.5,20,38.07,-3000
132.5,23,48.55,-500
132.5,30,37.89,-3250
132.5,32,38.23,-3000
133.0,3,44.45,750
133.0,6,45.45,-500
133.0,7,41.9,1750
133.0,10,37.16,500
133.0,13,48.08,1750
133.0,16,46.36,-2750
133.0,18,35.04,750
133.0,19,45.44,2500
133.0,23,43.84,-250
133.0,30,37.85,-3250
133.5,3,46.34,750
133.5,6,44.58,-500
133.5,7,38.39,1750
133.5,10,39.53,500
133.5,13,48.19,1750
133.5,16,47.51,-2750
133.5,17,35.86,750
133.5,19,47.17,2500
133.5,20,37.91,-3000
133.5,22,35.39,-750
133.5,23,44.15,-750
133.5,26,35.5,750
134.0,1,35.67,4250
134.0,3,47.9,750
134.0,6,41.39,-500
134.0,7,43.1,1750
134.0,10,40.48,500
134.0,13,44.87,1750
134.0,14,35.08,-3250
134.0,16,47.11,-2750
134.0,17,35.29,-3250
134.0,19,45.77,2500
134.0,20,42.64,-3000
134.0,23,45.96,-500
134.0,25,35.12,4750
134.0,28,35.73,-3250
134.0,30,39.35,-3250
134.0,32,36.79,-3000
134.5,3,44.08,750
134.5,5,35.07,-4500
134.5,6,45.2,-500
134.5,7,43.23,1750
134.5,8,35.09,-500
134.5,10,35.82,500
134.5,12,35.74,3500
134.5,13,48.51,1750
134.5,16,45.55,-2750
134.5,19,42.27,2500
134.5,20,39.88,-3000
134.5,22,35.67,3500
134.5,23,48.64,-500
134.5,24,35.08,-1500
134.5,26,35.58,-1500
134.5,30,40.27,-3250
134.5,32,37.97,-3000
135.0,3,47.9,750
135.0,6,41.31,-500
135.0,7,42.58,1750
135.0,8,37.6,2250
135.0,10,40.83,500
135.0,12,35.0,-5250
135.0,13,43.68,1750
135.0,16,46.23,-2750
135.0,19,44.87,2500
135.0,20,43.12,-3000
135.0,22,35.39,-250
135.0,23,45.95,-500
135.0,28,35.16,4750
135.0,30,38.99,-3250
135.5,2,35.34,750
135.5,3,46.3,750
135.5,6,43.92,-500
135.5,7,38.86,1750
135.5,10,40.96,500
135.5,13,48.25,1750
135.5,15,36.56,2500
135.5,16,47.48,-2750
135.5,19,46.69,2500
135.5,20,40.01,-3000
135.5,23,42.79,-250
136.0,3,44.71,750
136.0,6,44.76,-500
136.0,7,41.53,1750
136.0,10,38.36,500
136.0,13,48.72,1750
136.0,14,35.06,750
136.0,16,47.46,-2750
136.0,17,35.61,4750
136.0,19,44.57,2500
136.0,20,38.43,-3000
136.0,23,48.18,-500
136.0,30,35.24,-3250
136.0,32,36.47,-3000
136.5,3,43.95,750
136.5,6,44.34,-500
136.5,7,43.52,1750
136.5,8,35.05,-3500
136.5,13,48.48,1750
136.5,16,47.06,-2750
136.5,19,43.91,2500
136.5,20,38.4,-3000
136.5,22,35.3,4500
136.5,23,48.4,-500
136.5,30,39.29,-3250
136.5,32,36.05,-3000
137.0,1,35.92,750
137.0,3,45.55,750
137.0,6,45.99,-500
137.0,7,38.54,1750
137.0,10,39.13,500
137.0,11,35.52,-4250
137.0,12,35.17,-3250
137.0,13,48.39,1750
137.0,16,46.59,-2750
137.0,19,46.15,2500
137.0,20,38.58,-3000
137.0,23,45.57,-750
137.0,32,38.35,-3000
137.5,3,47.93,750
137.5,4,35.74,1750
137.5,6,42.84,-500
137.5,7,40.71,1750
137.5,8,36.35,2250
137.5,10,42.26,500
137.5,13,46.07,1750
137.5,16,47.18,-2750
137.5,19,46.5,2500
137.5,20,41.25,-3000
137.5,23,42.92,-750
137.5,27,36.04,5750
137.5,30,37.29,-3250
138.0,3,46.08,750
138.0,5,35.48,250
138.0,6,44.61,-500
138.0,7,45.52,1750
138.0,10,38.11,500
138.0,13,43.95,1750
138.0,16,43.36,-2750
138.0,19,42.54,2500
138.0,20,41.35,-3000
138.0,23,46.25,-750
138.0,26,35.38,250
138.0,30,39.4,-3250
138.0,31,35.28,2750
138.5,3,46.3,750
138.5,6,43.95,-500
138.5,7,39.25,1750
138.5,10,38.6,500
138.5,11,35.76,-1250
138.5,13,48.7,1750
138.5,14,35.16,750
138.5,16,47.42,-2750
138.5,19,45.89,2500
138.5,20,40.9,-3000
138.5,23,47.04,-500
138.5,30,37.07,-3250
138.5,31,35.48,-2250
139.0,2,35.16,-1250
139.0,3,43.02,750
139.0,6,45.6,-500
139.0,7,45.0,1750
139.0,10,38.54,500
139.0,13,45.29,1750
139.0,16,43.91,-2750
139.0,19,42.88,2500
139.0,20,41.33,-3000
139.0,23,46.98,-750
139.0,30,37.06,-3250
139.5,3,47.55,750
139.5,6,41.79,-500
139.5,7,42.79,1750
139.5,10,42.08,500
139.5,12,35.59,4500
139.5,13,44.32,1750
139.5,15,35.27,-5250
139.5,16,44.66,-2750
139.5,18,35.24,-4250
139.5,19,43.7,2500
139.5,20,41.9,-3000
139.5,23,46.91,-500
139.5,28,35.27,4750
139.5,30,37.78,-3250
140.0,3,47.45,750
140.0,5,35.1,750
140.0,6,41.77,-500
140.0,7,41.98,1750
140.0,10,42.23,500
140.0,13,45.6,1750
140.0,16,46.38,-2750
140.0,19,45.92,2500
140.0,20,41.61,-3000
140.0,23,42.64,-750
140.0,30,37.8,-3250
140.5,3,47.42,750
140.5,6,39.55,-500
140.5,7,43.19,1750
140.5,10,39.63,500
140.5,13,45.67,1750
140.5,16,46.31,-2750
140.5,19,46.16,2500
140.5,20,42.94,-3000
140.5,23,44.89,-500
140.5,30,37.72,-3250
141.0,3,47.47,750
141.0,6,40.55,-500
141.0,7,44.58,1750
141.0,10,40.18,500
141.0,13,43.91,1750
141.0,14,35.05,-3250
141.0,16,44.78,-2750
141.0,19,43.87,2500
141.0,20,42.86,-3000
141.0,23,46.58,-500
141.0,30,37.79,-3250
141.0,31,35.32,-4500
141.5,3,43.68,750
141.5,6,44.5,-500
141.5,7,43.53,1750
141.5,9,35.71,-5250
141.5,13,47.37,1750
141.5,16,45.83,-2750
141.5,19,42.1,2500
141.5,20,38.38,-3000
141.5,23,48.78,-500
141.5,30,38.97,-3250
141.5,32,39.5,-3000
142.0,3,47.37,750
142.0,6,43.94,-500
142.0,7,40.5,1750
142.0,10,40.52,500
142.0,13,46.91,1750
142.0,14,35.74,-1750
142.0,16,47.03,-2750
142.0,19,46.68,2500
142.0,20,41.53,-3000
142.0,23,44.49,-750
142.0,32,35.23,-3500
142.5,3,44.35,750
142.5,6,43.99,-500
142.5,7,45.19,1750
142.5,10,35.36,-3250
142.5,13,47.33,1750
142.5,16,44.38,-2750
142.5,19,41.67,2500
142.5,20,40.36,-3000
142.5,23,48.64,-500
142.5,28,35.01,1500
142.5,30,40.07,-3250
142.5,32,38.37,-3000
143.0,3,47.31,750
143.0,6,40.16,-500
143.0,7,44.07,1750
143.0,10,41.39,500
143.0,13,45.3,1750
143.0,16,45.76,-2750
143.0,19,45.43,2500
143.0,20,42.51,-3000
143.0,23,45.84,-500
143.0,24,35.11,3500
143.0,30,36.51,-3250
143.5,3,47.69,750
143.5,6,41.55,-500
143.5,7,41.71,1750
143.5,10,40.87,500
143.5,13,46.75,1750
143.5,16,47.24,-2750
143.5,19,46.31,2500
143.5,20,41.26,-3000
143.5,23,46.24,-500
143.5,32,36.51,-3000
144.0,3,47.09,750
144.0,6,44.43,-500
144.0,7,40.06,1750
144.0,10,40.69,500
144.0,12,35.26,1750
144.0,13,47.18,1750
144.0,16,46.85,-2750
144.0,19,47.15,2500
144.0,20,39.8,-3000
144.0,23,44.07,-750
144.0,24,35.2,4750
144.0,32,38.08,-3000
144.5,1,35.35,4500
144.5,3,47.57,750
144.5,6,42.92,-500
144.5,7,39.23,1750
144.5,9,36.23,-750
144.5,10,39.51,500
144.5,12,35.31,5750
144.5,13,47.87,1750
144.5,15,35.36,500
144.5,16,47.51,-2750
144.5,19,46.34,2500
144.5,20,42.69,-3000
144.5,23,46.22,-500
144.5,27,35.13,5750
144.5,30,35.35,-3250
144.5,32,35.31,-2250
145.0,3,47.65,750
145.0,6,42.49,-500
145.0,7,42.81,1750
145.0,10,42.08,500
145.0,13,42.79,1750
145.0,16,45.59,-2750
145.0,19,46.07,2500
145.0,20,42.94,-3000
145.0,23,40.64,-250
145.0,30,37.42,-3250
145.5,3,44.42,750
145.5,6,43.46,-500
145.5,7,44.0,1750
145.5,10,36.73,500
145.5,12,35.31,500
145.5,13,47.46,1750
145.5,16,44.21,-2750
145.5,19,41.06,2500
145.5,20,41.32,-3000
145.5,23,48.71,-500
145.5,30,40.42,-3250
145.5,31,36.07,-3500
145.5,32,38.16,-3000
146.0,3,46.81,750
146.0,6,43.71,-500
146.0,7,38.76,1750
146.0,10,40.73,500
146.0,13,47.46,1750
146.0,16,47.54,-2750
146.0,19,46.95,2500
146.0,20,42.32,-3000
146.0,23,44.04,-750
146.0,28,35.04,1750
146.5,1,35.62,-2250
146.5,3,42.84,750
146.5,6,45.7,-500
146.5,7,43.11,1750
146.5,9,35.08,-1250
146.5,10,37.39,500
146.5,12,35.11,1750
146.5,13,46.33,1750
146.5,16,44.05,-2750
146.5,19,43.08,2500
146.5,20,39.49,-3000
146.5,23,47.06,-750
146.5,29,35.44,-3500
146.5,30,39.17,-3250
146.5,31,35.18,-500
147.0,3,47.29,750
147.0,6,41.84,-500
147.0,7,44.7,1750
147.0,10,41.82,500
147.0,13,42.22,1750
147.0,16,43.91,-2750
147.0,19,45.07,2500
147.0,20,42.46,-3000
147.0,23,44.82,-750
147.0,30,39.25,-3250
147.5,3,47.65,750
147.5,6,40.84,-500
147.5,7,41.82,1750
147.5,8,36.32,2250
147.5,10,42.25,500
147.5,13,45.3,1750
147.5,16,46.43,-2750
147.5,19,46.23,2500
147.5,20,43.44,-3000
147.5,23,41.97,-750
147.5,27,35.1,2750
147.5,30,35.02,-3250
147.5,32,35.18,4750
148.0,1,35.25,5750
148.0,3,47.8,750
148.0,6,40.06,-500
148.0,7,43.16,1750
148.0,10,41.4,500
148.0,13,46.23,1750
148.0,16,46.72,-2750
148.0,19,46.34,2500
148.0,20,44.39,-3000
148.0,23,45.31,-500
148.0,27,35.48,-3500
148.0,30,38.21,-3250
148.0,32,35.16,3750
148.5,3,47.64,750
148.5,5,35.44,1750
148.5,6,39.64,-500
148.5,7,44.52,1750
148.5,9,35.39,-4250
148.5,10,40.9,500
148.5,13,44.91,1750
148.5,16,44.23,-2750
148.5,19,44.7,2500
148.5,20,42.23,-3000
148.5,22,35.03,-4250
148.5,23,45.77,-500
148.5,30,39.5,-3250
149.0,3,44.97,750
149.0,6,43.13,-500
149.0,7,44.55,1750
149.0,10,38.61,500
149.0,13,47.3,1750
149.0,16,43.69,-2750
149.0,19,41.83,2500
149.0,20,38.76,-3000
149.0,23,49.06,-500
149.0,30,40.5,-3250
149.0,31,35.07,-5250
149.0,32,38.5,-3000
149.5,2,35.43,-2250
149.5,3,46.27,750
149.5,6,43.01,-500
149.5,7,40.5,1750
149.5,10,38.85,500
149.5,13,48.24,1750
149.5,16,47.42,-2750
149.5,19,46.37,2500
149.5,20,41.35,-3000
149.5,23,47.36,-500
149.5,26,35.11,-500
149.5,30,35.56,-3250
149.5,32,36.8,-3000
150.0,3,45.76,750
150.0,6,44.06,-500
150.0,7,44.01,1750
150.0,10,40.25,500
150.0,13,43.75,1750
150.0,16,42.09,-2750
150.0,19,43.18,2500
150.0,20,40.77,-3000
150.0,22,35.82,2750
150.0,23,45.34,-750
150.0,30,41.18,-3250
150.5,3,46.95,750
150.5,6,43.01,-500
150.5,7,42.35,1750
150.5,8,35.51,1750
150.5,10,42.06,500
150.5,13,47.4,1750
150.5,16,47.1,-2750
150.5,18,35.23,2750
150.5,19,46.23,2500
150.5,20,41.43,-3000
150.5,23,45.8,-500
150.5,24,35.03,500
150.5,30,36.1,-3250
150.5,32,36.66,-3000
151.0,3,44.22,750
151.0,6,43.42,-500
151.0,7,38.11,1750
151.0,13,49.16,1750
151.0,16,47.57,-2750
151.0,19,45.71,2500
151.0,20,40.41,-3000
151.0,23,48.46,-500
151.0,27,35.27,5500
151.0,30,37.95,-3250
151.0,32,38.03,-3000
151.5,3,42.46,750
151.5,6,44.12,-500
151.5,7,40.95,1750
151.5,10,37.25,500
151.5,13,49.15,1750
151.5,15,35.02,1500
151.5,16,46.66,-2750
151.5,19,44.07,2500
151.5,20,37.32,-3000
151.5,23,48.65,-500
151.5,30,37.37,-3250
151.5,32,38.71,-3000
152.0,3,44.32,750
152.0,6,45.0,-500
152.0,7,39.91,1750
152.0,10,38.08,500
152.0,12,35.12,-250
152.0,13,47.97,1750
152.0,16,47.0,-2750
152.0,19,45.76,2500
152.0,21,35.24,-2750
152.0,23,46.07,-750
152.0,26,35.5,-4750
152.0,32,38.93,-3000
152.5,3,46.51,750
152.5,5,35.27,4500
152.5,6,44.07,-500
152.5,7,41.06,1750
152.5,10,39.57,500
152.5,12,35.08,-2500
152.5,13,47.89,1750
152.5,16,47.17,-2750
152.5,19,45.65,2500
152.5,20,41.9,-3000
152.5,23,46.91,-500
152.5,24,35.02,-3250
152.5,30,36.11,-3250
153.0,3,47.9,750
153.0,6,38.47,-500
153.0,7,44.59,1750
153.0,10,42.17,500
153.0,11,35.11,-2250
153.0,13,45.12,1750
153.0,14,35.74,-4250
153.0,15,35.36,4750
153.0,16,45.51,-2750
153.0,18,35.24,1750
153.0,19,45.18,2500
153.0,20,42.9,-3000
153.0,21,35.52,750
153.0,23,45.1,-500
153.0,29,35.04,5750
153.0,30,37.15,-3250
153.5,3,42.49,750
153.5,5,35.28,-3250
153.5,6,45.48,-500
153.5,7,41.7,1750
153.5,10,37.56,500
153.5,12,35.75,-2250
153.5,13,47.32,1750
153.5,14,35.74,-2750
153.5,16,45.66,-2750
153.5,19,44.47,2500
153.5,20,37.91,-3000
153.5,23,46.62,-750
153.5,26,35.55,1750
153.5,30,37.52,-3250
153.5,31,35.14,4250
153.5,32,39.98,-3000
154.0,2,35.32,5500
154.0,3,46.98,750
154.0,6,40.1,-500
154.0,7,44.14,1750
154.0,10,41.51,500
154.0,13,45.75,1750
154.0,16,45.65,-2750
154.0,19,45.12,2500
154.0,20,43.4,-3000
154.0,23,45.13,-500
154.0,30,39.61,-3250
154.5,1,35.11,2250
154.5,3,45.51,750
154.5,6,43.64,-500
154.5,7,39.95,1750
154.5,10,39.08,500
154.5,12,35.14,3500
154.5,13,48.1,1750
154.5,16,46.79,-2750
154.5,19,46.55,2500
154.5,20,40.59,-3000
154.5,21,35.05,-2250
154.5,23,45.35,-750
154.5,30,37.36,-3250
154.5,32,37.31,-3000
155.0,3,43.2,750
155.0,6,43.56,-500
155.0,7,40.31,1750
155.0,8,35.4,1750
155.0,10,36.49,500
155.0,13,48.45,1750
155.0,16,47.12,-2750
155.0,19,44.34,2500
155.0,20,37.69,-3000
155.0,23,48.86,-500
155.0,29,35.05,2500
155.0,32,36.76,-3000
155.5,3,43.23,750
155.5,4,35.01,-5500
155.5,5,35.13,-5750
155.5,6,44.01,-500
155.5,7,41.0,1750
155.5,10,36.8,500
155.5,13,47.53,1750
155.5,16,46.25,-2750
155.5,19,45.79,2500
155.5,20,37.56,-3000
155.5,21,35.5,1250
155.5,23,46.61,-750
155.5,24,36.49,-500
155.5,25,35.64,1500
155.5,30,38.07,-3250
155.5,32,38.8,-3000
156.0,1,35.46,-1500
156.0,3,43.18,750
156.0,5,35.03,5750
156.0,6,43.94,-500
156.0,7,41.34,1750
156.0,8,35.56,5750
156.0,10,36.96,500
156.0,13,47.59,1750
156.0,16,47.15,-2750
156.0,19,45.44,2500
156.0,20,38.66,-3000
156.0,21,35.65,2750
156.0,23,46.47,-750
156.0,32,36.67,-3000
156.5,3,46.0,750
156.5,6,42.12,-500
156.5,7,42.22,1750
156.5,8,35.25,2500
156.5,10,40.66,500
156.5,13,48.11,1750
156.5,16,47.6,-2750
156.5,19,45.94,2500
156.5,20,43.37,-3000
156.5,23,47.2,-500
156.5,25,35.27,750
156.5,30,35.61,-3250
156.5,31,35.49,750
156.5,32,36.84,-3000
157.0,3,46.95,750
157.0,6,40.64,-500
157.0,7,44.68,1750
157.0,10,41.39,500
157.0,13,45.16,1750
157.0,16,43.01,-2750
157.0,19,44.05,2500
157.0,20,42.33,-3000
157.0,23,46.49,-500
157.0,30,40.08,-3250
157.5,2,35.09,2750
157.5,3,43.89,750
157.5,6,43.7,-500
157.5,7,39.2,1750
157.5,10,39.33,500
157.5,13,49.0,1750
157.5,16,47.08,-2750
157.5,19,46.8,2500
157.5,20,40.55,-3000
157.5,23,46.49,-750
157.5,27,35.1,5750
157.5,28,36.61,1000
157.5,32,37.95,-3000
158.0,3,45.3,750
158.0,6,42.88,-500
158.0,7,44.45,1750
158.0,10,41.52,500
158.0,12,35.42,5500
158.0,13,44.91,1750
158.0,16,43.66,-2750
158.0,19,42.59,2500
158.0,20,39.21,-3000
158.0,23,46.6,-750
158.0,30,38.9,-3250
158.0,32,37.91,-3000
158.5,3,47.38,750
158.5,6,40.98,-750
158.5,7,44.02,1750
158.5,10,42.48,500
158.5,13,45.23,1750
158.5,15,35.42,-1250
158.5,16,46.55,-2750
158.5,19,46.03,2500
158.5,20,43.4,-3000
158.5,23,44.26,-500
158.5,30,38.37,-3250
159.0,3,46.32,750
159.0,5,35.14,4750
159.0,6,40.91,-500
159.0,7,41.94,1750
159.0,10,40.9,500
159.0,13,47.51,1750
159.0,16,47.29,-2750
159.0,19,46.36,2500
159.0,20,41.65,-3000
159.0,23,46.24,-500
159.0,30,38.28,-3250
159.0,32,35.22,-1500
159.5,3,46.35,750
159.5,4,35.54,-4250
159.5,6,41.64,-500
159.5,7,41.97,1750
159.5,10,41.9,500
159.5,11,36.16,-2250
159.5,13,47.09,1750
159.5,16,46.31,-2750
159.5,19,47.03,2500
159.5,20,42.09,-3000
159.5,23,44.23,-750
159.5,29,35.01,3750
159.5,30,37.02,-3250
160.0,3,47.33,750
160.0,6,39.1,-500
160.0,7,43.89,1750
160.0,10,42.71,500
160.0,13,44.55,1750
160.0,16,45.13,-2750
160.0,19,45.53,2500
160.0,20,42.28,-3000
160.0,23,42.86,-750
160.0,24,35.05,750
160.0,25,35.27,-2500
160.0,30,36.05,-3250
160.5,1,35.07,-4250
160.5,3,45.44,750
160.5,6,41.42,-500
160.5,7,44.39,1750
160.5,10,40.18,500
160.5,13,46.69,1750
160.5,15,35.34,-250
160.5,16,44.45,-2750
160.5,19,42.65,2500
160.5,20,38.37,-3000
160.5,23,47.95,-500
160.5,30,39.89,-3250
160.5,32,37.19,-3000
161.0,3,45.45,750
161.0,6,43.68,-500
161.0,7,39.78,1750
161.0,10,37.37,500
161.0,11,35.11,-5250
161.0,13,47.9,1750
161.0,15,35.18,-1250
161.0,16,47.05,-2750
161.0,18,35.02,-500
161.0,19,46.5,2500
161.0,20,38.54,-3000
161.0,23,46.32,-750
161.0,24,35.36,2500
161.0,26,35.53,-2500
161.0,29,35.05,2500
161.0,32,36.86,-3000
161.5,3,46.69,750
161.5,4,36.15,2500
161.5,6,41.95,-500
161.5,7,44.92,1750
161.5,10,40.94,500
161.5,12,35.97,-250
161.5,13,46.15,1750
161.5,15,35.35,2750
161.5,16,43.63,-2750
161.5,19,41.53,2500
161.5,20,41.62,-3000
161.5,23,47.1,-500
161.5,26,35.26,5750
161.5,30,37.67,-3250
162.0,3,47.01,750
162.0,5,35.37,3750
162.0,6,41.23,-750
162.0,7,43.23,1750
162.0,10,41.9,500
162.0,13,46.08,1750
162.0,16,46.67,-2750
162.0,18,35.18,-750
162.0,19,46.46,2500
162.0,20,41.62,-3000
162.0,23,44.34,-750
162.0,30,36.79,-3250
162.0,32,35.06,-2250
162.5,2,35.86,-2500
162.5,3,42.75,750
162.5,6,44.0,-500
162.5,7,38.8,1750
162.5,10,37.31,500
162.5,13,49.04,1750
162.5,16,47.24,-2750
162.5,19,45.42,2500
162.5,20,39.83,-3000
162.5,23,48.07,-500
162.5,26,35.29,500
162.5,29,36.24,500
162.5,32,35.15,1500
163.0,3,42.87,750
163.0,4,35.7,4000
163.0,6,43.74,-500
163.0,7,39.28,1750
163.0,10,40.05,500
163.0,13,48.0,1750
163.0,16,46.11,-2750
163.0,17,35.37,4750
163.0,19,46.28,2500
163.0,20,39.77,-3000
163.0,23,47.27,-750
163.0,25,35.24,3500
163.0,26,35.47,-3500
163.0,30,35.69,-3250
163.0,32,37.84,-3000
163.5,3,42.66,750
163.5,6,44.27,-500
163.5,7,38.86,1750
163.5,8,35.26,-3750
163.5,10,38.97,500
163.5,13,49.04,1750
163.5,14,35.34,-1500
163.5,16,47.13,-2750
163.5,19,46.88,2500
163.5,20,38.79,-3000
163.5,23,46.42,-750
164.0,3,46.12,750
164.0,6,41.61,-500
164.0,7,43.09,1750
164.0,8,35.28,-5500
164.0,10,40.06,500
164.0,13,47.93,1750
164.0,16,47.56,-2750
164.0,19,45.78,2500
164.0,20,41.93,-3000
164.0,23,46.56,-500
164.0,28,35.59,-5500
164.0,30,35.86,-3250
164.0,31,35.57,5500
164.5,2,35.38,2750
164.5,3,46.44,750
164.5,6,42.09,-750
164.5,7,43.31,1750
164.5,10,41.12,500
164.5,11,35.04,1750
164.5,13,45.03,1750
164.5,16,44.67,-2750
164.5,19,44.91,2500
164.5,20,40.13,-3000
164.5,23,46.2,-500
164.5,28,35.7,5750
164.5,30,38.93,-3250
165.0,3,43.74,750
165.0,5,35.48,5500
165.0,6,44.25,-500
165.0,7,38.88,1750
165.0,8,35.21,-5500
165.0,10,38.47,500
165.0,13,48.09,1750
165.0,14,35.23,2750
165.0,15,35.02,3500
165.0,16,46.31,-2750
165.0,19,46.47,2500
165.0,20,39.12,-3000
165.0,23,46.28,-750
165.5,3,46.66,750
165.5,4,35.02,-3250
165.5,6,42.23,-750
165.5,7,43.84,1750
165.5,10,40.89,500
165.5,12,35.39,4250
165.5,13,45.04,1750
165.5,16,42.77,-2750
165.5,19,43.21,2500
165.5,20,39.19,-3000
165.5,22,35.06,-5250
165.5,23,46.12,-500
165.5,27,35.02,-1250
165.5,30,38.81,-3250
165.5,32,37.64,-3000
166.0,3,46.24,750
166.0,6,40.61,-500
166.0,7,42.98,1750
166.0,10,40.0,500
166.0,13,47.03,1750
166.0,15,35.02,1750
166.0,16,46.8,-2750
166.0,19,46.51,2500
166.0,20,41.55,-3000
166.0,23,46.0,-500
166.0,26,35.05,500
166.0,30,36.58,-3250
166.5,2,36.02,3000
166.5,3,45.21,750
166.5,6,42.91,-500
166.5,7,42.51,1750
166.5,8,35.07,-750
166.5,10,39.15,500
166.5,13,47.98,1750
166.5,16,47.27,-2750
166.5,19,46.85,2500
166.5,20,41.54,-3000
166.5,23,46.34,-750
167.0,3,44.57,750
167.0,6,42.13,-500
167.0,7,42.06,1750
167.0,8,35.28,2500
167.0,10,39.81,500
167.0,11,35.39,-5500
167.0,13,48.21,1750
167.0,16,47.49,-2750
167.0,19,45.41,2500
167.0,20,41.58,-3000
167.0,23,47.81,-500
167.0,30,38.39,-3250
167.0,32,35.61,-3000
167.5,3,45.8,750
167.5,6,42.43,-500
167.5,7,41.85,1750
167.5,8,36.88,2250
167.5,10,42.7,500
167.5,13,48.33,1750
167.5,16,47.16,-2750
167.5,19,46.96,2500
167.5,20,40.05,-3000
167.5,23,44.78,-750
168.0,1,35.72,-4250
168.0,3,46.52,750
168.0,6,42.45,-750
168.0,7,43.98,1750
168.0,10,42.76,500
168.0,13,44.22,1750
168.0,14,35.31,2750
168.0,16,44.31,-2750
168.0,19,44.52,2500
168.0,20,41.18,-3000
168.0,23,44.0,-750
168.0,30,38.59,-3250
168.0,32,35.99,-3000
168.5,3,42.41,750
168.5,6,44.81,-750
168.5,7,41.18,1750
168.5,10,35.42,500
168.5,13,49.04,1750
168.5,16,46.85,-2750
168.5,19,44.07,2500
168.5,20,37.63,-3000
168.5,23,48.59,-500
168.5,30,35.45,-3250
168.5,32,37.86,-3000
169.0,3,46.87,750
169.0,6,41.15,-500
169.0,7,43.62,1750
169.0,10,40.93,500
169.0,13,45.29,1750
169.0,16,45.39,-2750
169.0,19,45.91,2500
169.0,20,40.42,-3000
169.0,23,44.03,-750
169.0,30,37.62,-3250
169.5,3,43.7,750
169.5,6,43.9,-500
169.5,7,39.71,1750
169.5,10,38.83,500
169.5,13,49.13,1750
169.5,16,47.07,-2750
169.5,19,44.83,2500
169.5,20,38.12,-3000
169.5,23,48.5,-500
169.5,32,35.02,-1500
170.0,3,44.32,750
170.0,6,43.74,-750
170.0,7,42.36,1750
170.0,10,40.37,500
170.0,13,46.32,1750
170.0,16,44.54,-2750
170.0,19,44.24,2500
170.0,20,37.96,-3000
170.0,23,45.98,-750
170.0,30,37.52,-3250
170.0,32,37.35,-3000
170.5,3,46.31,750
170.5,6,42.94,-750
170.5,7,44.12,1750
170.5,10,41.24,500
170.5,13,46.12,1750
170.5,16,43.93,-2750
170.5,19,44.01,2500
170.5,20,40.18,-3000
170.5,23,46.78,-500
170.5,26,35.7,4000
170.5,30,36.68,-3250
170.5,32,38.2,-3000
171.0,3,45.65,750
171.0,6,42.76,-750
171.0,7,43.9,1750
171.0,10,40.18,500
171.0,12,35.23,-500
171.0,13,46.75,1750
171.0,16,44.54,-2750
171.0,19,42.97,2500
171.0,23,46.95,-500
171.0,25,35.76,-5250
171.0,28,35.15,-500
171.0,29,35.39,-5500
171.0,30,37.9,-3250
171.5,3,42.51,750
171.5,6,44.76,-750
171.5,7,41.08,1750
171.5,10,35.59,500
171.5,13,48.93,1750
171.5,15,36.09,5250
171.5,16,46.69,-2750
171.5,17,35.06,3250
171.5,19,43.94,2500
171.5,20,38.38,-3000
171.5,23,48.34,-500
171.5,26,35.32,-500
171.5,29,36.38,4750
171.5,30,36.65,-3250
171.5,32,38.19,-3000
172.0,2,35.12,-3500
172.0,3,43.5,750
172.0,6,42.83,-500
172.0,7,41.85,1750
172.0,10,40.85,500
172.0,13,47.84,1750
172.0,15,35.01,-250
172.0,16,46.89,-2750
172.0,19,46.18,2500
172.0,20,40.47,-3000
172.0,23,46.12,-750
172.0,24,35.4,-5250
172.0,26,35.02,-4250
172.0,30,35.11,4500
172.5,1,35.5,500
172.5,3,46.66,750
172.5,4,35.38,750
172.5,6,41.9,-750
172.5,7,44.09,1750
172.5,10,42.28,500
172.5,11,35.38,-4000
172.5,13,46.58,1750
172.5,16,43.98,-2750
172.5,19,44.68,2500
172.5,20,39.6,-3000
172.5,22,35.52,-1250
172.5,23,45.98,-500
172.5,30,37.84,-3250
172.5,32,37.37,-3000
173.0,1,35.08,3750
173.0,3,43.43,750
173.0,6,44.01,-750
173.0,7,41.72,1750
173.0,9,35.14,1500
173.0,10,37.93,500
173.0,13,48.68,1750
173.0,16,47.27,-2750
173.0,17,35.54,-2250
173.0,19,45.55,2500
173.0,20,39.04,-3000
173.0,23,47.57,-500
173.0,26,35.11,-1500
173.0,30,35.8,-3250
173.5,3,44.08,750
173.5,6,44.92,-750
173.5,7,42.38,1750
173.5,10,36.83,500
173.5,13,47.02,1750
173.5,16,45.53,-2750
173.5,19,44.16,2500
173.5,20,37.99,-3000
173.5,21,35.32,3250
173.5,23,47.63,-500
173.5,29,35.07,-4250
173.5,30,36.78,-3250
173.5,32,36.37,-3000
174.0,3,45.76,750
174.0,5,35.77,-2250
174.0,6,43.1,-750
174.0,7,44.87,1750
174.0,10,41.64,500
174.0,13,44.41,1750
174.0,16,43.6,-2750
174.0,17,35.08,-2500
174.0,19,44.71,2500
174.0,20,39.69,-3000
174.0,23,45.47,-750
174.0,29,35.02,1500
174.0,30,38.46,-3250
174.0,32,37.16,-3000
174.5,3,46.35,750
174.5,6,42.12,-750
174.5,7,43.39,1750
174.5,9,35.11,-2500
174.5,10,42.17,500
174.5,13,45.69,1750
174.5,16,44.25,-2750
174.5,19,44.55,2500
174.5,20,37.71,-3000
174.5,21,35.25,-4250
174.5,23,45.86,-500
174.5,30,39.42,-3250
174.5,32,37.16,-3000
175.0,3,45.38,750
175.0,5,35.44,-3750
175.0,6,42.73,-750
175.0,7,43.84,1750
175.0,9,35.98,-750
175.0,10,41.57,500
175.0,13,45.21,1750
175.0,16,43.95,-2750
175.0,19,44.34,2500
175.0,20,39.95,-3000
175.0,23,44.51,-750
175.0,28,35.05,2500
175.0,30,38.38,-3250
175.0,32,36.76,-3000
175.5,3,43.41,750
175.5,4,35.31,-2250
175.5,6,44.62,-750
175.5,7,42.19,1750
175.5,10,40.28,500
175.5,13,48.44,1750
175.5,15,35.08,-500
175.5,16,45.28,-2750
175.5,19,43.9,2500
175.5,23,48.24,-500
175.5,25,35.78,750
175.5,26,36.03,-2750
175.5,30,35.23,-3250
175.5,32,37.87,-3000
176.0,3,42.64,750
176.0,6,43.6,-750
176.0,7,43.17,1750
176.0,9,35.36,1750
176.0,10,41.1,500
176.0,13,47.83,1750
176.0,14,35.06,-4250
176.0,16,46.71,-2750
176.0,19,46.15,2500
176.0,20,41.32,-3000
176.0,22,35.1,-5250
176.0,23,45.8,-750
176.0,25,35.25,1750
176.0,30,35.87,-3250
176.5,1,35.21,1750
176.5,3,46.03,750
176.5,6,42.98,-750
176.5,7,43.44,1750
176.5,10,41.98,500
176.5,13,46.27,1750
176.5,16,44.04,-2750
176.5,19,44.44,2500
176.5,20,39.51,-3000
176.5,23,45.58,-750
176.5,30,37.1,-3250
176.5,32,37.29,-3000
177.0,1,35.34,2750
177.0,3,45.24,750
177.0,6,42.58,-500
177.0,7,43.29,1750
177.0,10,41.56,500
177.0,13,45.84,1750
177.0,16,45.61,-2750
177.0,19,46.53,2500
177.0,20,41.17,-3000
177.0,21,35.05,2500
177.0,23,45.01,-750
177.0,30,36.32,-3250
177.5,3,42.34,750
177.5,6,44.45,-750
177.5,7,39.82,1750
177.5,9,35.19,5500
177.5,10,37.25,500
177.5,13,48.21,1750
177.5,16,46.07,-2750
177.5,19,46.79,2500
177.5,20,40.95,-3000
177.5,23,46.88,-750
177.5,31,35.07,1750
178.0,3,43.05,750
178.0,6,44.62,-750
178.0,7,41.01,1750
178.0,9,35.62,-750
178.0,10,37.65,500
178.0,13,48.76,1750
178.0,16,46.42,-2750
178.0,19,44.2,2500
178.0,20,38.86,-3000
178.0,21,35.38,1750
178.0,23,48.21,-500
178.0,28,35.36,-5250
178.0,30,37.57,-3250
178.0,32,38.78,-3000
178.5,3,43.49,750
178.5,6,44.52,-750
178.5,7,40.9,1750
178.5,10,37.53,500
178.5,13,48.47,1750
178.5,14,35.11,-2250
178.5,16,45.9,-2750
178.5,19,44.48,2500
178.5,20,40.69,-3000
178.5,23,48.07,-500
178.5,30,35.87,-3250
178.5,32,36.78,-3000
179.0,1,35.97,-3500
179.0,3,41.81,500
179.0,6,44.37,-750
179.0,7,43.09,1750
179.0,10,35.51,500
179.0,12,35.47,-3250
179.0,13,48.77,1750
179.0,16,46.57,-2750
179.0,17,35.41,-5500
179.0,19,45.29,2500
179.0,20,39.12,-3000
179.0,21,35.11,-2500
179.0,23,47.89,-500
179.0,27,35.52,1750
179.5,3,45.33,750
179.5,4,35.48,500
179.5,6,42.67,-750
179.5,7,43.61,1750
179.5,10,40.07,500
179.5,13,46.93,1750
179.5,16,45.91,-2750
179.5,19,46.29,2500
179.5,20,40.34,-3000
179.5,23,46.42,-500
179.5,30,36.72,-3250
180.0,3,44.82,750
180.0,4,35.07,750
180.0,6,44.05,-750
180.0,7,42.65,1750
180.0,9,35.07,-4750
180.0,10,40.11,500
180.0,13,45.7,1750
180.0,16,43.15,-3000
180.0,18,35.28,3750
180.0,19,45.49,2500
180.0,20,36.49,-3000
180.0,21,35.23,1750
180.0,23,46.14,-750
180.0,30,36.26,-3250
180.0,32,35.51,-3000
180.5,3,44.55,750
180.5,6,43.95,-750
180.5,7,43.72,1750
180.5,10,40.26,500
180.5,13,48.04,1750
180.5,16,45.41,-2750
180.5,19,44.93,2500
180.5,20,42.11,-3000
180.5,23,47.74,-500
180.5,27,35.42,2750
180.5,30,38.18,-3250
180.5,31,35.77,4750
181.0,2,35.97,500
181.0,3,42.77,750
181.0,5,35.08,-4500
181.0,6,44.11,-750
181.0,7,41.05,1750
181.0,10,38.89,500
181.0,13,48.13,1750
181.0,16,44.82,-2750
181.0,19,44.05,2500
181.0,20,40.45,-3000
181.0,23,48.03,-500
181.0,28,35.03,1750
181.0,30,37.21,-3250
181.0,32,38.62,-3000
181.5,3,45.94,750
181.5,6,43.41,-750
181.5,7,43.11,1750
181.5,8,36.11,-6000
181.5,10,40.78,500
181.5,13,45.89,1750
181.5,14,35.14,2500
181.5,16,43.6,-2750
181.5,19,44.08,2500
181.5,20,37.41,-3000
181.5,23,46.65,-500
181.5,28,35.53,-250
181.5,30,38.04,-3250
181.5,32,39.39,-3000
182.0,3,46.48,750
182.0,6,44.06,-750
182.0,7,43.55,1750
182.0,10,41.96,500
182.0,13,44.66,1750
182.0,16,42.1,-2750
182.0,19,44.7,2500
182.0,20,39.91,-3000
182.0,23,45.7,-750
182.0,30,38.36,-3250
182.0,32,36.05,-3000
182.5,3,46.08,750
182.5,6,43.97,-750
182.5,7,43.74,1750
182.5,8,35.7,1250
182.5,10,42.12,500
182.5,13,45.08,1750
182.5,14,35.13,-500
182.5,16,43.28,-2750
182.5,17,35.01,-2500
182.5,19,44.7,2500
182.5,20,36.76,-3000
182.5,22,35.18,750
182.5,23,45.97,-500
182.5,30,36.97,-3250
182.5,32,37.23,-3000
183.0,3,45.55,750
183.0,6,43.86,-750
183.0,7,43.29,1750
183.0,10,39.73,500
183.0,13,46.94,1750
183.0,16,44.26,-2750
183.0,17,35.1,3500
183.0,19,44.04,2500
183.0,20,38.0,-3000
183.0,21,35.15,-500
183.0,22,35.03,2500
183.0,23,47.34,-500
183.0,30,36.46,-3250
183.0,32,36.14,-3000
183.5,3,43.53,750
183.5,6,44.09,-750
183.5,7,41.35,1750
183.5,8,35.47,4750
183.5,10,37.53,500
183.5,13,46.72,1750
183.5,14,35.76,250
183.5,16,45.22,-2750
183.5,17,35.14,-500
183.5,19,44.3,2500
183.5,20,37.34,-3000
183.5,23,46.66,-750
183.5,32,36.29,-3000
184.0,3,43.14,500
184.0,6,44.78,-750
184.0,7,42.42,1750
184.0,10,35.52,500
184.0,13,48.78,1750
184.0,16,46.02,-2750
184.0,19,44.84,2500
184.0,20,39.49,-3000
184.0,23,47.74,-500
184.0,30,35.26,-3500
184.0,32,37.27,-3000
184.5,3,42.7,750
184.5,6,44.37,-750
184.5,7,42.09,1750
184.5,10,40.65,500
184.5,11,35.03,1750
184.5,13,47.59,1750
184.5,16,44.73,-2750
184.5,19,45.94,2500
184.5,20,39.46,-3000
184.5,22,35.1,5000
184.5,23,46.8,-750
184.5,30,36.04,-3250
184.5,31,35.54,500
185.0,3,43.84,500
185.0,4,35.05,-500
185.0,6,43.66,-750
185.0,7,44.61,1750
185.0,10,40.81,500
185.0,13,47.3,1750
185.0,14,36.12,2500
185.0,16,44.76,-2750
185.0,19,44.35,2500
185.0,20,40.53,-3000
185.0,23,47.46,-500
185.5,3,45.23,750
185.5,6,42.9,-750
185.5,7,43.96,1750
185.5,8,35.63,1250
185.5,9,35.43,-3500
185.5,10,41.07,500
185.5,13,45.72,1750
185.5,16,44.22,-2750
185.5,19,45.31,2500
185.5,20,39.79,-3000
185.5,23,45.74,-750
185.5,30,39.51,-3250
186.0,3,46.05,750
186.0,6,42.4,-750
186.0,7,44.37,1750
186.0,10,41.25,500
186.0,13,45.39,1750
186.0,16,42.58,-2750
186.0,19,45.06,2500
186.0,20,39.78,-3000
186.0,23,44.89,-750
186.0,30,39.33,-3250
186.0,32,38.17,-3000
186.5,3,46.24,750
186.5,4,35.35,2750
186.5,6,44.05,-750
186.5,7,42.15,1750
186.5,9,35.27,-4250
186.5,10,40.23,500
186.5,13,47.05,1750
186.5,16,43.31,-3000
186.5,19,44.37,2500
186.5,20,38.31,-3000
186.5,22,35.14,1500
186.5,23,46.97,-500
186.5,30,36.42,-3250
186.5,32,36.48,-3000
187.0,3,44.68,750
187.0,6,42.62,-750
187.0,7,41.9,1750
187.0,8,35.17,3000
187.0,10,39.44,500
187.0,13,46.2,1750
187.0,16,44.73,-2750
187.0,19,44.15,2500
187.0,20,39.08,-3000
187.0,23,46.51,-750
187.0,30,35.38,-3250
187.0,32,38.26,-3000
187.5,3,42.99,750
187.5,6,42.86,-750
187.5,7,40.71,1750
187.5,10,39.28,500
187.5,12,36.12,-250
187.5,13,47.42,1750
187.5,15,35.58,-750
187.5,16,44.96,-2750
187.5,19,45.17,2500
187.5,20,37.92,-3000
187.5,23,46.44,-750
187.5,31,35.07,-2250
187.5,32,35.87,-3000
188.0,2,35.56,2500
188.0,3,43.14,500
188.0,6,43.41,-750
188.0,7,43.26,1750
188.0,9,35.23,500
188.0,10,39.48,500
188.0,11,35.21,-250
188.0,13,47.05,1750
188.0,16,44.5,-2750
188.0,19,45.89,2500
188.0,20,41.05,-3000
188.0,23,46.66,-750
188.0,32,35.22,5750
188.5,2,35.19,-5250
188.5,3,43.13,750
188.5,6,44.09,-750
188.5,7,43.32,1750
188.5,8,35.18,-5500
188.5,10,40.12,500
188.5,13,47.93,1750
188.5,16,44.16,-2750
188.5,18,35.08,4500
188.5,19,45.63,2500
188.5,20,41.51,-3000
188.5,23,47.55,-500
188.5,30,36.03,-3250
188.5,31,35.02,2500
189.0,3,44.12,750
189.0,6,43.97,-750
189.0,7,44.62,1750
189.0,10,40.58,500
189.0,12,35.25,-4250
189.0,13,47.06,1750
189.0,16,43.67,-2750
189.0,17,35.35,5750
189.0,19,45.15,2500
189.0,20,41.02,-3000
189.0,23,46.94,-500
189.0,28,35.32,-2250
189.0,30,35.28,-3250
189.0,32,37.3,-3000
189.5,3,45.97,750
189.5,6,42.22,-750
189.5,7,43.44,1750
189.5,10,41.67,500
189.5,13,45.74,1750
189.5,14,35.08,750
189.5,16,43.36,-2750
189.5,19,45.02,2500
189.5,20,38.95,-3000
189.5,23,46.54,-750
189.5,28,35.07,500
189.5,30,35.82,-3250
190.0,3,45.33,750
190.0,6,43.17,-750
190.0,7,42.96,1750
190.0,10,42.02,500
190.0,13,46.49,1750
190.0,15,35.17,2750
190.0,16,42.22,-3000
190.0,19,44.57,2500
190.0,20,39.27,-3000
190.0,23,46.77,-500
190.0,27,35.06,1750
190.0,28,35.24,2500
190.0,30,39.21,-3250
190.0,32,37.78,-3000
190.5,3,44.18,750
190.5,6,44.13,-750
190.5,7,41.34,1750
190.5,10,39.37,500
190.5,13,47.46,1750
190.5,16,43.62,-2750
190.5,19,44.49,2500
190.5,20,41.24,-3000
190.5,23,46.72,-500
190.5,30,36.67,-3250
190.5,32,35.03,-2500
191.0,3,43.1,750
191.0,6,44.72,-750
191.0,7,42.26,1750
191.0,10,38.4,500
191.0,13,48.32,1750
191.0,16,44.68,-2750
191.0,18,35.24,-4500
191.0,19,45.27,2500
191.0,20,39.38,-3000
191.0,23,47.41,-500
191.0,32,37.72,-3000
191.5,3,41.56,500
191.5,4,35.14,1750
191.5,6,45.01,-750
191.5,7,42.08,1750
191.5,10,37.93,500
191.5,13,48.66,1750
191.5,16,45.28,-2750
191.5,19,45.56,2500
191.5,20,41.53,-3000
191.5,23,47.26,-500
191.5,28,35.1,1750
191.5,30,36.82,-3500
192.0,3,44.25,500
192.0,6,42.93,-750
192.0,7,43.54,1750
192.0,10,41.56,500
192.0,13,47.17,1750
192.0,16,44.56,-2750
192.0,17,35.24,-500
192.0,19,45.69,2500
192.0,20,41.81,-3000
192.0,23,46.2,-750
192.0,25,35.7,-4250
192.5,3,44.28,500
192.5,4,35.19,3750
192.5,5,35.23,-2500
192.5,6,43.17,-750
192.5,7,44.36,1750
192.5,8,35.27,4500
192.5,10,41.51,500
192.5,13,46.67,1750
192.5,16,43.29,-2750
192.5,19,45.9,2500
192.5,20,41.12,-3000
192.5,23,45.39,-750
192.5,26,36.05,4750
192.5,28,35.26,-1000
192.5,32,35.78,-3000
193.0,3,45.25,500
193.0,6,43.5,-750
193.0,7,44.45,1750
193.0,10,41.57,500
193.0,13,45.16,1750
193.0,16,41.36,-2750
193.0,19,45.79,2500
193.0,20,40.01,-3000
193.0,23,45.04,-750
193.0,30,35.47,-3250
193.0,32,36.95,-3000
193.5,3,45.23,750
193.5,4,35.14,-1250
193.5,6,42.47,-750
193.5,7,43.74,1750
193.5,10,40.53,500
193.5,12,35.71,-1250
193.5,13,47.2,1750
193.5,16,42.56,-2750
193.5,19,45.26,2500
193.5,20,39.17,-3000
193.5,23,45.32,-750
193.5,24,36.04,3750
193.5,26,35.62,-5000
193.5,27,35.03,-250
193.5,30,36.69,-3250
194.0,3,45.75,750
194.0,6,43.72,-750
194.0,7,42.62,1750
194.0,10,41.05,500
194.0,13,46.24,1750
194.0,14,35.38,-4250
194.0,15,35.29,500
194.0,16,43.79,-3000
194.0,19,44.41,2500
194.0,20,40.57,-3000
194.0,23,46.99,-750
194.0,24,35.5,-1500
194.0,30,35.33,1250
194.0,31,35.25,-2750
194.0,32,35.09,3750
194.5,1,35.05,500
194.5,3,44.14,750
194.5,5,35.17,500
194.5,6,44.37,-750
194.5,7,41.53,1750
194.5,10,39.51,500
194.5,11,35.14,750
194.5,13,47.42,1750
194.5,16,43.29,-2750
194.5,19,44.87,2500
194.5,20,41.07,-3000
194.5,22,35.0,3500
194.5,23,47.47,-500
194.5,30,37.56,-3250
194.5,32,36.38,-3000
195.0,3,42.19,750
195.0,5,35.01,-4500
195.0,6,44.78,-750
195.0,7,42.97,1750
195.0,10,37.44,500
195.0,13,48.31,1750
195.0,16,44.76,-2750
195.0,19,44.6,2500
195.0,20,42.05,-3000
195.0,23,47.62,-500
195.0,32,36.23,-3000
195.5,3,43.4,500
195.5,5,35.3,-2750
195.5,6,43.47,-750
195.5,7,43.01,1750
195.5,8,35.01,-5250
195.5,10,39.27,500
195.5,11,35.45,-1000
195.5,13,47.34,1750
195.5,16,44.13,-2750
195.5,17,35.08,-5250
195.5,19,46.02,2500
195.5,20,41.59,-3000
195.5,23,46.61,-750
195.5,30,35.37,-3500
196.0,3,44.32,500
196.0,6,44.53,-750
196.0,7,43.35,1750
196.0,10,38.51,500
196.0,13,47.96,1750
196.0,15,35.02,5500
196.0,16,44.0,-2750
196.0,17,35.45,2750
196.0,19,44.92,2500
196.0,20,41.77,-3000
196.0,23,47.12,-500
196.0,30,35.8,-3250
196.5,3,44.06,500
196.5,5,35.21,-1250
196.5,6,43.68,-750
196.5,7,43.56,1750
196.5,10,40.04,500
196.5,13,47.42,1750
196.5,16,42.54,-2750
196.5,19,45.21,2500
196.5,20,40.71,-3000
196.5,23,47.07,-500
196.5,29,35.16,-4250
196.5,30,38.39,-3250
196.5,32,38.45,-3000
197.0,3,46.07,750
197.0,6,44.42,-750
197.0,7,42.41,1750
197.0,10,41.34,500
197.0,11,35.09,2000
197.0,13,46.38,1750
197.0,16,42.03,-2750
197.0,19,45.75,2500
197.0,20,39.5,-3000
197.0,21,35.17,-250
197.0,23,46.73,-750
197.0,30,38.28,-3250
197.0,32,37.55,-3000
197.5,1,35.01,-5000
197.5,3,45.3,750
197.5,6,44.44,-750
197.5,7,42.82,1750
197.5,10,42.09,500
197.5,13,46.1,1750
197.5,16,42.67,-2750
197.5,19,44.35,2500
197.5,20,39.75,-3000
197.5,21,35.36,-2000
197.5,22,35.68,-250
197.5,23,46.39,-750
197.5,25,36.37,4750
197.5,27,35.14,2250
197.5,30,37.9,-3250
197.5,31,35.5,-2500
197.5,32,38.6,-3000
198.0,3,44.52,750
198.0,6,44.41,-750
198.0,7,41.5,1750
198.0,10,41.45,500
198.0,13,46.4,1750
198.0,15,35.71,3750
198.0,16,44.22,-2750
198.0,17,35.04,4500
198.0,19,44.89,2500
198.0,20,39.67,-3000
198.0,23,45.79,-750
198.0,30,35.34,-3250
198.0,32,39.07,-3000
198.5,1,35.5,250
198.5,3,43.85,750
198.5,6,44.51,-750
198.5,7,43.43,1750
198.5,10,40.24,500
198.5,12,35.58,5750
198.5,13,46.87,1750
198.5,16,43.34,-2750
198.5,17,35.1,5500
198.5,19,45.67,2500
198.5,20,40.48,-3000
198.5,21,35.86,5000
198.5,22,35.49,-1000
198.5,23,46.62,-750
198.5,30,36.45,-3250
199.0,2,35.25,3500
199.0,3,43.56,500
199.0,5,35.87,-2250
199.0,6,44.23,-750
199.0,7,44.02,1750
199.0,10,38.99,500
199.0,11,35.79,-500
199.0,13,46.71,1750
199.0,14,35.12,-2750
199.0,15,35.09,2750
199.0,16,43.32,-2750
199.0,18,35.01,5750
199.0,19,45.37,2500
199.0,20,42.51,-3000
199.0,22,35.46,-5250
199.0,23,46.9,-750
199.0,32,36.36,-3000
199.5,3,42.44,500
199.5,6,44.39,-750
199.5,7,43.62,1750
199.5,10,38.31,500
199.5,13,47.52,1750
199.5,15,35.26,500
199.5,16,43.86,-2750
199.5,19,44.34,2500
199.5,20,41.41,-3000
199.5,21,35.05,1750
199.5,23,47.39,-500
200.0,3,44.6,500
200.0,5,35.54,-2500
200.0,6,43.24,-750
200.0,7,44.3,1750
200.0,9,35.02,5750
200.0,10,39.96,500
200.0,13,46.41,1750
200.0,14,35.24,1500
200.0,15,35.06,-3500
200.0,16,42.43,-2750
200.0,19,45.41,2500
200.0,20,41.2,-3000
200.0,22,35.46,2250
200.0,23,45.51,-750
200.0,27,35.0,5750
200.0,29,35.7,4750
200.0,32,35.45,-1750
200.5,3,44.31,500
200.5,6,43.66,-750
200.5,7,43.51,1750
200.5,10,39.92,500
200.5,13,47.27,1750
200.5,15,35.3,-2250
200.5,16,43.75,-2750
200.5,19,44.02,2500
200.5,20,39.43,-3000
200.5,22,35.02,2500
200.5,23,46.43,-500
200.5,32,36.67,-3000
201.0,3,45.62,750
201.0,4,35.62,250
201.0,6,44.84,-750
201.0,7,42.33,1750
201.0,10,40.42,500
201.0,13,47.48,1750
201.0,16,42.68,-2750
201.0,17,35.13,-3500
201.0,19,43.67,2500
201.0,20,40.93,-3000
201.0,23,46.42,-500
201.0,30,36.36,-3250
201.5,1,35.49,4000
201.5,3,44.49,750
201.5,6,44.5,-750
201.5,7,41.58,1750
201.5,10,40.85,500
201.5,13,47.2,1750
201.5,16,43.1,-3000
201.5,19,44.23,2500
201.5,20,41.73,-3000
201.5,21,35.77,-2500
201.5,23,47.13,-500
201.5,27,35.2,-2750
201.5,28,35.41,2750
201.5,30,36.35,-3250
202.0,3,45.71,750
202.0,6,43.74,-750
202.0,7,42.13,1750
202.0,8,35.17,-3250
202.0,10,40.57,500
202.0,11,35.6,3750
202.0,12,35.11,250
202.0,13,45.8,1750
202.0,16,43.69,-2750
202.0,19,44.32,2500
202.0,20,41.13,-3000
202.0,23,45.64,-750
202.0,27,36.87,3500
202.0,30,37.86,-3250
202.0,32,36.45,-3000
202.5,3,44.06,750
202.5,6,43.54,-750
202.5,7,43.19,1750
202.5,8,36.06,5750
202.5,10,37.92,500
202.5,11,35.93,1500
202.5,13,47.98,1750
202.5,14,35.58,-2750
202.5,16,43.69,-2750
202.5,19,45.04,2500
202.5,20,41.02,-3000
202.5,23,47.28,-500
203.0,3,43.23,500
203.0,6,44.27,-750
203.0,7,43.43,1750
203.0,10,41.45,500
203.0,13,47.92,1750
203.0,16,43.5,-2750
203.0,19,44.78,2500
203.0,20,41.02,-3000
203.0,22,35.1,1750
203.0,23,46.99,-500
203.0,26,35.29,5750
203.0,27,35.77,-5500
203.5,3,44.24,500
203.5,6,44.88,-750
203.5,7,43.83,1750
203.5,9,35.02,-500
203.5,10,40.69,500
203.5,13,46.43,1750
203.5,16,43.41,-2750
203.5,17,35.13,-5500
203.5,19,44.12,2500
203.5,20,41.57,-3000
203.5,23,46.98,-500
203.5,24,35.44,-3500
204.0,1,35.01,3250
204.0,2,35.42,-1250
204.0,3,44.79,500
204.0,6,43.37,-750
204.0,7,43.37,1750
204.0,10,40.65,500
204.0,11,35.13,2750
204.0,13,45.94,1750
204.0,16,42.83,-2750
204.0,18,35.25,-500
204.0,19,45.1,2500
204.0,20,41.12,-3000
204.0,23,45.66,-750
204.0,28,35.37,-5750
204.0,30,36.54,-3250
204.5,2,35.32,-1250
204.5,3,44.64,500
204.5,4,35.06,-5250
204.5,6,44.68,-750
204.5,7,42.38,1750
204.5,10,41.25,500
204.5,13,46.02,1750
204.5,16,43.19,-2750
204.5,19,44.92,2500
204.5,20,42.26,-3000
204.5,23,45.66,-750
204.5,25,35.29,1750
204.5,30,37.86,-3250
205.0,3,45.06,750
205.0,6,42.94,-750
205.0,7,42.83,1750
205.0,10,40.67,500
205.0,13,46.21,1750
205.0,16,43.04,-2750
205.0,19,44.75,2500
205.0,20,43.06,-3000
205.0,22,35.16,500
205.0,23,46.05,-750
205.0,29,35.18,-1500
205.0,30,36.15,-3250
205.0,31,35.15,500
205.5,3,44.61,750
205.5,6,44.47,-750
205.5,7,42.32,1750
205.5,10,40.24,500
205.5,13,47.21,1750
205.5,16,42.59,-2750
205.5,17,36.43,-4500
205.5,19,44.95,2500
205.5,20,40.85,-3000
205.5,23,46.78,-500
205.5,29,35.09,-1250
206.0,3,44.88,500
206.0,6,44.18,-750
206.0,7,43.33,1750
206.0,10,42.85,500
206.0,13,47.26,1750
206.0,16,43.18,-2750
206.0,19,44.82,2500
206.0,20,37.43,-3000
206.0,23,46.0,-750
206.0,27,35.06,4500
206.5,3,43.76,500
206.5,5,35.24,-250
206.5,6,44.62,-750
206.5,7,43.24,1750
206.5,10,41.62,500
206.5,11,35.06,-1500
206.5,13,46.42,1750
206.5,16,42.57,-2750
206.5,19,45.36,2500
206.5,20,41.93,-3000
206.5,23,46.45,-750
206.5,28,35.08,2500
207.0,3,44.83,500
207.0,6,44.42,-750
207.0,7,42.61,1750
207.0,8,35.17,2250
207.0,10,40.77,500
207.0,11,35.42,-4500
207.0,13,46.4,1750
207.0,16,42.2,-2750
207.0,18,35.19,-3250
207.0,19,45.32,2500
207.0,20,41.76,-3000
207.0,23,45.92,-750
207.0,30,36.21,-3250
207.0,32,37.77,-3000
207.5,3,45.04,500
207.5,6,44.41,-750
207.5,7,43.28,1750
207.5,10,39.76,500
207.5,13,46.1,1750
207.5,16,43.92,-2750
207.5,19,44.6,2500
207.5,20,41.61,-3000
207.5,23,46.38,-750
207.5,26,35.05,-5500
207.5,30,35.76,-5750
207.5,32,36.34,-3000
208.0,3,44.45,500
208.0,6,45.03,-750
208.0,7,42.66,1750
208.0,8,36.5,2250
208.0,10,41.11,500
208.0,13,47.93,1750
208.0,16,43.63,-2750
208.0,17,35.27,-2500
208.0,19,43.87,2500
208.0,20,40.25,-3000
208.0,23,46.71,-500
208.0,30,37.62,-3250
208.5,3,44.42,750
208.5,6,44.74,-750
208.5,7,42.24,1750
208.5,10,41.21,500
208.5,13,47.54,1750
208.5,16,42.91,-2750
208.5,17,36.33,-4750
208.5,19,44.71,2500
208.5,20,40.34,-3000
208.5,23,46.69,-500
208.5,24,35.04,5750
208.5,30,36.65,-3250
208.5,32,35.94,-3000
209.0,2,35.48,1750
209.0,3,44.52,500
209.0,6,44.22,-750
209.0,7,42.47,1750
209.0,10,40.89,500
209.0,13,47.41,1750
209.0,15,35.08,-1500
209.0,16,43.47,-3000
209.0,19,44.42,2500
209.0,20,42.64,-3000
209.0,23,46.57,-500
209.0,30,35.87,-3250
209.0,32,36.1,-3000
209.5,3,44.27,750
209.5,6,44.4,-750
209.5,7,43.85,1750
209.5,10,40.86,500
209.5,13,46.25,1750
209.5,15,35.49,-1750
209.5,16,44.42,-2750
209.5,18,35.32,-5250
209.5,19,44.44,2500
209.5,20,39.86,-3000
209.5,23,46.96,-500
209.5,30,35.7,-3250
209.5,31,35.04,-4250
209.5,32,36.12,-3000
210.0,1,35.69,-250
210.0,2,35.32,-1750
210.0,3,44.55,500
210.0,6,44.42,-750
210.0,7,43.72,1750
210.0,10,40.01,500
210.0,11,35.46,-1000
210.0,13,47.19,1750
210.0,16,43.18,-2750
210.0,19,44.75,2500
210.0,20,42.13,-3000
210.0,21,35.0,1750
210.0,22,35.21,3750
210.0,23,45.68,-750
210.0,29,35.38,-4250
210.0,31,35.99,-3000
210.0,32,37.3,-3000
210.5,3,45.19,500
210.5,6,44.43,-750
210.5,7,43.99,1750
210.5,8,35.43,3750
210.5,10,40.93,500
210.5,13,46.17,1750
210.5,15,35.07,2250
210.5,16,43.8,-2750
210.5,17,35.1,750
210.5,19,44.3,2500
210.5,20,40.37,-3000
210.5,23,46.13,-750
210.5,27,35.21,-3750
210.5,32,37.95,-3000
211.0,3,44.25,500
211.0,5,35.25,500
211.0,6,43.71,-750
211.0,7,44.4,1750
211.0,10,40.21,500
211.0,13,47.39,1750
211.0,16,43.45,-2750
211.0,19,43.5,2500
211.0,20,42.79,-3000
211.0,23,46.04,-500
211.0,24,35.07,1750
211.0,28,35.44,-3250
211.0,30,36.47,-3250
211.0,32,36.39,-3000
211.5,3,44.66,500
211.5,5,35.1,3750
211.5,6,44.27,-750
211.5,7,43.53,1750
211.5,10,39.61,500
211.5,11,35.13,-5250
211.5,13,47.69,1750
211.5,16,43.58,-2750
211.5,19,44.15,2500
211.5,20,41.22,-3000
211.5,23,46.28,-500
211.5,29,35.77,500
211.5,30,38.1,-3250
211.5,32,37.99,-3000
212.0,3,44.67,500
212.0,6,44.62,-750
212.0,7,43.21,1750
212.0,10,41.88,500
212.0,13,46.61,1750
212.0,16,42.73,-2750
212.0,19,45.07,2500
212.0,20,39.37,-3000
212.0,23,45.51,-750
212.0,24,35.01,4250
212.0,29,35.16,-2250
212.0,30,36.0,-3250
212.0,31,35.28,1500
212.0,32,35.07,-3000
212.5,3,44.18,500
212.5,6,45.11,-750
212.5,7,44.12,1750
212.5,8,35.18,-500
212.5,9,35.31,2750
212.5,10,38.45,500
212.5,13,46.88,1750
212.5,16,43.58,-2750
212.5,17,35.25,-1750
212.5,19,44.91,2500
212.5,20,40.3,-3000
212.5,22,35.26,3500
212.5,23,46.66,-500
212.5,30,38.06,-3250
213.0,3,44.4,500
213.0,5,35.23,-4000
213.0,6,45.07,-750
213.0,7,43.22,1750
213.0,8,35.15,1500
213.0,10,40.82,500
213.0,13,47.53,1750
213.0,16,44.78,-3000
213.0,18,35.47,2750
213.0,19,43.95,2500
213.0,20,41.34,-3000
213.0,21,35.18,-1750
213.0,23,46.74,-500
213.0,25,35.05,-4500
213.0,30,35.05,1500
213.5,3,44.3,750
213.5,6,44.56,-750
213.5,7,43.07,1750
213.5,8,35.21,-1250
213.5,10,40.18,500
213.5,12,35.32,-1750
213.5,13,46.39,1750
213.5,16,43.1,-2750
213.5,19,44.28,2500
213.5,20,40.19,-3000
213.5,23,46.04,-750
213.5,24,35.24,-1250
213.5,25,35.0,5250
213.5,32,35.52,-3000
214.0,1,35.41,-250
214.0,3,43.84,500
214.0,6,44.7,-750
214.0,7,43.71,1750
214.0,10,41.88,500
214.0,13,47.53,1750
214.0,16,44.34,-2750
214.0,17,35.94,-500
214.0,19,44.66,2500
214.0,20,39.64,-3000
214.0,23,46.55,-500
214.0,24,35.41,1500
214.0,28,35.95,5500
214.0,30,35.82,-3250
214.0,32,38.4,-3000
214.5,3,44.2,500
214.5,6,44.29,-750
214.5,7,43.91,1750
214.5,9,35.74,-3250
214.5,10,40.85,500
214.5,13,45.51,1750
214.5,15,35.01,-1250
214.5,16,43.71,-2750
214.5,19,45.04,2500
214.5,20,39.75,-3000
214.5,23,45.51,-750
214.5,30,36.41,-3250
214.5,32,38.37,-3000
215.0,3,43.83,500
215.0,6,44.72,-750
215.0,7,44.6,1750
215.0,10,40.57,500
215.0,12,35.06,1750
215.0,13,46.24,1750
215.0,16,43.41,-2750
215.0,19,43.93,2500
215.0,20,40.68,-3000
215.0,23,46.37,-500
215.0,30,35.34,-3250
215.0,32,39.29,-3000
215.5,3,45.14,500
215.5,6,44.58,-750
215.5,7,43.25,1750
215.5,8,36.16,1750
215.5,10,40.98,500
215.5,11,35.97,-1500
215.5,13,46.6,1750
215.5,16,43.21,-3000
215.5,19,44.51,2500
215.5,20,41.11,-3000
215.5,23,45.49,-750
215.5,26,35.04,2750
215.5,30,37.56,-3250
215.5,32,35.52,1750
216.0,3,45.4,500
216.0,6,43.95,-750
216.0,7,44.19,1750
216.0,10,40.64,500
216.0,11,35.41,1500
216.0,13,46.38,1750
216.0,16,41.82,-2750
216.0,19,44.14,2500
216.0,20,40.95,-3000
216.0,23,46.01,-750
216.0,28,35.01,1250
216.0,29,35.28,1250
216.0,30,35.61,-3250
216.0,31,35.03,-4750
216.0,32,37.72,-3000
216.5,3,44.67,500
216.5,4,35.31,-4750
216.5,6,44.0,-750
216.5,7,44.38,1750
216.5,10,40.41,500
216.5,13,46.51,1750
216.5,16,43.33,-2750
216.5,18,35.37,500
216.5,19,44.3,2500
216.5,20,41.21,-3000
216.5,23,45.52,-750
216.5,27,35.12,2500
216.5,30,36.38,-3250
216.5,32,37.09,-3000
217.0,3,44.67,500
217.0,6,44.66,-750
217.0,7,42.78,1750
217.0,10,40.15,500
217.0,13,47.4,1750
217.0,16,44.08,-2750
217.0,19,44.45,2500
217.0,20,40.41,-3000
217.0,23,46.82,-500
217.0,26,35.3,-750
217.0,30,37.2,-3250
217.5,2,35.0,500
217.5,3,44.33,500
217.5,6,44.63,-750
217.5,7,44.87,1750
217.5,9,35.04,-4500
217.5,10,40.74,500
217.5,13,47.3,1750
217.5,15,35.59,-500
217.5,16,44.18,-2750
217.5,19,44.59,2500
217.5,20,40.36,-3000
217.5,23,47.04,-500
217.5,27,35.18,500
217.5,30,37.19,-3250
217.5,31,36.2,3750
218.0,3,43.89,500
218.0,6,44.62,-750
218.0,7,44.82,1750
218.0,8,35.47,-1750
218.0,10,41.12,500
218.0,13,46.31,1750
218.0,16,42.97,-2750
218.0,18,35.04,-3500
218.0,19,44.81,2500
218.0,20,40.15,-3000
218.0,23,45.61,-750
218.0,30,36.09,-3250
218.0,32,37.18,-3000
218.5,3,44.3,500
218.5,5,35.3,1500
218.5,6,44.73,-750
218.5,7,43.0,1750
218.5,10,39.82,500
218.5,12,35.68,-500
218.5,13,47.26,1750
218.5,16,43.45,-2750
218.5,18,35.54,-2500
218.5,19,43.36,2500
218.5,20,41.7,-3000
218.5,23,46.15,-500
218.5,25,35.39,1500
218.5,30,36.66,-3250
218.5,32,39.02,-3000
219.0,1,35.26,1750
219.0,3,45.02,500
219.0,4,35.49,1250
219.0,6,43.86,-750
219.0,7,44.05,1750
219.0,8,35.06,4250
219.0,10,40.83,500
219.0,13,45.71,1750
219.0,16,42.77,-3000
219.0,19,44.55,2500
219.0,20,40.63,-3000
219.0,23,45.71,-750
219.0,28,36.08,3250
219.0,30,35.45,-3250
219.0,32,35.83,-3000
219.5,3,44.61,500
219.5,6,44.29,-750
219.5,7,44.28,1750
219.5,8,35.71,500
219.5,10,39.12,500
219.5,13,47.51,1750
219.5,16,44.4,-2750
219.5,19,43.98,2500
219.5,20,39.14,-3000
219.5,23,46.35,-500
219.5,32,37.81,-3000
220.0,3,44.68,500
220.0,6,44.79,-750
220.0,7,44.32,1750
220.0,10,40.63,500
220.0,13,47.6,1750
220.0,15,35.26,-5500
220.0,16,43.65,-2750
220.0,19,44.48,2500
220.0,20,41.41,-3000
220.0,23,45.88,-500
220.0,27,35.74,-500
220.0,29,36.01,250
220.0,30,35.13,-3250
220.0,32,36.89,-3000
220.5,3,44.48,500
220.5,6,44.15,-750
220.5,7,43.99,1750
220.5,10,40.62,500
220.5,11,35.3,-4750
220.5,13,45.97,1750
220.5,14,35.36,-1000
220.5,16,42.95,-2750
220.5,19,44.7,2500
220.5,20,40.58,-3000
220.5,21,35.23,2250
220.5,22,35.61,500
220.5,23,45.68,-750
220.5,27,35.95,1500
220.5,29,35.26,1000
220.5,30,36.11,-3250
220.5,32,35.72,-3000
221.0,3,45.0,500
221.0,5,35.3,-3500
221.0,6,43.79,-750
221.0,7,44.23,1750
221.0,9,35.42,-250
221.0,10,40.29,500
221.0,13,46.26,1750
221.0,16,42.94,-2750
221.0,19,44.65,2500
221.0,20,40.11,-3000
221.0,23,45.61,-750
221.0,30,37.82,-3250
221.5,3,44.48,500
221.5,6,44.42,-750
221.5,7,44.51,1750
221.5,10,40.85,500
221.5,13,47.52,1750
221.5,16,43.7,-2750
221.5,19,44.67,2500
221.5,20,41.53,-3000
221.5,23,46.55,-500
221.5,26,35.19,-500
221.5,30,35.14,-3250
222.0,3,44.58,500
222.0,6,45.0,-750
222.0,7,44.46,1750
222.0,9,35.09,4750
222.0,10,39.36,500
222.0,12,35.16,-1250
222.0,13,46.34,1750
222.0,16,43.41,-2750
222.0,17,35.74,0
222.0,19,43.62,2500
222.0,20,39.14,-3000
222.0,21,35.26,-500
222.0,23,45.37,-750
222.0,30,37.11,-3250
222.5,3,44.68,500
222.5,6,44.54,-750
222.5,7,44.22,1750
222.5,10,41.47,500
222.5,13,46.01,1750
222.5,16,43.36,-2750
222.5,17,35.39,-1750
222.5,18,35.04,-1250
222.5,19,43.92,2500
222.5,20,38.94,-3000
222.5,21,35.25,5750
222.5,22,35.1,5750
222.5,23,45.2,-750
222.5,24,35.31,2250
222.5,30,35.4,-3250
222.5,32,36.85,-3000
223.0,3,44.25,500
223.0,6,44.69,-750
223.0,7,43.17,1750
223.0,10,40.37,500
223.0,13,47.24,1750
223.0,16,44.16,-2750
223.0,19,44.13,2500
223.0,20,39.72,-3000
223.0,23,46.29,-500
223.0,30,35.45,-3250
223.0,31,35.3,-4500
223.0,32,37.13,-3000
223.5,3,45.35,500
223.5,6,44.7,-750
223.5,7,44.08,1750
223.5,10,40.7,500
223.5,13,48.01,1750
223.5,16,43.59,-2750
223.5,19,43.73,2500
223.5,20,40.94,-3000
223.5,22,35.72,-250
223.5,23,45.94,-750
223.5,30,35.02,-3250
224.0,3,44.21,500
224.0,6,45.23,-750
224.0,7,44.63,1750
224.0,10,41.4,500
224.0,13,47.95,1750
224.0,16,43.89,-2750
224.0,19,44.01,2500
224.0,20,39.4,-3000
224.0,23,46.15,-500
224.0,27,35.38,1750
224.5,3,44.64,500
224.5,5,35.04,-3250
224.5,6,44.56,-750
224.5,7,44.1,1750
224.5,10,40.17,500
224.5,13,47.74,1750
224.5,14,37.21,-5250
224.5,16,44.29,-2750
224.5,19,44.19,2500
224.5,20,40.42,-3000
224.5,23,46.87,-500
224.5,25,35.01,1750
224.5,29,35.35,-3500
224.5,30,36.71,-3250
225.0,3,44.25,500
225.0,6,44.92,-750
225.0,7,44.57,1750
225.0,9,36.71,-750
225.0,10,41.18,500
225.0,13,45.74,1750
225.0,16,42.92,-2750
225.0,17,35.51,-5000
225.0,19,44.18,2500
225.0,20,41.71,-3000
225.0,23,45.19,-750
225.0,30,35.98,-3250
225.0,32,36.59,-3000
225.5,3,43.85,500
225.5,4,35.15,1750
225.5,6,45.14,-750
225.5,7,44.68,1750
225.5,10,40.78,500
225.5,13,47.25,1750
225.5,16,43.47,-2750
225.5,19,43.25,2500
225.5,20,41.29,-3000
225.5,21,35.94,3500
225.5,23,46.37,-500
225.5,30,36.82,-3250
225.5,32,35.91,-3000
226.0,3,44.24,500
226.0,6,43.74,-750
226.0,7,44.24,1750
226.0,10,39.94,500
226.0,11,35.01,5750
226.0,13,46.07,1750
226.0,16,43.56,-2750
226.0,19,43.5,2500
226.0,20,40.34,-3000
226.0,23,45.6,-750
226.0,32,36.41,-3000
226.5,3,43.54,500
226.5,6,44.86,-750
226.5,7,44.65,1750
226.5,8,35.2,-750
226.5,10,40.52,500
226.5,13,46.61,1750
226.5,16,43.7,-2750
226.5,18,35.39,4750
226.5,19,44.54,2500
226.5,20,40.21,-3000
226.5,23,46.37,-500
226.5,28,35.7,2750
226.5,30,37.51,-3250
226.5,32,38.03,-3000
227.0,2,35.2,-1500
227.0,3,45.0,500
227.0,5,35.38,2500
227.0,6,45.17,-750
227.0,7,43.81,1750
227.0,10,39.96,500
227.0,13,46.63,1750
227.0,16,43.28,-3000
227.0,19,43.61,2500
227.0,20,39.14,-3000
227.0,23,46.44,-500
227.0,25,35.63,-2500
227.0,30,37.01,-3250
227.0,32,37.16,-3000
227.5,3,44.38,500
227.5,6,45.29,-750
227.5,7,43.67,1750
227.5,8,35.16,2500
227.5,10,39.95,500
227.5,13,48.17,1750
227.5,14,35.28,5500
227.5,16,43.17,-2750
227.5,19,43.96,2500
227.5,20,40.41,-3000
227.5,23,46.22,-500
227.5,24,35.05,1750
227.5,27,35.22,1750
227.5,30,37.39,-3250
227.5,31,35.66,-4750
228.0,2,35.38,1750
228.0,3,44.78,500
228.0,4,35.67,750
228.0,6,44.49,-750
228.0,7,44.09,1750
228.0,10,41.54,500
228.0,13,46.32,1750
228.0,16,43.22,-2750
228.0,19,44.47,2500
228.0,20,39.47,-3000
228.0,23,45.4,-750
228.0,30,38.65,-3250
228.0,32,35.87,-3000
228.5,3,44.55,500
228.5,6,43.85,-750
228.5,7,43.65,1750
228.5,10,39.55,500
228.5,11,35.4,250
228.5,13,46.14,1750
228.5,14,35.1,-5250
228.5,16,42.99,-2750
228.5,19,45.13,2500
228.5,20,41.18,-3000
228.5,23,46.02,-750
228.5,30,35.16,-3500
228.5,32,36.43,-3000
229.0,3,44.53,500
229.0,6,44.01,-750
229.0,7,43.56,1750
229.0,8,35.98,-2000
229.0,10,40.71,500
229.0,13,46.29,1750
229.0,16,43.19,-2750
229.0,17,36.08,5500
229.0,19,44.8,2500
229.0,20,40.4,-3000
229.0,23,45.96,-750
229.0,26,35.19,-1500
229.0,27,35.32,-3250
229.0,28,35.36,-1500
229.0,30,36.88,-3250
229.0,32,37.21,-3000
229.5,1,35.56,-500
229.5,3,45.19,500
229.5,4,35.37,2750
229.5,6,44.91,-750
229.5,7,43.58,1750
229.5,8,35.79,2250
229.5,10,40.24,500
229.5,13,47.63,1750
229.5,16,43.68,-2750
229.5,19,45.06,2500
229.5,20,41.26,-3000
229.5,23,46.2,-500
229.5,32,36.06,-3000
230.0,3,44.91,500
230.0,6,44.69,-750
230.0,7,43.88,1750
230.0,10,41.65,500
230.0,13,45.76,1750
230.0,16,43.68,-2750
230.0,19,45.22,2500
230.0,20,39.25,-3000
230.0,23,45.23,-750
230.5,2,35.23,4500
230.5,3,43.95,500
230.5,6,44.8,-750
230.5,7,43.92,1750
230.5,10,41.18,500
230.5,13,47.01,1750
230.5,16,43.79,-3000
230.5,17,35.19,-5500
230.5,18,35.17,4750
230.5,19,44.76,2500
230.5,20,40.28,-3000
230.5,23,46.48,-500
230.5,27,35.22,-3750
230.5,28,35.18,-1500
230.5,30,36.3,-3250
231.0,2,35.44,3750
231.0,3,44.71,500
231.0,4,35.83,1750
231.0,6,44.76,-750
231.0,7,43.41,1750
231.0,10,38.62,500
231.0,13,47.26,1750
231.0,14,35.42,1500
231.0,16,43.86,-2750
231.0,17,35.57,500
231.0,19,44.62,2500
231.0,20,39.61,-3000
231.0,23,46.15,-500
231.0,29,36.02,-3000
231.0,30,35.81,-3250
231.0,32,38.17,-3000
231.5,3,44.59,500
231.5,5,35.19,500
231.5,6,44.62,-750
231.5,7,43.37,1750
231.5,8,35.59,3750
231.5,10,40.86,500
231.5,12,35.29,-1500
231.5,13,47.14,1750
231.5,16,44.47,-2750
231.5,19,44.69,2500
231.5,20,38.62,-3000
231.5,22,35.25,1750
231.5,23,47.31,-500
231.5,30,35.14,-3250
231.5,32,36.76,-3000
232.0,1,35.73,2500
232.0,3,44.91,500
232.0,6,43.68,-750
232.0,7,43.83,1750
232.0,8,35.49,2250
232.0,10,41.34,500
232.0,12,35.35,2250
232.0,13,46.58,1750
232.0,16,43.15,-2750
232.0,19,45.34,2500
232.0,20,40.59,-3000
232.0,21,35.26,5250
232.0,23,45.55,-750
232.0,25,35.22,1000
232.0,28,35.14,3000
232.0,30,36.98,-3250
232.5,3,44.81,500
232.5,4,35.71,-2250
232.5,5,35.48,1750
232.5,6,44.62,-750
232.5,7,43.58,1750
232.5,8,35.2,-250
232.5,10,42.49,500
232.5,13,47.11,1750
232.5,15,35.89,1750
232.5,16,43.72,-2750
232.5,19,44.65,2500
232.5,20,40.49,-3000
232.5,23,46.34,-500
232.5,29,35.1,-1750
232.5,30,35.84,-3250
233.0,3,44.11,500
233.0,6,44.51,-750
233.0,7,43.84,1750
233.0,10,40.44,500
233.0,13,47.54,1750
233.0,16,43.72,-2750
233.0,19,44.8,2500
233.0,20,40.77,-3000
233.0,23,46.02,-500
233.0,30,36.09,-4750
233.5,3,44.91,500
233.5,5,35.51,500
233.5,6,44.79,-750
233.5,7,44.26,1750
233.5,10,41.8,500
233.5,13,46.26,1750
233.5,16,44.14,-2750
233.5,19,43.85,2500
233.5,20,38.42,-3000
233.5,23,46.56,-500
233.5,28,35.14,-4500
233.5,30,38.06,-3250
234.0,3,45.46,500
234.0,6,44.24,-750
234.0,7,43.84,1750
234.0,10,41.4,500
234.0,13,45.75,1750
234.0,16,44.18,-3000
234.0,19,43.78,2500
234.0,20,39.64,-3000
234.0,23,45.93,-750
234.0,30,36.02,-3250
234.0,32,35.62,2500
234.5,3,45.18,500
234.5,6,45.08,-750
234.5,7,44.62,1750
234.5,9,35.26,4250
234.5,10,40.97,500
234.5,13,46.2,1750
234.5,16,43.6,-2750
234.5,19,44.25,2500
234.5,20,39.99,-3000
234.5,22,35.51,-2750
234.5,23,45.34,-750
234.5,24,35.08,-5250
234.5,26,35.01,500
234.5,29,35.0,-250
234.5,30,36.22,-3250
235.0,3,45.14,500
235.0,6,44.12,-750
235.0,7,44.58,1750
235.0,10,42.62,500
235.0,13,45.91,1750
235.0,16,42.92,-3000
235.0,19,44.3,2500
235.0,20,38.91,-3000
235.0,23,45.47,-750
235.0,29,35.61,1250
235.0,31,35.67,-1250
235.0,32,37.42,-3000
235.5,2,35.78,1250
235.5,3,45.14,500
235.5,6,44.75,-750
235.5,7,43.22,1750
235.5,10,40.08,500
235.5,13,47.44,1750
235.5,16,43.75,-3000
235.5,19,44.17,2500
235.5,20,39.96,-3000
235.5,22,35.53,5250
235.5,23,46.18,-500
235.5,30,38.35,-3250
235.5,32,35.11,-1750
236.0,3,45.73,500
236.0,6,44.91,-750
236.0,7,43.21,1750
236.0,10,40.96,500
236.0,13,47.46,1750
236.0,16,42.94,-2750
236.0,18,36.01,1750
236.0,19,44.86,2500
236.0,20,38.65,-3000
236.0,23,45.91,-750
236.0,32,35.76,-5250
236.5,2,35.01,-4750
236.5,3,44.87,500
236.5,6,44.22,-750
236.5,7,43.32,1750
236.5,8,35.19,-3250
236.5,10,42.16,500
236.5,13,46.47,1750
236.5,16,43.51,-2750
236.5,19,45.0,2500
236.5,20,38.46,-3000
236.5,22,36.01,-500
236.5,23,46.24,-750
236.5,24,36.02,2750
236.5,25,35.91,-750
236.5,30,36.91,-3250
236.5,31,35.51,-4000
236.5,32,35.56,500
237.0,1,35.05,4750
237.0,3,45.18,500
237.0,6,44.73,-750
237.0,7,44.73,1750
237.0,10,42.39,500
237.0,13,45.84,1750
237.0,16,43.48,-2750
237.0,19,43.8,2500
237.0,20,38.6,-3000
237.0,23,45.61,-750
237.0,30,36.24,-3250
237.5,3,45.89,500
237.5,6,44.91,-750
237.5,7,44.17,1750
237.5,8,35.39,2000
237.5,10,40.66,500
237.5,13,45.84,1750
237.5,16,42.81,-2750
237.5,19,44.34,2500
237.5,20,40.18,-3000
237.5,23,45.76,-750
238.0,3,45.31,500
238.0,5,35.74,-500
238.0,6,45.56,-750
238.0,7,44.3,1750
238.0,10,40.48,500
238.0,11,35.06,-3250
238.0,13,47.07,1750
238.0,14,35.35,4250
238.0,16,43.71,-2750
238.0,17,36.09,3500
238.0,19,44.38,2500
238.0,20,39.21,-3000
238.0,21,35.17,-1500
238.0,22,35.81,2500
238.0,23,46.28,-500
238.0,30,37.59,-3250
238.0,32,35.05,-2250
238.5,3,45.0,500
238.5,6,45.07,-750
238.5,7,44.03,1750
238.5,10,40.68,500
238.5,13,47.61,1750
238.5,16,44.03,-2750
238.5,19,44.5,2500
238.5,20,37.58,-3000
238.5,23,46.41,-500
238.5,26,35.46,-2500
238.5,30,38.34,-3250
239.0,3,44.94,500
239.0,6,45.58,-750
239.0,7,43.98,1750
239.0,8,35.77,-5500
239.0,10,40.22,500
239.0,12,35.29,3500
239.0,13,47.49,1750
239.0,15,35.0,1500
239.0,16,42.73,-2750
239.0,19,43.9,2500
239.0,20,40.39,-3000
239.0,21,35.02,-500
239.0,23,46.47,-500
239.0,27,35.49,-2250
239.0,30,36.52,-3250
239.5,2,35.28,2750
239.5,3,44.93,500
239.5,6,45.1,-750
239.5,7,44.29,1750
239.5,10,40.8,500
239.5,13,46.51,1750
239.5,16,43.87,-2750
239.5,19,43.31,2500
239.5,20,39.68,-3000
239.5,23,45.88,-500
239.5,27,35.62,-4500
239.5,30,38.06,-3250
239.5,32,36.55,-3000
240.0,3,45.66,500
240.0,4,35.6,-1000
240.0,6,44.21,-750
240.0,7,44.96,1750
240.0,8,36.47,2000
240.0,10,40.95,500
240.0,13,45.75,1750
240.0,14,35.31,750
240.0,16,42.49,-2750
240.0,19,43.38,2500
240.0,20,38.47,-3000
240.0,22,35.48,2500
240.0,23,46.21,-750
240.0,30,36.82,-3250
240.0,32,37.89,-3000
240.5,3,45.92,500
240.5,6,44.19,-750
240.5,7,44.51,1750
240.5,10,40.78,500
240.5,13,46.5,1750
240.5,16,44.18,-3000
240.5,19,44.56,2500
240.5,20,40.22,-3000
240.5,23,45.78,-750
240.5,24,36.24,-6000
240.5,27,36.28,-2250
240.5,30,35.94,-3250
240.5,32,36.33,-2750
241.0,3,45.67,500
241.0,6,44.17,-750
241.0,7,44.57,1750
241.0,10,40.46,500
241.0,13,47.51,1750
241.0,16,43.28,-3000
241.0,19,44.63,2500
241.0,20,40.32,-3000
241.0,23,45.47,-500
241.0,30,35.8,-3250
241.0,32,35.98,-1500
241.5,3,45.4,500
241.5,5,35.03,1750
241.5,6,45.32,-750
241.5,7,43.22,1750
241.5,10,41.66,500
241.5,13,47.55,1750
241.5,14,35.51,3500
241.5,15,35.26,1500
241.5,16,43.1,-2750
241.5,17,35.1,-3500
241.5,19,44.74,2500
241.5,20,41.23,-3000
241.5,23,45.39,-500
241.5,24,35.78,3750
241.5,27,35.08,3500
241.5,30,36.76,-3250
241.5,32,35.61,-3000
242.0,3,44.99,500
242.0,6,44.54,-750
242.0,7,44.82,1750
242.0,10,41.53,500
242.0,13,46.26,1750
242.0,14,35.53,5500
242.0,15,35.3,-3500
242.0,16,42.59,-3000
242.0,19,44.78,2500
242.0,20,37.08,-3000
242.0,23,45.69,-750
242.0,30,39.71,-3250
242.5,3,44.43,500
242.5,6,45.48,-750
242.5,7,44.0,1750
242.5,10,42.54,500
242.5,13,46.83,1750
242.5,16,44.04,-3000
242.5,17,35.04,-750
242.5,19,44.73,2500
242.5,20,38.66,-3000
242.5,23,45.88,-500
242.5,24,35.21,5500
242.5,30,36.3,-3250
242.5,31,35.13,-1250
242.5,32,35.09,4750
243.0,3,45.47,500
243.0,6,44.8,-750
243.0,7,43.98,1750
243.0,8,35.53,2500
243.0,10,40.57,500
243.0,11,35.61,3750
243.0,13,47.64,1750
243.0,16,42.78,-2750
243.0,17,35.0,-2500
243.0,19,44.19,2500
243.0,20,39.49,-3000
243.0,23,46.03,-500
243.0,30,35.21,-3250
243.5,3,45.63,500
243.5,6,44.34,-750
243.5,7,43.35,1750
243.5,9,35.09,-1500
243.5,10,41.08,500
243.5,13,46.08,1750
243.5,16,43.39,-2750
243.5,19,43.92,2500
243.5,20,39.87,-3000
243.5,23,45.78,-750
243.5,26,35.13,1500
243.5,27,35.07,-3250
243.5,30,38.73,-3250
243.5,31,35.31,5750
244.0,1,35.26,4750
244.0,2,36.74,1500
244.0,3,44.87,500
244.0,4,35.48,500
244.0,6,45.2,-750
244.0,7,45.12,1750
244.0,8,35.74,2000
244.0,10,42.01,500
244.0,13,47.0,1750
244.0,16,43.82,-2750
244.0,19,44.18,2500
244.0,20,41.28,-3000
244.0,23,45.62,-500
244.0,30,36.12,-3250
244.5,1,35.36,-4750
244.5,3,45.68,500
244.5,6,45.0,-750
244.5,7,44.06,1750
244.5,10,41.32,500
244.5,13,46.17,1750
244.5,16,42.46,-2750
244.5,19,45.04,2500
244.5,20,39.02,-3000
244.5,21,35.51,-250
244.5,23,45.56,-750
244.5,26,35.99,-3250
244.5,30,39.25,-3250
244.5,32,35.15,4750
245.0,1,35.52,4000
245.0,3,45.1,500
245.0,6,44.33,-750
245.0,7,44.21,1750
245.0,8,36.32,2000
245.0,10,41.01,500
245.0,11,35.82,4750
245.0,13,46.58,1750
245.0,16,43.25,-2750
245.0,19,43.57,2500
245.0,20,40.25,-3000
245.0,23,46.12,-500
245.0,30,37.3,-3250
245.5,3,45.32,500
245.5,6,44.86,-750
245.5,7,44.22,1750
245.5,8,35.61,5750
245.5,10,42.42,500
245.5,12,35.11,-3250
245.5,13,45.95,1750
245.5,16,43.33,-2750
245.5,17,35.2,3500
245.5,19,44.79,2500
245.5,20,41.13,-3000
245.5,23,45.63,-750
245.5,24,35.49,2250
245.5,30,37.74,-3250
246.0,2,35.78,1250
246.0,3,45.18,500
246.0,6,45.21,-750
246.0,7,44.42,1750
246.0,10,40.75,500
246.0,13,46.08,1750
246.0,15,35.15,2500
246.0,16,43.84,-2750
246.0,18,35.66,4500
246.0,19,43.56,2500
246.0,20,39.98,-3000
246.0,23,44.92,-750
246.0,28,35.44,-5500
246.0,30,37.78,-3250
246.0,32,36.79,-3000
246.5,3,45.22,500
246.5,6,44.67,-750
246.5,7,44.65,1750
246.5,10,42.05,500
246.5,11,35.17,3250
246.5,13,46.25,1750
246.5,16,44.18,-2750
246.5,19,44.34,2500
246.5,20,39.49,-3000
246.5,23,46.07,-750
246.5,30,38.4,-3250
247.0,3,44.94,500
247.0,6,45.58,-750
247.0,7,44.41,1750
247.0,10,41.9,500
247.0,12,36.24,-250
247.0,13,46.1,1750
247.0,15,35.51,1750
247.0,16,43.16,-2750
247.0,18,35.01,750
247.0,19,45.06,2500
247.0,20,41.03,-3000
247.0,21,36.85,500
247.0,23,45.37,-750
247.0,24,35.12,5750
247.0,28,35.13,750
247.0,30,36.62,-3250
247.0,32,36.29,-3000
247.5,3,45.29,500
247.5,5,35.21,-3250
247.5,6,44.35,-750
247.5,7,44.36,1750
247.5,8,36.01,2250
247.5,10,41.61,500
247.5,11,35.29,250
247.5,13,46.68,1750
247.5,15,35.14,2250
247.5,16,43.95,-3000
247.5,17,35.5,-6000
247.5,19,43.66,2500
247.5,20,40.55,-3000
247.5,23,45.31,-500
247.5,29,35.73,750
247.5,30,37.99,-3250
247.5,32,37.44,-3000
248.0,3,45.23,500
248.0,6,45.01,-750
248.0,7,43.95,1750
248.0,10,39.95,500
248.0,11,35.54,1750
248.0,12,35.79,2500
248.0,13,46.98,1750
248.0,15,35.13,1750
248.0,16,44.33,-2750
248.0,19,43.16,2500
248.0,20,41.22,-3000
248.0,23,46.41,-500
248.0,24,36.01,5750
248.0,30,38.08,-3250
248.0,32,36.58,-3000
248.5,3,44.4,500
248.5,6,45.02,-750
248.5,7,44.34,1750
248.5,9,35.08,750
248.5,10,41.26,500
248.5,13,47.21,1750
248.5,16,43.94,-2750
248.5,19,43.47,2500
248.5,20,40.61,-3000
248.5,23,46.08,-500
248.5,30,35.25,-3250
249.0,3,44.92,500
249.0,6,44.69,-750
249.0,7,44.41,1750
249.0,10,39.7,500
249.0,12,35.01,-5500
249.0,13,46.48,1750
249.0,16,44.2,-3000
249.0,19,43.8,2500
249.0,20,40.58,-3000
249.0,22,35.45,1750
249.0,23,45.43,-500
249.0,24,35.6,750
249.0,25,35.48,-1000
249.0,30,38.39,-3250
249.5,3,45.38,500
249.5,4,35.42,-500
249.5,6,45.27,-750
249.5,7,44.66,1750
249.5,10,41.99,500
249.5,13,46.86,1750
249.5,14,35.28,-4500
249.5,16,44.23,-2750
249.5,19,43.68,2500
249.5,20,41.14,-3000
249.5,23,45.49,-500
249.5,24,35.18,4750
249.5,25,35.02,5500
249.5,30,35.37,-3500
249.5,31,35.01,-4500
249.5,32,36.91,-3000
250.0,3,45.78,500
250.0,6,44.33,-750
250.0,7,43.94,1750
250.0,10,40.91,500
250.0,12,35.1,2750
250.0,13,47.12,1750
250.0,16,43.98,-2750
250.0,19,44.23,2500
250.0,20,40.13,-3000
250.0,23,45.61,-750
250.0,24,35.54,500
250.0,25,35.08,3250
250.0,30,38.71,-3250
250.0,31,35.39,-4750
250.0,32,36.58,-3000
250.5,1,35.36,-1500
250.5,3,44.9,500
250.5,6,44.92,-750
250.5,7,44.02,1750
250.5,8,35.02,-4750
250.5,10,41.1,500
250.5,13,47.65,1750
250.5,16,43.62,-2750
250.5,19,44.39,2500
250.5,20,38.7,-3000
250.5,22,36.18,500
250.5,23,45.67,-750
250.5,27,35.03,1750
250.5,28,35.11,1750
250.5,30,36.99,-3250
250.5,32,37.28,-3000
251.0,3,45.36,500
251.0,5,35.87,-4500
251.0,6,45.22,-750
251.0,7,44.58,1750
251.0,10,41.69,500
251.0,13,47.16,1750
251.0,16,44.13,-2750
251.0,19,44.4,2500
251.0,20,41.96,-3000
251.0,23,44.88,-750
251.0,26,35.01,-2500
251.0,28,35.89,-4500
251.0,30,35.53,-3250
251.0,32,35.43,-3000
251.5,3,46.07,500
251.5,5,35.37,-1250
251.5,6,45.61,-750
251.5,7,43.72,1750
251.5,10,38.89,500
251.5,11,35.17,4500
251.5,13,46.86,1750
251.5,16,43.16,-2750
251.5,19,44.58,2500
251.5,20,40.4,-3000
251.5,23,45.52,-750
251.5,26,35.29,-750
251.5,28,35.4,-2750
251.5,30,38.73,-3250
251.5,32,36.43,-3000
252.0,3,45.33,500
252.0,5,35.17,2500
252.0,6,45.33,-750
252.0,7,43.79,1750
252.0,8,35.35,4000
252.0,10,39.77,500
252.0,13,46.37,1750
252.0,16,44.15,-3000
252.0,17,35.07,750
252.0,19,43.91,2500
252.0,20,41.19,-3000
252.0,23,45.75,-750
252.0,27,35.29,500
252.0,30,35.33,500
252.0,32,37.95,-3000
252.5,3,44.33,500
252.5,4,35.18,-3500
252.5,6,44.75,-750
252.5,7,43.8,1750
252.5,10,41.61,500
252.5,13,46.4,1750
252.5,14,35.18,-4250
252.5,16,43.82,-2750
252.5,19,45.82,2500
252.5,20,39.92,-3000
252.5,21,35.07,500
252.5,23,45.36,-750
252.5,30,38.87,-3250
253.0,3,44.81,500
253.0,6,45.15,-750
253.0,7,43.45,1750
253.0,10,40.46,500
253.0,13,47.44,1750
253.0,15,35.17,-3500
253.0,16,43.32,-2750
253.0,19,44.77,2500
253.0,20,38.74,-3000
253.0,23,45.33,-500
253.0,30,38.11,-3250
253.5,2,35.43,-5250
253.5,3,45.41,500
253.5,4,35.37,500
253.5,6,45.44,-750
253.5,7,44.02,1750
253.5,10,41.43,500
253.5,13,47.18,1750
253.5,15,35.39,4500
253.5,16,43.87,-3000
253.5,19,44.94,2500
253.5,20,40.74,-3000
253.5,22,35.12,4250
253.5,23,44.87,-750
253.5,28,35.19,-5250
253.5,30,37.0,-3250
254.0,3,44.93,500
254.0,6,44.73,-750
254.0,7,44.66,1750
254.0,10,39.95,500
254.0,13,46.47,1750
254.0,16,43.65,-2750
254.0,19,44.37,2500
254.0,20,40.39,-3000
254.0,23,45.98,-500
254.0,26,35.04,-2750
254.0,27,35.11,3500
254.0,30,37.91,-3250
254.5,3,45.99,500
254.5,6,44.7,-750
254.5,7,43.94,1750
254.5,10,40.06,500
254.5,12,35.3,5750
254.5,13,47.07,1750
254.5,16,43.25,-2750
254.5,18,35.42,5250
254.5,19,44.16,2500
254.5,20,40.66,-3000
254.5,23,46.2,-500
254.5,30,36.74,-3250
255.0,3,45.44,500
255.0,6,44.7,-750
255.0,7,45.61,1750
255.0,10,40.31,500
255.0,13,46.95,1750
255.0,15,35.58,-5500
255.0,16,44.35,-2750
255.0,19,44.41,2500
255.0,20,39.13,-3000
255.0,23,45.56,-500
255.5,3,45.29,500
255.5,5,35.2,-3500
255.5,6,44.95,-750
255.5,7,44.64,1750
255.5,10,40.35,500
255.5,11,35.25,-2500
255.5,13,46.91,1750
255.5,14,36.14,1750
255.5,15,35.52,4250
255.5,16,44.18,-2750
255.5,19,44.49,2500
255.5,20,41.36,-3000
255.5,23,45.76,-750
255.5,30,37.63,-3250
255.5,31,35.22,-3500
256.0,3,45.11,500
256.0,6,44.22,-750
256.0,7,44.66,1750
256.0,10,41.39,500
256.0,13,45.76,1750
256.0,14,35.44,5250
256.0,16,43.62,-3000
256.0,19,44.97,2500
256.0,20,41.71,-3000
256.0,23,44.95,-750
256.0,28,35.72,3500
256.0,30,39.27,-3250
256.0,32,36.86,-3000
256.5,3,45.88,500
256.5,6,45.4,-750
256.5,7,44.5,1750
256.5,10,38.77,500
256.5,12,35.15,2750
256.5,13,47.57,1750
256.5,16,44.03,-3000
256.5,17,35.24,-1750
256.5,19,44.22,2500
256.5,20,39.72,-3000
256.5,23,44.56,-750
256.5,24,35.18,-750
256.5,26,35.07,-1000
256.5,27,35.02,2500
256.5,28,35.95,750
256.5,29,35.1,1250
256.5,30,35.21,-3250
256.5,32,36.18,-3000
257.0,3,44.89,500
257.0,4,35.81,5750
257.0,6,44.88,-750
257.0,7,44.42,1750
257.0,10,39.79,500
257.0,12,36.0,-750
257.0,13,46.95,1750
257.0,16,44.76,-3000
257.0,17,35.76,2750
257.0,18,35.66,500
257.0,19,44.41,2500
257.0,20,41.1,-3000
257.0,23,46.07,-500
257.0,24,35.81,250
257.0,26,35.14,-4500
257.0,27,35.72,3250
257.0,30,37.47,-3250
257.0,32,36.74,-3000
257.5,1,35.35,-2750
257.5,3,45.56,500
257.5,5,35.16,500
257.5,6,44.24,-750
257.5,7,45.46,1750
257.5,8,35.78,2250
257.5,10,40.22,500
257.5,13,46.5,1750
257.5,16,44.65,-3000
257.5,19,44.05,2500
257.5,20,40.87,-3000
257.5,23,45.48,-500
257.5,30,38.15,-3250
258.0,2,36.38,250
258.0,3,44.91,500
258.0,6,44.55,-750
258.0,7,44.87,1750
258.0,8,35.4,1250
258.0,10,39.85,500
258.0,13,46.18,1750
258.0,16,43.56,-2750
258.0,19,44.78,2500
258.0,20,40.11,-3000
258.0,23,46.16,-750
258.0,30,37.32,-3250
258.0,32,36.96,-3000
258.5,3,45.49,500
258.5,5,35.37,4500
258.5,6,45.0,-750
258.5,7,43.94,1750
258.5,8,35.03,2250
258.5,10,40.15,500
258.5,13,45.82,1750
258.5,15,35.53,-5250
258.5,16,43.52,-2750
258.5,19,45.11,2500
258.5,20,41.11,-3000
258.5,23,44.49,-750
258.5,25,35.75,-5250
258.5,30,37.73,-3250
258.5,31,35.57,1500
259.0,3,45.19,500
259.0,6,44.75,-750
259.0,7,44.24,1750
259.0,8,35.91,1750
259.0,10,40.34,500
259.0,13,46.16,1750
259.0,15,35.36,-3250
259.0,16,44.41,-2750
259.0,17,35.36,-2750
259.0,19,44.39,2500
259.0,20,40.35,-3000
259.0,23,44.96,-750
259.0,30,35.08,-3500
259.0,31,35.43,4000
259.5,3,45.33,500
259.5,6,43.82,-750
259.5,7,43.98,1750
259.5,8,36.79,2250
259.5,9,35.14,-3500
259.5,10,40.02,500
259.5,13,47.05,1750
259.5,16,44.01,-2750
259.5,17,35.03,-2500
259.5,19,44.83,2500
259.5,20,40.51,-3000
259.5,23,44.51,-500
259.5,30,37.65,-3250
259.5,32,36.99,-3000
260.0,3,45.17,500
260.0,6,44.29,-750
260.0,7,44.04,1750
260.0,8,37.01,2250
260.0,10,39.86,500
260.0,13,45.23,1750
260.0,16,44.29,-2750
260.0,19,44.57,2500
260.0,20,40.88,-3000
260.0,22,35.15,-2500
260.0,23,45.51,-750
260.0,25,35.12,-1500
260.5,3,45.25,500
260.5,6,43.87,-750
260.5,7,44.55,1750
260.5,8,37.12,2250
260.5,10,40.7,500
260.5,13,47.34,1750
260.5,16,44.77,-2750
260.5,18,36.6,5500
260.5,19,44.62,2500
260.5,20,39.84,-3000
260.5,21,35.3,5250
260.5,23,45.54,-500
260.5,30,36.44,-3250
260.5,32,35.07,-1750
261.0,2,35.46,5750
261.0,3,44.62,500
261.0,6,45.16,-750
261.0,7,43.56,1750
261.0,8,36.15,750
261.0,10,40.48,500
261.0,13,46.84,1750
261.0,16,44.61,-3000
261.0,19,44.56,2500
261.0,20,42.24,-3000
261.0,21,35.6,-1250
261.0,23,45.65,-500
261.0,24,35.05,-1000
261.0,30,36.02,-3250
261.0,32,35.09,-5500
261.5,3,45.59,500
261.5,6,44.34,-750
261.5,7,44.51,1750
261.5,8,36.09,2750
261.5,10,41.13,500
261.5,13,47.45,1750
261.5,16,44.54,-2750
261.5,19,44.3,2500
261.5,20,39.41,-3000
261.5,21,35.1,2750
261.5,23,44.91,-500
261.5,30,37.27,-3250
261.5,32,37.87,-3000
262.0,3,44.68,500
262.0,6,44.8,-750
262.0,7,44.08,1750
262.0,10,42.11,500
262.0,13,45.85,1750
262.0,16,44.07,-2750
262.0,19,44.94,2500
262.0,20,40.95,-3000
262.0,22,35.36,5250
262.0,23,45.17,-750
262.0,27,35.43,-4750
262.0,30,40.11,-3250
262.0,32,37.9,-3000
262.5,2,35.17,-500
262.5,3,45.5,500
262.5,6,44.15,-750
262.5,7,44.47,1750
262.5,8,36.88,2250
262.5,10,39.03,500
262.5,13,47.38,1750
262.5,14,35.03,-1500
262.5,16,44.38,-3000
262.5,19,44.06,2500
262.5,20,39.59,-3000
262.5,23,46.3,-500
262.5,24,35.15,-2250
262.5,30,35.21,-3250
262.5,32,37.0,-3000
263.0,2,37.06,-4750
263.0,3,45.25,500
263.0,6,45.31,-750
263.0,7,44.78,1750
263.0,8,35.3,1500
263.0,10,41.41,500
263.0,13,47.34,1750
263.0,14,35.25,-5500
263.0,16,43.97,-2750
263.0,18,35.24,1500
263.0,19,44.57,2500
263.0,20,39.11,-3000
263.0,22,35.16,3500
263.0,23,45.39,-500
263.0,25,35.23,2500
263.0,28,35.85,-5750
263.0,30,35.81,-3250
263.0,32,36.61,-3000
263.5,2,35.22,-4500
263.5,3,44.67,500
263.5,6,45.6,-750
263.5,7,44.57,1750
263.5,8,36.54,2000
263.5,9,35.93,-5500
263.5,10,40.29,500
263.5,11,35.79,1500
263.5,13,45.84,1750
263.5,15,35.16,-1750
263.5,16,44.05,-2750
263.5,19,44.54,2500
263.5,20,40.53,-3000
263.5,23,45.44,-500
263.5,29,35.14,1750
263.5,30,38.91,-3250
263.5,32,36.73,-3000
264.0,3,45.61,500
264.0,6,44.57,-750
264.0,7,44.36,1750
264.0,8,35.42,-5500
264.0,10,40.52,500
264.0,12,35.28,-3750
264.0,13,45.34,1750
264.0,16,44.05,-2750
264.0,19,44.52,2500
264.0,20,42.42,-3000
264.0,23,45.12,-750
264.0,26,35.46,-250
264.0,31,35.13,-3500
264.0,32,36.15,-2750
264.5,2,35.27,5750
264.5,3,45.44,500
264.5,6,44.8,-750
264.5,7,44.12,1750
264.5,8,36.14,2250
264.5,10,39.57,500
264.5,12,35.57,-500
264.5,13,46.23,1750
264.5,16,43.9,-2750
264.5,19,44.42,2500
264.5,20,41.95,-3000
264.5,23,45.38,-750
264.5,30,35.83,-3250
264.5,31,35.36,-500
264.5,32,37.37,-3000
265.0,2,35.24,250
265.0,3,44.77,500
265.0,6,44.02,-750
265.0,7,43.81,1750
265.0,8,35.18,2250
265.0,10,42.06,500
265.0,13,46.09,1750
265.0,16,43.43,-2750
265.0,19,44.48,2500
265.0,20,40.77,-3000
265.0,23,45.87,-750
265.0,29,35.27,5250
265.0,30,36.09,-3250
265.0,32,35.96,-3000
265.5,3,44.99,500
265.5,6,45.17,-750
265.5,7,43.91,1750
265.5,8,35.44,2500
265.5,10,41.08,500
265.5,13,46.78,1750
265.5,16,43.97,-2750
265.5,19,44.59,2500
265.5,20,41.16,-3000
265.5,21,35.14,2750
265.5,23,45.82,-500
265.5,24,35.29,-5250
265.5,30,35.78,-3250
265.5,32,36.75,-3000
266.0,2,35.19,2500
266.0,3,45.03,500
266.0,6,45.0,-750
266.0,7,45.26,1750
266.0,8,38.46,2250
266.0,10,40.85,500
266.0,13,47.33,1750
266.0,16,43.08,-2750
266.0,18,35.3,-5250
266.0,19,45.21,2500
266.0,20,39.98,-3000
266.0,23,45.47,-750
266.0,25,35.37,-250
266.0,30,36.95,-3250
266.0,32,36.08,-3000
266.5,3,45.2,500
266.5,6,44.38,-750
266.5,7,43.41,1750
266.5,8,35.07,2250
266.5,10,40.68,500
266.5,11,37.78,2000
266.5,13,45.24,1750
266.5,16,44.51,-3000
266.5,19,44.83,2500
266.5,20,41.47,-3000
266.5,23,45.8,-750
266.5,24,35.56,1500
266.5,27,35.13,3250
266.5,30,35.49,-3250
267.0,2,35.36,0
267.0,3,45.18,500
267.0,4,35.61,-4750
267.0,5,35.35,-4000
267.0,6,44.92,-750
267.0,7,44.29,1750
267.0,10,40.92,500
267.0,13,46.01,1750
267.0,16,43.39,-2750
267.0,18,35.15,-2750
267.0,19,44.44,2500
267.0,20,40.03,-3000
267.0,21,35.13,-2500
267.0,23,45.8,-750
267.0,30,37.98,-3250
267.0,32,35.14,-3000
267.5,2,35.06,1750
267.5,3,45.2,500
267.5,6,44.64,-750
267.5,7,44.39,1750
267.5,8,35.4,2250
267.5,10,41.01,500
267.5,13,46.03,1750
267.5,16,44.05,-2750
267.5,19,45.04,2500
267.5,20,39.79,-3000
267.5,21,35.41,-4250
267.5,23,45.42,-750
267.5,28,35.09,-5500
267.5,30,38.54,-3250
267.5,32,35.18,1500
268.0,3,44.98,500
268.0,6,44.91,-750
268.0,7,43.82,1750
268.0,8,35.74,2250
268.0,10,40.19,500
268.0,11,37.06,2000
268.0,13,47.09,1750
268.0,16,44.47,-2750
268.0,19,45.1,2500
268.0,20,42.08,-3000
268.0,23,45.47,-500
268.0,25,35.23,-4250
268.0,30,36.44,-3250
268.0,31,35.16,2000
268.0,32,36.91,-3000
268.5,2,35.12,-500
268.5,3,44.47,500
268.5,5,35.03,-2250
268.5,6,44.94,-750
268.5,7,44.92,1750
268.5,9,35.36,-5250
268.5,10,39.52,500
268.5,11,35.09,2000
268.5,13,47.2,1750
268.5,14,35.22,2750
268.5,15,35.26,-5750
268.5,16,44.31,-2750
268.5,18,35.25,4500
268.5,19,44.91,2500
268.5,20,41.0,-3000
268.5,23,45.52,-500
268.5,26,35.35,-5000
268.5,30,37.13,-3250
268.5,32,37.17,-3000
269.0,3,45.0,500
269.0,6,45.7,-750
269.0,7,44.7,1750
269.0,8,35.97,2250
269.0,10,41.0,500
269.0,13,46.94,1750
269.0,14,35.84,-3000
269.0,16,44.12,-2750
269.0,19,44.85,2500
269.0,20,39.92,-3000
269.0,23,45.01,-500
269.0,28,35.22,-3250
269.0,30,37.3,-3250
269.0,32,38.22,-3000
269.5,2,35.04,3500
269.5,3,45.07,500
269.5,6,44.47,-750
269.5,7,45.06,1750
269.5,8,35.59,2250
269.5,10,38.61,500
269.5,13,46.71,1750
269.5,16,43.84,-3000
269.5,17,35.59,-5500
269.5,19,45.14,2500
269.5,20,40.6,-3000
269.5,23,45.09,-500
269.5,28,35.27,1250
269.5,29,35.41,-1750
269.5,30,38.32,-3250
269.5,32,36.83,-3000
270.0,3,45.36,500
270.0,6,45.4,-750
270.0,7,44.67,1750
270.0,8,36.62,2250
270.0,10,40.87,500
270.0,13,46.48,1750
270.0,16,43.72,-3000
270.0,17,35.32,1750
270.0,19,45.4,2500
270.0,20,42.19,-3000
270.0,23,45.58,-750
270.0,25,35.21,3500
270.0,30,38.16,-3250
270.0,32,35.12,-5250
270.5,3,44.44,500
270.5,6,44.18,-750
270.5,7,43.51,1750
270.5,8,35.32,3000
270.5,10,40.19,500
270.5,13,46.16,1750
270.5,14,35.45,5000
270.5,16,44.17,-2750
270.5,19,45.41,2500
270.5,20,40.0,-3000
270.5,21,36.16,4750
270.5,23,43.82,-500
270.5,28,35.61,5750
270.5,30,37.5,-3250
271.0,3,45.21,500
271.0,6,44.91,-750
271.0,7,44.5,1750
271.0,8,36.13,2250
271.0,10,39.32,500
271.0,11,35.03,-1750
271.0,13,47.23,1750
271.0,16,44.1,-2750
271.0,19,44.59,2500
271.0,20,39.09,-3000
271.0,23,44.7,-500
271.0,30,36.52,-3250
271.0,32,36.7,-3000
271.5,3,45.11,500
271.5,6,45.26,-750
271.5,7,44.24,1750
271.5,9,35.66,500
271.5,10,40.23,500
271.5,12,35.08,-3250
271.5,13,47.11,1750
271.5,16,43.7,-2750
271.5,19,44.57,2500
271.5,20,40.76,-3000
271.5,23,45.63,-500
271.5,30,37.96,-3250
271.5,32,36.78,-3000
272.0,3,45.9,500
272.0,5,35.18,-750
272.0,6,45.11,-750
272.0,7,44.45,1750
272.0,8,36.03,2250
272.0,10,41.32,500
272.0,11,35.4,1250
272.0,13,46.09,1750
272.0,15,35.12,4250
272.0,16,43.87,-2750
272.0,19,44.49,2500
272.0,20,40.12,-3000
272.0,23,45.65,-750
272.0,30,37.82,-3250
272.0,31,35.1,750
272.5,3,45.13,500
272.5,4,35.33,-4500
272.5,6,45.31,-750
272.5,7,44.29,1750
272.5,10,40.41,500
272.5,12,35.29,-5000
272.5,13,45.66,1750
272.5,16,44.17,-2750
272.5,19,44.6,2500
272.5,20,41.12,-3000
272.5,23,45.09,-500
272.5,26,35.26,-1250
272.5,30,38.82,-3250
273.0,1,35.7,1500
273.0,2,35.11,1250
273.0,3,45.25,500
273.0,6,44.88,-750
273.0,7,44.86,1750
273.0,8,38.73,2250
273.0,10,40.53,500
273.0,11,36.5,2000
273.0,13,46.9,1750
273.0,15,35.29,-4750
273.0,16,43.17,-2750
273.0,17,35.42,-250
273.0,19,43.79,2500
273.0,20,40.33,-3000
273.0,21,35.27,-1750
273.0,23,46.05,-500
273.0,27,35.21,-6000
273.0,30,35.04,-3250
273.0,32,35.49,4750
273.5,1,35.3,2250
273.5,2,35.78,-500
273.5,3,45.8,500
273.5,6,44.79,-750
273.5,7,43.66,1750
273.5,9,35.84,3750
273.5,10,42.03,500
273.5,13,46.77,1750
273.5,16,44.14,-2750
273.5,19,44.4,2500
273.5,20,40.78,-3000
273.5,23,45.82,-750
273.5,30,36.61,-3250
274.0,2,35.64,750
274.0,3,45.04,500
274.0,5,35.15,-1750
274.0,6,45.05,-750
274.0,7,43.7,1750
274.0,8,35.44,2250
274.0,10,40.54,500
274.0,11,35.94,2000
274.0,13,47.84,1750
274.0,16,44.76,-2750
274.0,19,43.6,2500
274.0,20,41.6,-3000
274.0,22,35.09,-500
274.0,23,45.38,-500
274.0,24,35.14,-5750
274.0,25,35.23,500
274.0,26,35.79,3250
274.0,30,35.11,3750
274.0,32,37.12,-3000
274.5,3,44.88,500
274.5,4,36.2,-4750
274.5,6,44.94,-750
274.5,7,44.69,1750
274.5,8,36.82,2250
274.5,10,41.6,500
274.5,13,46.26,1750
274.5,16,44.31,-2750
274.5,19,45.83,2500
274.5,20,41.62,-3000
274.5,23,44.84,-750
274.5,26,35.04,-5500
274.5,28,35.14,3500
274.5,30,37.31,-3250
275.0,3,45.96,500
275.0,4,35.46,4500
275.0,5,35.11,-3500
275.0,6,45.03,-750
275.0,7,43.68,1750
275.0,10,41.97,500
275.0,13,46.03,1750
275.0,16,43.12,-2750
275.0,19,44.69,2500
275.0,20,39.82,-3000
275.0,23,45.49,-500
275.0,28,35.01,500
275.0,30,36.22,-3250
275.0,32,36.4,-3000
275.5,3,45.9,500
275.5,6,44.71,-750
275.5,7,43.51,1750
275.5,8,38.0,2250
275.5,10,41.61,500
275.5,11,37.64,2000
275.5,12,35.26,4500
275.5,13,45.54,1750
275.5,15,35.52,4250
275.5,16,43.45,-2750
275.5,19,45.06,2500
275.5,20,42.32,-3000
275.5,23,44.43,-750
275.5,30,35.39,-3250
276.0,2,35.52,-3500
276.0,3,45.15,500
276.0,4,35.16,4500
276.0,6,44.19,-750
276.0,7,44.39,1750
276.0,8,36.54,2250
276.0,10,41.17,500
276.0,12,35.57,-3500
276.0,13,46.01,1750
276.0,16,43.98,-3000
276.0,18,35.02,-4500
276.0,19,44.84,2500
276.0,20,41.42,-3000
276.0,23,44.16,-750
276.0,30,37.25,-3250
276.0,32,36.0,-3000
276.5,3,45.5,500
276.5,6,45.16,-750
276.5,7,45.37,1750
276.5,9,35.17,-250
276.5,10,40.72,500
276.5,12,35.53,1750
276.5,13,46.02,1750
276.5,16,43.29,-2750
276.5,19,44.99,2500
276.5,20,38.79,-3000
276.5,23,45.82,-750
276.5,29,35.53,-2250
276.5,30,37.41,-3250
276.5,32,36.84,-3000
277.0,2,35.15,3750
277.0,3,45.08,500
277.0,6,44.19,-750
277.0,7,44.42,1750
277.0,10,41.73,500
277.0,11,35.2,1750
277.0,13,45.71,1750
277.0,16,44.4,-2750
277.0,17,35.01,2500
277.0,19,45.05,2500
277.0,20,40.98,-3000
277.0,23,44.97,-750
277.0,30,38.32,-3250
277.0,32,38.16,-3000
277.5,3,45.5,500
277.5,4,35.17,5250
277.5,6,44.52,-750
277.5,7,44.38,1750
277.5,8,35.16,2250
277.5,9,35.24,-5500
277.5,10,41.24,500
277.5,13,45.55,1750
277.5,16,44.29,-2750
277.5,19,44.01,2500
277.5,20,40.09,-3000
277.5,23,45.09,-750
277.5,26,35.05,-4750
277.5,30,39.56,-3250
277.5,32,36.4,-3000
278.0,1,35.2,-750
278.0,3,44.75,500
278.0,5,35.38,-1250
278.0,6,44.4,-750
278.0,7,44.68,1750
278.0,8,39.34,2250
278.0,10,40.45,500
278.0,11,39.21,2000
278.0,13,45.79,1750
278.0,15,35.43,4750
278.0,16,44.58,-3000
278.0,19,43.92,2500
278.0,20,40.16,-3000
278.0,23,45.53,-750
278.0,30,38.63,-3250
278.0,32,35.49,-3000
278.5,3,45.13,500
278.5,6,44.95,-750
278.5,7,43.74,1750
278.5,10,41.04,500
278.5,11,36.43,2000
278.5,13,45.53,1750
278.5,16,43.15,-2750
278.5,19,45.14,2500
278.5,20,39.65,-3000
278.5,23,44.22,-750
278.5,30,37.29,-3250
278.5,32,37.12,-3000
279.0,1,35.23,-3250
279.0,2,35.32,1500
279.0,3,45.14,500
279.0,6,45.1,-750
279.0,7,44.3,1750
279.0,8,36.42,2250
279.0,10,41.3,500
279.0,13,46.35,1750
279.0,15,35.65,-1750
279.0,16,43.98,-2750
279.0,17,35.09,-1250
279.0,19,45.48,2500
279.0,20,40.49,-3000
279.0,23,45.08,-750
279.0,26,35.14,1500
279.0,30,37.67,-3250
279.0,31,35.46,4250
279.5,3,46.22,500
279.5,5,35.62,-1250
279.5,6,43.96,-750
279.5,7,44.55,1750
279.5,8,35.52,2000
279.5,10,41.08,500
279.5,13,46.52,1750
279.5,16,43.78,-2750
279.5,19,45.16,2500
279.5,20,39.61,-3000
279.5,23,45.33,-750
279.5,30,36.3,-3250
279.5,32,39.05,-3000
280.0,3,45.85,500
280.0,6,44.96,-750
280.0,7,43.53,1750
280.0,8,35.54,2250
280.0,10,40.97,500
280.0,13,46.41,1750
280.0,16,42.71,-2750
280.0,19,44.59,2500
280.0,20,39.65,-3000
280.0,23,44.96,-750
280.0,26,35.17,4750
280.0,30,35.99,-3250
280.5,3,45.27,500
280.5,6,44.14,-750
280.5,7,44.93,1750
280.5,8,35.21,2250
280.5,10,41.28,500
280.5,11,35.35,3500
280.5,13,45.95,1750
280.5,16,43.27,-3000
280.5,19,45.0,2500
280.5,20,40.1,-3000
280.5,22,35.31,2250
280.5,23,45.42,-750
280.5,28,35.85,-1750
280.5,30,38.28,-3250
280.5,32,37.08,-3000
281.0,3,44.16,500
281.0,6,44.68,-750
281.0,7,44.27,1750
281.0,10,40.18,500
281.0,11,37.84,2000
281.0,13,46.67,1750
281.0,16,44.16,-2750
281.0,18,35.17,-250
281.0,19,45.28,2500
281.0,20,40.87,-3000
281.0,23,44.98,-750
281.0,30,38.69,-3250
281.0,32,36.84,-3000
281.5,2,35.21,3250
281.5,3,45.02,500
281.5,6,44.71,-750
281.5,7,44.29,1750
281.5,8,35.6,5500
281.5,10,40.62,500
281.5,11,35.31,1750
281.5,13,46.4,1750
281.5,15,35.39,-5750
281.5,16,44.69,-2750
281.5,19,44.37,2500
281.5,20,40.76,-3000
281.5,23,44.61,-750
281.5,28,35.69,1250
281.5,30,35.33,1500
282.0,3,45.35,500
282.0,6,45.05,-750
282.0,7,43.89,1750
282.0,8,35.95,2250
282.0,10,40.72,500
282.0,12,35.51,5500
282.0,13,46.13,1750
282.0,16,43.38,-2750
282.0,19,43.89,2500
282.0,20,40.25,-3000
282.0,21,35.79,-1750
282.0,23,44.72,-750
282.0,30,37.81,-3250
282.0,32,36.56,-3000
282.5,3,44.86,500
282.5,6,45.1,-750
282.5,7,44.07,1750
282.5,8,35.58,2250
282.5,10,40.74,500
282.5,13,45.68,1750
282.5,16,43.43,-2750
282.5,19,44.67,2500
282.5,20,39.59,-3000
282.5,23,46.28,-750
282.5,30,38.63,-3250
282.5,32,35.72,-3000
283.0,3,44.7,500
283.0,6,45.15,-750
283.0,7,44.34,1750
283.0,10,41.35,500
283.0,13,46.81,1750
283.0,14,36.44,-4750
283.0,16,43.6,-2750
283.0,19,44.84,2500
283.0,20,40.75,-3000
283.0,23,46.06,-500
283.0,29,35.96,2500
283.0,30,36.36,-3250
283.0,32,37.4,-3000
283.5,3,45.31,500
283.5,4,35.28,-5000
283.5,6,44.09,-750
283.5,7,43.88,1750
283.5,10,40.98,500
283.5,11,37.97,2000
283.5,13,46.93,1750
283.5,14,35.21,-500
283.5,16,44.08,-2750
283.5,17,35.45,-4500
283.5,19,44.06,2500
283.5,20,41.22,-3000
283.5,23,44.88,-750
283.5,30,38.65,-3250
283.5,32,37.8,-3000
284.0,3,45.64,500
284.0,6,45.34,-750
284.0,7,44.62,1750
284.0,8,36.03,2250
284.0,10,40.34,500
284.0,13,45.76,1750
284.0,16,43.88,-2750
284.0,19,44.3,2500
284.0,20,40.36,-3000
284.0,23,44.49,-750
284.0,28,35.05,250
284.0,30,38.22,-3250
284.5,3,44.24,500
284.5,6,44.93,-750
284.5,7,42.89,1750
284.5,10,41.97,500
284.5,11,36.84,2000
284.5,13,47.34,1750
284.5,16,44.59,-2750
284.5,19,45.05,2500
284.5,20,42.57,-3000
284.5,23,45.81,-500
284.5,30,36.72,-3500
284.5,32,37.99,-3000
285.0,3,45.48,500
285.0,4,35.64,1750
285.0,6,45.26,-750
285.0,7,43.02,1750
285.0,10,38.98,500
285.0,13,46.96,1750
285.0,16,43.76,-2750
285.0,19,44.61,2500
285.0,20,40.0,-3000
285.0,23,45.47,-500
285.0,28,35.17,-1250
285.0,30,36.23,-3250
285.0,32,37.36,-3000
285.5,3,45.46,500
285.5,6,44.51,-750
285.5,7,43.73,1750
285.5,8,36.12,2250
285.5,10,40.2,500
285.5,11,38.27,2000
285.5,13,46.24,1750
285.5,16,43.72,-2750
285.5,19,44.87,2500
285.5,20,40.52,-3000
285.5,23,45.26,-750
285.5,24,35.73,2250
285.5,26,35.27,-2250
285.5,30,36.69,-3250
285.5,32,38.44,-3000
286.0,3,44.91,500
286.0,5,35.11,500
286.0,6,44.45,-750
286.0,7,43.88,1750
286.0,8,35.41,-500
286.0,9,35.47,2500
286.0,10,39.31,500
286.0,13,47.67,1750
286.0,14,35.78,-4750
286.0,16,44.11,-2750
286.0,17,35.94,500
286.0,19,45.41,2500
286.0,20,41.64,-3000
286.0,23,45.42,-500
286.0,26,35.01,-5250
286.0,30,36.66,-3250
286.0,31,35.1,750
286.0,32,38.06,-3000
286.5,3,45.47,500
286.5,6,44.45,-750
286.5,7,44.7,1750
286.5,8,35.64,2250
286.5,10,40.97,500
286.5,11,35.5,3750
286.5,13,47.24,1750
286.5,16,44.12,-2750
286.5,18,35.23,1000
286.5,19,45.41,2500
286.5,20,42.47,-3000
286.5,23,45.08,-750
286.5,29,35.03,-750
286.5,30,38.62,-3250
286.5,32,35.98,-3000
287.0,3,45.36,500
287.0,4,35.04,4500
287.0,6,44.63,-750
287.0,7,44.25,1750
287.0,8,35.11,4500
287.0,10,40.95,500
287.0,11,36.32,2000
287.0,13,46.75,1750
287.0,16,43.57,-2750
287.0,18,35.44,2750
287.0,19,45.22,2500
287.0,20,41.46,-3000
287.0,22,35.6,4250
287.0,23,45.34,-500
287.0,24,35.36,-5250
287.0,26,35.42,250
287.0,28,35.22,1500
287.0,29,35.33,4500
287.0,30,35.39,-3250
287.0,32,35.27,500
287.5,3,45.89,500
287.5,5,35.38,500
287.5,6,45.28,-750
287.5,7,43.23,1750
287.5,8,37.8,2250
287.5,10,40.23,500
287.5,12,35.9,3000
287.5,13,47.01,1750
287.5,16,44.61,-2750
287.5,19,45.41,2500
287.5,20,40.87,-3000
287.5,23,46.26,-500
287.5,30,37.07,-3250
287.5,32,38.57,-3000
288.0,3,45.12,500
288.0,5,35.02,3250
288.0,6,44.8,-750
288.0,7,43.5,1750
288.0,10,38.22,500
288.0,13,45.72,1750
288.0,16,44.32,-2750
288.0,19,45.04,2500
288.0,20,42.14,-3000
288.0,23,45.38,-750
288.0,24,35.38,1500
288.0,29,35.35,3000
288.0,30,36.47,-3250
288.0,32,35.07,4500
288.5,3,45.93,500
288.5,6,45.02,-750
288.5,7,42.67,1750
288.5,10,39.7,500
288.5,13,45.52,1750
288.5,16,43.67,-2750
288.5,19,46.16,2500
288.5,20,40.77,-3000
288.5,22,35.15,-5000
288.5,23,45.14,-750
288.5,29,35.44,4250
288.5,30,35.9,-3250
288.5,32,38.04,-3000
289.0,3,45.93,500
289.0,6,44.18,-750
289.0,7,43.69,1750
289.0,8,35.07,2250
289.0,10,42.17,500
289.0,11,35.67,1750
289.0,13,46.04,1750
289.0,16,42.89,-2750
289.0,19,44.33,2500
289.0,20,41.26,-3000
289.0,23,44.62,-750
289.0,28,35.46,-4750
289.0,30,37.86,-3250
289.0,32,38.76,-3000
289.5,3,44.91,500
289.5,6,44.39,-750
289.5,7,43.93,1750
289.5,8,37.49,2250
289.5,10,40.88,500
289.5,13,47.36,1750
289.5,16,43.18,-2750
289.5,19,45.55,2500
289.5,20,42.02,-3000
289.5,23,45.58,-500
289.5,30,36.22,-3250
289.5,32,37.66,-3000
290.0,1,35.13,-4750
290.0,3,44.82,500
290.0,6,44.52,-750
290.0,7,44.12,1750
290.0,10,40.38,500
290.0,13,45.56,1750
290.0,16,42.89,-2750
290.0,19,45.56,2500
290.0,20,41.78,-3000
290.0,23,45.01,-750
290.0,24,35.48,3500
290.0,30,36.74,-3250
290.0,32,35.93,-3000
290.5,3,46.1,500
290.5,6,45.05,-750
290.5,7,43.59,1750
290.5,10,38.86,500
290.5,13,47.22,1750
290.5,16,44.35,-2750
290.5,19,44.68,2500
290.5,20,40.11,-3000
290.5,23,45.97,-500
290.5,30,37.74,-3250
291.0,2,35.18,-250
291.0,3,44.7,500
291.0,5,35.34,3500
291.0,6,44.72,-750
291.0,7,43.87,1750
291.0,10,41.67,500
291.0,11,35.06,500
291.0,13,47.01,1750
291.0,16,44.23,-2750
291.0,19,44.5,2500
291.0,20,40.94,-3000
291.0,23,44.8,-500
291.0,31,35.06,-4250
291.0,32,36.6,-3000
291.5,2,35.62,-2750
291.5,3,45.69,500
291.5,6,44.92,-750
291.5,7,43.44,1750
291.5,8,36.03,2250
291.5,10,40.88,500
291.5,13,47.42,1750
291.5,15,35.09,500
291.5,16,43.99,-2750
291.5,18,35.05,-3500
291.5,19,45.29,2500
291.5,20,39.87,-3000
291.5,22,35.68,-2750
291.5,23,45.42,-500
291.5,26,35.33,500
291.5,28,35.23,1500
291.5,29,35.1,-250
291.5,30,36.38,-3250
291.5,32,37.99,-3000
292.0,3,45.65,500
292.0,5,35.95,4500
292.0,6,44.7,-750
292.0,7,43.6,1750
292.0,8,36.95,2250
292.0,10,40.32,500
292.0,11,36.4,2000
292.0,13,45.8,1750
292.0,16,43.43,-2750
292.0,19,44.49,2500
292.0,20,39.23,-3000
292.0,23,45.37,-750
292.0,26,35.39,-5500
292.0,30,35.72,-3250
292.0,32,36.36,-3000
292.5,3,45.35,500
292.5,4,35.29,1750
292.5,6,45.7,-750
292.5,7,42.81,1750
292.5,8,36.46,2000
292.5,10,41.15,500
292.5,12,35.96,-2000
292.5,13,47.42,1750
292.5,16,43.59,-2750
292.5,17,35.75,-4250
292.5,19,45.42,2500
292.5,20,41.88,-3000
292.5,23,44.49,-500
292.5,30,35.43,-3250
292.5,32,36.44,-3000
293.0,3,45.8,500
293.0,6,44.91,-750
293.0,7,43.65,1750
293.0,8,37.75,2250
293.0,10,40.45,500
293.0,13,46.9,1750
293.0,16,45.49,-2750
293.0,18,35.27,-2250
293.0,19,44.17,2500
293.0,20,40.45,-3000
293.0,22,35.01,-4500
293.0,23,45.19,-500
293.0,27,35.32,-5250
293.0,32,38.78,-3000
293.5,3,45.0,500
293.5,6,44.58,-750
293.5,7,43.95,1750
293.5,10,39.83,500
293.5,12,35.21,3750
293.5,13,46.29,1750
293.5,16,43.45,-2750
293.5,17,36.14,-750
293.5,19,45.52,2500
293.5,20,40.78,-3000
293.5,23,45.7,-500
293.5,30,36.04,-3250
293.5,32,36.13,-3000
294.0,3,45.64,500
294.0,6,44.42,-750
294.0,7,42.54,1750
294.0,10,41.71,500
294.0,12,35.33,250
294.0,13,45.88,1750
294.0,16,43.35,-2750
294.0,19,44.71,2500
294.0,20,39.44,-3000
294.0,23,45.36,-750
294.0,28,35.21,-500
294.0,30,36.58,-3250
294.0,32,38.91,-3000
294.5,3,45.48,500
294.5,6,44.96,-750
294.5,7,43.52,1750
294.5,8,37.3,2250
294.5,10,40.74,500
294.5,13,45.57,1750
294.5,16,43.27,-2750
294.5,19,44.68,2500
294.5,20,40.54,-3000
294.5,23,45.7,-750
294.5,30,38.8,-3250
294.5,32,37.57,-3000
295.0,3,45.8,500
295.0,6,44.83,-750
295.0,7,43.46,1750
295.0,10,41.18,500
295.0,11,35.48,2000
295.0,13,46.56,1750
295.0,16,44.08,-2750
295.0,19,44.54,2500
295.0,20,41.87,-3000
295.0,23,45.37,-750
295.0,27,35.39,-4750
295.0,30,37.48,-3250
295.0,32,36.99,-3000
295.5,3,45.3,500
295.5,6,43.6,-750
295.5,7,43.54,1750
295.5,10,41.23,500
295.5,13,47.5,1750
295.5,14,35.27,1750
295.5,16,44.2,-2750
295.5,19,43.96,2500
295.5,20,40.38,-3000
295.5,22,35.44,3500
295.5,23,45.23,-500
295.5,25,35.7,-3750
295.5,29,36.49,-250
295.5,30,36.93,-3250
295.5,32,37.97,-3000
296.0,3,45.53,500
296.0,6,45.3,-750
296.0,7,43.68,1750
296.0,8,35.24,2250
296.0,10,42.43,500
296.0,13,47.02,1750
296.0,16,44.55,-2750
296.0,19,44.87,2500
296.0,20,39.56,-3000
296.0,23,45.16,-750
296.0,30,37.71,-3250
296.0,32,38.3,-3000
296.5,2,35.48,-1750
296.5,3,45.92,500
296.5,6,45.18,-750
296.5,7,43.15,1750
296.5,10,40.24,500
296.5,13,45.78,1750
296.5,16,43.75,-2750
296.5,18,35.29,-5250
296.5,19,44.65,2500
296.5,20,39.63,-3000
296.5,23,44.01,-500
296.5,30,37.6,-3250
296.5,31,35.42,3500
297.0,3,45.68,500
297.0,5,35.03,-5750
297.0,6,44.28,-750
297.0,7,44.09,1750
297.0,8,38.19,2250
297.0,10,41.07,500
297.0,13,46.15,1750
297.0,15,35.03,3500
297.0,16,44.5,-2750
297.0,17,35.72,-5750
297.0,19,44.66,2500
297.0,20,38.69,-3000
297.0,21,35.08,4500
297.0,23,44.71,-750
297.0,24,35.39,-1500
297.0,30,37.69,-3250
297.0,32,37.92,-3000
297.5,3,45.7,500
297.5,6,44.53,-750
297.5,7,42.98,1750
297.5,8,36.91,2250
297.5,10,40.52,500
297.5,11,35.53,-4250
297.5,13,46.58,1750
297.5,16,43.95,-2750
297.5,19,45.53,2500
297.5,20,40.62,-3000
297.5,23,45.44,-750
297.5,30,35.3,-3250
297.5,32,37.98,-3000
298.0,3,45.22,500
298.0,6,44.49,-750
298.0,7,42.84,1750
298.0,10,40.81,500
298.0,11,35.71,2000
298.0,13,47.31,1750
298.0,16,44.78,-2750
298.0,19,44.33,2500
298.0,20,40.95,-3000
298.0,23,45.51,-500
298.0,25,35.56,1750
298.0,30,36.1,-3250
298.0,31,35.19,-4500
298.0,32,36.68,-3000
298.5,3,45.43,500
298.5,6,44.86,-750
298.5,7,43.83,1750
298.5,8,36.69,2250
298.5,10,40.82,500
298.5,11,36.66,2000
298.5,13,47.0,1750
298.5,16,44.41,-2750
298.5,17,35.85,1000
298.5,19,44.14,2500
298.5,20,39.46,-3000
298.5,23,44.84,-500
298.5,30,37.9,-3250
298.5,32,36.39,-3000
299.0,3,45.6,500
299.0,6,44.59,-750
299.0,7,43.72,1750
299.0,8,37.93,2250
299.0,10,40.83,500
299.0,13,47.27,1750
299.0,14,35.17,-5500
299.0,16,44.43,-2750
299.0,19,44.89,2500
299.0,20,40.45,-3000
299.0,22,35.21,1750
299.0,23,44.79,-500
299.0,25,35.2,1250
299.0,30,38.47,-3250
299.0,32,38.06,-3000
299.5,3,45.67,500
299.5,4,35.42,2500
299.5,6,44.68,-750
299.5,7,43.31,1750
299.5,8,36.61,2250
299.5,9,35.31,-4750
299.5,10,39.8,500
299.5,12,35.24,-2500
299.5,13,46.52,1750
299.5,16,45.2,-2750
299.5,19,44.1,2500
299.5,20,38.09,-3000
299.5,23,45.69,-500
299.5,30,38.89,-3250
299.5,32,36.07,-3000
300.0,3,45.34,500
300.0,6,44.01,-750
300.0,7,42.43,1750
300.0,8,35.9,2250
300.0,10,41.64,500
300.0,13,45.77,1750
300.0,16,45.13,-2750
300.0,19,44.5,2500
300.0,20,40.54,-3000
300.0,23,45.27,-750
300.0,30,35.66,-3250
300.0,31,35.08,1750
300.0,32,37.34,-3000
300.5,3,44.94,500
300.5,6,44.67,-750
300.5,7,44.27,1750
300.5,9,35.17,-1750
300.5,10,39.3,500
300.5,12,35.65,-2750
300.5,13,46.0,1750
300.5,14,35.12,1250
300.5,16,44.43,-2750
300.5,19,44.98,2500
300.5,20,39.56,-3000
300.5,23,44.82,-750
300.5,26,35.6,-3250
300.5,30,37.08,-3250
300.5,32,36.71,-3000
301.0,3,45.15,500
301.0,6,44.52,-750
301.0,7,42.77,1750
301.0,8,35.06,-2250
301.0,10,39.94,500
301.0,13,47.81,1750
301.0,16,45.56,-2750
301.0,17,35.78,500
301.0,19,45.01,2500
301.0,20,41.12,-3000
301.0,23,44.76,-500
301.0,25,35.64,-3500
301.0,30,38.73,-3250
301.5,3,45.26,500
301.5,6,44.28,-750
301.5,7,41.97,1750
301.5,8,35.35,2250
301.5,10,40.63,500
301.5,11,35.33,4750
301.5,12,35.11,-3250
301.5,13,47.72,1750
301.5,14,35.27,-4500
301.5,16,44.51,-2750
301.5,19,45.11,2500
301.5,20,39.17,-3000
301.5,23,44.99,-500
301.5,28,35.34,250
301.5,30,38.27,-3250
302.0,1,35.05,2250
302.0,3,45.27,500
302.0,6,43.97,-750
302.0,7,43.36,1750
302.0,10,40.71,500
302.0,11,35.73,2000
302.0,13,45.85,1750
302.0,16,45.12,-2750
302.0,19,44.74,2500
302.0,20,39.26,-3000
302.0,23,45.03,-750
302.0,30,39.52,-3250
302.0,32,39.19,-3000
302.5,3,45.05,500
302.5,6,44.86,-750
302.5,7,43.56,1750
302.5,8,36.48,2250
302.5,10,40.76,500
302.5,12,35.85,-1750
302.5,13,46.06,1750
302.5,16,44.28,-2750
302.5,19,45.68,2500
302.5,20,38.66,-3000
302.5,23,45.28,-500
302.5,26,35.52,-4250
302.5,30,36.62,-3250
302.5,32,37.88,-3000
303.0,3,45.01,500
303.0,6,44.48,-750
303.0,7,41.4,1750
303.0,10,41.19,500
303.0,13,46.95,1750
303.0,16,44.66,-2750
303.0,19,45.29,2500
303.0,20,39.73,-3000
303.0,23,44.89,-500
303.0,27,35.66,-3000
303.0,30,38.29,-3250
303.0,32,36.98,-3000
303.5,3,45.34,500
303.5,4,35.69,-4500
303.5,6,44.25,-750
303.5,7,44.3,1750
303.5,10,40.22,500
303.5,11,35.31,-3750
303.5,13,46.3,1750
303.5,16,44.4,-2750
303.5,18,35.97,-500
303.5,19,45.45,2500
303.5,20,38.43,-3000
303.5,23,44.36,-750
303.5,30,38.51,-3250
303.5,32,38.59,-3000
304.0,3,45.48,500
304.0,5,35.73,-1250
304.0,6,43.87,-750
304.0,7,42.32,1750
304.0,8,35.61,4750
304.0,10,39.2,500
304.0,11,36.02,2000
304.0,13,47.15,1750
304.0,16,45.28,-2750
304.0,17,35.72,-500
304.0,19,45.97,2500
304.0,20,39.5,-3000
304.0,23,45.48,-500
304.0,27,35.19,2500
304.0,30,38.03,-3250
304.0,32,35.54,-3000
304.5,3,45.61,500
304.5,6,44.36,-750
304.5,7,42.8,1750
304.5,8,35.08,250
304.5,10,40.68,500
304.5,13,45.89,1750
304.5,14,35.59,1250
304.5,16,44.26,-2750
304.5,18,35.58,1750
304.5,19,45.36,2500
304.5,20,38.85,-3000
304.5,23,45.42,-750
304.5,29,35.1,-500
304.5,30,39.1,-3250
304.5,32,36.97,-3000
305.0,3,45.06,500
305.0,6,44.05,-750
305.0,7,43.0,1750
305.0,10,40.43,500
305.0,13,46.67,1750
305.0,16,45.0,-2750
305.0,19,45.51,2500
305.0,20,39.32,-3000
305.0,23,44.66,-500
305.0,30,37.73,-3250
305.0,32,38.19,-3000
305.5,2,35.74,1750
305.5,3,45.58,500
305.5,6,44.48,-750
305.5,7,43.17,1750
305.5,8,36.03,2250
305.5,9,35.36,750
305.5,10,40.37,500
305.5,13,46.5,1750
305.5,16,45.11,-2750
305.5,19,45.28,2500
305.5,20,37.91,-3000
305.5,23,44.45,-750
305.5,26,35.19,5500
305.5,30,38.3,-3250
306.0,3,46.03,500
306.0,6,44.12,-750
306.0,7,43.49,1750
306.0,9,36.44,3500
306.0,10,40.0,500
306.0,13,45.45,1750
306.0,16,43.59,-2750
306.0,19,45.09,2500
306.0,20,40.1,-3000
306.0,23,45.03,-750
306.0,26,35.82,3750
306.0,29,35.34,-250
306.0,30,37.14,-3250
306.5,3,45.36,500
306.5,6,44.65,-750
306.5,7,42.88,1750
306.5,10,40.66,500
306.5,13,46.42,1750
306.5,16,44.51,-2750
306.5,19,44.92,2500
306.5,20,39.83,-3000
306.5,23,43.95,-500
306.5,24,35.08,4750
306.5,28,35.22,2500
306.5,30,37.96,-3250
306.5,32,39.07,-3000
307.0,3,45.61,500
307.0,6,45.25,-750
307.0,7,42.95,1750
307.0,10,40.3,500
307.0,13,45.52,1750
307.0,16,44.75,-2750
307.0,19,45.38,2500
307.0,20,39.44,-3000
307.0,23,44.97,-750
307.0,26,35.98,1500
307.0,30,39.18,-3250
307.0,32,36.04,-3000
307.5,3,45.22,500
307.5,6,45.56,-750
307.5,7,43.04,1750
307.5,10,40.55,500
307.5,11,35.56,-1500
307.5,13,46.22,1750
307.5,16,44.72,-2750
307.5,19,45.35,2500
307.5,20,41.25,-3000
307.5,22,36.59,3500
307.5,23,44.35,-750
307.5,30,39.5,-3250
307.5,32,37.06,-3000
308.0,3,45.64,500
308.0,4,35.84,-3750
308.0,6,45.36,-750
308.0,7,42.66,1750
308.0,8,36.13,2250
308.0,10,40.38,500
308.0,13,45.94,1750
308.0,16,44.33,-2750
308.0,19,45.04,2500
308.0,20,40.82,-3000
308.0,21,35.82,2250
308.0,23,44.93,-750
308.0,30,37.46,-3250
308.0,31,35.02,3500
308.5,2,35.61,-3250
308.5,3,45.65,500
308.5,6,44.52,-750
308.5,7,43.13,1750
308.5,8,35.56,2250
308.5,10,40.68,500
308.5,13,47.15,1750
308.5,16,44.89,-2750
308.5,19,44.64,2500
308.5,20,39.32,-3000
308.5,23,45.31,-500
308.5,30,37.36,-3250
308.5,32,37.19,-3000
309.0,3,45.6,500
309.0,6,44.75,-750
309.0,7,43.05,1750
309.0,10,40.58,500
309.0,13,47.0,1750
309.0,16,44.75,-2750
309.0,19,45.97,2500
309.0,20,39.63,-3000
309.0,23,44.26,-500
309.0,27,35.61,2500
309.0,30,37.51,-3250
309.5,3,45.53,500
309.5,4,35.42,-4750
309.5,6,45.05,-750
309.5,7,43.13,1750
309.5,8,37.98,2250
309.5,10,40.71,500
309.5,11,38.09,2000
309.5,13,46.9,1750
309.5,16,44.84,-2750
309.5,19,44.8,2500
309.5,20,38.77,-3000
309.5,21,35.13,3500
309.5,22,35.45,1500
309.5,23,44.78,-500
309.5,26,35.47,-500
309.5,28,35.11,1250
309.5,30,38.38,-3250
309.5,32,36.61,-3000
310.0,1,35.12,1250
310.0,3,46.58,500
310.0,6,44.92,-750
310.0,7,43.07,1750
310.0,8,36.33,2250
310.0,10,39.98,500
310.0,12,35.49,-4500
310.0,13,45.57,1750
310.0,16,43.83,-2750
310.0,19,45.22,2500
310.0,20,41.26,-3000
310.0,22,35.02,-5500
310.0,23,45.62,-750
310.0,30,38.3,-3250
310.0,32,36.59,-3000
310.5,3,45.67,500
310.5,5,35.52,-3500
310.5,6,44.83,-750
310.5,7,42.84,1750
310.5,9,35.05,-500
310.5,10,40.03,500
310.5,13,46.22,1750
310.5,16,44.78,-2750
310.5,18,35.47,-1500
310.5,19,45.8,2500
310.5,20,38.68,-3000
310.5,21,35.11,2250
310.5,22,36.15,2500
310.5,23,45.3,-750
310.5,30,36.8,-3250
310.5,32,36.62,-3000
311.0,3,46.02,500
311.0,6,44.47,-750
311.0,7,42.16,1750
311.0,8,36.59,2250
311.0,10,39.39,500
311.0,11,35.65,2000
311.0,13,47.38,1750
311.0,14,36.06,1250
311.0,16,44.36,-2750
311.0,19,45.35,2500
311.0,20,39.96,-3000
311.0,22,35.2,500
311.0,23,45.02,-500
311.0,30,37.29,-3250
311.0,31,35.68,-3750
311.0,32,36.19,-3000
311.5,2,35.59,-3250
311.5,3,45.88,500
311.5,6,45.1,-750
311.5,7,42.13,1750
311.5,8,37.01,2250
311.5,10,41.77,500
311.5,11,36.62,2000
311.5,13,46.27,1750
311.5,16,45.26,-2750
311.5,19,45.29,2500
311.5,20,39.98,-3000
311.5,23,44.34,-750
311.5,25,35.61,4500
311.5,30,38.02,-3250
312.0,3,45.88,500
312.0,6,45.37,-750
312.0,7,42.91,1750
312.0,9,35.84,1750
312.0,10,41.31,500
312.0,13,45.78,1750
312.0,16,43.7,-2750
312.0,19,45.22,2500
312.0,20,39.74,-3000
312.0,23,45.44,-750
312.0,30,38.19,-3250
312.5,3,45.82,500
312.5,6,44.76,-750
312.5,7,42.65,1750
312.5,8,35.22,2250
312.5,10,40.32,500
312.5,13,46.16,1750
312.5,16,44.65,-2750
312.5,19,45.66,2500
312.5,20,38.88,-3000
312.5,23,44.95,-750
312.5,26,35.04,-4500
312.5,30,39.5,-3250
312.5,32,38.08,-3000
313.0,3,45.63,500
313.0,6,44.33,-750
313.0,7,42.08,1750
313.0,8,37.28,2250
313.0,10,41.39,500
313.0,13,47.34,1750
313.0,16,44.45,-2750
313.0,19,44.75,2500
313.0,20,38.21,-3000
313.0,23,45.23,-500
313.0,24,35.09,-1500
313.0,30,35.36,-3250
313.5,3,46.08,500
313.5,6,45.54,-750
313.5,7,41.51,1750
313.5,10,41.34,500
313.5,13,47.39,1750
313.5,16,44.19,-2750
313.5,19,45.59,2500
313.5,20,39.16,-3000
313.5,21,35.3,1750
313.5,23,45.78,-750
313.5,25,35.72,-5750
313.5,30,36.87,-3250
313.5,32,35.01,-3000
314.0,3,46.38,500
314.0,6,45.31,-750
314.0,7,41.71,1750
314.0,10,40.56,500
314.0,11,35.33,2500
314.0,13,46.69,1750
314.0,14,35.54,-2500
314.0,15,36.18,-750
314.0,16,44.58,-2750
314.0,18,35.2,5250
314.0,19,45.66,2500
314.0,20,40.74,-3000
314.0,22,35.11,3500
314.0,23,44.9,-750
314.0,27,35.86,-4750
314.0,30,36.0,-3250
314.0,32,35.56,-2500
314.5,3,46.09,500
314.5,6,46.09,-750
314.5,7,42.35,1750
314.5,8,35.89,2250
314.5,9,35.05,2750
314.5,10,39.69,500
314.5,12,35.56,5500
314.5,13,47.13,1750
314.5,16,43.84,-2750
314.5,19,45.46,2500
314.5,20,38.54,-3000
314.5,23,44.77,-500
314.5,24,35.02,1500
314.5,30,38.13,-3250
314.5,32,39.61,-3000
315.0,1,35.22,5250
315.0,2,35.71,750
315.0,3,46.15,500
315.0,5,35.47,2500
315.0,6,44.37,-750
315.0,7,42.48,1750
315.0,8,35.77,2250
315.0,10,41.43,500
315.0,13,47.37,1750
315.0,16,44.37,-2750
315.0,17,35.12,500
315.0,18,35.58,-2500
315.0,19,45.5,2500
315.0,20,39.9,-3000
315.0,21,35.04,-2500
315.0,23,44.29,-500
315.0,24,35.51,2500
315.0,25,35.04,-5250
315.0,27,35.11,500
315.0,30,36.72,-3250
315.0,32,37.39,-3000
315.5,3,46.09,500
315.5,5,35.46,5500
315.5,6,45.04,-750
315.5,7,42.68,1750
315.5,8,35.97,2250
315.5,10,41.36,500
315.5,13,46.62,1750
315.5,16,43.97,-2750
315.5,19,44.88,2500
315.5,20,39.39,-3000
315.5,23,45.19,-500
315.5,25,35.19,5500
315.5,30,37.05,-3250
315.5,32,35.47,2750
316.0,3,45.98,500
316.0,6,45.36,-750
316.0,7,41.1,1750
316.0,10,40.57,500
316.0,12,35.37,-1750
316.0,13,47.28,1750
316.0,14,35.31,5250
316.0,16,44.88,-2750
316.0,19,45.11,2500
316.0,20,41.07,-3000
316.0,23,45.3,-500
316.0,28,35.4,-500
316.0,30,37.58,-3250
316.0,31,35.21,-750
316.5,3,45.45,500
316.5,5,35.26,2750
316.5,6,45.19,-750
316.5,7,42.67,1750
316.5,8,37.11,2250
316.5,10,41.9,500
316.5,13,47.48,1750
316.5,16,43.9,-2750
316.5,17,35.37,2000
316.5,19,45.7,2500
316.5,20,39.48,-3000
316.5,23,45.06,-750
316.5,32,37.0,-3000
317.0,3,46.05,500
317.0,6,44.0,-750
317.0,7,42.67,1750
317.0,10,39.22,500
317.0,13,46.55,1750
317.0,14,35.65,1500
317.0,16,43.79,-2750
317.0,19,46.06,2500
317.0,20,39.13,-3000
317.0,21,35.73,250
317.0,23,43.58,-500
317.0,30,40.37,-3250
317.0,32,38.34,-3000
317.5,3,45.43,500
317.5,6,44.97,-750
317.5,7,43.24,1750
317.5,8,35.48,2250
317.5,10,40.77,500
317.5,13,45.76,1750
317.5,16,45.35,-2750
317.5,19,45.25,2500
317.5,20,38.17,-3000
317.5,22,35.21,500
317.5,23,45.14,-750
317.5,26,35.2,4500
317.5,28,35.07,-1500
317.5,30,38.12,-3250
318.0,3,46.12,500
318.0,6,44.67,-750
318.0,7,42.31,1750
318.0,10,40.03,500
318.0,13,46.46,1750
318.0,16,44.2,-2750
318.0,19,45.27,2500
318.0,20,39.71,-3000
318.0,23,44.07,-500
318.0,30,36.42,-3250
318.0,32,35.71,-3000
318.5,3,45.15,500
318.5,6,44.89,-750
318.5,7,43.5,1750
318.5,8,35.62,2250
318.5,10,40.25,500
318.5,13,45.91,1750
318.5,16,44.64,-2750
318.5,19,45.31,2500
318.5,20,39.07,-3000
318.5,23,44.85,-750
318.5,25,35.4,5250
318.5,30,36.29,-3250
319.0,3,45.81,500
319.0,6,45.5,-750
319.0,7,42.56,1750
319.0,8,37.41,2250
319.0,9,35.32,-4750
319.0,10,40.9,500
319.0,12,35.41,2250
319.0,13,46.02,1750
319.0,16,44.84,-2750
319.0,19,45.1,2500
319.0,20,37.45,-3000
319.0,23,44.99,-750
319.0,30,36.82,-3250
319.0,32,38.13,-3000
319.5,3,45.91,500
319.5,6,45.63,-750
319.5,7,41.13,1750
319.5,10,40.43,500
319.5,13,47.43,1750
319.5,16,44.29,-2750
319.5,19,45.1,2500
319.5,20,40.51,-3000
319.5,23,43.85,-500
319.5,30,38.03,-3250
319.5,32,36.04,-3000
320.0,1,35.28,-500
320.0,3,45.18,500
320.0,6,44.87,-750
320.0,7,43.99,1750
320.0,8,36.74,2250
320.0,10,39.46,500
320.0,13,45.37,1750
320.0,16,43.94,-2750
320.0,19,45.12,2500
320.0,20,38.96,-3000
320.0,23,44.9,-750
320.0,29,35.26,1500
320.0,30,36.18,-3250
320.5,3,45.6,500
320.5,6,44.68,-750
320.5,7,42.78,1750
320.5,8,36.91,2250
320.5,10,40.65,500
320.5,13,47.14,1750
320.5,16,44.76,-2750
320.5,19,45.43,2500
320.5,20,41.76,-3000
320.5,21,35.28,-2250
320.5,22,35.24,1250
320.5,23,44.51,-500
320.5,24,35.46,-2500
320.5,30,35.26,-3250
320.5,32,37.33,-3000
321.0,3,45.98,500
321.0,6,45.55,-750
321.0,7,42.42,1750
321.0,10,40.94,500
321.0,13,46.52,1750
321.0,16,44.93,-2750
321.0,18,35.26,-1750
321.0,19,45.16,2500
321.0,20,40.33,-3000
321.0,23,44.46,-500
321.0,29,35.06,-250
321.0,30,37.17,-3250
321.0,32,38.19,-3000
321.5,3,45.43,500
321.5,4,35.48,-4250
321.5,6,44.31,-750
321.5,7,41.8,1750
321.5,10,40.18,500
321.5,13,47.67,1750
321.5,15,35.06,-750
321.5,16,44.41,-2750
321.5,19,45.11,2500
321.5,20,38.96,-3000
321.5,23,44.52,-500
321.5,30,36.01,-3250
321.5,32,38.03,-3000
322.0,3,45.71,500
322.0,6,44.14,-750
322.0,7,43.3,1750
322.0,10,39.95,500
322.0,11,37.24,2000
322.0,13,46.38,1750
322.0,16,43.62,-2750
322.0,19,44.8,2500
322.0,20,41.24,-3000
322.0,22,35.52,4500
322.0,23,44.47,-750
322.0,29,35.28,500
322.0,30,37.87,-3250
322.0,32,36.51,-3000
322.5,3,46.13,500
322.5,6,45.15,-750
322.5,7,41.26,1750
322.5,8,35.14,2250
322.5,10,41.28,500
322.5,11,37.46,2000
322.5,13,46.89,1750
322.5,16,44.65,-2750
322.5,18,35.29,500
322.5,19,45.42,2500
322.5,20,39.46,-3000
322.5,23,44.85,-500
322.5,26,35.05,1750
322.5,29,35.22,1250
322.5,31,35.14,4500
322.5,32,36.88,-3000
323.0,1,36.05,2000
323.0,3,45.95,500
323.0,6,44.99,-750
323.0,7,42.86,1750
323.0,8,36.15,2250
323.0,10,39.64,500
323.0,13,47.28,1750
323.0,16,44.01,-2750
323.0,19,45.54,2500
323.0,20,40.06,-3000
323.0,23,44.49,-500
323.0,30,35.39,1500
323.0,32,37.1,-3000
323.5,3,45.97,500
323.5,6,45.39,-750
323.5,7,42.64,1750
323.5,8,37.55,2250
323.5,10,40.29,500
323.5,11,35.39,-2750
323.5,13,46.56,1750
323.5,16,44.67,-2750
323.5,19,44.88,2500
323.5,20,40.24,-3000
323.5,23,44.72,-500
323.5,30,37.4,-3250
323.5,32,38.44,-3000
324.0,3,45.55,500
324.0,6,44.73,-750
324.0,7,43.92,1750
324.0,10,40.12,500
324.0,13,45.47,1750
324.0,16,44.05,-2750
324.0,19,44.94,2500
324.0,20,40.65,-3000
324.0,23,42.86,-500
324.0,30,35.99,-3250
324.0,31,35.95,500
324.0,32,37.87,-3000
324.5,3,45.88,500
324.5,6,45.09,-750
324.5,7,42.54,1750
324.5,8,35.77,2250
324.5,10,39.19,500
324.5,13,46.01,1750
324.5,16,43.89,-2750
324.5,17,35.04,2500
324.5,19,44.83,2500
324.5,20,40.08,-3000
324.5,23,44.79,-750
324.5,30,36.67,-3250
324.5,32,37.8,-3000
325.0,3,46.11,500
325.0,6,43.8,-750
325.0,7,41.61,1750
325.0,10,40.2,500
325.0,11,38.74,2000
325.0,12,35.37,2500
325.0,13,46.06,1750
325.0,16,44.6,-2750
325.0,19,45.05,2500
325.0,20,39.51,-3000
325.0,22,35.06,5750
325.0,23,44.12,-500
325.0,30,36.88,-3250
325.0,32,36.84,-3000
325.5,3,46.2,500
325.5,4,35.18,3500
325.5,5,35.41,2250
325.5,6,44.19,-750
325.5,7,44.14,1750
325.5,10,40.78,500
325.5,11,35.28,-5500
325.5,13,47.04,1750
325.5,16,44.31,-2750
325.5,17,35.21,-4500
325.5,19,44.93,2500
325.5,20,39.26,-3000
325.5,23,44.79,-500
325.5,24,35.52,1500
325.5,29,35.06,500
325.5,30,35.03,-3250
325.5,32,37.61,-3000
326.0,3,45.6,500
326.0,4,35.21,3750
326.0,6,45.02,-750
326.0,7,43.53,1750
326.0,10,40.48,500
326.0,13,46.84,1750
326.0,15,35.04,500
326.0,16,44.33,-2750
326.0,18,35.02,4250
326.0,19,45.04,2500
326.0,20,40.68,-3000
326.0,21,35.67,-500
326.0,23,44.55,-500
326.0,32,37.97,-3000
326.5,3,45.39,500
326.5,6,45.01,-750
326.5,7,44.18,1750
326.5,10,39.9,500
326.5,11,36.5,2000
326.5,13,46.49,1750
326.5,16,43.95,-2750
326.5,19,43.47,2500
326.5,20,41.05,-3000
326.5,23,44.76,-750
326.5,24,35.87,-750
326.5,30,38.99,-3250
326.5,32,36.6,-3000
327.0,2,35.19,3500
327.0,3,45.98,500
327.0,6,44.84,-750
327.0,7,43.94,1750
327.0,10,38.82,500
327.0,13,46.53,1750
327.0,14,35.16,-3250
327.0,16,43.99,-2750
327.0,19,45.36,2500
327.0,20,39.34,-3000
327.0,23,43.78,-500
327.0,30,38.91,-3250
327.0,32,35.82,-3000
327.5,3,45.68,500
327.5,6,45.31,-750
327.5,7,43.66,1750
327.5,8,35.67,2250
327.5,10,40.39,500
327.5,12,35.54,2500
327.5,13,46.24,1750
327.5,16,44.65,-2750
327.5,19,45.45,2500
327.5,20,40.69,-3000
327.5,23,44.16,-750
327.5,30,36.72,-3250
327.5,32,35.32,-4500
328.0,3,45.86,500
328.0,6,45.91,-750
328.0,7,42.45,1750
328.0,8,36.63,2250
328.0,10,40.96,500
328.0,11,35.31,5750
328.0,12,35.43,-500
328.0,13,47.7,1750
328.0,16,44.41,-2750
328.0,19,44.88,2500
328.0,20,40.27,-3000
328.0,23,45.27,-500
328.0,25,35.56,-4250
328.0,27,35.09,-1500
328.0,30,36.76,-3250
328.0,32,37.16,-3000
328.5,3,45.99,500
328.5,6,45.21,-750
328.5,7,42.55,1750
328.5,8,35.85,2250
328.5,10,39.84,500
328.5,11,36.97,2000
328.5,13,47.2,1750
328.5,16,44.63,-2750
328.5,19,45.91,2500
328.5,20,42.31,-3000
328.5,23,44.18,-500
328.5,30,37.3,-3250
328.5,32,37.24,-3000
329.0,3,46.11,500
329.0,5,35.64,4750
329.0,6,44.75,-750
329.0,7,42.46,1750
329.0,8,35.15,-1750
329.0,10,39.67,500
329.0,13,47.8,1750
329.0,14,35.01,3250
329.0,15,35.44,4750
329.0,16,44.55,-2750
329.0,19,45.32,2500
329.0,20,40.46,-3000
329.0,21,35.08,2500
329.0,23,44.19,-500
329.0,24,35.27,-3750
329.0,30,36.71,-3250
329.0,32,37.7,-3000
329.5,3,45.77,500
329.5,6,44.58,-750
329.5,7,43.62,1750
329.5,8,35.56,2250
329.5,10,40.62,500
329.5,11,38.5,2000
329.5,12,35.74,-750
329.5,13,46.77,1750
329.5,16,43.39,-2750
329.5,19,44.86,2500
329.5,20,39.96,-3000
329.5,23,45.19,-500
329.5,30,35.6,-3250
329.5,32,38.9,-3000
330.0,3,45.59,500
330.0,6,44.62,-750
330.0,7,43.81,1750
330.0,10,39.83,500
330.0,13,46.07,1750
330.0,14,35.55,2750
330.0,16,44.14,-2750
330.0,18,35.32,-2000
330.0,19,45.14,2500
330.0,20,40.82,-3000
330.0,23,45.02,-750
330.0,25,35.4,-5750
330.0,30,37.35,-3250
330.0,32,38.0,-3000
330.5,2,35.66,-5750
330.5,3,45.86,500
330.5,6,44.94,-750
330.5,7,43.23,1750
330.5,10,39.04,500
330.5,13,46.24,1750
330.5,16,44.01,-2750
330.5,19,45.58,2500
330.5,20,39.76,-3000
330.5,23,43.8,-500
330.5,24,36.09,-5500
330.5,26,35.21,-2750
330.5,30,36.34,-3250
330.5,32,36.97,-3000
331.0,2,35.17,-500
331.0,3,45.96,500
331.0,6,45.34,-750
331.0,7,43.1,1750
331.0,10,40.42,500
331.0,11,37.15,2000
331.0,13,47.37,1750
331.0,16,43.86,-2750
331.0,19,45.53,2500
331.0,20,40.93,-3000
331.0,23,44.69,-500
331.0,25,35.34,3500
331.0,30,36.48,-3250
331.0,31,35.0,-5500
331.0,32,39.61,-3000
331.5,3,45.44,500
331.5,6,45.27,-750
331.5,7,43.85,1750
331.5,8,35.69,3250
331.5,10,39.26,500
331.5,13,47.01,1750
331.5,16,43.59,-2750
331.5,19,45.63,2500
331.5,20,38.97,-3000
331.5,23,44.69,-500
331.5,30,37.19,-3250
331.5,31,35.36,5500
331.5,32,37.16,-3000
332.0,3,45.69,500
332.0,4,35.47,-500
332.0,6,45.31,-750
332.0,7,43.46,1750
332.0,8,35.72,2250
332.0,10,38.2,500
332.0,11,37.97,2000
332.0,13,46.95,1750
332.0,16,43.8,-2750
332.0,19,45.08,2500
332.0,20,40.33,-3000
332.0,23,45.12,-750
332.0,30,37.98,-3250
332.0,32,37.1,-3000
332.5,3,46.26,500
332.5,6,44.51,-750
332.5,7,43.59,1750
332.5,8,36.22,2250
332.5,9,36.27,-750
332.5,10,39.05,500
332.5,12,35.53,-4750
332.5,13,45.48,1750
332.5,16,43.66,-2750
332.5,17,36.01,-1750
332.5,18,35.18,-4500
332.5,19,45.9,2500
332.5,20,39.04,-3000
332.5,23,44.91,-750
332.5,28,35.13,5250
332.5,29,35.46,-3500
332.5,30,36.98,-3250
332.5,32,37.69,-3000
333.0,1,35.17,3500
333.0,3,46.24,500
333.0,5,35.19,-1750
333.0,6,44.53,-750
333.0,7,43.15,1750
333.0,10,38.28,500
333.0,11,36.84,2000
333.0,13,47.22,1750
333.0,16,43.54,-2750
333.0,19,45.33,2500
333.0,20,41.55,-3000
333.0,23,44.66,-500
333.0,30,37.5,-3250
333.0,31,35.45,2250
333.0,32,38.67,-3000
333.5,3,45.72,500
333.5,5,35.07,-3750
333.5,6,44.94,-750
333.5,7,43.59,1750
333.5,10,36.56,500
333.5,13,46.4,1750
333.5,16,43.73,-2750
333.5,19,45.4,2500
333.5,20,40.88,-3000
333.5,23,43.35,-500
333.5,30,39.06,-3250
333.5,32,37.88,-3000
334.0,3,45.85,500
334.0,6,45.08,-750
334.0,7,42.51,1750
334.0,8,35.3,2250
334.0,10,39.98,500
334.0,13,47.63,1750
334.0,16,43.69,-2750
334.0,19,45.12,2500
334.0,20,40.69,-3000
334.0,23,45.16,-750
334.0,29,35.18,-4500
334.0,30,36.13,-3250
334.0,32,40.06,-3000
334.5,3,46.41,500
334.5,6,44.88,-750
334.5,7,43.22,1750
334.5,10,39.85,500
334.5,11,37.61,2000
334.5,13,46.12,1750
334.5,16,44.17,-2750
334.5,19,44.62,2500
334.5,20,39.95,-3000
334.5,23,44.35,-500
334.5,30,37.36,-3250
334.5,32,39.6,-3000
335.0,3,45.86,500
335.0,6,44.57,-750
335.0,7,43.74,1750
335.0,10,40.25,500
335.0,13,46.11,1750
335.0,15,35.18,-4750
335.0,16,43.84,-2750
335.0,19,45.58,2500
335.0,20,39.74,-3000
335.0,23,43.47,-500
335.0,27,35.34,2500
335.0,30,40.61,-3250
335.0,32,38.76,-3000
335.5,3,46.22,500
335.5,5,35.1,4500
335.5,6,44.47,-750
335.5,7,42.78,1750
335.5,10,40.75,500
335.5,11,38.43,2000
335.5,13,45.79,1750
335.5,16,43.37,-2750
335.5,18,35.18,2250
335.5,19,45.47,2500
335.5,20,40.39,-3000
335.5,23,43.66,-500
335.5,24,35.05,5500
335.5,29,35.05,3500
335.5,30,36.86,-3250
335.5,32,38.72,-3000
336.0,3,45.92,500
336.0,6,45.14,-750
336.0,7,42.7,1750
336.0,10,40.07,500
336.0,11,35.03,-2500
336.0,13,46.43,1750
336.0,16,43.09,-2750
336.0,19,45.01,2500
336.0,20,39.44,-3000
336.0,23,45.05,-750
336.0,30,39.53,-3250
336.0,32,38.42,-3000
336.5,3,45.8,500
336.5,5,35.89,-5750
336.5,6,45.11,-750
336.5,7,43.39,1750
336.5,8,35.84,3500
336.5,10,38.99,500
336.5,13,46.21,1750
336.5,15,35.42,4500
336.5,16,42.85,-2750
336.5,19,44.38,2500
336.5,20,39.75,-3000
336.5,23,45.36,-750
336.5,27,35.04,-1250
336.5,29,35.01,1500
336.5,30,38.04,-3250
336.5,32,38.75,-3000
337.0,1,35.19,2500
337.0,3,45.92,500
337.0,6,44.86,-750
337.0,7,42.74,1750
337.0,9,35.39,2500
337.0,10,40.7,500
337.0,11,38.23,2000
337.0,13,45.6,1750
337.0,16,44.55,-2750
337.0,19,44.87,2500
337.0,20,39.32,-3000
337.0,23,45.22,-750
337.0,24,35.8,250
337.0,30,38.47,-3250
337.0,32,39.55,-3000
337.5,3,46.67,500
337.5,4,35.72,-1250
337.5,6,45.16,-750
337.5,7,43.34,1750
337.5,9,35.56,-2250
337.5,10,39.74,500
337.5,11,38.69,2000
337.5,13,46.3,1750
337.5,16,42.66,-2750
337.5,19,45.08,2500
337.5,20,38.42,-3000
337.5,23,44.92,-750
337.5,30,39.47,-3250
337.5,32,38.26,-3000
338.0,3,45.95,500
338.0,5,36.36,-1000
338.0,6,44.83,-750
338.0,7,43.5,1750
338.0,9,35.13,-500
338.0,10,40.47,500
338.0,13,45.79,1750
338.0,15,35.12,2500
338.0,16,42.55,-2750
338.0,19,45.33,2500
338.0,20,41.52,-3000
338.0,23,44.25,-500
338.0,28,35.52,5000
338.0,30,38.64,-3250
338.0,32,39.45,-3000
338.5,3,46.08,500
338.5,6,45.92,-750
338.5,7,43.56,1750
338.5,9,35.14,500
338.5,10,38.64,500
338.5,13,47.76,1750
338.5,16,41.92,-2750
338.5,18,35.78,-2500
338.5,19,44.81,2500
338.5,20,40.29,-3000
338.5,21,35.03,-1500
338.5,22,35.76,500
338.5,23,45.05,-750
338.5,30,38.25,-3250
338.5,32,38.37,-3000
339.0,2,35.94,-5000
339.0,3,45.98,500
339.0,6,44.79,-750
339.0,7,43.95,1750
339.0,8,35.63,-5500
339.0,10,40.08,500
339.0,13,47.08,1750
339.0,16,43.28,-2750
339.0,19,45.0,2500
339.0,20,40.19,-3000
339.0,23,45.39,-750
339.0,30,35.77,-3250
339.0,32,39.58,-3000
339.5,3,46.34,500
339.5,6,44.27,-750
339.5,7,43.47,1750
339.5,10,38.7,500
339.5,11,37.75,2000
339.5,13,46.16,1750
339.5,16,43.6,-2750
339.5,19,44.52,2500
339.5,20,41.07,-3000
339.5,23,44.03,-500
339.5,30,36.48,-3250
339.5,32,38.49,-3000
340.0,3,46.46,500
340.0,6,44.34,-750
340.0,7,43.01,1750
340.0,8,36.62,2250
340.0,10,41.36,500
340.0,13,47.23,1750
340.0,16,42.53,-2750
340.0,19,44.48,2500
340.0,20,40.9,-3000
340.0,23,45.1,-750
340.0,26,35.29,5250
340.0,30,37.44,-3250
340.0,32,38.99,-3000
340.5,1,35.45,-2750
340.5,3,46.21,500
340.5,6,45.02,-750
340.5,7,43.55,1750
340.5,10,39.07,500
340.5,11,37.31,2000
340.5,13,47.0,1750
340.5,16,44.31,-2750
340.5,19,45.06,2500
340.5,20,40.95,-3000
340.5,23,44.41,-500
340.5,24,35.34,-4500
340.5,26,35.58,-2250
340.5,30,37.07,-3250
340.5,32,38.76,-3000
341.0,3,46.42,500
341.0,6,44.06,-750
341.0,7,43.19,1750
341.0,8,35.06,-4500
341.0,10,38.87,500
341.0,13,47.19,1750
341.0,16,41.82,-2750
341.0,18,35.01,3500
341.0,19,45.76,2500
341.0,20,41.16,-3000
341.0,23,44.82,-500
341.0,30,38.21,-3250
341.0,32,36.72,-3000
341.5,1,35.29,4500
341.5,3,46.23,500
341.5,6,43.9,-750
341.5,7,43.47,1750
341.5,8,36.48,2250
341.5,9,35.28,-750
341.5,10,39.55,500
341.5,13,47.19,1750
341.5,16,43.77,-2750
341.5,19,45.62,2500
341.5,20,41.2,-3000
341.5,23,44.91,-750
341.5,30,36.17,-3250
341.5,31,35.89,4250
341.5,32,37.82,-3000
342.0,3,46.2,500
342.0,6,44.92,-750
342.0,7,43.41,1750
342.0,8,35.93,2250
342.0,10,40.01,500
342.0,13,45.97,1750
342.0,16,43.13,-2750
342.0,17,35.39,1500
342.0,19,45.21,2500
342.0,20,40.59,-3000
342.0,23,45.0,-750
342.0,30,36.64,-3250
342.0,32,36.79,-3000
342.5,3,46.26,500
342.5,6,45.22,-750
342.5,7,43.57,1750
342.5,8,38.19,2250
342.5,10,39.61,500
342.5,13,45.88,1750
342.5,16,42.6,-2750
342.5,19,44.67,2500
342.5,20,40.15,-3000
342.5,23,44.46,-500
342.5,28,35.19,-500
342.5,30,36.05,-3250
342.5,32,37.29,-3000
343.0,1,35.07,-2500
343.0,3,46.56,500
343.0,6,44.15,-750
343.0,7,42.86,1750
343.0,10,40.38,500
343.0,13,47.38,1750
343.0,16,42.56,-2750
343.0,18,35.22,-2500
343.0,19,44.64,2500
343.0,20,40.22,-3000
343.0,23,44.85,-500
343.0,26,35.08,-3500
343.0,30,37.1,-3250
343.0,32,36.79,-3000
343.5,3,46.41,500
343.5,6,44.0,-750
343.5,7,43.76,1750
343.5,10,38.36,500
343.5,11,38.03,2000
343.5,13,47.04,1750
343.5,14,35.04,-500
343.5,16,43.42,-2750
343.5,19,45.3,2500
343.5,20,38.31,-3000
343.5,23,43.98,-500
343.5,30,37.15,-3250
343.5,32,38.7,-3000
344.0,2,35.26,-1500
344.0,3,46.24,500
344.0,4,35.15,3500
344.0,6,45.33,-750
344.0,7,44.4,1750
344.0,8,35.81,2250
344.0,10,39.77,500
344.0,11,37.47,2000
344.0,13,46.83,1750
344.0,16,42.92,-2750
344.0,19,45.39,2500
344.0,20,39.78,-3000
344.0,23,44.36,-500
344.0,30,38.33,-3250
344.0,32,36.04,-3000
344.5,1,35.37,-5750
344.5,3,45.73,500
344.5,6,44.79,-750
344.5,7,43.35,1750
344.5,8,37.75,2250
344.5,10,41.33,500
344.5,13,47.38,1750
344.5,14,36.03,-1500
344.5,16,42.4,-2750
344.5,18,35.53,-1500
344.5,19,45.41,2500
344.5,20,39.5,-3000
344.5,23,45.28,-750
344.5,27,35.96,4500
344.5,30,37.35,-3250
344.5,32,38.26,-3000
345.0,3,45.81,500
345.0,5,35.58,-1500
345.0,6,44.19,-750
345.0,7,43.05,1750
345.0,10,37.03,500
345.0,11,35.99,2000
345.0,13,46.13,1750
345.0,16,42.85,-2750
345.0,19,44.86,2500
345.0,20,40.68,-3000
345.0,23,44.3,-500
345.0,26,35.23,2000
345.0,30,37.53,-3250
345.0,32,37.26,-3000
345.5,3,46.22,500
345.5,6,45.23,-750
345.5,7,43.39,1750
345.5,10,40.9,500
345.5,13,46.26,1750
345.5,15,35.47,3000
345.5,16,42.93,-2750
345.5,19,44.66,2500
345.5,20,39.76,-3000
345.5,22,35.61,-2500
345.5,23,44.08,-500
345.5,30,36.8,-3250
345.5,32,39.04,-3000
346.0,3,47.16,500
346.0,6,44.81,-750
346.0,7,44.03,1750
346.0,8,38.2,2250
346.0,10,38.41,500
346.0,11,37.63,2000
346.0,13,46.98,1750
346.0,16,42.37,-2750
346.0,19,45.4,2500
346.0,20,39.94,-3000
346.0,23,45.54,-750
346.0,27,35.12,-2250
346.0,30,35.29,-3250
346.0,32,37.21,-3000
346.5,3,45.97,500
346.5,5,35.46,-2500
346.5,6,45.12,-750
346.5,7,43.77,1750
346.5,8,36.65,2250
346.5,10,40.2,500
346.5,11,36.49,2000
346.5,12,36.21,-4250
346.5,13,45.96,1750
346.5,16,42.8,-2750
346.5,19,44.88,2500
346.5,20,40.04,-3000
346.5,23,43.54,-500
346.5,30,38.96,-3250
347.0,3,47.12,500
347.0,6,44.75,-750
347.0,7,44.72,1750
347.0,8,35.4,2250
347.0,10,39.31,500
347.0,13,46.48,1750
347.0,16,43.45,-2750
347.0,19,44.5,2500
347.0,20,39.78,-3000
347.0,23,43.72,-500
347.0,24,35.18,-1750
347.0,30,39.03,-3250
347.0,32,36.61,-3000
347.5,3,46.52,500
347.5,6,45.31,-750
347.5,7,43.89,1750
347.5,8,36.48,1500
347.5,10,38.73,500
347.5,13,47.25,1750
347.5,16,42.88,-2750
347.5,18,35.57,-1750
347.5,19,44.81,2500
347.5,20,39.39,-3000
347.5,23,45.31,-750
347.5,29,35.02,1250
347.5,30,37.84,-3250
347.5,32,37.23,-3000
348.0,3,45.92,500
348.0,6,44.13,-750
348.0,7,44.77,1750
348.0,8,39.12,2250
348.0,10,38.57,500
348.0,11,37.64,2000
348.0,13,45.96,1750
348.0,16,43.2,-2750
348.0,17,35.07,-1500
348.0,19,44.84,2500
348.0,20,38.14,-3000
348.0,21,35.16,2500
348.0,23,44.69,-750
348.0,27,35.23,-1500
348.0,28,35.3,4500
348.0,30,38.22,-3250
348.0,32,37.57,-3000
348.5,3,46.21,500
348.5,4,35.12,-4500
348.5,6,44.57,-750
348.5,7,44.18,1750
348.5,8,38.13,2250
348.5,10,38.19,500
348.5,11,35.46,2250
348.5,13,46.54,1750
348.5,15,35.26,2500
348.5,16,43.62,-2750
348.5,19,45.44,2500
348.5,20,38.38,-3000
348.5,23,43.11,-500
348.5,30,38.45,-3250
348.5,32,36.35,-3000
349.0,3,45.73,500
349.0,5,35.74,1750
349.0,6,44.99,-750
349.0,7,44.38,1750
349.0,8,36.44,2250
349.0,10,37.74,500
349.0,13,45.74,1750
349.0,16,43.3,-2750
349.0,18,36.38,1750
349.0,19,45.21,2500
349.0,20,40.1,-3000
349.0,23,43.36,-500
349.0,28,35.52,-500
349.0,30,38.43,-3250
349.0,32,36.6,-3000
349.5,3,46.35,500
349.5,6,45.92,-750
349.5,7,44.2,1750
349.5,8,36.62,2250
349.5,10,38.86,500
349.5,13,47.15,1750
349.5,16,43.41,-2750
349.5,19,45.25,2500
349.5,20,40.46,-3000
349.5,23,45.07,-750
349.5,30,39.19,-3250
349.5,32,39.4,-3000
350.0,3,45.87,500
350.0,6,45.25,-750
350.0,7,43.64,1750
350.0,8,35.8,2250
350.0,10,39.85,500
350.0,13,45.92,1750
350.0,16,43.11,-2750
350.0,18,35.32,5250
350.0,19,44.85,2500
350.0,20,39.05,-3000
350.0,21,35.08,-750
350.0,23,43.24,-500
350.0,25,35.73,-1500
350.0,30,37.17,-3250
350.0,32,37.53,-3000
350.5,3,46.73,500
350.5,6,45.38,-750
350.5,7,44.16,1750
350.5,8,36.08,2250
350.5,10,39.15,500
350.5,11,35.45,1750
350.5,13,46.72,1750
350.5,16,43.23,-2750
350.5,19,45.93,2500
350.5,20,40.79,-3000
350.5,21,35.11,-500
350.5,23,44.69,-750
350.5,28,35.26,-3250
350.5,30,37.31,-3250
350.5,32,37.43,-3000
351.0,3,45.94,500
351.0,6,45.2,-750
351.0,7,43.86,1750
351.0,10,40.16,500
351.0,11,37.76,2000
351.0,13,47.06,1750
351.0,16,42.83,-2750
351.0,17,35.3,-750
351.0,19,45.71,2500
351.0,20,39.23,-3000
351.0,23,43.96,-500
351.0,27,35.09,-1500
351.0,30,39.62,-3250
351.0,32,36.52,-3000
351.5,3,46.28,500
351.5,6,45.05,-750
351.5,7,43.93,1750
351.5,8,36.53,2250
351.5,10,39.21,500
351.5,13,47.28,1750
351.5,16,43.16,-2750
351.5,19,44.61,2500
351.5,20,41.61,-3000
351.5,23,45.28,-750
351.5,24,35.08,-2750
351.5,26,35.6,-1750
351.5,27,36.21,5000
351.5,30,40.59,-3250
351.5,32,39.1,-3000
352.0,1,36.56,4000
352.0,3,46.0,500
352.0,6,45.61,-750
352.0,7,45.04,1750
352.0,8,35.03,2500
352.0,10,38.4,500
352.0,11,39.42,2000
352.0,13,45.34,1750
352.0,14,35.69,-750
352.0,16,43.67,-2750
352.0,19,44.49,2500
352.0,20,39.58,-3000
352.0,23,43.76,-500
352.0,27,35.21,2500
352.0,29,35.06,4500
352.0,30,39.62,-3250
352.0,31,36.34,-5500
352.0,32,37.36,-3000
352.5,3,45.42,500
352.5,4,35.16,5500
352.5,6,44.77,-750
352.5,7,43.91,1750
352.5,10,39.82,500
352.5,11,36.02,2000
352.5,13,46.99,1750
352.5,16,43.65,-2750
352.5,17,35.46,-3750
352.5,19,46.22,2500
352.5,20,39.62,-3000
352.5,23,45.11,-750
352.5,24,35.19,1500
352.5,30,37.18,-3250
352.5,32,37.23,-3000
353.0,2,35.87,1750
353.0,3,46.53,500
353.0,5,35.04,250
353.0,6,44.3,-750
353.0,7,43.62,1750
353.0,8,36.51,2250
353.0,10,37.75,500
353.0,13,47.36,1750
353.0,14,35.27,1750
353.0,16,43.87,-2750
353.0,19,44.32,2500
353.0,20,39.42,-3000
353.0,23,45.63,-750
353.0,30,38.09,-3250
353.0,32,39.15,-3000
353.5,3,46.19,500
353.5,6,44.7,-750
353.5,7,43.58,1750
353.5,9,35.02,2500
353.5,10,38.55,500
353.5,11,35.48,2250
353.5,13,46.04,1750
353.5,16,42.72,-2750
353.5,19,45.2,2500
353.5,20,40.04,-3000
353.5,23,44.58,-750
353.5,30,37.41,-3250
353.5,32,37.48,-3000
354.0,3,46.89,500
354.0,6,44.81,-750
354.0,7,43.76,1750
354.0,8,36.17,2250
354.0,10,37.76,500
354.0,13,45.45,1750
354.0,16,43.84,-2750
354.0,19,44.43,2500
354.0,20,41.47,-3000
354.0,23,44.23,-500
354.0,30,40.51,-3250
354.0,31,35.19,4500
354.0,32,37.09,-3000
354.5,3,46.16,500
354.5,6,44.74,-750
354.5,7,43.11,1750
354.5,8,35.76,2250
354.5,10,38.98,500
354.5,13,45.79,1750
354.5,16,43.67,-2750
354.5,19,44.82,2500
354.5,20,38.52,-3000
354.5,22,35.8,-500
354.5,23,43.58,-500
354.5,30,39.29,-3250
354.5,32,35.42,-3000
355.0,3,46.49,500
355.0,5,35.01,500
355.0,6,45.34,-750
355.0,7,44.63,1750
355.0,10,39.1,500
355.0,11,37.41,2000
355.0,13,46.24,1750
355.0,16,43.29,-2750
355.0,19,44.85,2500
355.0,20,39.88,-3000
355.0,23,43.93,-500
355.0,26,35.4,-750
355.0,30,39.66,-3250
355.0,32,39.01,-3000
355.5,3,46.93,500
355.5,6,45.01,-750
355.5,7,44.42,1750
355.5,8,35.47,2250
355.5,10,37.4,500
355.5,11,35.15,2250
355.5,13,47.06,1750
355.5,15,35.82,4750
355.5,16,44.07,-2750
355.5,19,45.0,2500
355.5,20,39.49,-3000
355.5,22,35.3,5250
355.5,23,44.85,-750
355.5,25,35.49,-1750
355.5,30,38.2,-3250
355.5,31,35.3,500
355.5,32,36.97,-3000
356.0,3,46.42,500
356.0,6,45.08,-750
356.0,7,44.35,1750
356.0,8,37.24,2250
356.0,10,38.93,500
356.0,12,35.11,-5000
356.0,13,47.19,1750
356.0,15,35.15,-4750
356.0,16,43.89,-2750
356.0,19,44.45,2500
356.0,20,38.79,-3000
356.0,23,43.89,-500
356.0,24,35.35,-3000
356.0,29,35.3,-2250
356.0,30,40.14,-3250
356.0,32,37.5,-3000
356.5,3,45.4,500
356.5,6,45.7,-750
356.5,7,43.28,1750
356.5,9,35.64,-4750
356.5,10,39.73,500
356.5,13,45.49,1750
356.5,16,43.91,-2750
356.5,17,35.1,-1750
356.5,18,35.09,-500
356.5,19,45.0,2500
356.5,20,40.49,-3000
356.5,23,44.52,-750
356.5,25,35.7,-5250
356.5,30,38.59,-3250
356.5,32,37.48,-3000
357.0,3,46.15,500
357.0,5,35.15,3500
357.0,6,45.18,-750
357.0,7,43.45,1750
357.0,8,36.0,2250
357.0,10,38.28,500
357.0,11,36.21,2000
357.0,13,45.98,1750
357.0,16,43.7,-3000
357.0,19,44.71,2500
357.0,20,39.31,-3000
357.0,23,43.78,-500
357.0,30,38.37,-3250
357.5,1,35.54,5500
357.5,3,46.47,500
357.5,4,35.15,5250
357.5,6,45.5,-750
357.5,7,43.75,1750
357.5,8,36.45,2250
357.5,9,35.42,1250
357.5,10,39.91,500
357.5,13,46.09,1750
357.5,16,43.24,-2750
357.5,19,44.45,2500
357.5,20,40.19,-3000
357.5,23,44.78,-750
357.5,30,38.82,-3250
358.0,3,46.27,500
358.0,6,45.09,-750
358.0,7,44.27,1750
358.0,8,35.32,2250
358.0,10,38.99,500
358.0,11,37.13,2000
358.0,12,35.64,3500
358.0,13,46.52,1750
358.0,15,35.11,-500
358.0,16,43.01,-2750
358.0,19,44.72,2500
358.0,20,39.28,-3000
358.0,23,45.82,-750
358.0,27,35.34,-750
358.0,30,38.81,-3250
358.0,32,37.85,-3000
358.5,3,46.77,500
358.5,6,44.61,-750
358.5,7,43.64,1750
358.5,8,36.92,2250
358.5,10,39.19,500
358.5,11,38.95,2000
358.5,13,47.15,1750
358.5,16,43.49,-2750
358.5,19,44.36,2500
358.5,20,38.83,-3000
358.5,23,44.73,-750
358.5,29,36.15,-2000
358.5,30,38.17,-3250
358.5,31,36.08,2000
358.5,32,39.21,-3000
359.0,2,35.19,3500
359.0,3,46.4,500
359.0,6,45.1,-750
359.0,7,43.63,1750
359.0,8,36.07,2250
359.0,10,38.6,500
359.0,13,47.09,1750
359.0,16,43.65,-2750
359.0,17,35.1,750
359.0,19,45.45,2500
359.0,20,39.48,-3000
359.0,23,45.61,-750
359.0,27,35.04,4500
359.0,30,39.81,-3250
359.0,32,37.96,-3000
359.5,3,46.75,500
359.5,6,44.8,-750
359.5,7,43.26,1750
359.5,8,37.01,2250
359.5,10,38.96,500
359.5,11,37.76,2000
359.5,13,45.74,1750
359.5,16,43.3,-2750
359.5,19,44.48,2500
359.5,20,41.58,-3000
359.5,23,45.34,-750
359.5,30,40.95,-3250
359.5,32,38.11,-3000
360.0,1,35.11,1500
360.0,3,46.26,500
360.0,5,35.66,-4750
360.0,6,44.92,-750
360.0,7,43.03,1750
360.0,8,35.13,2250
360.0,10,38.2,500
360.0,12,35.73,4750
360.0,13,45.32,1750
360.0,16,43.57,-3000
360.0,17,35.08,2500
360.0,19,44.95,2500
360.0,20,40.13,-3000
360.0,23,43.5,-500
360.0,30,38.93,-3250
360.0,32,37.27,-3000
360.5,3,46.63,500
360.5,6,44.78,-750
360.5,7,44.41,1750
360.5,8,37.49,2250
360.5,10,39.22,500
360.5,13,46.32,1750
360.5,16,43.88,-2750
360.5,19,44.45,2500
360.5,20,39.6,-3000
360.5,21,35.62,-500
360.5,23,43.01,-500
360.5,25,35.0,3500
360.5,30,38.11,-3250
361.0,3,46.96,500
361.0,5,35.32,2500
361.0,6,44.24,-750
361.0,7,44.09,1750
361.0,8,35.82,2250
361.0,10,39.17,500
361.0,11,37.5,2000
361.0,13,46.33,1750
361.0,16,43.31,-2750
361.0,19,45.03,2500
361.0,20,39.47,-3000
361.0,23,45.46,-750
361.0,29,35.92,-3500
361.0,30,38.87,-3250
361.0,32,38.81,-3000
361.5,3,46.71,500
361.5,6,44.74,-750
361.5,7,43.94,1750
361.5,10,38.27,500
361.5,13,46.77,1750
361.5,16,43.32,-2750
361.5,19,45.12,2500
361.5,20,41.4,-3000
361.5,23,45.57,-750
361.5,30,37.45,-3250
361.5,32,38.63,-3000
362.0,3,46.67,500
362.0,6,44.73,-750
362.0,7,44.39,1750
362.0,8,36.34,2250
362.0,10,38.72,500
362.0,11,36.82,2000
362.0,13,46.77,1750
362.0,16,44.29,-2750
362.0,19,43.76,2500
362.0,20,39.78,-3000
362.0,23,43.3,-500
362.0,29,35.29,1750
362.0,30,39.71,-3250
362.0,31,36.03,5500
362.0,32,37.47,-3000
362.5,1,35.08,500
362.5,3,46.92,500
362.5,6,44.55,-750
362.5,7,44.83,1750
362.5,8,35.52,2250
362.5,10,37.47,500
362.5,13,46.32,1750
362.5,16,43.71,-2750
362.5,19,42.97,2500
362.5,20,39.32,-3000
362.5,23,45.34,-750
362.5,30,37.96,-3250
362.5,32,38.22,-3000
363.0,1,35.56,5250
363.0,3,46.44,500
363.0,6,44.76,-750
363.0,7,44.62,1750
363.0,8,37.69,2250
363.0,9,35.92,4250
363.0,10,39.12,500
363.0,11,37.79,2000
363.0,13,46.96,1750
363.0,16,43.13,-2750
363.0,18,36.19,2250
363.0,19,44.96,2500
363.0,20,39.33,-3000
363.0,23,45.78,-750
363.0,24,35.2,1750
363.0,30,39.84,-3250
363.0,32,37.89,-3000
363.5,3,46.94,500
363.5,6,44.84,-750
363.5,7,44.01,1750
363.5,8,36.18,2250
363.5,9,35.14,-2750
363.5,10,38.74,500
363.5,13,45.12,1750
363.5,16,43.74,-2750
363.5,19,43.85,2500
363.5,20,40.03,-3000
363.5,23,44.15,-750
363.5,30,39.28,-3250
363.5,32,37.97,-3000
364.0,3,46.7,500
364.0,6,44.33,-750
364.0,7,42.78,1750
364.0,8,35.65,2250
364.0,10,39.64,500
364.0,11,38.41,2000
364.0,12,35.48,5750
364.0,13,46.89,1750
364.0,16,43.32,-2750
364.0,17,36.12,-1250
364.0,19,44.47,2500
364.0,20,41.83,-3000
364.0,23,45.49,-750
364.0,24,35.29,0
364.0,27,35.42,1500
364.0,30,39.54,-3250
364.0,32,37.28,-3000
364.5,3,46.3,500
364.5,6,45.32,-750
364.5,7,44.18,1750
364.5,8,37.36,2250
364.5,10,37.73,500
364.5,11,36.9,2000
364.5,13,46.11,1750
364.5,16,43.64,-3000
364.5,18,35.28,4750
364.5,19,43.48,2500
364.5,20,40.24,-3000
364.5,21,35.49,4250
364.5,22,35.36,-1500
364.5,23,44.62,-750
364.5,30,40.44,-3250
364.5,32,37.72,-3000
365.0,2,35.03,-2750
365.0,3,46.64,500
365.0,4,35.05,-1750
365.0,6,44.0,-750
365.0,7,44.32,1750
365.0,8,36.53,2250
365.0,10,39.23,500
365.0,13,45.49,1750
365.0,15,35.66,0
365.0,16,43.48,-2750
365.0,19,44.51,2500
365.0,20,39.45,-3000
365.0,21,35.21,1250
365.0,23,45.44,-750
365.0,25,35.4,2500
365.0,30,39.47,-3250
365.0,32,38.08,-3000
365.5,3,46.68,500
365.5,4,35.09,-1500
365.5,6,44.94,-750
365.5,7,44.45,1750
365.5,8,36.74,2250
365.5,10,37.89,500
365.5,11,38.78,2000
365.5,13,45.75,1750
365.5,15,35.04,-3750
365.5,16,44.13,-2750
365.5,19,44.32,2500
365.5,20,41.81,-3000
365.5,23,43.84,-500
365.5,30,39.19,-3250
365.5,32,37.7,-3000
366.0,3,46.21,500
366.0,6,44.89,-750
366.0,7,44.82,1750
366.0,8,36.28,2250
366.0,10,38.42,500
366.0,13,45.0,1750
366.0,16,43.52,-2750
366.0,19,43.1,2500
366.0,20,40.89,-3000
366.0,23,44.52,-500
366.0,27,35.02,1500
366.0,30,40.09,-3250
366.0,32,36.42,-3000
366.5,3,46.09,500
366.5,6,44.68,-750
366.5,7,44.56,1750
366.5,10,38.33,500
366.5,12,35.71,-1500
366.5,13,45.65,1750
366.5,14,35.18,-2500
366.5,16,43.99,-2750
366.5,19,44.19,2500
366.5,20,40.73,-3000
366.5,23,44.81,-500
366.5,30,38.75,-3250
366.5,32,38.55,-3000
367.0,1,35.29,-750
367.0,3,46.01,500
367.0,6,45.15,-750
367.0,7,44.67,1750
367.0,10,38.72,500
367.0,13,45.55,1750
367.0,16,44.19,-2750
367.0,17,35.13,-4750
367.0,19,44.02,2500
367.0,20,40.67,-3000
367.0,23,43.55,-500
367.0,30,39.56,-3250
367.0,32,37.72,-3000
367.5,1,35.84,-3250
367.5,3,46.44,500
367.5,6,45.32,-750
367.5,7,44.77,1750
367.5,8,36.58,2250
367.5,10,35.87,500
367.5,13,46.21,1750
367.5,14,35.42,1750
367.5,16,43.23,-2750
367.5,19,45.0,2500
367.5,20,41.0,-3000
367.5,21,35.44,-250
367.5,23,45.59,-750
367.5,28,36.23,5750
367.5,29,35.63,1750
367.5,30,38.61,-3250
367.5,32,37.3,-3000
368.0,1,35.03,1750
368.0,3,46.86,500
368.0,4,35.59,500
368.0,6,45.17,-750
368.0,7,43.64,1750
368.0,10,36.49,500
368.0,11,35.04,1500
368.0,12,35.33,3750
368.0,13,47.05,1750
368.0,16,42.78,-2750
368.0,19,44.26,2500
368.0,20,40.15,-3000
368.0,23,44.62,-750
368.0,25,36.23,2750
368.0,30,40.48,-3250
368.0,31,35.56,-3500
368.0,32,36.6,-3000
368.5,3,46.47,500
368.5,5,35.15,500
368.5,6,45.47,-750
368.5,7,44.15,1750
368.5,8,35.59,2250
368.5,10,38.87,500
368.5,13,46.82,1750
368.5,14,35.15,250
368.5,16,43.38,-2750
368.5,18,35.15,500
368.5,19,44.18,2500
368.5,20,38.8,-3000
368.5,23,45.52,-750
368.5,30,37.81,-3250
368.5,32,37.43,-3000
369.0,3,46.36,500
369.0,5,35.47,1750
369.0,6,45.02,-750
369.0,7,44.12,1750
369.0,10,38.45,500
369.0,13,46.87,1750
369.0,15,35.21,5500
369.0,16,42.54,-2750
369.0,19,45.06,2500
369.0,20,40.55,-3000
369.0,23,45.23,-750
369.0,24,35.22,2250
369.0,30,37.26,-3250
369.0,32,37.35,-3000
369.5,3,45.72,500
369.5,6,45.34,-750
369.5,7,44.97,1750
369.5,8,36.84,2250
369.5,9,35.88,-5500
369.5,10,37.89,500
369.5,13,46.23,1750
369.5,16,44.4,-2750
369.5,18,35.25,2500
369.5,19,44.82,2500
369.5,20,39.62,-3000
369.5,23,44.47,-500
369.5,30,40.73,-3250
369.5,31,35.39,-3000
369.5,32,39.6,-3000
370.0,3,46.27,500
370.0,6,45.28,-750
370.0,7,44.12,1750
370.0,8,36.53,2250
370.0,10,36.26,500
370.0,13,47.02,1750
370.0,16,42.84,-2750
370.0,18,35.37,-5250
370.0,19,44.95,2500
370.0,20,40.19,-3000
370.0,23,46.0,-750
370.0,27,35.18,-5750
370.0,30,37.43,-3250
370.0,32,36.79,-3000
370.5,2,35.45,5250
370.5,3,46.55,500
370.5,6,45.17,-750
370.5,7,44.0,1750
370.5,9,35.24,-2250
370.5,10,38.73,500
370.5,13,46.42,1750
370.5,14,35.29,1500
370.5,16,43.57,-3000
370.5,17,35.87,250
370.5,19,45.06,2500
370.5,20,38.29,-3000
370.5,22,35.85,2500
370.5,23,45.77,-750
370.5,27,35.9,3750
370.5,28,35.45,5750
370.5,30,37.18,-3250
370.5,32,36.71,-3000
371.0,3,45.81,500
371.0,6,46.02,-750
371.0,7,43.91,1750
371.0,10,36.89,500
371.0,11,38.52,2000
371.0,13,46.31,1750
371.0,16,43.43,-2750
371.0,19,43.62,2500
371.0,20,39.48,-3000
371.0,23,44.75,-500
371.0,24,35.98,4750
371.0,30,38.75,-3250
371.0,32,36.84,-3000
371.5,1,35.29,-5750
371.5,3,46.31,500
371.5,6,45.1,-750
371.5,7,44.07,1750
371.5,10,39.06,500
371.5,12,35.1,-750
371.5,13,47.38,1750
371.5,14,35.34,500
371.5,16,43.25,-2750
371.5,18,35.23,-2500
371.5,19,45.1,2500
371.5,20,39.13,-3000
371.5,23,45.6,-750
371.5,30,36.22,-3250
371.5,31,35.1,4500
371.5,32,39.17,-3000
372.0,3,46.19,500
372.0,6,44.67,-750
372.0,7,44.72,1750
372.0,8,35.13,2500
372.0,10,38.34,500
372.0,13,46.18,1750
372.0,16,43.63,-2750
372.0,19,44.63,2500
372.0,20,39.72,-3000
372.0,23,43.95,-500
372.0,29,35.19,-4250
372.0,30,38.06,-3250
372.0,32,38.44,-3000
372.5,3,45.59,500
372.5,6,45.6,-750
372.5,7,44.27,1750
372.5,10,39.38,500
372.5,13,45.83,1750
372.5,16,43.4,-2750
372.5,19,44.3,2500
372.5,20,41.01,-3000
372.5,22,35.13,-4250
372.5,23,44.02,-500
372.5,29,35.22,-1750
372.5,30,39.75,-3250
372.5,31,35.05,1500
372.5,32,36.53,-3000
373.0,3,46.7,500
373.0,6,44.85,-750
373.0,7,44.21,1750
373.0,8,36.87,2250
373.0,10,38.01,500
373.0,13,46.76,1750
373.0,16,42.59,-2750
373.0,19,45.0,2500
373.0,20,39.68,-3000
373.0,23,45.55,-750
373.0,30,36.26,-3250
373.0,32,36.95,-3000
373.5,3,46.04,500
373.5,6,45.89,-750
373.5,7,44.08,1750
373.5,8,37.54,2250
373.5,9,35.32,3750
373.5,10,38.66,500
373.5,13,47.43,1750
373.5,16,43.39,-2750
373.5,19,44.75,2500
373.5,20,38.75,-3000
373.5,22,35.19,-5500
373.5,23,44.29,-500
373.5,30,38.07,-3250
373.5,32,36.63,-3000
374.0,2,36.13,-5000
374.0,3,46.12,500
374.0,6,45.63,-750
374.0,7,43.76,1750
374.0,8,36.25,2250
374.0,10,37.72,500
374.0,13,47.67,1750
374.0,16,43.3,-2750
374.0,19,45.25,2500
374.0,20,39.53,-3000
374.0,22,35.47,1750
374.0,23,45.25,-750
374.0,24,35.43,-750
374.0,27,35.3,4250
374.0,30,37.37,-3250
374.0,32,37.28,-3000
374.5,3,46.77,500
374.5,4,35.58,5750
374.5,6,45.1,-750
374.5,7,43.89,1750
374.5,8,35.78,2250
374.5,9,35.81,-250
374.5,10,39.99,500
374.5,11,36.45,2000
374.5,13,47.34,1750
374.5,16,44.09,-2750
374.5,19,45.35,2500
374.5,20,39.92,-3000
374.5,23,45.67,-750
374.5,25,35.24,1750
374.5,26,35.2,5500
374.5,30,37.94,-3250
374.5,31,36.41,-750
374.5,32,36.2,-3000
375.0,3,45.9,500
375.0,6,44.99,-750
375.0,7,43.83,1750
375.0,10,36.72,500
375.0,13,46.31,1750
375.0,16,43.32,-2750
375.0,19,44.33,2500
375.0,20,41.41,-3000
375.0,23,44.17,-500
375.0,30,35.0,500
375.0,32,36.8,-3000
375.5,3,46.13,500
375.5,6,45.03,-750
375.5,7,42.58,1750
375.5,8,35.67,2250
375.5,10,39.91,500
375.5,13,46.89,1750
375.5,16,43.68,-3000
375.5,18,35.18,-2250
375.5,19,45.29,2500
375.5,20,40.2,-3000
375.5,21,35.29,4500
375.5,23,45.73,-750
375.5,28,35.15,4500
375.5,30,38.13,-3250
375.5,32,37.88,-3000
376.0,3,46.73,500
376.0,5,35.08,-4500
376.0,6,44.55,-750
376.0,7,43.55,1750
376.0,9,35.02,-3500
376.0,10,39.96,500
376.0,11,37.02,2000
376.0,13,46.82,1750
376.0,16,43.45,-2750
376.0,19,45.58,2500
376.0,20,40.18,-3000
376.0,23,46.0,-750
376.0,30,37.69,-3250
376.0,32,36.23,-3000
376.5,3,46.55,500
376.5,4,35.0,-1750
376.5,6,45.24,-750
376.5,7,43.66,1750
376.5,10,38.55,500
376.5,13,47.2,1750
376.5,14,35.4,-1500
376.5,16,43.57,-2750
376.5,17,35.08,-500
376.5,19,43.83,2500
376.5,20,40.15,-3000
376.5,22,35.18,2000
376.5,23,44.12,-500
376.5,26,35.9,-1000
376.5,30,37.93,-3250
376.5,32,37.54,-3000
377.0,3,46.02,500
377.0,6,44.66,-750
377.0,7,43.26,1750
377.0,8,36.79,2250
377.0,10,41.0,500
377.0,11,38.17,2000
377.0,13,46.86,1750
377.0,16,43.05,-2750
377.0,19,44.72,2500
377.0,20,39.0,-3000
377.0,23,45.86,-750
377.0,30,39.07,-3250
377.0,32,36.53,-3000
377.5,3,46.02,500
377.5,6,44.79,-750
377.5,7,43.85,1750
377.5,10,36.35,500
377.5,13,46.55,1750
377.5,16,43.1,-2750
377.5,19,44.23,2500
377.5,20,39.52,-3000
377.5,23,43.94,-500
377.5,30,36.65,-3250
377.5,32,35.17,-3500
378.0,2,35.25,-750
378.0,3,46.27,500
378.0,6,45.24,-750
378.0,7,42.81,1750
378.0,10,38.96,500
378.0,13,46.11,1750
378.0,16,43.53,-2750
378.0,19,44.58,2500
378.0,20,39.41,-3000
378.0,23,43.76,-500
378.0,27,35.41,-500
378.0,30,37.79,-3250
378.5,3,45.74,500
378.5,6,44.62,-750
378.5,7,43.41,1750
378.5,10,39.78,500
378.5,13,45.92,1750
378.5,16,43.35,-3000
378.5,18,35.14,1500
378.5,19,44.24,2500
378.5,20,38.47,-3000
378.5,23,43.95,-500
378.5,28,35.42,-3250
378.5,30,36.05,-3250
378.5,32,38.47,-3000
379.0,3,46.18,500
379.0,6,45.6,-750
379.0,7,43.96,1750
379.0,8,35.11,2250
379.0,10,37.01,500
379.0,13,45.11,1750
379.0,16,44.29,-2750
379.0,19,45.28,2500
379.0,20,39.04,-3000
379.0,23,43.82,-500
379.0,25,35.46,-4500
379.0,27,35.47,5250
379.0,32,37.31,-3000
379.5,3,47.0,500
379.5,6,44.14,-750
379.5,7,44.13,1750
379.5,8,35.62,2250
379.5,10,36.64,500
379.5,13,47.23,1750
379.5,16,43.93,-3000
379.5,19,44.61,2500
379.5,20,39.1,-3000
379.5,23,45.65,-750
379.5,25,35.56,3750
379.5,27,35.18,-1500
379.5,30,37.62,-3250
379.5,32,36.52,-3000
380.0,3,45.38,500
380.0,5,35.72,-3750
380.0,6,45.32,-750
380.0,7,44.02,1750
380.0,8,35.68,2250
380.0,10,38.37,500
380.0,13,46.01,1750
380.0,16,44.17,-2750
380.0,19,44.54,2500
380.0,20,38.84,-3000
380.0,23,44.99,-500
380.0,25,35.93,-4000
380.0,29,35.76,500
380.0,30,37.75,-3250
380.0,32,35.35,-2500
380.5,1,35.83,1750
380.5,3,46.57,500
380.5,6,44.2,-750
380.5,7,43.37,1750
380.5,10,40.26,500
380.5,13,47.06,1750
380.5,16,43.37,-2750
380.5,17,35.26,-750
380.5,19,45.5,2500
380.5,20,39.89,-3000
380.5,23,45.45,-750
380.5,32,36.72,-3000
381.0,3,46.64,500
381.0,6,44.69,-750
381.0,7,44.51,1750
381.0,8,36.58,2250
381.0,10,41.09,500
381.0,13,47.47,1750
381.0,14,35.24,2500
381.0,16,42.32,-2750
381.0,19,45.31,2500
381.0,20,38.12,-3000
381.0,23,45.46,-750
381.0,30,36.25,-3250
381.0,32,36.63,-4250
381.5,3,46.46,500
381.5,6,44.9,-750
381.5,7,43.34,1750
381.5,10,39.74,500
381.5,13,47.71,1750
381.5,16,43.32,-2750
381.5,19,44.57,2500
381.5,20,39.05,-3000
381.5,23,46.13,-750
381.5,24,35.36,1500
381.5,30,37.28,-3250
381.5,32,38.91,-3000
382.0,3,46.09,500
382.0,6,45.26,-750
382.0,7,44.62,1750
382.0,8,37.12,2250
382.0,10,36.49,500
382.0,11,36.02,-5000
382.0,13,46.12,1750
382.0,16,43.73,-2750
382.0,19,45.33,2500
382.0,20,37.9,-3000
382.0,23,43.61,-500
382.5,3,46.63,500
382.5,6,45.41,-750
382.5,7,43.32,1750
382.5,8,37.25,2250
382.5,10,38.78,500
382.5,11,38.1,2000
382.5,13,47.33,1750
382.5,16,42.43,-2750
382.5,19,45.08,2500
382.5,20,37.95,-3000
382.5,23,45.88,-750
382.5,25,35.25,250
382.5,30,37.97,-3250
382.5,32,36.65,-3000
383.0,2,35.41,-4500
383.0,3,47.08,500
383.0,6,44.79,-750
383.0,7,44.11,1750
383.0,8,36.2,2250
383.0,10,38.23,500
383.0,13,46.83,1750
383.0,16,42.82,-2750
383.0,19,45.24,2500
383.0,20,39.27,-3000
383.0,23,45.97,-750
383.0,25,35.11,-5500
383.0,30,39.56,-3250
383.0,32,37.93,-3000
383.5,3,46.59,500
383.5,4,35.21,2500
383.5,6,44.89,-750
383.5,7,43.83,1750
383.5,8,37.17,2250
383.5,10,37.02,500
383.5,12,35.06,2500
383.5,13,46.49,1750
383.5,14,35.37,-500
383.5,16,42.48,-2750
383.5,19,45.48,2500
383.5,20,38.89,-3000
383.5,23,45.6,-750
383.5,24,35.16,-5500
383.5,25,35.63,-2000
383.5,30,38.88,-3250
383.5,32,36.22,-3000
384.0,3,46.49,500
384.0,6,45.39,-750
384.0,7,44.21,1750
384.0,8,37.22,2250
384.0,10,40.31,500
384.0,13,45.85,1750
384.0,16,43.27,-3000
384.0,19,44.74,2500
384.0,20,38.3,-3000
384.0,21,35.02,5500
384.0,23,44.92,-500
384.0,26,35.35,-3500
384.0,30,38.88,-3250
384.0,32,37.59,-3000
384.5,3,46.99,500
384.5,6,45.13,-750
384.5,7,43.72,1750
384.5,10,38.67,500
384.5,13,46.44,1750
384.5,16,43.53,-3000
384.5,19,43.79,2500
384.5,20,38.54,-3000
384.5,23,44.23,-500
384.5,30,37.8,-3250
385.0,3,46.3,500
385.0,6,45.05,-750
385.0,7,44.67,1750
385.0,8,38.25,2250
385.0,10,38.52,500
385.0,11,36.95,2000
385.0,13,45.67,1750
385.0,16,44.08,-3000
385.0,19,44.87,2500
385.0,20,38.84,-3000
385.0,23,44.23,-500
385.0,30,39.1,-3250
385.0,32,38.82,-3000
385.5,3,46.69,500
385.5,6,44.82,-750
385.5,7,43.88,1750
385.5,8,37.6,2250
385.5,9,35.75,2000
385.5,10,38.4,500
385.5,13,46.95,1750
385.5,16,42.76,-2750
385.5,17,35.11,-3500
385.5,19,44.47,2500
385.5,20,39.23,-3000
385.5,23,46.39,-750
385.5,30,39.11,-3250
385.5,31,35.17,-3750
385.5,32,35.86,-3000
386.0,3,46.9,500
386.0,6,44.55,-750
386.0,7,44.76,1750
386.0,8,37.5,2250
386.0,10,38.6,500
386.0,13,46.84,1750
386.0,15,35.17,3500
386.0,16,44.09,-2750
386.0,18,36.05,1500
386.0,19,43.97,2500
386.0,20,38.65,-3000
386.0,23,43.8,-500
386.0,24,35.09,1500
386.0,26,35.11,-3500
386.0,27,35.23,-1250
386.0,30,37.23,-3250
386.0,32,35.03,3500
386.5,3,46.59,500
386.5,6,44.63,-750
386.5,7,43.78,1750
386.5,8,36.31,2250
386.5,10,35.66,500
386.5,11,36.07,2000
386.5,13,46.05,1750
386.5,16,44.01,-2750
386.5,19,45.02,2500
386.5,20,38.68,-3000
386.5,23,43.63,-500
386.5,30,36.34,-3250
386.5,32,36.97,-3000
387.0,3,46.58,500
387.0,5,35.42,-2500
387.0,6,45.31,-750
387.0,7,44.3,1750
387.0,8,36.65,2250
387.0,10,39.54,500
387.0,13,45.8,1750
387.0,16,43.39,-2750
387.0,19,44.02,2500
387.0,20,39.19,-3000
387.0,23,44.75,-500
387.0,30,38.29,-3250
387.0,32,36.15,-3000
387.5,3,46.04,500
387.5,4,35.08,2500
387.5,6,45.22,-750
387.5,7,44.66,1750
387.5,8,38.25,2250
387.5,10,39.15,500
387.5,13,45.3,1750
387.5,16,43.02,-2750
387.5,19,43.57,2500
387.5,20,40.43,-3000
387.5,23,44.65,-500
387.5,28,35.2,-5500
387.5,30,38.5,-3250
387.5,32,37.78,-3000
388.0,3,46.72,500
388.0,6,44.4,-750
388.0,7,45.06,1750
388.0,8,36.57,2250
388.0,9,35.71,-500
388.0,10,37.64,500
388.0,11,35.95,2000
388.0,13,46.5,1750
388.0,16,42.79,-2750
388.0,17,35.02,5750
388.0,19,44.43,2500
388.0,20,38.89,-3000
388.0,23,46.34,-750
388.0,27,35.03,-2500
388.0,30,38.48,-3250
388.0,32,37.58,-3000
388.5,3,46.91,500
388.5,6,44.54,-750
388.5,7,43.44,1750
388.5,8,35.49,2250
388.5,9,35.14,2500
388.5,10,40.76,500
388.5,11,37.88,2000
388.5,13,46.92,1750
388.5,16,43.23,-2750
388.5,19,45.27,2500
388.5,20,39.76,-3000
388.5,23,46.44,-750
388.5,27,35.55,-250
388.5,29,35.25,-3500
388.5,30,37.5,-3250
388.5,32,36.41,-3000
389.0,3,47.01,500
389.0,6,45.11,-750
389.0,7,44.14,1750
389.0,8,36.11,2250
389.0,10,38.21,500
389.0,13,47.0,1750
389.0,15,35.02,-5500
389.0,16,43.27,-3000
389.0,19,44.15,2500
389.0,20,40.72,-3000
389.0,23,45.73,-750
389.0,24,35.42,500
389.0,30,38.83,-3250
389.5,3,46.1,500
389.5,6,44.83,-750
389.5,7,44.61,1750
389.5,10,37.52,500
389.5,13,45.52,1750
389.5,16,42.58,-2750
389.5,17,35.06,-750
389.5,18,35.24,-2750
389.5,19,44.24,2500
389.5,20,38.79,-3000
389.5,22,35.69,0
389.5,23,45.96,-750
389.5,30,39.58,-3250
389.5,32,35.9,-3000
390.0,1,35.77,2000
390.0,3,45.98,500
390.0,6,45.37,-750
390.0,7,44.85,1750
390.0,8,37.21,2250
390.0,10,37.53,500
390.0,13,45.31,1750
390.0,16,43.8,-3000
390.0,19,43.24,2500
390.0,20,40.79,-3000
390.0,23,44.02,-500
390.0,25,35.18,-4500
390.0,30,38.05,-3250
390.0,32,37.09,-3000
390.5,3,46.46,500
390.5,6,45.69,-750
390.5,7,45.24,1750
390.5,9,35.34,2500
390.5,10,37.95,500
390.5,13,45.13,1750
390.5,16,43.46,-2750
390.5,19,44.05,2500
390.5,20,38.21,-3000
390.5,23,44.25,-500
390.5,26,35.08,1500
390.5,30,38.51,-3250
390.5,32,37.92,-3000
391.0,2,35.28,0
391.0,3,46.46,500
391.0,6,44.8,-750
391.0,7,45.03,1750
391.0,9,35.03,-3500
391.0,10,37.35,500
391.0,13,46.83,1750
391.0,16,44.38,-3000
391.0,19,44.85,2500
391.0,20,39.47,-3000
391.0,22,35.99,0
391.0,23,46.27,-750
391.0,30,39.11,-3250
391.0,32,35.86,-3000
391.5,3,47.16,500
391.5,4,35.31,500
391.5,6,44.56,-750
391.5,7,43.75,1750
391.5,8,35.73,-4500
391.5,10,40.43,500
391.5,13,47.19,1750
391.5,16,42.49,-2750
391.5,19,44.22,2500
391.5,20,40.24,-3000
391.5,23,46.52,-750
391.5,24,35.12,-750
391.5,28,35.13,750
391.5,30,38.78,-3250
391.5,32,37.12,-3000
392.0,3,46.54,500
392.0,6,45.39,-750
392.0,7,44.43,1750
392.0,9,35.17,4500
392.0,10,40.05,500
392.0,13,45.47,1750
392.0,16,43.95,-3000
392.0,19,45.22,2500
392.0,20,40.22,-3000
392.0,23,43.53,-500
392.0,28,36.05,4500
392.0,30,38.35,-3250
392.0,32,35.74,-3000
392.5,3,46.86,500
392.5,5,35.19,3500
392.5,6,44.94,-750
392.5,7,44.76,1750
392.5,8,35.64,2250
392.5,10,36.75,500
392.5,13,45.78,1750
392.5,16,42.77,-2750
392.5,19,44.35,2500
392.5,20,39.04,-3000
392.5,23,46.49,-750
392.5,28,35.22,500
392.5,29,35.78,-1500
392.5,30,37.48,-3250
393.0,1,35.02,1250
393.0,3,46.53,500
393.0,6,44.36,-750
393.0,7,44.61,1750
393.0,9,35.36,-500
393.0,10,40.62,500
393.0,12,35.18,-5750
393.0,13,45.92,1750
393.0,16,42.6,-2750
393.0,19,44.64,2500
393.0,20,40.7,-3000
393.0,21,35.19,-2750
393.0,23,46.22,-750
393.0,25,35.18,500
393.0,30,39.2,-3250
393.0,32,39.15,-3000
393.5,3,46.89,500
393.5,4,36.26,3750
393.5,6,44.43,-750
393.5,7,44.58,1750
393.5,8,35.57,2250
393.5,10,40.6,500
393.5,13,45.72,1750
393.5,16,44.17,-2750
393.5,19,43.02,2500
393.5,20,39.64,-3000
393.5,23,44.69,-500
393.5,30,39.04,-3250
393.5,31,36.17,3000
394.0,3,47.17,500
394.0,6,44.56,-750
394.0,7,44.23,1750
394.0,8,35.15,2500
394.0,10,37.21,500
394.0,11,36.34,2000
394.0,13,46.03,1750
394.0,16,42.32,-2750
394.0,19,45.1,2500
394.0,20,39.86,-3000
394.0,23,46.42,-750
394.0,29,35.11,-4750
394.0,30,38.67,-3250
394.0,32,38.52,-3000
394.5,3,46.05,500
394.5,6,44.13,-750
394.5,7,44.49,1750
394.5,8,36.96,2250
394.5,10,37.94,500
394.5,13,45.23,1750
394.5,14,35.42,750
394.5,16,43.46,-2750
394.5,19,44.69,2500
394.5,20,39.39,-3000
394.5,23,44.49,-500
394.5,30,39.8,-3250
395.0,2,36.46,-750
395.0,3,47.1,500
395.0,6,44.47,-750
395.0,7,43.87,1750
395.0,8,38.0,2250
395.0,10,37.39,500
395.0,11,35.45,-5500
395.0,13,45.63,1750
395.0,15,35.09,-1750
395.0,16,43.3,-2750
395.0,19,44.83,2500
395.0,20,39.75,-3000
395.0,23,47.01,-750
395.0,24,35.25,1250
395.0,30,38.89,-3250
395.0,32,38.62,-3000
395.5,1,36.87,0
395.5,2,35.27,3500
395.5,3,46.03,500
395.5,6,44.81,-750
395.5,7,44.33,1750
395.5,8,36.65,2250
395.5,10,36.78,500
395.5,11,37.1,2000
395.5,12,35.17,-4500
395.5,13,45.88,1750
395.5,16,44.06,-3000
395.5,19,43.5,2500
395.5,20,39.4,-3000
395.5,23,45.63,-500
395.5,30,37.98,-3250
395.5,32,38.07,-3000
396.0,3,46.46,500
396.0,6,45.24,-750
396.0,7,44.38,1750
396.0,10,39.29,500
396.0,12,35.19,-5500
396.0,13,46.24,1750
396.0,16,44.03,-3000
396.0,19,44.78,2500
396.0,20,40.88,-3000
396.0,21,35.22,5500
396.0,23,43.87,-500
396.0,30,39.85,-3250
396.0,32,37.36,-3000
396.5,1,35.13,3500
396.5,3,46.31,500
396.5,6,45.17,-750
396.5,7,44.12,1750
396.5,10,39.2,500
396.5,13,44.99,1750
396.5,16,43.84,-3000
396.5,19,44.42,2500
396.5,20,39.48,-3000
396.5,21,35.44,3500
396.5,23,44.37,-500
396.5,29,36.02,-5750
396.5,30,38.0,-3250
396.5,32,38.58,-3000
397.0,3,47.17,500
397.0,6,44.65,-750
397.0,7,44.32,1750
397.0,10,39.46,500
397.0,13,45.57,1750
397.0,16,44.2,-2750
397.0,19,43.27,2500
397.0,20,39.06,-3000
397.0,23,43.89,-500
397.0,30,39.45,-3250
397.5,3,46.44,500
397.5,6,44.88,-750
397.5,7,43.92,1750
397.5,8,37.26,2250
397.5,10,38.94,500
397.5,11,35.08,2000
397.5,13,45.98,1750
397.5,14,35.13,4500
397.5,16,43.86,-3000
397.5,18,35.69,3250
397.5,19,43.93,2500
397.5,20,38.66,-3000
397.5,23,44.12,-500
397.5,24,35.91,-6000
397.5,30,37.24,-3250
397.5,32,35.82,-3000
398.0,3,47.21,500
398.0,6,44.4,-750
398.0,7,44.42,1750
398.0,8,38.0,2250
398.0,10,38.08,500
398.0,13,47.23,1750
398.0,15,35.08,5750
398.0,16,43.46,-2750
398.0,18,35.38,-2750
398.0,19,44.49,2500
398.0,20,40.59,-3000
398.0,22,35.05,2250
398.0,23,46.13,-750
398.0,30,37.95,-3250
398.0,32,37.94,-3000
398.5,3,47.05,500
398.5,6,44.47,-750
398.5,7,44.5,1750
398.5,8,36.1,2250
398.5,10,39.57,500
398.5,11,38.83,2000
398.5,13,46.51,1750
398.5,16,43.48,-3000
398.5,19,44.39,2500
398.5,20,41.32,-3000
398.5,23,46.21,-750
398.5,24,35.22,-500
398.5,27,35.19,1750
398.5,30,38.59,-3250
399.0,1,35.44,2500
399.0,3,47.09,500
399.0,6,44.69,-750
399.0,7,43.77,1750
399.0,8,36.64,2250
399.0,10,39.68,500
399.0,13,47.02,1750
399.0,16,42.89,-2750
399.0,19,44.79,2500
399.0,20,39.62,-3000
399.0,21,35.46,5250
399.0,23,46.2,-750
399.0,30,39.16,-3250
399.0,32,37.61,-3000
399.5,3,46.84,500
399.5,4,35.5,4750
399.5,5,35.76,-5250
399.5,6,44.24,-750
399.5,7,44.47,1750
399.5,8,38.71,2250
399.5,10,38.52,500
399.5,11,38.74,2000
399.5,13,46.39,1750
399.5,16,42.46,-2750
399.5,19,44.65,2500
399.5,20,40.95,-3000
399.5,23,45.99,-750
399.5,30,37.74,-3250
399.5,32,37.27,-3000
400.0,1,35.25,2500
400.0,3,47.1,500
400.0,6,44.92,-750
400.0,7,44.24,1750
400.0,8,38.3,2250
400.0,10,38.65,500
400.0,13,46.72,1750
400.0,16,43.73,-3000
400.0,19,45.01,2500
400.0,20,39.39,-3000
400.0,22,35.1,-1750
400.0,23,46.49,-750
400.0,30,40.48,-3250
400.0,32,37.14,-3000
400.5,2,35.25,-1750
400.5,3,46.72,500
400.5,6,43.45,-750
400.5,7,43.86,1750
400.5,8,38.41,2250
400.5,10,38.83,500
400.5,11,38.09,2000
400.5,13,46.75,1750
400.5,16,43.74,-2750
400.5,19,45.24,2500
400.5,20,37.29,-3000
400.5,21,35.27,2500
400.5,23,46.09,-750
400.5,27,36.58,4000
400.5,30,39.12,-3250
401.0,2,35.13,1500
401.0,3,46.54,500
401.0,6,44.1,-750
401.0,7,44.72,1750
401.0,8,35.56,2250
401.0,10,38.77,500
401.0,13,46.76,1750
401.0,16,42.83,-2750
401.0,18,35.05,-5500
401.0,19,44.21,2500
401.0,20,39.85,-3000
401.0,23,46.77,-750
401.0,29,35.59,4500
401.0,30,39.2,-3250
401.5,3,47.39,500
401.5,6,44.48,-750
401.5,7,43.45,1750
401.5,8,37.31,2250
401.5,10,39.74,500
401.5,13,46.96,1750
401.5,15,35.56,-6000
401.5,16,42.87,-2750
401.5,19,44.36,2500
401.5,20,40.79,-3000
401.5,23,46.79,-750
401.5,30,41.13,-3250
401.5,32,38.8,-3000
402.0,3,46.41,500
402.0,6,45.3,-750
402.0,7,44.27,1750
402.0,8,35.27,-4500
402.0,10,38.93,500
402.0,11,35.19,-4500
402.0,12,35.87,4750
402.0,13,45.69,1750
402.0,15,35.45,4250
402.0,16,43.81,-2750
402.0,19,43.71,2500
402.0,20,40.24,-3000
402.0,22,35.13,5250
402.0,23,44.25,-500
402.0,30,38.63,-3250
402.0,31,35.59,-2750
402.0,32,35.89,-3000
402.5,2,36.58,1000
402.5,3,45.62,500
402.5,6,45.22,-750
402.5,7,44.4,1750
402.5,8,37.24,2250
402.5,9,35.24,-750
402.5,10,40.99,500
402.5,13,45.44,1750
402.5,14,35.68,500
402.5,16,43.42,-3000
402.5,19,44.82,2500
402.5,20,40.61,-3000
402.5,23,43.95,-500
402.5,28,35.14,5500
402.5,30,39.98,-3250
402.5,32,37.22,-3000
403.0,3,46.29,500
403.0,6,44.51,-750
403.0,7,43.59,1750
403.0,8,35.46,2250
403.0,9,35.35,-5250
403.0,10,38.62,500
403.0,13,46.36,1750
403.0,16,44.07,-3000
403.0,18,35.07,-3500
403.0,19,44.7,2500
403.0,20,41.01,-3000
403.0,23,46.53,-750
403.0,26,35.04,-4750
403.0,30,40.01,-3250
403.0,32,37.44,-3000
403.5,3,46.13,500
403.5,6,45.89,-750
403.5,7,43.47,1750
403.5,8,35.18,2250
403.5,10,39.01,500
403.5,11,39.07,2000
403.5,13,46.66,1750
403.5,16,43.8,-3000
403.5,19,44.85,2500
403.5,20,40.97,-3000
403.5,23,44.27,-500
403.5,30,41.17,-3250
403.5,32,35.89,-3000
404.0,3,46.26,500
404.0,6,44.79,-750
404.0,7,44.9,1750
404.0,8,38.66,2250
404.0,10,38.4,500
404.0,11,35.45,2000
404.0,12,35.24,-1250
404.0,13,46.61,1750
404.0,16,42.38,-3000
404.0,19,44.6,2500
404.0,20,39.49,-3000
404.0,22,35.39,-3000
404.0,23,44.41,-500
404.0,30,39.77,-3250
404.0,32,36.48,-3000
404.5,3,46.46,500
404.5,4,35.57,-4250
404.5,6,44.6,-750
404.5,7,44.97,1750
404.5,8,35.53,2250
404.5,9,35.12,-3500
404.5,10,38.78,500
404.5,11,39.05,2000
404.5,13,46.37,1750
404.5,16,44.29,-2750
404.5,19,44.97,2500
404.5,20,38.39,-3000
404.5,23,46.36,-750
404.5,29,35.39,-4500
404.5,30,40.24,-3250
404.5,32,35.8,-3000
405.0,3,45.76,500
405.0,6,45.37,-750
405.0,7,43.93,1750
405.0,8,38.81,2250
405.0,10,39.48,500
405.0,13,45.4,1750
405.0,16,43.8,-3000
405.0,19,44.31,2500
405.0,20,38.45,-3000
405.0,23,44.33,-500
405.0,30,37.57,-3250
405.5,3,46.56,500
405.5,6,44.96,-750
405.5,7,44.08,1750
405.5,8,39.83,2250
405.5,9,35.47,3250
405.5,10,39.03,500
405.5,11,38.32,2000
405.5,12,35.04,-1500
405.5,13,45.93,1750
405.5,15,35.25,-750
405.5,16,44.46,-3000
405.5,19,44.71,2500
405.5,20,37.91,-3000
405.5,22,36.19,2250
405.5,23,46.54,-750
405.5,30,40.85,-3250
405.5,32,37.51,-3000
406.0,3,45.82,500
406.0,6,45.52,-750
406.0,7,43.84,1750
406.0,10,38.93,500
406.0,13,46.31,1750
406.0,16,43.49,-3000
406.0,19,44.7,2500
406.0,20,41.48,-3000
406.0,23,44.12,-500
406.0,25,35.37,-2500
406.0,30,38.5,-3250
406.0,32,35.29,-500
406.5,3,46.13,500
406.5,6,44.88,-750
406.5,7,43.72,1750
406.5,8,36.42,2250
406.5,10,37.57,500
406.5,11,35.29,2250
406.5,13,46.26,1750
406.5,16,42.61,-2750
406.5,18,35.54,-5500
406.5,19,43.65,2500
406.5,20,40.08,-3000
406.5,21,35.33,-4500
406.5,23,44.12,-500
406.5,30,39.89,-3250
406.5,32,37.8,-3000
407.0,1,35.2,-4500
407.0,3,46.85,500
407.0,6,45.34,-750
407.0,7,44.25,1750
407.0,8,38.66,2250
407.0,10,37.94,500
407.0,12,36.1,-1250
407.0,13,45.66,1750
407.0,16,44.2,-2750
407.0,19,44.01,2500
407.0,20,40.69,-3000
407.0,23,43.96,-500
407.0,30,39.78,-3250
407.5,3,46.24,500
407.5,6,45.99,-750
407.5,7,44.44,1750
407.5,8,38.31,2250
407.5,10,38.3,500
407.5,11,36.44,2250
407.5,13,45.6,1750
407.5,16,43.67,-2750
407.5,17,35.09,-500
407.5,19,43.79,2500
407.5,20,39.92,-3000
407.5,23,44.33,-500
407.5,24,35.16,-750
407.5,30,38.76,-3250
408.0,3,45.98,500
408.0,6,45.03,-750
408.0,7,43.94,1750
408.0,8,39.84,2250
408.0,10,39.06,500
408.0,13,45.22,1750
408.0,16,42.0,-2750
408.0,19,44.95,2500
408.0,20,39.43,-3000
408.0,23,44.11,-500
408.0,28,35.17,-2000
408.0,30,40.41,-3250
408.0,32,36.1,-3000
408.5,3,46.29,500
408.5,4,35.23,4500
408.5,6,45.96,-750
408.5,7,43.05,1750
408.5,8,39.45,2250
408.5,10,40.63,500
408.5,11,37.11,2000
408.5,13,46.02,1750
408.5,16,43.42,-2750
408.5,19,44.5,2500
408.5,20,39.68,-3000
408.5,23,43.59,-500
408.5,30,39.17,-3250
408.5,32,37.13,-3000
409.0,3,45.73,500
409.0,4,35.78,5500
409.0,6,44.81,-750
409.0,7,44.39,1750
409.0,8,37.41,2250
409.0,10,37.89,500
409.0,13,45.63,1750
409.0,14,35.1,-4500
409.0,16,43.5,-2750
409.0,19,43.68,2500
409.0,20,39.29,-3000
409.0,23,44.44,-500
409.0,28,35.36,-4750
409.0,30,39.07,-3250
409.0,32,38.76,-3000
409.5,2,35.59,-5500
409.5,3,46.83,500
409.5,6,44.2,-750
409.5,7,44.17,1750
409.5,8,36.46,2250
409.5,9,35.06,1500
409.5,10,40.24,500
409.5,11,35.6,2250
409.5,13,46.51,1750
409.5,16,43.3,-2750
409.5,19,44.41,2500
409.5,20,39.02,-3000
409.5,23,46.41,-750
409.5,30,39.23,-3250
409.5,32,38.94,-3000
410.0,3,46.31,500
410.0,4,35.3,500
410.0,6,44.31,-750
410.0,7,43.6,1750
410.0,8,38.22,2250
410.0,10,40.13,500
410.0,12,35.21,-4500
410.0,13,46.17,1750
410.0,16,42.33,-2750
410.0,17,35.41,1500
410.0,19,44.52,2500
410.0,20,39.32,-3000
410.0,21,35.87,-750
410.0,22,35.91,2500
410.0,23,43.76,-500
410.0,30,40.21,-3250
410.0,32,36.28,-3000
410.5,3,46.76,500
410.5,6,44.47,-750
410.5,7,44.36,1750
410.5,8,36.34,2250
410.5,10,39.01,500
410.5,11,35.56,2250
410.5,13,46.11,1750
410.5,15,35.54,-1750
410.5,16,44.11,-3000
410.5,19,44.55,2500
410.5,20,41.02,-3000
410.5,23,46.42,-750
410.5,27,35.38,-250
410.5,29,35.06,1500
410.5,30,38.16,-3250
411.0,3,46.95,500
411.0,6,43.57,-750
411.0,7,44.17,1750
411.0,8,38.67,2250
411.0,10,38.63,500
411.0,11,39.01,2000
411.0,13,45.93,1750
411.0,16,42.26,-2750
411.0,19,44.07,2500
411.0,20,39.97,-3000
411.0,23,46.2,-750
411.0,30,38.96,-3250
411.0,32,37.2,-3000
411.5,3,46.65,500
411.5,6,44.73,-750
411.5,7,43.41,1750
411.5,8,37.85,2250
411.5,10,39.23,500
411.5,12,35.46,-5500
411.5,13,46.21,1750
411.5,16,43.58,-2750
411.5,19,45.0,2500
411.5,20,41.38,-3000
411.5,23,46.63,-750
411.5,30,38.08,-3250
411.5,31,35.2,500
411.5,32,36.97,-3000
412.0,3,46.75,500
412.0,4,35.13,500
412.0,6,44.55,-750
412.0,7,44.53,1750
412.0,8,37.48,2250
412.0,10,36.45,500
412.0,11,39.09,2000
412.0,13,45.73,1750
412.0,16,43.58,-2750
412.0,19,44.7,2500
412.0,20,39.66,-3000
412.0,23,44.38,-500
412.0,26,35.63,-3750
412.0,30,38.02,-3250
412.5,3,46.83,500
412.5,6,43.94,-750
412.5,7,44.72,1750
412.5,8,38.59,2250
412.5,9,35.29,4750
412.5,10,37.49,500
412.5,11,38.01,2000
412.5,12,35.28,250
412.5,13,47.29,1750
412.5,16,41.97,-2750
412.5,19,45.39,2500
412.5,20,39.81,-3000
412.5,23,46.35,-750
412.5,30,38.05,-3250
412.5,32,37.21,-3000
413.0,3,46.94,500
413.0,4,35.0,3500
413.0,5,35.32,500
413.0,6,44.08,-750
413.0,7,43.85,1750
413.0,8,37.81,2000
413.0,10,36.83,500
413.0,11,35.55,4500
413.0,13,46.66,1750
413.0,15,35.27,500
413.0,16,43.29,-3000
413.0,18,35.12,1250
413.0,19,45.3,2500
413.0,20,40.24,-3000
413.0,23,46.75,-750
413.0,30,38.82,-3250
413.0,32,37.35,-3000
413.5,3,47.26,500
413.5,4,35.28,-1750
413.5,6,43.78,-750
413.5,7,44.84,1750
413.5,8,36.3,2250
413.5,10,39.64,500
413.5,13,46.27,1750
413.5,15,35.87,-5500
413.5,16,43.35,-3000
413.5,19,44.81,2500
413.5,20,38.99,-3000
413.5,23,45.82,-750
413.5,25,35.33,-750
413.5,28,35.3,-2500
413.5,30,40.28,-3250
413.5,32,39.14,-3000
414.0,1,35.03,2500
414.0,3,46.14,500
414.0,6,44.29,-750
414.0,7,44.25,1750
414.0,8,37.64,2250
414.0,10,36.2,500
414.0,13,45.36,1750
414.0,16,44.0,-2750
414.0,19,44.19,2500
414.0,20,40.1,-3000
414.0,22,35.42,1500
414.0,23,44.9,-500
414.0,29,35.21,-3750
414.0,30,38.83,-3250
414.5,3,46.81,500
414.5,6,44.15,-750
414.5,7,44.41,1750
414.5,8,37.71,2250
414.5,10,37.27,500
414.5,13,46.12,1750
414.5,16,43.89,-3000
414.5,19,44.54,2500
414.5,20,41.26,-3000
414.5,23,44.57,-500
414.5,25,35.74,-4250
414.5,30,40.8,-3250
414.5,32,37.67,-3000
415.0,1,35.25,1250
415.0,3,46.36,500
415.0,6,44.35,-750
415.0,7,43.88,1750
415.0,8,39.22,2250
415.0,10,38.63,500
415.0,13,45.41,1750
415.0,16,43.57,-2750
415.0,19,44.48,2500
415.0,20,40.38,-3000
415.0,23,44.51,-500
415.0,29,37.07,2250
415.0,30,38.55,-3250
415.5,3,47.28,500
415.5,5,35.49,5750
415.5,6,44.42,-750
415.5,7,43.98,1750
415.5,8,37.42,2250
415.5,10,37.34,500
415.5,13,47.54,1750
415.5,16,44.69,-3000
415.5,18,35.02,250
415.5,19,44.72,2500
415.5,20,40.1,-3000
415.5,23,46.5,-750
415.5,30,40.11,-3250
416.0,3,47.13,500
416.0,4,36.39,-3000
416.0,5,35.66,-500
416.0,6,45.01,-750
416.0,7,44.34,1750
416.0,8,37.73,2250
416.0,10,39.04,500
416.0,13,46.62,1750
416.0,16,44.07,-2750
416.0,19,43.62,2500
416.0,20,39.5,-3000
416.0,23,44.25,-500
416.0,25,35.82,-4000
416.0,30,40.12,-3250
416.0,31,35.08,-1500
416.0,32,38.2,-3000
416.5,3,46.09,500
416.5,4,35.1,-4500
416.5,6,44.84,-750
416.5,7,45.21,1750
416.5,8,37.42,2250
416.5,10,40.85,500
416.5,13,45.63,1750
416.5,15,35.2,-500
416.5,16,44.05,-2750
416.5,17,35.12,1500
416.5,19,44.3,2500
416.5,20,40.81,-3000
416.5,23,44.26,-500
416.5,27,35.98,5250
416.5,30,41.39,-3250
416.5,31,35.09,3500
416.5,32,35.38,-3000
417.0,3,46.48,500
417.0,4,35.34,3500
417.0,6,44.75,-750
417.0,7,44.58,1750
417.0,8,37.93,2250
417.0,10,36.08,500
417.0,11,35.93,2000
417.0,13,45.31,1750
417.0,14,35.05,-5500
417.0,16,43.25,-3000
417.0,17,35.29,4500
417.0,19,43.94,2500
417.0,20,39.52,-3000
417.0,23,43.89,-500
417.0,30,38.86,-3250
417.0,32,36.98,-3000
417.5,3,45.44,500
417.5,6,44.02,-750
417.5,7,44.63,1750
417.5,8,38.32,2250
417.5,10,36.12,500
417.5,13,45.09,1750
417.5,15,35.01,500
417.5,16,43.47,-2750
417.5,19,44.75,2500
417.5,20,41.73,-3000
417.5,23,44.93,-500
417.5,30,39.23,-3250
417.5,32,36.78,-3000
418.0,3,46.68,500
418.0,6,43.48,-750
418.0,7,44.36,1750
418.0,10,40.24,500
418.0,11,37.28,2000
418.0,13,46.98,1750
418.0,16,42.9,-2750
418.0,17,35.67,1750
418.0,19,44.84,2500
418.0,20,39.91,-3000
418.0,23,47.21,-750
418.0,25,35.41,3250
418.0,30,40.84,-3250
418.0,32,39.49,-3000
418.5,3,46.71,500
418.5,6,44.26,-750
418.5,7,43.64,1750
418.5,10,39.64,500
418.5,11,37.79,2000
418.5,13,46.25,1750
418.5,15,35.24,2250
418.5,16,44.08,-3000
418.5,19,44.48,2500
418.5,20,41.75,-3000
418.5,22,35.81,1500
418.5,23,46.5,-750
418.5,25,35.21,250
418.5,28,35.23,-3750
418.5,30,38.37,-3250
418.5,32,37.1,-3000
419.0,1,35.99,-2000
419.0,3,47.42,500
419.0,6,44.08,-750
419.0,7,42.82,1750
419.0,9,35.27,-500
419.0,10,40.11,500
419.0,13,46.28,1750
419.0,16,43.26,-2750
419.0,18,35.4,-4500
419.0,19,45.17,2500
419.0,20,38.58,-3000
419.0,21,35.66,3500
419.0,23,46.82,-750
419.0,30,40.67,-3250
419.0,32,37.45,-3000
419.5,3,47.04,500
419.5,6,43.95,-750
419.5,7,44.32,1750
419.5,8,35.69,2250
419.5,10,40.41,500
419.5,13,45.62,1750
419.5,16,43.17,-2750
419.5,19,44.8,2500
419.5,20,39.65,-3000
419.5,22,35.43,-1750
419.5,23,46.7,-750
419.5,30,40.65,-3250
419.5,32,36.37,-3000
420.0,3,46.16,500
420.0,6,44.85,-750
420.0,7,44.46,1750
420.0,8,37.82,2250
420.0,10,38.96,500
420.0,12,35.19,-2750
420.0,13,46.13,1750
420.0,16,44.13,-3000
420.0,19,43.82,2500
420.0,20,38.32,-3000
420.0,23,44.65,-500
420.0,30,38.57,-3250
420.0,32,36.7,-3000
420.5,3,46.55,500
420.5,6,44.57,-750
420.5,7,44.6,1750
420.5,8,35.84,2250
420.5,9,35.16,500
420.5,10,40.01,500
420.5,13,46.05,1750
420.5,16,43.11,-3000
420.5,19,45.38,2500
420.5,20,39.53,-3000
420.5,22,36.27,-3250
420.5,23,44.16,-500
420.5,30,38.63,-3250
420.5,32,38.12,-3000
421.0,3,46.91,500
421.0,6,43.99,-750
421.0,7,44.39,1750
421.0,8,36.43,2250
421.0,10,38.37,500
421.0,11,35.5,2000
421.0,13,46.16,1750
421.0,15,35.86,4000
421.0,16,44.7,-3000
421.0,19,44.85,2500
421.0,20,39.61,-3000
421.0,23,46.97,-750
421.0,30,38.96,-3250
421.0,32,37.2,-3000
421.5,3,46.64,500
421.5,5,35.84,-5250
421.5,6,43.86,-750
421.5,7,44.38,1750
421.5,8,37.56,2250
421.5,10,39.69,500
421.5,11,35.31,-3750
421.5,12,35.76,2250
421.5,13,46.35,1750
421.5,16,42.69,-2750
421.5,18,36.25,-5750
421.5,19,44.89,2500
421.5,20,41.27,-3000
421.5,23,46.62,-750
421.5,25,35.94,500
421.5,28,35.91,4500
421.5,30,40.38,-3250
421.5,32,38.04,-3000
422.0,3,46.34,500
422.0,6,45.03,-750
422.0,7,44.33,1750
422.0,8,39.74,2250
422.0,10,36.89,500
422.0,13,45.06,1750
422.0,16,44.37,-2750
422.0,19,44.61,2500
422.0,20,40.53,-3000
422.0,23,44.63,-500
422.0,27,35.37,-2500
422.0,30,39.68,-3250
422.5,3,47.07,500
422.5,6,44.72,-750
422.5,7,43.49,1750
422.5,8,36.39,2250
422.5,10,41.62,500
422.5,13,45.99,1750
422.5,16,43.21,-3000
422.5,17,35.61,2250
422.5,19,44.95,2500
422.5,20,38.87,-3000
422.5,23,47.0,-750
422.5,26,35.84,-5500
422.5,32,37.92,-3000
423.0,3,46.93,500
423.0,6,44.13,-750
423.0,7,43.92,1750
423.0,8,37.56,2250
423.0,10,39.81,500
423.0,12,36.06,5500
423.0,13,46.79,1750
423.0,16,43.62,-2750
423.0,18,35.22,4500
423.0,19,44.87,2500
423.0,20,39.4,-3000
423.0,21,35.43,-2750
423.0,23,47.04,-750
423.0,25,35.3,1250
423.0,28,35.34,-3500
423.0,30,37.35,-3250
423.0,31,35.01,5500
423.0,32,37.9,-3000
423.5,3,46.94,500
423.5,6,44.2,-750
423.5,7,44.16,1750
423.5,8,38.77,2250
423.5,10,37.27,500
423.5,13,43.48,1500
423.5,16,44.29,-3000
423.5,18,35.38,3500
423.5,19,44.61,2500
423.5,20,40.05,-3000
423.5,23,44.56,-500
423.5,24,35.29,5500
423.5,29,35.5,-500
423.5,30,38.76,-3250
423.5,31,35.13,-3500
423.5,32,37.62,-3000
424.0,3,46.9,500
424.0,5,36.06,1500
424.0,6,43.71,-750
424.0,7,43.55,1750
424.0,8,37.09,2250
424.0,9,36.08,-3000
424.0,10,36.91,500
424.0,12,35.53,-4250
424.0,13,46.5,1750
424.0,16,42.56,-2750
424.0,19,44.33,2500
424.0,20,39.36,-3000
424.0,23,46.78,-750
424.0,30,37.67,-3250
424.0,32,35.29,-5750
424.5,3,46.52,500
424.5,6,44.67,-750
424.5,7,44.45,1750
424.5,8,38.29,2250
424.5,10,38.66,500
424.5,13,46.02,1750
424.5,16,43.91,-2750
424.5,19,43.8,2500
424.5,20,40.0,-3000
424.5,21,35.86,-1000
424.5,22,35.9,-4750
424.5,23,44.35,-500
424.5,30,35.92,-3250
424.5,32,38.78,-3000
425.0,2,35.07,250
425.0,3,46.62,500
425.0,4,35.19,2250
425.0,6,44.42,-750
425.0,7,44.26,1750
425.0,8,37.0,2250
425.0,10,40.13,500
425.0,11,35.03,4500
425.0,13,45.95,1750
425.0,16,44.08,-3000
425.0,19,44.61,2500
425.0,20,38.05,-3000
425.0,22,35.02,1500
425.0,23,46.61,-750
425.0,30,37.94,-3250
425.0,32,37.02,-3000
425.5,3,46.05,500
425.5,4,35.1,2000
425.5,6,44.0,-750
425.5,7,43.81,1750
425.5,8,35.92,2250
425.5,10,36.0,500
425.5,13,45.11,1750
425.5,16,44.51,-3000
425.5,19,44.47,2500
425.5,20,37.95,-3000
425.5,23,44.11,-500
425.5,25,35.17,-500
425.5,26,35.03,3500
425.5,30,38.83,-3250
425.5,32,35.39,-3000
426.0,2,35.02,500
426.0,3,45.99,500
426.0,6,44.94,-750
426.0,7,44.63,1750
426.0,8,39.63,2250
426.0,10,35.06,500
426.0,11,35.26,-4250
426.0,13,46.18,1750
426.0,16,44.07,-3000
426.0,19,44.55,2500
426.0,20,37.48,-3000
426.0,23,44.74,-500
426.0,32,39.28,-3000
426.5,3,46.43,500
426.5,6,44.81,-750
426.5,7,43.83,1750
426.5,8,38.48,2250
426.5,10,37.87,500
426.5,13,45.3,1750
426.5,16,44.24,-2750
426.5,19,44.12,2500
426.5,20,36.65,-3000
426.5,21,35.06,500
426.5,23,44.85,-500
426.5,26,35.77,1750
426.5,30,38.42,-3250
427.0,3,46.72,500
427.0,6,44.2,-750
427.0,7,42.57,1750
427.0,8,38.36,2250
427.0,10,38.9,500
427.0,11,38.19,2000
427.0,13,45.91,1750
427.0,16,43.59,-3000
427.0,19,43.7,2500
427.0,20,39.11,-3000
427.0,21,35.23,2500
427.0,23,44.51,-500
427.0,30,37.59,-3250
427.0,32,38.52,-3000
427.5,3,46.68,500
427.5,5,35.0,-500
427.5,6,44.68,-750
427.5,7,44.11,1750
427.5,8,36.84,2250
427.5,10,37.58,500
427.5,11,35.38,2000
427.5,12,35.11,-750
427.5,13,46.62,1750
427.5,16,44.6,-3000
427.5,19,44.9,2500
427.5,20,40.08,-3000
427.5,23,46.96,-750
427.5,29,35.29,4250
427.5,30,38.79,-3250
427.5,32,36.36,-3000
428.0,3,46.74,500
428.0,6,43.92,-750
428.0,7,43.75,1750
428.0,8,36.01,2250
428.0,9,35.04,4250
428.0,10,36.14,250
428.0,13,46.34,1750
428.0,16,43.16,-3000
428.0,19,45.25,2500
428.0,20,40.15,-3000
428.0,23,47.01,-750
428.0,30,37.19,-3250
428.0,32,38.37,-3000
428.5,3,45.5,500
428.5,6,44.05,-750
428.5,7,43.46,1750
428.5,8,38.19,2250
428.5,9,35.5,3500
428.5,10,38.58,500
428.5,13,45.37,1750
428.5,16,42.96,-2750
428.5,17,35.19,-2500
428.5,19,43.43,2500
428.5,20,39.92,-3000
428.5,23,44.79,-500
428.5,30,37.81,-3250
428.5,32,36.89,-3000
429.0,3,46.88,500
429.0,6,44.36,-750
429.0,7,44.54,1750
429.0,8,38.41,2250
429.0,10,39.55,500
429.0,13,45.77,1750
429.0,16,43.74,-3000
429.0,19,43.53,2500
429.0,20,38.88,-3000
429.0,23,44.58,-500
429.0,30,39.13,-3250
429.0,32,36.44,-3000
429.5,2,35.35,-4000
429.5,3,47.01,500
429.5,5,35.24,-500
429.5,6,43.67,-750
429.5,7,43.87,1750
429.5,8,36.68,2250
429.5,10,40.91,500
429.5,13,46.42,1750
429.5,16,43.93,-2750
429.5,19,44.67,2500
429.5,20,38.22,-3000
429.5,23,46.63,-750
429.5,30,37.04,-3250
429.5,32,39.15,-3000
430.0,3,46.8,500
430.0,6,43.46,-750
430.0,7,43.62,1750
430.0,8,36.55,2250
430.0,10,38.97,500
430.0,12,35.22,2250
430.0,13,46.51,1750
430.0,16,43.42,-3000
430.0,19,45.33,2500
430.0,20,40.39,-3000
430.0,23,47.16,-750
430.0,25,35.2,3250
430.0,30,38.18,-3250
430.0,32,39.04,-3000
430.5,3,47.47,500
430.5,4,35.17,5250
430.5,6,43.26,-750
430.5,7,43.92,1750
430.5,8,36.35,2250
430.5,9,35.37,250
430.5,10,39.16,500
430.5,13,46.26,1750
430.5,16,43.98,-3000
430.5,19,44.41,2500
430.5,20,38.28,-3000
430.5,23,46.63,-750
430.5,30,38.3,-3250
430.5,32,37.51,-3000
431.0,2,35.03,-750
431.0,3,46.86,500
431.0,6,44.07,-750
431.0,7,44.62,1750
431.0,8,37.32,2250
431.0,10,41.05,500
431.0,12,36.45,-4000
431.0,13,46.54,1750
431.0,16,44.16,-3000
431.0,19,43.9,2500
431.0,20,39.61,-3000
431.0,21,35.13,4500
431.0,23,46.91,-750
431.0,24,35.08,-750
431.0,27,35.01,-750
431.0,30,38.56,-3250
431.0,32,38.91,-3000
431.5,3,46.51,500
431.5,6,44.9,-750
431.5,7,43.65,1750
431.5,8,36.65,2250
431.5,10,37.3,500
431.5,13,45.82,1750
431.5,16,43.39,-3000
431.5,19,44.26,2500
431.5,20,40.45,-3000
431.5,23,43.9,-500
431.5,30,39.25,-3250
431.5,32,35.63,-2500
432.0,3,46.27,500
432.0,6,44.78,-750
432.0,7,44.12,1750
432.0,8,36.76,2250
432.0,10,37.65,500
432.0,13,46.41,1750
432.0,16,43.8,-3000
432.0,19,44.78,2500
432.0,20,37.94,-3000
432.0,23,44.41,-500
432.0,30,39.27,-3250
432.0,32,37.26,-3000
432.5,3,46.0,500
432.5,6,44.61,-750
432.5,7,44.19,1750
432.5,8,38.11,2250
432.5,10,39.72,500
432.5,13,46.25,1750
432.5,16,43.9,-2750
432.5,19,43.67,2500
432.5,20,39.71,-3000
432.5,23,45.42,-500
432.5,30,37.1,-3250
432.5,32,36.01,-3000
433.0,3,47.26,500
433.0,6,44.43,-750
433.0,7,43.56,1750
433.0,8,36.42,2250
433.0,10,39.66,500
433.0,13,46.36,1750
433.0,16,43.77,-3000
433.0,19,44.26,2500
433.0,20,38.44,-3000
433.0,23,46.86,-750
433.0,24,35.55,500
433.0,30,36.66,-3250
433.0,32,39.82,-3000
433.5,1,35.11,-500
433.5,3,46.6,500
433.5,6,44.75,-750
433.5,7,43.13,1750
433.5,8,38.64,2250
433.5,10,38.11,500
433.5,11,36.08,2000
433.5,13,46.21,1750
433.5,16,44.11,-3000
433.5,19,44.93,2500
433.5,20,38.64,-3000
433.5,23,44.54,-500
433.5,30,40.01,-3250
433.5,32,38.82,-3000
434.0,3,47.05,500
434.0,6,44.29,-750
434.0,7,43.99,1750
434.0,10,37.87,500
434.0,11,35.91,2000
434.0,13,45.7,1750
434.0,15,35.66,2500
434.0,16,43.92,-3000
434.0,19,44.89,2500
434.0,20,40.45,-3000
434.0,23,46.11,-750
434.0,26,35.03,500
434.0,27,35.97,-2000
434.0,30,39.32,-3250
434.0,32,40.39,-3000
434.5,3,46.8,500
434.5,6,44.14,-750
434.5,7,43.57,1750
434.5,8,36.03,2250
434.5,10,37.91,500
434.5,11,38.75,2000
434.5,12,35.02,1250
434.5,13,45.69,1750
434.5,16,44.14,-3000
434.5,19,45.08,2500
434.5,20,38.41,-3000
434.5,23,46.75,-750
434.5,30,40.55,-3250
434.5,32,39.19,-3000
435.0,2,35.15,-500
435.0,3,46.92,500
435.0,6,43.59,-750
435.0,7,44.01,1750
435.0,8,36.84,2250
435.0,10,38.94,500
435.0,12,35.02,1500
435.0,13,46.63,1750
435.0,16,44.36,-3000
435.0,19,44.63,2500
435.0,20,38.18,-3000
435.0,21,35.32,-2750
435.0,22,35.37,-3750
435.0,23,47.27,-750
435.0,27,35.12,3250
435.0,30,38.08,-3250
435.0,32,37.7,-3000
435.5,3,46.24,500
435.5,6,45.05,-750
435.5,7,44.23,1750
435.5,8,37.92,2250
435.5,9,35.46,-2000
435.5,10,37.94,500
435.5,11,37.23,2000
435.5,13,46.68,1750
435.5,16,43.7,-3000
435.5,19,44.28,2500
435.5,20,38.94,-3000
435.5,23,44.75,-500
435.5,30,39.79,-3250
435.5,31,35.46,-1750
435.5,32,38.55,-3000
436.0,3,45.88,500
436.0,6,44.75,-750
436.0,7,44.17,1750
436.0,8,37.63,2250
436.0,10,37.74,500
436.0,13,45.86,1750
436.0,16,42.9,-2750
436.0,17,36.0,4250
436.0,19,44.29,2500
436.0,20,39.0,-3000
436.0,23,44.34,-500
436.0,30,38.04,-3250
436.0,32,37.08,-3000
436.5,3,46.05,500
436.5,6,45.17,-750
436.5,7,44.92,1750
436.5,8,37.81,2250
436.5,10,36.33,500
436.5,13,46.39,1750
436.5,16,42.64,-3000
436.5,19,44.26,2500
436.5,20,40.72,-3000
436.5,23,43.9,-500
436.5,25,35.39,2250
436.5,30,37.93,-3250
436.5,32,38.72,-3000
437.0,3,47.14,500
437.0,6,44.19,-750
437.0,7,44.17,1750
437.0,8,37.37,2250
437.0,9,35.1,-5750
437.0,10,39.75,500
437.0,11,36.9,2000
437.0,13,45.75,1750
437.0,15,35.95,-250
437.0,16,44.0,-3000
437.0,19,44.93,2500
437.0,20,41.12,-3000
437.0,23,46.74,-750
437.0,32,38.37,-3000
437.5,3,47.33,500
437.5,6,44.78,-750
437.5,7,44.98,1750
437.5,8,38.13,2250
437.5,10,39.21,500
437.5,13,46.85,1750
437.5,14,35.31,1750
437.5,16,42.06,-2750
437.5,19,44.87,2500
437.5,20,41.17,-3000
437.5,23,47.0,-750
437.5,32,39.54,-3000
438.0,3,46.12,500
438.0,6,45.01,-750
438.0,7,44.44,1750
438.0,8,36.48,2250
438.0,10,36.38,500
438.0,13,44.97,1750
438.0,16,43.55,-3000
438.0,19,45.43,2500
438.0,20,39.34,-3000
438.0,23,44.25,-500
438.0,30,38.22,-3250
438.0,32,37.56,-3000
438.5,2,35.12,-1500
438.5,3,46.61,500
438.5,5,35.18,-5500
438.5,6,44.75,-750
438.5,7,42.41,1750
438.5,10,38.93,500
438.5,13,43.71,1500
438.5,15,35.49,-5500
438.5,16,43.75,-3000
438.5,19,43.89,2500
438.5,20,38.12,-3000
438.5,23,44.36,-500
438.5,27,35.95,-1500
438.5,30,38.57,-3250
438.5,32,37.16,-3000
439.0,3,45.56,500
439.0,6,44.46,-750
439.0,7,43.73,1750
439.0,8,37.61,2250
439.0,10,35.16,500
439.0,13,45.95,1750
439.0,16,43.5,-3000
439.0,19,43.21,2500
439.0,20,39.91,-3000
439.0,23,44.88,-500
439.0,26,35.69,250
439.0,30,38.98,-3250
439.0,32,40.4,-3000
439.5,3,47.21,500
439.5,6,44.53,-750
439.5,7,43.89,1750
439.5,8,38.18,2250
439.5,10,37.66,500
439.5,11,35.19,-3750
439.5,13,46.27,1750
439.5,16,41.59,-2750
439.5,19,44.16,2500
439.5,20,38.5,-3000
439.5,23,47.18,-750
439.5,30,37.43,-3250
439.5,32,39.11,-3000
440.0,3,46.5,500
440.0,6,44.87,-750
440.0,7,43.25,1750
440.0,8,39.41,2250
440.0,10,35.26,500
440.0,11,36.55,2250
440.0,13,46.2,1750
440.0,16,43.19,-2750
440.0,19,44.09,2500
440.0,20,38.94,-3000
440.0,23,44.89,-500
440.0,30,39.81,-3250
440.0,32,39.06,-3000
440.5,3,46.73,500
440.5,6,43.86,-750
440.5,7,43.52,1750
440.5,8,36.57,2250
440.5,10,37.73,500
440.5,13,46.38,1750
440.5,15,35.88,4000
440.5,16,43.44,-3000
440.5,19,44.64,2500
440.5,20,40.69,-3000
440.5,23,46.9,-750
440.5,25,35.64,500
440.5,27,35.22,5500
440.5,30,36.45,-3250
440.5,32,39.37,-3000
441.0,3,46.9,500
441.0,6,43.97,-750
441.0,7,43.81,1750
441.0,8,36.02,2250
441.0,10,37.59,500
441.0,13,46.68,1750
441.0,14,35.16,2500
441.0,16,42.03,-2750
441.0,19,44.81,2500
441.0,20,39.81,-3000
441.0,23,46.87,-750
441.0,26,35.15,-3500
441.0,30,38.57,-3250
441.0,32,36.53,-3000
441.5,1,35.26,-3500
441.5,3,47.34,500
441.5,6,43.72,-750
441.5,7,43.52,1750
441.5,8,35.3,2250
441.5,10,37.64,500
441.5,13,46.51,1750
441.5,16,43.66,-3000
441.5,17,35.08,250
441.5,19,44.63,2500
441.5,20,38.86,-3000
441.5,22,35.04,-1750
441.5,23,47.41,-750
441.5,28,35.12,-4500
441.5,30,35.53,-750
441.5,32,38.4,-3000
442.0,3,45.8,500
442.0,5,36.35,-3000
442.0,6,44.13,-750
442.0,7,43.91,1750
442.0,8,36.54,2250
442.0,10,37.25,500
442.0,13,45.31,1750
442.0,16,43.11,-3000
442.0,18,35.79,500
442.0,19,44.29,2500
442.0,20,38.26,-3000
442.0,23,43.88,-500
442.0,30,37.46,-3250
442.0,32,35.9,-3000
442.5,3,46.68,500
442.5,6,44.66,-750
442.5,7,44.11,1750
442.5,8,36.48,2250
442.5,9,35.13,-500
442.5,10,36.34,500
442.5,11,36.06,2000
442.5,13,46.37,1750
442.5,16,43.07,-2750
442.5,19,44.91,2500
442.5,20,40.67,-3000
442.5,23,47.11,-750
442.5,25,35.21,-750
442.5,30,35.94,-4750
442.5,32,38.52,-3000
443.0,3,46.73,500
443.0,6,43.81,-750
443.0,7,44.34,1750
443.0,8,36.54,2250
443.0,10,37.37,500
443.0,13,46.58,1750
443.0,16,43.5,-3000
443.0,19,44.6,2500
443.0,20,41.3,-3000
443.0,23,47.44,-750
443.0,25,35.25,-500
443.0,30,38.28,-3250
443.0,32,36.57,-3000
443.5,3,46.36,500
443.5,4,35.57,-5750
443.5,6,42.94,-750
443.5,7,43.13,1750
443.5,8,38.87,2250
443.5,10,37.24,500
443.5,12,35.1,-5750
443.5,13,45.51,1750
443.5,14,35.6,2500
443.5,16,44.52,-3000
443.5,19,43.94,2500
443.5,20,39.14,-3000
443.5,23,46.99,-750
443.5,24,35.95,4500
443.5,30,38.12,-3250
443.5,32,38.78,-3000
444.0,1,35.1,500
444.0,3,45.98,500
444.0,6,44.34,-750
444.0,7,43.62,1750
444.0,8,37.64,2250
444.0,10,37.33,500
444.0,12,35.53,-5750
444.0,13,45.38,1750
444.0,16,44.31,-3000
444.0,19,44.13,2500
444.0,20,40.03,-3000
444.0,23,44.0,-500
444.0,26,35.27,1500
444.0,30,38.55,-3250
444.0,32,37.1,-3000
444.5,3,46.3,500
444.5,6,44.86,-750
444.5,7,44.49,1750
444.5,8,37.6,2250
444.5,10,37.1,500
444.5,13,45.19,1750
444.5,16,42.89,-2750
444.5,19,44.75,2500
444.5,20,37.65,-3000
444.5,23,44.0,-500
444.5,29,35.48,-1500
444.5,30,38.28,-3250
444.5,32,38.38,-3000
445.0,3,45.68,500
445.0,5,35.0,3500
445.0,6,44.17,-750
445.0,7,44.13,1750
445.0,8,36.49,2250
445.0,10,38.37,500
445.0,11,37.51,2000
445.0,13,45.02,1750
445.0,16,43.61,-2750
445.0,19,44.33,2500
445.0,20,40.78,-3000
445.0,23,44.08,-500
445.0,30,38.94,-3250
445.0,32,39.16,-3000
445.5,1,35.01,250
445.5,2,35.25,-5750
445.5,3,46.59,500
445.5,6,44.51,-750
445.5,7,43.91,1750
445.5,8,38.21,2250
445.5,10,38.04,250
445.5,11,35.06,2250
445.5,13,46.15,1750
445.5,16,43.75,-3000
445.5,19,44.47,2500
445.5,20,39.18,-3000
445.5,23,47.44,-750
445.5,30,37.77,-3250
445.5,32,38.57,-3000
446.0,3,46.21,500
446.0,6,45.39,-750
446.0,7,44.21,1750
446.0,8,38.34,2250
446.0,10,38.67,500
446.0,13,45.44,1750
446.0,16,43.3,-3000
446.0,19,44.61,2500
446.0,20,38.99,-3000
446.0,23,44.86,-500
446.0,30,40.17,-3250
446.0,32,36.96,-3000
446.5,3,46.12,500
446.5,6,45.12,-750
446.5,7,43.93,1750
446.5,8,37.48,2250
446.5,10,37.29,250
446.5,11,37.97,2000
446.5,13,45.17,1750
446.5,16,43.69,-3000
446.5,19,44.78,2500
446.5,20,38.88,-3000
446.5,23,45.32,-500
446.5,30,38.14,-3250
446.5,32,37.79,-3000
447.0,3,46.31,500
447.0,6,45.04,-750
447.0,7,44.83,1750
447.0,8,36.0,2250
447.0,10,38.47,500
447.0,13,43.61,1500
447.0,16,43.68,-3000
447.0,19,44.9,2500
447.0,20,37.33,-3000
447.0,23,45.13,-500
447.0,26,35.54,3500
447.0,30,38.32,-3250
447.0,32,37.44,-3000
447.5,3,45.87,500
447.5,6,44.8,-750
447.5,7,43.89,1750
447.5,8,38.86,2250
447.5,10,38.33,500
447.5,13,45.36,1750
447.5,16,43.52,-3000
447.5,19,44.67,2500
447.5,23,44.81,-500
447.5,30,38.94,-3250
447.5,32,36.98,-3000
448.0,3,46.77,500
448.0,6,43.62,-750
448.0,7,43.42,1750
448.0,8,38.36,2250
448.0,10,40.02,500
448.0,11,39.16,2000
448.0,13,46.07,1750
448.0,14,35.03,-2750
448.0,16,43.08,-3000
448.0,19,45.11,2500
448.0,20,40.3,-3000
448.0,23,47.26,-750
448.0,30,37.68,-3250
448.0,32,39.58,-3000
448.5,3,46.57,500
448.5,6,44.23,-750
448.5,7,43.08,1750
448.5,8,36.66,2250
448.5,10,37.93,500
448.5,11,37.64,2000
448.5,13,45.51,1750
448.5,15,35.84,5500
448.5,16,44.12,-3000
448.5,19,45.08,2500
448.5,20,38.46,-3000
448.5,23,47.04,-750
448.5,29,35.26,500
448.5,30,38.76,-3250
448.5,32,38.19,-3000
449.0,3,46.37,500
449.0,5,35.26,-500
449.0,6,44.21,-750
449.0,7,43.88,1750
449.0,8,35.06,2250
449.0,9,35.64,-4500
449.0,10,39.15,500
449.0,11,35.82,-3500
449.0,13,46.07,1750
449.0,16,43.58,-3000
449.0,19,45.07,2500
449.0,20,39.63,-3000
449.0,21,35.24,-1500
449.0,23,47.1,-750
449.0,30,38.15,-3250
449.0,32,36.11,-3000
449.5,3,47.09,500
449.5,6,44.48,-750
449.5,7,43.79,1750
449.5,8,36.77,2250
449.5,10,35.75,250
449.5,12,35.07,-5750
449.5,13,45.7,1750
449.5,16,43.4,-3000
449.5,19,45.09,2500
449.5,20,40.32,-3000
449.5,23,47.23,-750
449.5,30,40.63,-3250
449.5,32,36.43,-3000
450.0,3,45.83,500
450.0,6,45.24,-750
450.0,7,44.3,1750
450.0,8,39.47,2250
450.0,10,37.6,500
450.0,13,45.92,1750
450.0,14,35.31,3500
450.0,15,35.77,-3000
450.0,16,44.3,-3000
450.0,19,44.47,2500
450.0,20,41.68,-3000
450.0,23,44.63,-500
450.0,30,38.23,-3250
450.0,32,39.28,-3000
450.5,3,46.0,500
450.5,6,44.85,-750
450.5,7,43.71,1750
450.5,8,38.85,2250
450.5,10,36.41,500
450.5,11,35.29,500
450.5,13,43.93,1500
450.5,16,43.8,-3000
450.5,19,43.65,2500
450.5,20,40.56,-3000
450.5,23,44.6,-500
450.5,29,35.56,5750
450.5,30,39.22,-3250
450.5,32,39.49,-3000
451.0,3,46.69,500
451.0,6,43.81,-750
451.0,7,44.66,1750
451.0,8,36.78,2250
451.0,10,38.91,500
451.0,13,45.48,1750
451.0,16,44.63,-3000
451.0,19,45.34,2500
451.0,20,41.24,-3000
451.0,23,46.83,-750
451.0,25,35.28,5500
451.0,30,40.27,-3250
451.0,32,36.95,-3000
451.5,3,46.69,500
451.5,6,44.15,-750
451.5,7,44.32,1750
451.5,8,35.81,2250
451.5,10,38.6,500
451.5,11,35.18,5250
451.5,13,45.82,1750
451.5,16,43.73,-3000
451.5,19,45.42,2500
451.5,20,40.27,-3000
451.5,23,46.76,-750
451.5,24,35.29,-4750
451.5,30,38.01,-3250
451.5,31,35.02,1250
451.5,32,39.9,-3000
452.0,3,46.43,500
452.0,5,35.07,500
452.0,6,45.16,-750
452.0,7,43.72,1750
452.0,8,35.54,2250
452.0,10,37.21,500
452.0,13,45.53,1750
452.0,16,43.89,-3000
452.0,19,44.25,2500
452.0,20,38.74,-3000
452.0,22,35.47,500
452.0,23,44.39,-500
452.0,29,35.04,500
452.0,32,38.32,-3000
452.5,3,46.78,500
452.5,6,43.79,-750
452.5,7,44.35,1750
452.5,8,36.98,2250
452.5,10,38.34,500
452.5,12,35.16,-3750
452.5,13,45.15,1750
452.5,16,44.38,-3000
452.5,19,43.97,2500
452.5,20,40.03,-3000
452.5,22,35.53,-750
452.5,23,46.66,-750
452.5,30,39.16,-3250
453.0,3,46.68,500
453.0,6,43.74,-750
453.0,7,43.78,1750
453.0,8,35.42,2250
453.0,10,38.94,500
453.0,11,35.28,-3750
453.0,13,46.7,1750
453.0,14,35.33,500
453.0,16,42.82,-3000
453.0,19,44.46,2500
453.0,20,40.83,-3000
453.0,23,46.68,-750
453.0,30,40.56,-3250
453.0,32,39.25,-3000
453.5,3,45.9,500
453.5,6,44.68,-750
453.5,7,43.78,1750
453.5,8,39.21,2250
453.5,10,37.67,500
453.5,13,43.98,1500
453.5,16,43.35,-3000
453.5,19,44.85,2500
453.5,20,40.78,-3000
453.5,23,44.01,-500
453.5,30,39.91,-3250
453.5,32,36.87,-3000
454.0,3,47.04,500
454.0,6,42.49,-750
454.0,7,43.33,1750
454.0,10,39.43,500
454.0,13,45.89,1750
454.0,16,43.99,-3000
454.0,19,44.62,2500
454.0,20,40.18,-3000
454.0,22,35.19,-750
454.0,23,46.67,-750
454.0,24,35.02,-5500
454.0,25,36.09,1750
454.0,30,39.07,-3250
454.0,32,38.86,-3000
454.5,3,45.79,500
454.5,6,43.96,-750
454.5,7,43.98,1750
454.5,8,38.1,2250
454.5,10,37.08,500
454.5,11,35.03,-5500
454.5,13,43.06,1500
454.5,15,35.18,-5500
454.5,16,44.44,-3000
454.5,19,44.06,2500
454.5,20,41.49,-3000
454.5,22,35.41,-3500
454.5,23,44.12,-500
454.5,30,40.36,-3250
454.5,32,37.34,-3000
455.0,3,47.42,500
455.0,6,44.33,-750
455.0,7,43.13,1750
455.0,8,38.52,2250
455.0,10,37.83,500
455.0,13,45.61,1750
455.0,16,44.84,-3000
455.0,19,44.06,2500
455.0,20,41.09,-3000
455.0,23,47.09,-750
455.0,30,39.76,-3250
455.0,32,37.88,-3000
455.5,3,46.62,500
455.5,6,45.59,-750
455.5,7,44.64,1750
455.5,8,38.29,2250
455.5,10,36.05,500
455.5,11,35.55,2000
455.5,13,45.46,1750
455.5,16,43.41,-3000
455.5,19,43.49,2500
455.5,20,39.51,-3000
455.5,21,35.4,-3750
455.5,23,44.58,-500
455.5,30,38.34,-3250
455.5,32,37.41,-3000
456.0,3,46.55,500
456.0,4,36.03,1250
456.0,6,45.3,-750
456.0,7,44.01,1750
456.0,8,36.71,2250
456.0,10,36.75,500
456.0,13,45.15,1750
456.0,16,43.8,-3000
456.0,19,43.53,2500
456.0,20,40.93,-3000
456.0,23,44.39,-500
456.0,30,37.34,-3250
456.0,32,36.74,-3000
456.5,3,46.57,500
456.5,6,44.82,-750
456.5,7,43.66,1750
456.5,10,38.17,500
456.5,13,44.04,1500
456.5,16,43.82,-3000
456.5,19,43.81,2500
456.5,20,41.53,-3000
456.5,23,44.26,-500
456.5,30,37.44,-3250
456.5,32,37.04,-3000
