Time,PRN,CN0_dBHz,Doppler
0.0,3,43.83,750
0.0,4,35.24,1000
0.0,6,38.93,-750
0.0,7,38.54,2000
0.0,10,35.55,750
0.0,13,43.01,1750
0.0,16,38.13,-3000
0.0,19,38.66,2500
0.0,20,36.56,-3000
0.0,23,44.34,-500
0.0,32,35.87,-3000
0.5,3,43.35,750
0.5,6,36.47,-250
0.5,7,39.44,1750
0.5,13,40.65,1750
0.5,16,40.41,-3000
0.5,19,37.89,2750
0.5,20,36.41,-3000
0.5,23,44.14,-500
0.5,25,35.71,1000
0.5,27,35.45,5250
0.5,30,36.3,-3250
1.0,3,44.21,750
1.0,4,35.68,-2500
1.0,6,41.49,-500
1.0,7,40.37,1750
1.0,10,35.17,-6000
1.0,13,43.37,1750
1.0,15,35.21,1000
1.0,16,42.69,-2750
1.0,19,40.6,2750
1.0,20,35.66,-3000
1.0,23,44.38,-500
1.0,30,36.3,-3250
1.5,3,43.0,750
1.5,6,37.7,-250
1.5,7,40.52,1750
1.5,12,35.28,-5000
1.5,13,41.53,1750
1.5,16,40.36,-3000
1.5,19,36.35,2750
1.5,20,37.99,-3000
1.5,23,42.59,-500
1.5,31,35.27,-5500
1.5,32,35.65,5500
2.0,1,35.04,-4250
2.0,3,44.1,750
2.0,7,38.54,1750
2.0,10,36.32,500
2.0,11,35.26,0
2.0,13,42.08,1750
2.0,16,43.19,-2750
2.0,17,35.43,500
2.0,19,39.89,2500
2.0,20,35.44,-3000
2.0,23,44.21,-500
2.0,29,36.03,1750
2.0,30,35.53,-3250
2.5,2,35.18,750
2.5,3,43.97,750
2.5,6,36.24,-500
2.5,7,37.06,2000
2.5,9,35.56,-2000
2.5,10,35.42,750
2.5,13,40.3,1750
2.5,16,40.87,-3000
2.5,18,35.71,5250
2.5,19,38.73,2750
2.5,20,36.45,-3000
2.5,23,43.86,-500
2.5,31,35.24,-3500
3.0,3,42.85,750
3.0,6,41.71,-500
3.0,7,41.07,1750
3.0,10,35.18,750
3.0,13,41.67,1750
3.0,16,42.98,-2750
3.0,17,35.21,5500
3.0,19,39.31,2500
3.0,20,37.08,-3000
3.0,23,44.47,-500
3.0,32,35.4,2500
3.5,3,43.86,750
3.5,6,43.07,-500
3.5,7,38.55,1750
3.5,13,41.58,1750
3.5,16,40.53,-3000
3.5,19,41.03,2750
3.5,23,44.09,-500
3.5,25,35.25,-1000
4.0,2,35.07,0
4.0,3,43.74,750
4.0,6,40.58,-500
4.0,7,38.68,1750
4.0,9,35.21,-2250
4.0,13,41.73,1750
4.0,16,39.47,-3000
4.0,17,35.16,-1000
4.0,19,37.47,2500
4.0,20,38.1,-3000
4.0,23,43.07,-500
4.0,32,35.02,-5500
4.5,3,42.76,750
4.5,6,37.71,-750
4.5,7,39.52,1750
4.5,10,37.85,750
4.5,13,42.29,1750
4.5,16,40.56,-2750
4.5,19,37.55,2750
4.5,20,38.54,-3000
4.5,23,43.32,-500
4.5,32,35.49,-4250
5.0,3,43.1,750
5.0,6,41.0,-500
5.0,7,39.12,1750
5.0,8,35.15,-750
5.0,12,35.18,-2000
5.0,13,41.78,1750
5.0,14,35.48,-6000
5.0,15,35.21,-5250
5.0,16,42.14,-2750
5.0,19,38.21,2500
5.0,20,36.08,-3000
5.0,23,42.8,-500
5.5,2,35.26,-1500
5.5,3,43.03,750
5.5,6,36.88,-750
5.5,7,39.19,1750
5.5,13,41.52,1750
5.5,16,40.9,-3000
5.5,17,35.52,1250
5.5,19,38.4,2750
5.5,20,38.16,-3000
5.5,22,35.21,-250
5.5,23,43.55,-500
5.5,24,36.24,2250
5.5,30,35.83,-3250
6.0,3,42.57,750
6.0,7,39.49,1750
6.0,10,35.37,750
6.0,13,42.26,1750
6.0,16,40.72,-2750
6.0,19,37.69,2500
6.0,22,35.14,3250
6.0,23,43.94,-500
6.0,28,35.33,-4750
6.0,30,35.02,-3250
6.5,3,43.78,750
6.5,4,35.55,0
6.5,6,39.06,-750
6.5,7,40.19,1750
6.5,11,35.57,0
6.5,13,42.28,1750
6.5,16,38.8,-3000
6.5,19,39.27,2500
6.5,20,36.61,-3000
6.5,23,42.66,-500
6.5,25,35.09,2500
7.0,3,42.49,750
7.0,6,42.51,-500
7.0,7,39.54,2000
7.0,13,42.39,1750
7.0,16,41.87,-2750
7.0,19,39.53,2750
7.0,20,37.58,-3000
7.0,22,35.56,-2750
7.0,23,44.13,-500
7.0,25,35.05,-6000
7.5,3,43.04,750
7.5,6,36.56,-500
7.5,7,38.3,1750
7.5,10,36.17,750
7.5,13,42.72,1750
7.5,16,40.47,-3000
7.5,19,38.82,2500
7.5,20,37.44,-3000
7.5,21,35.56,1500
7.5,23,44.03,-500
7.5,24,35.42,-5500
8.0,3,42.55,750
8.0,6,42.06,-500
8.0,7,39.9,1750
8.0,9,35.38,2750
8.0,10,35.04,750
8.0,11,35.26,-2000
8.0,13,42.57,1750
8.0,16,43.48,-2750
8.0,19,38.08,2500
8.0,23,44.1,-500
8.0,30,35.15,-1000
8.5,3,43.4,750
8.5,6,40.91,-500
8.5,7,38.59,1750
8.5,10,35.9,-4250
8.5,13,42.0,1750
8.5,16,39.59,-2750
8.5,19,40.18,2750
8.5,20,37.32,-3000
8.5,23,44.34,-500
8.5,26,35.23,-4250
9.0,3,43.73,750
9.0,4,35.01,-500
9.0,6,41.36,-500
9.0,7,38.78,1750
9.0,10,36.28,750
9.0,13,42.96,1750
9.0,16,43.02,-2750
9.0,17,35.45,-3500
9.0,19,40.54,2500
9.0,20,37.02,-3000
9.0,23,43.37,-500
9.5,1,35.3,-1250
9.5,3,43.86,750
9.5,6,38.09,-750
9.5,7,39.68,1750
9.5,8,35.05,-500
9.5,11,35.16,5750
9.5,13,42.27,1750
9.5,15,35.02,3500
9.5,16,38.7,-2500
9.5,19,37.07,2750
9.5,20,38.08,-3000
9.5,21,35.03,-2500
9.5,23,44.28,-500
9.5,29,35.58,-6000
9.5,30,35.24,-1500
9.5,31,35.41,2750
10.0,3,44.62,750
10.0,4,35.23,-1000
10.0,5,35.38,-4250
10.0,6,35.5,-250
10.0,7,40.4,1750
10.0,9,35.31,5750
10.0,10,36.58,750
10.0,12,35.08,3750
10.0,13,42.64,1750
10.0,14,35.13,1750
10.0,16,39.12,-3000
10.0,19,38.3,2500
10.0,20,37.95,-3000
10.0,23,43.83,-500
10.0,28,35.4,-1000
10.0,29,35.59,2250
10.5,3,41.75,750
10.5,6,35.98,-500
10.5,7,39.39,1750
10.5,9,35.15,500
10.5,13,42.85,1750
10.5,16,38.44,-3000
10.5,19,37.96,2750
10.5,20,37.04,-3000
10.5,23,44.46,-500
11.0,3,43.55,750
11.0,6,43.25,-500
11.0,7,40.32,1750
11.0,8,35.69,2750
11.0,10,35.97,750
11.0,13,41.85,1750
11.0,16,43.17,-2750
11.0,19,39.01,2500
11.0,20,35.47,-3000
11.0,23,43.95,-500
11.0,24,35.25,-5250
11.0,27,35.02,5750
11.5,3,43.25,750
11.5,6,37.61,-250
11.5,7,38.81,1750
11.5,13,42.82,1750
11.5,16,39.8,-3000
11.5,17,35.19,-3250
11.5,19,38.55,2750
11.5,23,43.25,-500
11.5,27,35.3,250
12.0,3,43.6,750
12.0,6,39.04,-750
12.0,7,40.49,1750
12.0,10,37.25,750
12.0,12,35.34,-3500
12.0,13,42.26,1750
12.0,16,39.26,-3000
12.0,17,35.58,5750
12.0,19,40.5,2750
12.0,20,35.73,-3000
12.0,21,35.18,3000
12.0,22,35.23,1750
12.0,23,43.82,-500
12.0,26,35.12,500
12.0,27,35.76,-2000
12.0,30,36.1,-3250
12.0,32,35.51,500
12.5,2,35.37,-5000
12.5,3,42.92,750
12.5,6,38.76,-750
12.5,7,37.73,1750
12.5,12,35.07,3500
12.5,13,42.18,1750
12.5,16,40.06,-3000
12.5,17,35.75,-1750
12.5,18,35.15,2000
12.5,19,39.52,2500
12.5,22,35.11,-250
12.5,23,44.01,-500
12.5,30,35.13,-3250
13.0,2,35.13,-500
13.0,3,43.42,750
13.0,6,43.02,-500
13.0,7,39.14,1750
13.0,10,35.27,750
13.0,13,42.57,1750
13.0,16,42.39,-2750
13.0,19,41.19,2500
13.0,20,36.0,-3000
13.0,23,43.74,-500
13.0,30,35.07,2000
13.5,3,43.24,750
13.5,6,38.43,-750
13.5,7,40.29,1750
13.5,10,35.41,1750
13.5,13,42.52,1750
13.5,14,35.02,250
13.5,16,38.1,-3000
13.5,19,39.14,2750
13.5,20,35.2,4000
13.5,23,44.35,-500
13.5,24,35.09,5000
13.5,26,35.04,0
13.5,29,35.06,-250
14.0,3,43.76,750
14.0,4,35.03,-2500
14.0,6,41.12,-500
14.0,7,40.08,1750
14.0,9,35.47,5750
14.0,13,42.2,1750
14.0,16,41.5,-2750
14.0,19,39.84,2750
14.0,20,35.15,-3000
14.0,23,43.47,-500
14.0,30,35.15,-3250
14.5,3,43.45,750
14.5,6,40.33,-500
14.5,7,40.84,1750
14.5,9,35.05,-4500
14.5,10,36.38,750
14.5,13,42.51,1750
14.5,14,35.57,-2750
14.5,16,43.23,-2750
14.5,17,35.06,1750
14.5,19,37.93,2750
14.5,20,36.11,-3000
14.5,23,43.45,-500
15.0,1,35.61,5500
15.0,3,42.83,750
15.0,5,35.21,5500
15.0,6,41.88,-500
15.0,7,39.5,1750
15.0,10,35.58,750
15.0,13,42.58,1750
15.0,16,41.79,-2750
15.0,19,39.35,2750
15.0,20,35.66,-3000
15.0,23,44.3,-500
15.5,3,43.01,750
15.5,4,35.38,3500
15.5,6,38.51,-750
15.5,7,39.75,1750
15.5,13,42.94,1750
15.5,16,38.46,-3000
15.5,19,38.57,2750
15.5,20,35.39,-3000
15.5,23,43.71,-500
15.5,24,35.28,-5500
16.0,3,43.51,750
16.0,6,40.55,-500
16.0,7,39.57,1750
16.0,10,35.92,-1250
16.0,13,42.78,1750
16.0,16,43.17,-2750
16.0,19,39.71,2500
16.0,20,36.86,-3000
16.0,23,44.4,-500
16.0,28,35.95,0
16.5,3,42.92,750
16.5,6,38.2,-750
16.5,7,40.41,1750
16.5,11,35.03,2000
16.5,13,43.03,1750
16.5,16,39.29,-3000
16.5,19,38.01,2750
16.5,20,36.14,-3000
16.5,21,35.07,1750
16.5,22,35.17,-6000
16.5,23,44.23,-500
16.5,27,35.17,-500
16.5,31,35.1,-6000
17.0,3,42.45,750
17.0,5,35.91,-500
17.0,6,38.18,-750
17.0,7,37.18,1750
17.0,8,35.03,3750
17.0,9,35.25,-6000
17.0,10,36.86,500
17.0,13,43.66,1750
17.0,16,40.01,-3000
17.0,19,38.87,2750
17.0,20,36.75,-3000
17.0,22,35.33,-2500
17.0,23,44.64,-500
17.5,2,36.1,-750
17.5,3,42.53,750
17.5,5,35.17,-3500
17.5,6,41.37,-500
17.5,7,39.99,1750
17.5,10,36.98,750
17.5,13,43.08,1750
17.5,16,42.46,-2750
17.5,19,38.42,2500
17.5,23,43.74,-500
17.5,26,35.02,500
17.5,28,35.17,5000
17.5,30,36.29,-3250
18.0,3,42.67,750
18.0,4,35.1,1750
18.0,6,41.74,-500
18.0,7,39.66,1750
18.0,9,35.35,3750
18.0,10,35.36,-4500
18.0,13,43.33,1750
18.0,16,42.09,-2750
18.0,18,35.16,4750
18.0,19,39.4,2750
18.0,23,43.97,-500
18.5,3,42.28,750
18.5,6,38.41,-750
18.5,7,38.93,1750
18.5,13,43.46,1750
18.5,16,40.8,-3000
18.5,18,35.09,-500
18.5,19,38.7,2750
18.5,20,35.49,-3000
18.5,23,42.82,-500
18.5,28,35.26,-3500
18.5,29,35.19,1750
18.5,32,36.1,4750
19.0,3,42.84,750
19.0,6,41.4,-500
19.0,7,39.87,1750
19.0,11,35.71,-2500
19.0,13,42.42,1750
19.0,16,42.93,-2750
19.0,17,35.01,-1000
19.0,19,39.4,2750
19.0,23,43.46,-500
19.0,24,36.07,-5250
19.5,3,42.68,750
19.5,6,42.45,-500
19.5,7,39.42,1750
19.5,12,35.4,-2250
19.5,13,42.75,1750
19.5,16,42.87,-2750
19.5,19,37.18,2750
19.5,23,44.31,-500
19.5,24,35.04,-1000
19.5,29,35.12,-2000
20.0,3,43.67,750
20.0,6,41.25,-500
20.0,7,37.68,1750
20.0,13,43.31,1750
20.0,14,36.41,250
20.0,16,42.78,-2750
20.0,19,38.08,2750
20.0,20,35.44,-3000
20.0,23,44.96,-500
20.0,25,35.37,1750
20.0,28,35.48,-2250
20.0,29,35.11,-5000
20.0,30,35.06,-3250
20.5,3,43.11,750
20.5,6,41.07,-500
20.5,7,38.67,1750
20.5,10,36.08,4750
20.5,13,43.01,1750
20.5,16,42.67,-2750
20.5,17,35.02,-3000
20.5,18,35.58,4250
20.5,19,39.42,2500
20.5,20,35.69,1250
20.5,22,35.18,2250
20.5,23,43.82,-500
20.5,32,35.51,-1000
21.0,3,43.76,750
21.0,6,37.34,-750
21.0,7,38.52,1750
21.0,11,35.13,2000
21.0,13,43.3,1750
21.0,16,38.58,-3000
21.0,17,35.09,-2000
21.0,19,37.87,2750
21.0,20,36.87,-3000
21.0,23,43.72,-500
21.0,25,35.24,2750
21.5,3,43.24,750
21.5,5,35.79,4250
21.5,6,39.7,-750
21.5,7,39.5,1750
21.5,9,35.04,-2250
21.5,13,44.06,1750
21.5,16,40.01,-3000
21.5,18,35.04,-2000
21.5,19,37.42,2500
21.5,22,35.56,0
21.5,23,43.97,-500
21.5,29,35.57,3500
21.5,31,35.49,-250
21.5,32,35.7,-5500
22.0,3,42.36,750
22.0,6,38.03,-750
22.0,7,38.07,1750
22.0,10,35.57,750
22.0,12,35.12,-1000
22.0,13,43.74,1750
22.0,16,38.93,-3000
22.0,18,35.29,-3000
22.0,19,38.32,2750
22.0,20,35.05,-3000
22.0,23,44.59,-500
22.0,27,35.16,-5250
22.0,30,36.95,-3250
22.5,2,35.1,-4000
22.5,3,43.57,750
22.5,6,39.29,-750
22.5,7,40.38,1750
22.5,13,42.12,1750
22.5,16,40.14,-3000
22.5,17,35.08,-5000
22.5,19,38.99,2500
22.5,23,44.04,-500
22.5,28,35.73,750
22.5,30,36.68,-3250
23.0,3,43.73,750
23.0,4,35.43,-5000
23.0,6,39.01,-750
23.0,7,40.76,1750
23.0,11,35.24,3000
23.0,12,35.43,-2750
23.0,13,44.06,1750
23.0,14,35.02,-4250
23.0,16,40.54,-3000
23.0,19,39.3,2750
23.0,20,36.09,-3000
23.0,23,43.37,-500
23.0,27,35.17,-4000
23.5,3,43.0,750
23.5,6,42.31,-500
23.5,7,38.98,1750
23.5,9,35.43,4500
23.5,10,36.14,500
23.5,11,35.23,3500
23.5,13,43.08,1750
23.5,16,43.94,-2750
23.5,18,35.14,4500
23.5,19,39.59,2500
23.5,21,35.69,-5000
23.5,23,44.6,-500
23.5,31,35.47,-5250
24.0,1,35.14,1750
24.0,3,43.46,750
24.0,6,42.97,-500
24.0,7,38.65,1750
24.0,9,35.07,-5750
24.0,13,43.01,1750
24.0,16,43.29,-2750
24.0,19,37.01,2750
24.0,20,36.9,-3000
24.0,23,44.38,-500
24.0,30,36.27,-3250
24.5,3,42.98,750
24.5,6,40.46,-750
24.5,7,39.48,1750
24.5,10,35.6,1500
24.5,11,35.06,5500
24.5,12,35.05,-3750
24.5,13,42.39,1750
24.5,16,40.05,-3000
24.5,17,35.03,1000
24.5,18,35.01,-5750
24.5,19,39.44,2500
24.5,23,44.88,-500
24.5,32,35.09,5500
25.0,2,35.44,-4250
25.0,3,43.58,750
25.0,6,40.18,-500
25.0,7,38.21,1750
25.0,13,41.34,1750
25.0,16,43.87,-2750
25.0,17,35.05,-1750
25.0,19,39.06,2500
25.0,23,43.96,-500
25.0,24,35.19,2750
25.0,25,35.47,5000
25.0,32,35.38,2750
25.5,3,43.39,750
25.5,5,35.02,-5500
25.5,6,38.21,-750
25.5,7,38.05,1750
25.5,8,35.54,1750
25.5,13,42.68,1750
25.5,16,39.99,-3000
25.5,17,35.12,4000
25.5,19,38.17,2750
25.5,20,36.18,-3000
25.5,23,43.96,-500
25.5,28,35.15,-4000
26.0,2,35.62,-250
26.0,3,43.71,750
26.0,6,40.58,-500
26.0,7,39.25,1750
26.0,12,35.55,4750
26.0,13,43.59,1750
26.0,16,39.1,-3000
26.0,19,38.28,2750
26.0,20,36.8,-3000
26.0,22,35.12,-2500
26.0,23,44.15,-500
26.5,3,43.05,750
26.5,5,36.32,-3750
26.5,6,37.86,-750
26.5,7,39.15,1750
26.5,13,42.49,1750
26.5,14,35.2,-1750
26.5,16,40.38,-3000
26.5,19,39.98,2750
26.5,20,37.03,-3000
26.5,23,45.08,-500
26.5,25,35.04,-2000
26.5,28,35.47,5750
26.5,30,37.03,-3250
27.0,3,43.12,750
27.0,6,41.83,-500
27.0,7,37.38,1750
27.0,10,36.35,750
27.0,13,43.12,1750
27.0,16,39.4,-3000
27.0,17,36.48,-5250
27.0,19,38.96,2500
27.0,20,35.35,-3000
27.0,23,43.08,-500
27.0,29,35.41,-1250
27.0,31,35.81,-3000
27.5,1,35.5,-2000
27.5,2,35.51,1000
27.5,3,43.59,750
27.5,6,38.07,-750
27.5,7,36.71,1750
27.5,13,42.8,1750
27.5,15,35.14,-1500
27.5,16,42.76,-2750
27.5,19,37.66,2750
27.5,20,35.62,-3000
27.5,23,44.65,-500
27.5,26,35.2,-4750
27.5,29,35.41,250
27.5,30,35.21,1000
27.5,32,35.64,-4750
28.0,3,44.0,750
28.0,6,38.49,-750
28.0,7,38.15,2000
28.0,13,43.07,1750
28.0,16,40.05,-3000
28.0,17,35.48,0
28.0,19,38.43,2750
28.0,23,44.08,-500
28.0,28,36.18,2500
28.5,2,35.48,-2000
28.5,3,42.73,750
28.5,4,35.55,3750
28.5,6,41.59,-500
28.5,7,38.04,1750
28.5,13,42.22,1750
28.5,16,41.05,-3000
28.5,19,38.43,2500
28.5,20,36.46,-3000
28.5,21,35.41,-1000
28.5,23,43.98,-500
28.5,24,35.08,-5750
29.0,3,42.66,750
29.0,6,41.12,-500
29.0,7,37.62,1750
29.0,13,43.42,1750
29.0,16,43.61,-2750
29.0,19,37.49,2750
29.0,23,43.74,-500
29.5,3,43.94,750
29.5,6,41.82,-500
29.5,7,38.42,1750
29.5,9,35.34,-2500
29.5,10,35.78,500
29.5,13,42.86,1750
29.5,15,35.06,-2750
29.5,16,43.77,-2750
29.5,19,38.56,2750
29.5,23,44.3,-500
29.5,26,35.74,-4500
29.5,27,35.64,-2000
29.5,31,35.45,1250
30.0,3,42.82,750
30.0,4,35.5,-4250
30.0,6,36.91,-750
30.0,7,40.14,1750
30.0,10,35.15,-2250
30.0,13,43.18,1750
30.0,14,35.58,3250
30.0,16,41.35,-3000
30.0,19,40.38,2750
30.0,20,35.73,-3000
30.0,23,44.85,-500
30.0,29,35.27,-5500
30.0,30,35.77,5000
30.0,32,35.12,-3000
30.5,3,44.0,750
30.5,6,37.35,-750
30.5,7,39.91,1750
30.5,10,36.09,500
30.5,11,35.3,4750
30.5,13,42.0,1750
30.5,16,38.7,-3000
30.5,19,38.36,2500
30.5,20,35.82,-3000
30.5,23,43.69,-500
30.5,27,35.64,1500
30.5,28,35.04,-500
31.0,3,42.36,750
31.0,6,40.37,-500
31.0,7,37.17,1750
31.0,10,36.34,750
31.0,13,43.49,1750
31.0,16,43.41,-2750
31.0,19,39.09,2500
31.0,22,35.5,-5000
31.0,23,44.04,-500
31.0,25,35.44,-1000
31.0,29,35.81,-5000
31.0,30,35.44,4500
31.5,3,43.83,750
31.5,6,38.39,-750
31.5,7,38.02,1750
31.5,13,43.43,1750
31.5,15,35.11,0
31.5,16,41.43,-3000
31.5,17,35.03,2000
31.5,19,38.28,2500
31.5,21,35.43,-250
31.5,23,44.64,-500
32.0,1,35.19,5500
32.0,3,43.06,750
32.0,6,37.05,-750
32.0,7,39.03,1750
32.0,13,42.95,1750
32.0,16,42.31,-2750
32.0,19,39.4,2500
32.0,20,35.68,-3000
32.0,22,35.76,-500
32.0,23,43.64,-500
32.0,25,35.21,4500
32.0,27,35.14,-2250
32.0,32,35.34,2750
32.5,3,43.38,750
32.5,6,37.37,-500
32.5,7,39.34,1750
32.5,8,35.36,750
32.5,11,35.17,500
32.5,13,42.35,1750
32.5,14,35.4,1500
32.5,16,40.08,-2500
32.5,19,37.47,2500
32.5,20,36.61,-3000
32.5,23,44.46,-500
33.0,1,35.18,-5500
33.0,3,42.58,750
33.0,6,41.65,-500
33.0,7,39.26,1750
33.0,10,35.55,5750
33.0,12,35.0,2750
33.0,13,43.31,1750
33.0,16,43.44,-2750
33.0,19,40.05,2500
33.0,23,43.86,-500
33.0,26,35.03,-1750
33.5,1,35.28,-1000
33.5,2,35.07,5750
33.5,3,44.07,750
33.5,6,40.75,-500
33.5,7,39.14,1750
33.5,10,35.25,-500
33.5,11,35.54,5750
33.5,13,43.02,1750
33.5,16,41.3,-3000
33.5,19,39.42,2500
33.5,20,36.27,-3000
33.5,23,44.1,-500
33.5,29,35.03,4000
33.5,30,35.02,-3250
34.0,3,43.81,750
34.0,6,42.2,-500
34.0,7,39.83,1750
34.0,13,43.17,1750
34.0,14,35.02,4500
34.0,15,35.08,-1250
34.0,16,42.31,-3000
34.0,19,38.92,2500
34.0,20,36.13,-3000
34.0,23,44.01,-500
34.0,30,35.43,-3250
34.5,2,35.33,500
34.5,3,43.41,750
34.5,6,39.04,-750
34.5,7,38.97,1750
34.5,8,35.12,0
34.5,10,36.09,500
34.5,12,35.46,1250
34.5,13,42.12,1750
34.5,16,42.6,-2750
34.5,18,35.22,-4750
34.5,19,36.98,2750
34.5,20,36.8,-3000
34.5,23,42.56,-500
34.5,29,35.51,3000
34.5,31,35.08,5000
35.0,2,35.02,2500
35.0,3,41.94,750
35.0,5,35.14,500
35.0,6,40.88,-500
35.0,7,39.16,1750
35.0,13,43.7,1750
35.0,16,43.03,-2750
35.0,17,35.39,-5750
35.0,19,37.12,2750
35.0,20,35.08,5250
35.0,22,35.83,4500
35.0,23,44.22,-500
35.0,27,35.13,2000
35.5,3,43.34,750
35.5,4,35.42,-3250
35.5,6,38.25,-750
35.5,7,37.91,1750
35.5,9,35.08,-1500
35.5,10,35.43,750
35.5,13,42.16,1750
35.5,16,41.24,-3000
35.5,19,38.04,2750
35.5,22,35.0,1750
35.5,23,43.95,-500
35.5,30,35.6,-3250
35.5,32,35.02,500
36.0,3,42.96,750
36.0,6,38.68,-750
36.0,7,38.27,1750
36.0,13,43.48,1750
36.0,15,35.17,2250
36.0,16,43.67,-2750
36.0,19,38.66,2750
36.0,20,35.36,-3000
36.0,23,43.86,-500
36.0,26,35.54,-250
36.0,27,35.35,-2750
36.0,30,35.3,-3250
36.5,3,42.39,750
36.5,5,35.23,-4500
36.5,6,37.98,-750
36.5,7,39.34,1750
36.5,13,43.47,1750
36.5,16,40.94,-3000
36.5,19,39.63,2750
36.5,23,43.17,-500
36.5,24,35.12,-4250
36.5,30,35.38,-3250
36.5,32,35.44,-1250
37.0,3,43.04,750
37.0,6,41.44,-500
37.0,7,39.11,1750
37.0,8,35.46,-6000
37.0,10,35.12,750
37.0,11,35.27,250
37.0,13,41.52,1750
37.0,16,42.65,-2750
37.0,19,41.3,2500
37.0,20,35.63,-3000
37.0,22,35.49,2250
37.0,23,43.92,-500
37.0,29,35.33,5250
37.0,30,35.92,5500
37.5,3,43.82,750
37.5,6,37.67,-750
37.5,7,40.21,1750
37.5,11,35.65,-3500
37.5,13,43.38,1750
37.5,16,41.18,-3000
37.5,19,38.1,2750
37.5,20,35.11,5750
37.5,23,44.33,-500
37.5,24,35.01,1750
37.5,26,35.21,-2250
38.0,1,35.47,-5000
38.0,3,42.35,750
38.0,4,35.12,3500
38.0,6,42.21,-500
38.0,7,40.09,1750
38.0,8,35.03,-1250
38.0,9,35.26,5750
38.0,11,35.11,5750
38.0,13,43.81,1750
38.0,14,35.13,1750
38.0,16,42.88,-2750
38.0,19,40.84,2500
38.0,20,37.17,-3000
38.0,23,43.37,-500
38.0,30,35.47,-3250
38.5,2,35.09,1000
38.5,3,44.3,750
38.5,4,35.04,5500
38.5,6,42.01,-500
38.5,7,36.29,1750
38.5,9,35.28,-4000
38.5,13,42.95,1750
38.5,16,44.04,-2750
38.5,19,40.75,2500
38.5,20,36.05,-3000
38.5,21,35.44,-6000
38.5,22,35.02,-3000
38.5,23,43.98,-500
38.5,32,35.46,-3000
39.0,1,35.26,-1250
39.0,3,43.82,750
39.0,6,41.67,-500
39.0,7,37.26,1750
39.0,8,35.82,-5500
39.0,13,42.25,1750
39.0,16,43.45,-2750
39.0,19,40.46,2500
39.0,20,36.35,-3000
39.0,21,35.28,-2000
39.0,22,35.28,-1500
39.0,23,44.15,-500
39.0,30,36.45,-3250
39.5,3,43.58,750
39.5,6,39.14,-750
39.5,7,40.53,1750
39.5,8,35.04,-4250
39.5,13,43.03,1750
39.5,16,40.85,-3000
39.5,19,37.23,2750
39.5,23,44.19,-500
39.5,30,35.13,-3250
39.5,32,35.35,-3000
40.0,3,43.45,750
40.0,4,35.18,-1250
40.0,5,35.03,-3000
40.0,6,37.32,-750
40.0,7,40.74,1750
40.0,13,43.41,1750
40.0,16,40.32,-3000
40.0,17,35.27,3000
40.0,19,39.62,2750
40.0,22,35.17,1750
40.0,23,44.04,-500
40.0,24,35.42,-3500
40.0,25,35.25,-4500
40.5,3,43.13,750
40.5,5,35.11,-2750
40.5,6,41.64,-500
40.5,7,38.61,1750
40.5,13,42.55,1750
40.5,16,43.52,-2750
40.5,19,38.12,2750
40.5,23,43.98,-500
40.5,29,35.16,-500
41.0,3,42.97,750
41.0,6,41.96,-500
41.0,7,37.9,1750
41.0,11,36.05,-5000
41.0,12,35.09,5000
41.0,13,42.58,1750
41.0,16,43.68,-2750
41.0,19,40.34,2500
41.0,21,35.06,500
41.0,23,44.79,-500
41.0,28,35.25,2500
41.5,3,43.37,750
41.5,6,41.28,-500
41.5,7,38.12,1750
41.5,8,35.6,5500
41.5,12,36.36,4500
41.5,13,42.94,1750
41.5,16,43.0,-2750
41.5,19,39.94,2500
41.5,20,35.46,750
41.5,23,43.84,-500
41.5,26,35.58,4500
41.5,28,35.55,1500
41.5,31,35.15,5750
42.0,3,42.69,750
42.0,6,41.9,-500
42.0,7,37.84,1750
42.0,13,42.27,1750
42.0,16,42.95,-2750
42.0,17,35.2,-3500
42.0,18,35.3,-3750
42.0,19,39.13,2500
42.0,20,35.44,5250
42.0,23,43.18,-500
42.0,24,35.79,-4000
42.0,25,35.02,-4500
42.0,26,35.31,-6000
42.5,3,42.86,750
42.5,6,38.62,-750
42.5,7,38.43,1750
42.5,13,42.63,1750
42.5,16,40.47,-3000
42.5,19,38.01,2500
42.5,23,44.65,-500
42.5,30,35.15,-6000
43.0,3,43.55,750
43.0,6,42.09,-500
43.0,7,38.38,1750
43.0,10,35.59,500
43.0,13,43.45,1750
43.0,15,35.22,750
43.0,16,42.72,-2750
43.0,18,35.1,4750
43.0,19,39.66,2500
43.0,20,36.19,-3000
43.0,23,44.34,-500
43.0,30,36.06,-3250
43.0,32,35.39,-2500
43.5,3,43.53,750
43.5,5,35.45,-5000
43.5,6,38.44,-750
43.5,7,39.32,1750
43.5,8,35.28,-1000
43.5,10,36.97,750
43.5,13,42.93,1750
43.5,16,40.19,-3000
43.5,19,40.63,2750
43.5,23,43.56,-500
43.5,28,35.83,1500
44.0,3,43.62,750
44.0,4,35.05,500
44.0,6,39.69,-500
44.0,7,40.31,1750
44.0,10,36.03,750
44.0,13,43.1,1750
44.0,14,35.19,-2250
44.0,16,42.97,-2750
44.0,19,40.04,2500
44.0,20,36.89,-3000
44.0,21,35.38,2750
44.0,23,43.83,-500
44.0,24,35.72,-500
44.5,2,35.24,500
44.5,3,43.21,750
44.5,4,35.22,750
44.5,5,35.28,0
44.5,6,40.32,-500
44.5,7,40.53,1750
44.5,9,35.02,-5250
44.5,11,35.18,3500
44.5,13,43.04,1750
44.5,16,43.48,-2750
44.5,18,36.26,-2750
44.5,19,38.67,2500
44.5,20,36.22,-3000
44.5,23,44.62,-500
44.5,28,35.4,-5750
44.5,31,35.66,-2000
45.0,3,43.85,750
45.0,6,41.84,-500
45.0,7,39.79,2000
45.0,8,35.39,3000
45.0,9,35.29,4500
45.0,10,35.17,750
45.0,11,35.1,2750
45.0,13,43.04,1750
45.0,16,42.79,-2750
45.0,17,35.66,-3750
45.0,19,38.02,2750
45.0,20,35.57,-3000
45.0,23,43.67,-500
45.0,27,35.07,-2250
45.0,30,35.45,0
45.5,2,35.34,1250
45.5,3,43.0,750
45.5,6,38.43,-750
45.5,7,36.38,2000
45.5,13,43.52,1750
45.5,16,39.96,-3000
45.5,19,38.21,2750
45.5,20,37.14,-3000
45.5,23,44.17,-500
45.5,26,35.07,-750
45.5,32,36.27,-2750
46.0,3,43.38,750
46.0,6,38.41,-750
46.0,7,38.46,1750
46.0,9,35.21,-250
46.0,10,35.3,2750
46.0,13,43.76,1750
46.0,15,35.21,-3000
46.0,16,39.31,-3000
46.0,19,38.99,2750
46.0,20,37.71,-3000
46.0,23,45.03,-500
46.0,27,35.42,-2250
46.0,28,35.09,-5500
46.0,30,35.71,-3250
46.5,1,35.12,-500
46.5,3,43.08,750
46.5,4,35.02,5000
46.5,6,39.09,-750
46.5,7,39.35,1750
46.5,13,42.87,1750
46.5,16,39.71,-3000
46.5,19,37.34,2750
46.5,23,44.2,-500
46.5,27,35.0,-1250
46.5,28,35.26,-5000
46.5,32,35.09,-2250
47.0,3,42.63,750
47.0,4,35.52,-5250
47.0,6,36.57,-250
47.0,7,39.89,1750
47.0,8,35.09,1750
47.0,13,42.81,1750
47.0,16,40.32,-3000
47.0,17,35.29,3000
47.0,19,37.43,2750
47.0,20,36.22,-3000
47.0,22,35.09,1500
47.0,23,43.62,-500
47.5,3,43.84,750
47.5,5,36.09,5500
47.5,6,37.54,-750
47.5,7,37.29,1750
47.5,9,35.91,0
47.5,13,42.92,1750
47.5,14,35.2,-2250
47.5,16,38.9,-3000
47.5,19,37.78,2500
47.5,23,44.77,-500
48.0,3,42.35,750
48.0,5,35.17,-3000
48.0,6,38.61,-750
48.0,7,39.61,1750
48.0,8,35.76,3500
48.0,13,43.43,1750
48.0,16,39.66,-3000
48.0,19,37.34,2750
48.0,20,36.61,-3000
48.0,23,44.14,-500
48.5,3,43.66,750
48.5,4,35.01,-5000
48.5,5,35.35,-4500
48.5,6,40.23,-750
48.5,7,39.76,1750
48.5,12,35.09,250
48.5,13,42.67,1750
48.5,16,40.31,-3000
48.5,18,35.18,-4250
48.5,19,36.39,2750
48.5,20,36.33,-4000
48.5,23,44.12,-500
48.5,25,35.33,-1750
48.5,30,35.65,-3250
48.5,32,35.61,-750
49.0,3,43.32,750
49.0,6,40.68,-500
49.0,7,38.48,1750
49.0,10,35.69,4500
49.0,13,43.19,1750
49.0,16,42.44,-2750
49.0,19,37.64,2500
49.0,21,35.12,-5000
49.0,22,36.36,-750
49.0,23,43.91,-500
49.0,26,35.33,5000
49.0,27,35.18,1000
49.0,30,36.11,-3250
49.5,1,35.29,2750
49.5,3,43.16,750
49.5,6,40.06,-500
49.5,7,36.1,1750
49.5,13,44.1,1750
49.5,16,42.38,-2750
49.5,19,39.73,2500
49.5,20,38.04,-3000
49.5,23,44.03,-500
50.0,3,42.8,750
50.0,4,35.23,250
50.0,5,35.19,-3750
50.0,6,41.72,-500
50.0,7,37.5,1750
50.0,8,35.12,-1250
50.0,10,35.51,500
50.0,13,42.5,1750
50.0,14,35.03,-3250
50.0,15,35.1,4000
50.0,16,41.56,-2750
50.0,19,38.79,2500
50.0,21,35.25,-4250
50.0,23,44.14,-500
50.5,3,44.2,750
50.5,4,35.18,3500
50.5,5,35.98,-3750
50.5,6,40.6,-500
50.5,7,38.73,1750
50.5,13,42.87,1750
50.5,14,35.68,-1250
50.5,16,42.87,-2750
50.5,19,40.35,2500
50.5,20,37.32,-3000
50.5,23,44.74,-500
50.5,29,35.04,5750
50.5,30,35.65,-3250
51.0,3,42.68,750
51.0,6,35.93,-250
51.0,7,38.64,1750
51.0,13,42.39,1750
51.0,16,40.11,-3000
51.0,19,37.76,2750
51.0,23,45.19,-500
51.0,24,35.38,4000
51.0,30,37.87,-3250
51.5,3,42.2,750
51.5,6,37.99,-750
51.5,7,38.64,1750
51.5,13,42.54,1750
51.5,16,40.05,-3000
51.5,19,36.75,2750
51.5,20,35.05,250
51.5,22,36.45,4250
51.5,23,44.16,-500
51.5,30,36.42,-3250
52.0,3,44.12,750
52.0,6,35.65,0
52.0,7,40.15,1750
52.0,13,42.52,1750
52.0,16,39.02,-3000
52.0,19,39.02,2750
52.0,21,35.03,-1000
52.0,23,44.64,-500
52.0,24,35.17,-3500
52.0,30,35.55,-3250
52.5,1,35.35,-5250
52.5,3,43.13,750
52.5,6,38.04,-750
52.5,7,40.55,1750
52.5,11,35.32,2250
52.5,13,44.24,1750
52.5,15,35.16,2750
52.5,16,39.83,-3000
52.5,19,39.27,2500
52.5,23,44.88,-500
52.5,26,35.5,3750
52.5,29,35.08,-5250
52.5,30,36.39,-3250
53.0,3,42.44,750
53.0,5,35.86,3000
53.0,6,37.0,-250
53.0,7,40.97,1750
53.0,9,36.02,-5750
53.0,13,43.51,1750
53.0,14,35.29,-4000
53.0,16,38.96,-3000
53.0,19,37.04,2750
53.0,20,35.74,-3000
53.0,23,44.76,-500
53.0,25,35.1,1250
53.0,30,35.15,-6000
53.5,3,43.48,750
53.5,6,40.28,-500
53.5,7,40.02,1750
53.5,8,35.52,750
53.5,13,42.09,1750
53.5,16,42.04,-2750
53.5,19,38.78,2500
53.5,20,37.39,-3000
53.5,23,44.16,-500
53.5,27,35.24,-5500
53.5,30,37.47,-3250
54.0,3,42.47,750
54.0,4,35.41,500
54.0,5,35.4,5000
54.0,6,40.63,-500
54.0,7,39.34,1750
54.0,10,35.98,500
54.0,13,41.4,1750
54.0,16,42.43,-2750
54.0,17,35.85,-3000
54.0,19,38.31,2750
54.0,20,37.06,-3000
54.0,23,44.24,-500
54.0,27,35.08,4000
54.0,32,35.28,-3000
54.5,3,43.41,750
54.5,4,35.0,5500
54.5,6,36.47,-750
54.5,7,37.85,1750
54.5,13,42.96,1750
54.5,16,38.91,-3000
54.5,19,38.47,2750
54.5,20,35.39,4750
54.5,23,44.32,-500
54.5,24,36.02,-5000
54.5,28,35.22,2500
54.5,30,35.15,3750
54.5,32,35.2,-4250
55.0,3,43.16,750
55.0,6,42.41,-500
55.0,7,39.55,1750
55.0,11,35.24,3000
55.0,13,42.97,1750
55.0,16,43.09,-2750
55.0,18,35.1,3000
55.0,19,40.71,2500
55.0,20,35.54,-3000
55.0,22,35.16,-2750
55.0,23,44.0,-500
55.0,26,35.68,1750
55.0,27,35.03,-5500
55.5,3,42.43,750
55.5,6,38.75,-750
55.5,7,40.77,1750
55.5,13,42.43,1750
55.5,16,40.16,-3000
55.5,19,38.86,2750
55.5,23,44.51,-500
56.0,2,35.03,2500
56.0,3,43.1,750
56.0,6,39.79,-500
56.0,7,41.05,1750
56.0,11,35.0,2000
56.0,13,42.71,1750
56.0,16,40.9,-3000
56.0,19,38.36,2500
56.0,20,35.58,3000
56.0,23,43.92,-500
56.0,26,35.3,-2500
56.0,32,35.12,-2500
56.5,3,43.62,750
56.5,6,39.48,-750
56.5,7,39.7,1750
56.5,10,35.51,-500
56.5,11,35.57,-5250
56.5,13,43.24,1750
56.5,16,40.97,-3000
56.5,19,37.4,2750
56.5,23,44.47,-500
56.5,24,35.06,3250
56.5,29,35.22,5750
57.0,3,43.78,750
57.0,4,35.19,1750
57.0,6,42.43,-500
57.0,7,40.3,1750
57.0,10,35.06,3750
57.0,12,35.56,500
57.0,13,43.05,1750
57.0,15,35.06,-4000
57.0,16,38.61,-3000
57.0,19,38.91,2500
57.0,20,35.67,-3000
57.0,23,43.76,-500
57.5,3,43.26,750
57.5,6,37.31,-750
57.5,7,39.43,1750
57.5,13,43.45,1750
57.5,16,41.89,-2750
57.5,19,38.04,2500
57.5,23,44.47,-500
57.5,24,35.02,-1000
57.5,29,35.21,4750
57.5,30,35.02,-4500
58.0,2,35.26,3000
58.0,3,42.92,750
58.0,6,39.39,-750
58.0,7,40.08,1750
58.0,8,35.07,2000
58.0,10,35.59,750
58.0,13,43.43,1750
58.0,16,38.08,-3000
58.0,19,39.21,2750
58.0,20,37.02,-3000
58.0,23,44.09,-500
58.0,26,35.46,-6000
58.5,3,43.07,750
58.5,6,40.97,-500
58.5,7,39.25,1750
58.5,8,35.39,-1000
58.5,13,43.16,1750
58.5,14,35.36,0
58.5,16,39.51,-3000
58.5,19,37.75,2500
58.5,20,37.19,-3000
58.5,23,44.56,-500
58.5,27,36.36,-5750
59.0,3,43.53,750
59.0,6,40.5,-500
59.0,7,38.99,1750
59.0,11,35.28,-3250
59.0,12,35.55,5250
59.0,13,43.31,1750
59.0,16,41.34,-2750
59.0,19,38.78,2750
59.0,20,36.33,-3000
59.0,23,44.41,-500
59.0,27,35.43,5500
59.0,28,35.23,-3750
59.0,29,35.63,-1500
59.5,3,43.94,750
59.5,6,41.37,-500
59.5,7,38.73,1750
59.5,11,35.94,2000
59.5,13,43.35,1750
59.5,15,35.21,2000
59.5,16,42.83,-2750
59.5,18,35.13,5500
59.5,19,40.52,2500
59.5,20,36.8,-3000
59.5,23,44.58,-500
59.5,28,35.16,-4500
60.0,3,43.41,750
60.0,4,35.02,-1250
60.0,6,36.82,-750
60.0,7,38.12,2000
60.0,13,42.55,1750
60.0,15,36.41,3500
60.0,16,39.04,-3000
60.0,17,35.69,-1500
60.0,19,38.61,2750
60.0,20,37.27,-3000
60.0,23,43.91,-500
60.0,24,35.73,-1000
60.0,30,35.94,-3250
60.0,31,35.72,-3000
60.5,1,35.03,4750
60.5,3,42.2,750
60.5,6,38.85,-750
60.5,7,38.41,1750
60.5,8,35.21,4500
60.5,13,42.72,1750
60.5,16,40.18,-3000
60.5,19,39.54,2750
60.5,21,35.22,2000
60.5,22,35.89,4250
60.5,23,44.22,-500
60.5,24,35.7,-1750
60.5,27,35.47,1000
60.5,30,35.21,-3250
61.0,3,43.94,750
61.0,6,41.52,-500
61.0,7,39.62,1750
61.0,13,42.68,1750
61.0,16,41.15,-2750
61.0,19,39.42,2500
61.0,20,35.34,-3000
61.0,23,43.86,-500
61.0,24,35.44,-1000
61.0,26,36.03,5250
61.0,31,35.4,0
61.5,3,42.74,750
61.5,4,35.37,-3250
61.5,6,39.04,-750
61.5,7,38.94,1750
61.5,13,42.56,1750
61.5,16,39.23,-3000
61.5,19,39.24,2750
61.5,20,36.16,-3000
61.5,23,44.02,-500
61.5,29,35.61,-4250
62.0,3,44.04,750
62.0,4,35.06,-3250
62.0,6,35.89,-250
62.0,7,40.49,1750
62.0,8,35.06,-4500
62.0,13,42.48,1750
62.0,16,41.81,-2750
62.0,19,39.97,2500
62.0,23,44.6,-500
62.0,24,35.11,3750
62.5,1,35.48,-6000
62.5,3,42.79,750
62.5,6,38.03,-750
62.5,7,38.64,1750
62.5,13,42.4,1750
62.5,14,35.31,-500
62.5,16,40.19,-3000
62.5,18,35.64,-1250
62.5,19,37.92,2750
62.5,21,35.23,-500
62.5,23,44.57,-500
63.0,2,35.18,-4750
63.0,3,42.77,750
63.0,6,40.43,-500
63.0,7,39.36,1750
63.0,10,35.24,500
63.0,13,43.45,1750
63.0,16,40.09,-2750
63.0,17,35.11,-2250
63.0,19,40.12,2500
63.0,20,35.65,-3000
63.0,23,44.41,-500
63.0,30,35.86,-3250
63.5,3,43.46,750
63.5,4,35.53,-6000
63.5,6,40.42,-500
63.5,7,39.33,1750
63.5,13,42.91,1750
63.5,16,40.17,-3000
63.5,19,37.06,2500
63.5,23,44.65,-500
63.5,30,35.0,-2000
63.5,32,35.24,750
64.0,1,35.5,3000
64.0,3,44.23,750
64.0,6,40.54,-500
64.0,7,38.09,1750
64.0,13,42.31,1750
64.0,15,35.83,5750
64.0,16,41.01,-3000
64.0,19,37.4,2750
64.0,20,38.4,-3000
64.0,22,35.03,-1500
64.0,23,44.08,-500
64.0,30,35.31,-3250
64.0,32,35.45,-5000
64.5,1,35.43,-2250
64.5,3,43.77,750
64.5,6,38.62,-750
64.5,7,39.38,1750
64.5,13,42.65,1750
64.5,16,41.45,-2750
64.5,19,39.05,2750
64.5,20,36.17,-3000
64.5,23,44.15,-500
64.5,26,35.12,4500
64.5,29,35.43,-2500
65.0,3,42.39,750
65.0,6,41.01,-500
65.0,7,40.49,1750
65.0,13,44.14,1750
65.0,16,41.66,-2750
65.0,17,35.14,3000
65.0,19,40.46,2750
65.0,20,35.93,-3000
65.0,21,36.62,-2500
65.0,23,44.16,-500
65.5,2,35.49,-2250
65.5,3,42.46,750
65.5,6,37.92,-750
65.5,7,40.82,1750
65.5,13,43.35,1750
65.5,16,38.46,-3000
65.5,17,35.05,-2250
65.5,19,37.38,2750
65.5,23,43.7,-500
65.5,26,35.06,2750
66.0,1,35.24,-2250
66.0,3,43.36,750
66.0,6,39.38,-750
66.0,7,39.29,1750
66.0,11,35.8,2000
66.0,12,35.01,5750
66.0,13,42.12,1750
66.0,15,35.32,3750
66.0,16,40.39,-2750
66.0,19,38.65,2750
66.0,22,36.4,2250
66.0,23,44.83,-500
66.0,27,35.44,-1750
66.0,32,35.82,-3000
66.5,3,43.5,750
66.5,6,38.59,-750
66.5,7,40.3,1750
66.5,9,35.18,-4250
66.5,13,43.61,1750
66.5,15,35.18,5750
66.5,16,39.08,-3000
66.5,19,38.06,2750
66.5,23,44.47,-500
66.5,26,35.27,-2250
67.0,3,42.5,750
67.0,6,40.89,-500
67.0,7,38.28,1750
67.0,13,42.77,1750
67.0,16,39.99,-2750
67.0,19,40.46,2500
67.0,20,37.28,-3000
67.0,23,43.53,-500
67.0,25,35.28,-4500
67.0,27,35.17,-3750
67.0,31,35.31,5500
67.0,32,35.06,2000
67.5,3,43.49,750
67.5,6,39.85,-750
67.5,7,38.73,1750
67.5,13,43.46,1750
67.5,16,38.7,-3000
67.5,18,35.23,1500
67.5,19,38.38,2750
67.5,22,35.56,-3000
67.5,23,43.74,-500
67.5,28,35.64,-3000
67.5,30,36.32,-3250
68.0,3,43.26,750
68.0,6,40.52,-500
68.0,7,38.72,1750
68.0,8,35.43,2250
68.0,9,35.3,0
68.0,13,42.68,1750
68.0,16,41.61,-2750
68.0,18,35.12,-750
68.0,19,38.17,2750
68.0,20,37.25,-3000
68.0,23,44.4,-500
68.0,28,35.28,-2000
68.0,30,35.51,-3250
68.5,3,43.32,750
68.5,6,39.8,-500
68.5,7,40.61,1750
68.5,10,35.2,-250
68.5,13,43.04,1750
68.5,16,42.57,-2750
68.5,19,38.78,2500
68.5,20,35.68,-3000
68.5,22,35.38,2000
68.5,23,44.77,-500
68.5,25,35.17,1750
68.5,30,35.88,-3250
69.0,3,44.48,750
69.0,6,39.68,-500
69.0,7,39.21,1750
69.0,9,35.59,-5250
69.0,10,35.04,-5000
69.0,13,42.81,1750
69.0,15,35.28,-500
69.0,16,40.98,-2750
69.0,19,38.42,2500
69.0,20,37.02,-3000
69.0,21,35.02,5000
69.0,23,44.54,-500
69.0,24,35.52,-4750
69.5,3,43.72,750
69.5,6,37.0,-750
69.5,7,40.31,1750
69.5,9,35.04,-4500
69.5,10,35.0,-2250
69.5,13,43.19,1750
69.5,16,39.16,-3000
69.5,19,38.71,2750
69.5,20,36.23,-3000
69.5,21,35.06,0
69.5,23,44.69,-500
69.5,28,35.65,2500
70.0,2,35.06,750
70.0,3,44.14,750
70.0,4,35.16,-5000
70.0,5,35.39,1500
70.0,6,37.35,-750
70.0,7,37.84,1750
70.0,13,43.14,1750
70.0,14,35.89,3750
70.0,15,35.09,-2250
70.0,16,39.47,-3000
70.0,19,36.74,2750
70.0,23,44.77,-500
70.0,30,35.19,-3250
70.0,32,35.63,-2250
70.5,2,35.09,2750
70.5,3,43.09,750
70.5,6,39.33,-500
70.5,7,38.84,1750
70.5,9,35.0,1250
70.5,10,36.08,500
70.5,12,35.02,-500
70.5,13,43.35,1750
70.5,16,40.97,-2750
70.5,19,39.43,2500
70.5,20,35.32,-3000
70.5,21,35.93,5000
70.5,23,44.12,-500
70.5,28,35.19,3750
70.5,31,35.24,500
71.0,3,43.47,750
71.0,6,36.71,-750
71.0,7,38.09,1750
71.0,13,41.6,1750
71.0,14,35.59,-2500
71.0,16,40.55,-3000
71.0,19,37.61,2750
71.0,20,35.7,-3000
71.0,23,44.51,-500
71.0,25,35.0,-5000
71.0,27,35.37,4250
71.0,31,35.01,-3000
71.5,3,43.69,750
71.5,6,37.51,-750
71.5,7,39.6,1750
71.5,9,35.46,-3250
71.5,12,35.15,1500
71.5,13,42.62,1750
71.5,16,40.28,-3000
71.5,19,37.86,2750
71.5,20,35.26,2500
71.5,23,44.75,-500
71.5,25,35.03,2750
71.5,27,35.13,5750
71.5,31,35.79,-2000
72.0,3,43.73,750
72.0,6,41.65,-500
72.0,7,37.75,1750
72.0,11,36.17,4250
72.0,13,43.08,1750
72.0,16,41.61,-2750
72.0,17,35.34,-3250
72.0,19,39.62,2500
72.0,20,37.27,-3000
72.0,21,35.18,-500
72.0,23,44.09,-500
72.0,25,35.53,-5500
72.5,1,35.11,3250
72.5,3,42.8,750
72.5,5,35.87,-4750
72.5,6,39.06,-750
72.5,7,39.38,1750
72.5,13,42.5,1750
72.5,15,35.05,-5000
72.5,16,39.95,-3000
72.5,19,35.85,4750
72.5,20,38.76,-3000
72.5,23,45.22,-500
72.5,25,36.03,-5500
72.5,30,35.53,-3250
73.0,3,43.39,750
73.0,6,40.97,-500
73.0,7,39.38,1750
73.0,10,35.72,-1750
73.0,12,35.25,4750
73.0,13,42.31,1750
73.0,16,42.11,-2750
73.0,17,35.06,-1000
73.0,19,40.21,2500
73.0,20,38.62,-3000
73.0,23,44.01,-500
73.5,3,42.35,750
73.5,4,35.88,3000
73.5,6,38.37,-750
73.5,7,39.27,1750
73.5,10,37.07,500
73.5,13,42.83,1750
73.5,14,35.32,-3500
73.5,16,40.54,-3000
73.5,19,37.93,2750
73.5,20,35.73,-3000
73.5,23,44.29,-500
73.5,25,35.07,0
73.5,30,35.72,3750
74.0,3,43.18,750
74.0,6,41.91,-500
74.0,7,40.45,1750
74.0,13,43.04,1750
74.0,16,41.59,-2750
74.0,19,39.47,2500
74.0,20,36.83,-3000
74.0,22,35.23,-5750
74.0,23,44.66,-500
74.5,1,35.11,2750
74.5,2,35.42,-2250
74.5,3,42.97,750
74.5,5,35.09,2000
74.5,6,41.5,-500
74.5,7,39.09,1750
74.5,8,36.19,-5250
74.5,10,35.45,500
74.5,12,35.39,-500
74.5,13,42.79,1750
74.5,16,40.99,-2750
74.5,19,38.16,2750
74.5,20,35.29,-3000
74.5,23,44.47,-500
75.0,3,43.76,750
75.0,5,35.36,500
75.0,6,41.35,-500
75.0,7,38.99,1750
75.0,13,43.24,1750
75.0,16,40.63,-2750
75.0,19,40.2,2500
75.0,20,35.68,-3000
75.0,23,44.32,-500
75.0,29,35.16,-750
75.0,32,35.27,-1250
75.5,3,43.69,750
75.5,6,37.78,-750
75.5,7,38.64,1750
75.5,9,36.01,750
75.5,10,36.29,500
75.5,13,43.27,1750
75.5,14,35.63,5500
75.5,16,39.38,-3000
75.5,19,39.4,2750
75.5,20,37.63,-3000
75.5,23,44.76,-500
75.5,27,35.09,-5000
75.5,30,36.57,-3250
76.0,3,43.28,750
76.0,6,38.66,-750
76.0,7,39.68,1750
76.0,10,36.11,500
76.0,13,43.52,1750
76.0,16,39.37,-3000
76.0,19,38.75,2750
76.0,20,36.55,-3000
76.0,23,44.52,-500
76.0,26,35.08,-500
76.0,30,37.0,-3250
76.5,3,43.45,750
76.5,6,40.94,-500
76.5,7,38.05,1750
76.5,8,35.02,4750
76.5,9,35.11,1250
76.5,12,35.21,-3500
76.5,13,42.4,1750
76.5,16,40.7,-2750
76.5,19,39.5,2500
76.5,20,35.91,-3000
76.5,23,45.44,-500
76.5,29,35.59,-2750
76.5,30,35.93,-3250
77.0,3,43.51,750
77.0,6,41.32,-500
77.0,7,37.53,1750
77.0,10,35.16,-3750
77.0,13,43.66,1750
77.0,15,35.28,3750
77.0,16,41.53,-2750
77.0,19,40.01,2500
77.0,20,39.34,-3000
77.0,23,43.67,-500
77.0,31,35.27,4500
77.5,3,43.15,750
77.5,6,38.38,-750
77.5,7,39.64,1750
77.5,10,36.7,500
77.5,13,42.8,1750
77.5,16,39.76,-3000
77.5,19,37.29,2750
77.5,20,36.63,-3000
77.5,23,44.03,-500
77.5,32,35.78,-3000
78.0,2,35.01,4500
78.0,3,42.96,750
78.0,6,40.24,-500
78.0,7,40.83,1750
78.0,9,35.26,1000
78.0,13,42.79,1750
78.0,16,41.79,-2750
78.0,17,35.18,-4250
78.0,18,35.11,3250
78.0,19,39.94,2500
78.0,20,35.09,750
78.0,23,44.35,-500
78.0,28,35.21,-1250
78.5,3,43.56,750
78.5,6,39.44,-500
78.5,7,36.89,1750
78.5,13,43.35,1750
78.5,16,41.27,-3000
78.5,19,36.49,2750
78.5,20,37.08,-3000
78.5,23,44.35,-500
78.5,28,35.54,-5500
78.5,31,35.07,-500
79.0,3,43.68,750
79.0,6,40.46,-500
79.0,7,39.6,1750
79.0,10,37.22,500
79.0,12,35.01,2000
79.0,13,42.45,1750
79.0,16,43.46,-2750
79.0,19,41.4,2500
79.0,23,43.77,-500
79.0,29,36.22,-500
79.0,30,36.56,-3250
79.5,3,43.43,750
79.5,5,35.27,-5500
79.5,6,39.89,-500
79.5,7,38.81,1750
79.5,10,35.87,-3250
79.5,13,43.26,1750
79.5,14,35.3,-4250
79.5,15,35.2,-4500
79.5,16,42.08,-2750
79.5,19,40.09,2500
79.5,20,38.19,-3000
79.5,23,44.15,-500
80.0,3,43.35,750
80.0,6,40.79,-500
80.0,7,41.27,1750
80.0,11,35.46,-3250
80.0,13,43.17,1750
80.0,14,35.6,-1750
80.0,16,43.64,-2750
80.0,19,40.59,2500
80.0,20,35.3,5750
80.0,23,44.18,-500
80.0,30,36.12,-3250
80.0,32,35.27,-3000
80.5,3,42.95,750
80.5,6,40.62,-500
80.5,7,37.37,1750
80.5,8,35.46,2250
80.5,13,42.24,1750
80.5,14,35.12,1500
80.5,16,43.05,-2750
80.5,19,38.86,2500
80.5,20,37.98,-3000
80.5,23,44.24,-500
80.5,25,35.67,-5750
80.5,29,35.35,-4250
81.0,3,43.11,750
81.0,6,36.06,-500
81.0,7,37.55,1750
81.0,10,35.25,500
81.0,13,42.06,1750
81.0,16,39.64,-3000
81.0,19,37.85,2750
81.0,20,35.75,-3000
81.0,21,36.33,-3000
81.0,23,43.85,-500
81.0,30,36.07,-3250
81.5,3,43.68,750
81.5,6,39.71,-750
81.5,7,39.53,1750
81.5,8,35.67,2000
81.5,12,35.29,-5250
81.5,13,43.41,1750
81.5,16,40.0,-3000
81.5,19,38.05,2750
81.5,21,35.08,-2250
81.5,23,44.48,-500
81.5,30,35.38,-3250
81.5,31,35.85,-3750
82.0,3,43.53,750
82.0,4,35.42,-5250
82.0,6,39.82,-750
82.0,7,39.55,1750
82.0,8,35.1,2750
82.0,10,35.58,-250
82.0,11,35.55,1500
82.0,13,43.37,1750
82.0,16,39.1,-3000
82.0,19,37.57,2750
82.0,20,36.29,-3000
82.0,21,35.19,2000
82.0,23,44.46,-500
82.0,24,36.39,1750
82.5,3,43.73,750
82.5,4,35.52,0
82.5,6,37.4,-750
82.5,7,37.99,1750
82.5,10,36.12,500
82.5,13,42.84,1750
82.5,15,35.86,-2500
82.5,16,40.45,-3000
82.5,17,35.56,2000
82.5,19,40.08,2500
82.5,23,44.15,-500
82.5,28,35.03,3500
82.5,32,35.16,-2000
83.0,2,35.01,-1000
83.0,3,42.77,750
83.0,4,35.14,3250
83.0,6,38.87,-750
83.0,7,38.72,1750
83.0,8,35.4,2500
83.0,10,36.03,-3500
83.0,13,42.98,1750
83.0,16,40.92,-3000
83.0,19,37.89,2750
83.0,23,44.36,-500
83.0,30,35.81,2750
83.5,1,35.21,-2000
83.5,3,43.59,750
83.5,6,41.29,-500
83.5,7,37.78,1750
83.5,9,35.13,-5000
83.5,10,35.21,-2750
83.5,13,42.96,1750
83.5,16,42.7,-2750
83.5,18,36.3,1750
83.5,19,39.38,2500
83.5,20,36.82,-3000
83.5,22,35.24,-2500
83.5,23,43.27,-500
83.5,24,35.04,-5250
83.5,25,35.07,5750
83.5,26,35.24,750
83.5,28,35.22,4750
84.0,3,44.47,750
84.0,6,40.76,-500
84.0,7,37.43,2000
84.0,8,35.44,-1250
84.0,12,35.41,-4750
84.0,13,43.42,1750
84.0,16,43.4,-2750
84.0,19,37.82,2750
84.0,20,36.79,-3000
84.0,23,44.44,-500
84.0,28,35.28,-1500
84.0,32,35.35,2750
84.5,3,43.74,750
84.5,6,38.13,-750
84.5,7,38.52,1750
84.5,10,37.05,500
84.5,13,43.93,1750
84.5,16,40.71,-3000
84.5,19,39.0,2750
84.5,21,35.01,-5750
84.5,23,44.59,-500
84.5,30,35.07,-3250
85.0,3,43.05,750
85.0,6,40.45,-500
85.0,7,38.88,1750
85.0,10,35.56,500
85.0,13,43.53,1750
85.0,16,42.67,-2750
85.0,19,40.04,2500
85.0,20,35.04,2500
85.0,22,35.13,-2000
85.0,23,43.86,-500
85.0,30,35.46,-3250
85.5,3,42.94,750
85.5,4,36.07,-5250
85.5,6,39.32,-750
85.5,7,38.68,1750
85.5,9,35.14,-2500
85.5,10,35.22,-3000
85.5,13,43.32,1750
85.5,14,35.46,4750
85.5,16,40.61,-3000
85.5,19,37.24,2750
85.5,20,37.94,-3000
85.5,21,35.36,4750
85.5,23,44.54,-500
85.5,26,35.05,1750
85.5,30,36.37,-3250
86.0,3,44.12,750
86.0,6,41.55,-500
86.0,7,39.23,1750
86.0,10,35.82,500
86.0,13,44.26,1750
86.0,16,40.9,-3000
86.0,19,38.48,2750
86.0,23,43.62,-500
86.0,27,35.12,4250
86.0,28,35.9,-750
86.0,30,35.01,-4000
86.5,3,42.93,750
86.5,6,39.66,-750
86.5,7,38.89,1750
86.5,13,42.48,1750
86.5,16,39.52,-3000
86.5,17,35.46,250
86.5,18,35.8,1250
86.5,19,37.32,2750
86.5,23,45.1,-500
86.5,24,35.18,2500
86.5,30,35.46,-3250
87.0,3,43.07,750
87.0,6,41.56,-500
87.0,7,38.74,1750
87.0,10,36.42,500
87.0,13,43.12,1750
87.0,16,37.28,-3000
87.0,19,41.1,2500
87.0,20,35.02,4500
87.0,23,44.48,-500
87.0,25,35.73,1000
87.0,26,35.56,-5250
87.0,27,35.08,-4250
87.0,29,35.92,250
87.5,1,35.12,-2250
87.5,3,43.41,750
87.5,6,38.19,-750
87.5,7,37.42,2000
87.5,8,35.51,2250
87.5,13,42.66,1750
87.5,16,42.31,-2750
87.5,19,39.43,2750
87.5,20,36.81,-3000
87.5,23,45.3,-500
87.5,30,35.55,-3250
87.5,32,35.12,750
88.0,3,44.02,750
88.0,6,39.33,-750
88.0,7,38.19,1750
88.0,8,37.35,2250
88.0,13,43.99,1750
88.0,16,39.5,-3000
88.0,19,37.26,2750
88.0,20,35.56,-3000
88.0,21,35.62,4750
88.0,23,44.5,-500
88.0,26,35.19,0
88.5,3,43.64,750
88.5,6,41.02,-500
88.5,7,39.61,1750
88.5,9,35.04,-3500
88.5,10,35.3,2000
88.5,11,35.25,-500
88.5,13,43.65,1750
88.5,16,38.34,-3000
88.5,19,40.46,2500
88.5,23,43.61,-500
88.5,26,35.06,3000
88.5,29,35.05,-1000
89.0,2,35.08,3250
89.0,3,44.01,750
89.0,4,35.09,-5250
89.0,6,41.94,-500
89.0,7,37.85,1750
89.0,8,35.32,-1750
89.0,13,43.54,1750
89.0,14,35.64,1750
89.0,16,41.7,-2750
89.0,19,37.56,2750
89.0,22,35.49,4500
89.0,23,44.28,-500
89.0,29,35.21,3500
89.0,30,35.09,3000
89.0,31,35.34,-1000
89.5,3,43.4,750
89.5,5,35.02,-5750
89.5,6,41.69,-500
89.5,7,38.89,1750
89.5,8,35.09,-5000
89.5,10,35.61,1250
89.5,13,42.81,1750
89.5,16,42.42,-2750
89.5,19,39.49,2500
89.5,20,35.34,-3000
89.5,22,35.1,-1750
89.5,23,44.27,-500
89.5,28,35.71,3250
90.0,3,44.24,750
90.0,6,38.15,-500
90.0,7,37.98,1750
90.0,11,35.7,-2250
90.0,13,43.2,1750
90.0,16,38.77,-3000
90.0,19,38.33,2750
90.0,23,43.99,-500
90.0,25,35.29,750
90.0,28,35.09,-1500
90.0,30,36.6,-3250
90.5,2,35.38,-4750
90.5,3,42.54,750
90.5,6,38.12,-750
90.5,7,38.18,1750
90.5,9,35.36,2750
90.5,10,35.62,-2250
90.5,11,35.09,-5000
90.5,13,43.39,1750
90.5,15,35.36,5750
90.5,16,39.02,-3000
90.5,18,35.15,-5250
90.5,19,38.0,2750
90.5,20,36.33,-3000
90.5,23,44.29,-500
90.5,30,35.48,-2000
91.0,1,35.61,500
91.0,3,43.84,750
91.0,6,40.65,-500
91.0,7,37.61,1750
91.0,8,35.36,2250
91.0,10,35.45,500
91.0,13,43.67,1750
91.0,16,41.75,-2750
91.0,19,40.01,2500
91.0,22,35.4,3750
91.0,23,43.7,-500
91.0,30,35.45,-1250
91.5,1,35.27,-1000
91.5,3,42.82,750
91.5,4,35.31,-1000
91.5,6,39.85,-750
91.5,7,37.72,1750
91.5,8,35.28,1750
91.5,10,35.83,-4500
91.5,13,44.0,1750
91.5,16,40.06,-3000
91.5,17,35.12,3000
91.5,19,38.35,2750
91.5,20,36.24,-3000
91.5,23,44.67,-500
91.5,24,35.12,-250
91.5,29,36.0,-4500
91.5,30,36.22,-3250
92.0,3,42.9,750
92.0,6,40.27,-750
92.0,7,37.63,1750
92.0,13,43.45,1750
92.0,16,41.68,-2750
92.0,19,39.59,2500
92.0,23,45.04,-500
92.0,28,35.13,-2250
92.0,30,35.72,-3250
92.5,3,43.25,750
92.5,6,39.82,-750
92.5,7,36.68,1750
92.5,10,36.44,500
92.5,11,35.05,2000
92.5,13,42.14,1750
92.5,16,39.1,-3000
92.5,17,35.42,4500
92.5,19,37.07,2750
92.5,21,35.52,3500
92.5,23,45.23,-500
92.5,29,35.23,2250
93.0,3,42.91,750
93.0,6,41.22,-500
93.0,7,39.83,1750
93.0,10,35.33,500
93.0,11,35.57,0
93.0,13,42.97,1750
93.0,16,42.02,-2750
93.0,18,35.44,4500
93.0,19,39.12,2500
93.0,20,35.3,-3000
93.0,23,44.47,-500
93.0,27,35.14,-3000
93.0,30,35.2,1750
93.5,3,43.57,750
93.5,6,40.42,-500
93.5,7,38.27,1750
93.5,10,35.52,-2000
93.5,11,37.08,2000
93.5,13,42.86,1750
93.5,16,40.83,-3000
93.5,19,38.35,2500
93.5,23,44.22,-500
93.5,25,35.83,500
93.5,29,35.4,-1750
93.5,30,35.36,-3250
93.5,31,35.19,-4500
94.0,1,35.35,4250
94.0,3,43.62,750
94.0,6,40.49,-500
94.0,7,37.64,1750
94.0,8,35.17,2250
94.0,11,37.01,2000
94.0,13,42.74,1750
94.0,16,39.33,-3000
94.0,19,37.87,2750
94.0,23,45.31,-500
94.0,24,35.12,4750
94.0,28,35.48,-3250
94.0,29,35.62,1500
94.0,31,35.01,0
94.5,2,35.43,-6000
94.5,3,43.71,750
94.5,5,35.1,-5750
94.5,6,37.63,-750
94.5,7,36.73,1750
94.5,9,35.73,4750
94.5,12,35.37,5750
94.5,13,43.66,1750
94.5,16,41.31,-2750
94.5,17,35.11,-5500
94.5,18,35.23,-2750
94.5,19,36.78,2750
94.5,20,35.05,500
94.5,23,44.45,-500
95.0,3,43.56,750
95.0,5,35.35,-5750
95.0,6,41.6,-500
95.0,7,39.46,1750
95.0,11,35.66,2000
95.0,13,43.76,1750
95.0,15,35.41,-1000
95.0,16,41.75,-2750
95.0,18,35.11,1250
95.0,19,38.03,2750
95.0,20,38.11,-3000
95.0,23,44.45,-500
95.0,26,35.43,0
95.0,28,35.17,2250
95.0,30,36.79,-3250
95.5,3,42.61,750
95.5,6,37.62,-500
95.5,7,37.51,1750
95.5,10,35.06,-5000
95.5,12,35.15,3750
95.5,13,43.25,1750
95.5,16,40.33,-3000
95.5,19,38.01,2750
95.5,20,35.35,-3000
95.5,23,44.88,-500
95.5,30,35.02,-3250
95.5,32,35.13,-3000
96.0,3,43.31,750
96.0,6,39.23,-750
96.0,7,38.45,2000
96.0,8,35.06,-4750
96.0,13,42.24,1750
96.0,14,35.51,4500
96.0,16,42.38,-2750
96.0,17,35.08,2750
96.0,19,37.79,2750
96.0,22,35.74,-2250
96.0,23,44.82,-500
96.0,24,35.01,-1750
96.0,27,35.93,-1250
96.0,30,35.49,-500
96.5,3,43.02,750
96.5,6,38.14,-500
96.5,7,36.42,1750
96.5,13,42.76,1750
96.5,16,40.98,-3000
96.5,19,38.57,2750
96.5,23,44.96,-500
96.5,30,36.35,-3250
96.5,31,35.07,2250
97.0,3,43.04,750
97.0,6,39.88,-500
97.0,7,38.98,1750
97.0,11,35.44,2000
97.0,13,43.62,1750
97.0,16,41.98,-2750
97.0,19,38.85,2500
97.0,22,36.25,4250
97.0,23,44.62,-500
97.0,24,36.26,0
97.0,30,35.79,-3250
97.5,3,42.74,750
97.5,6,39.21,-750
97.5,7,36.89,1750
97.5,8,35.84,2250
97.5,10,35.05,500
97.5,13,42.81,1750
97.5,16,40.8,-3000
97.5,19,38.68,2750
97.5,23,44.18,-500
97.5,25,35.43,3750
97.5,28,35.37,-4250
97.5,30,35.67,-6000
98.0,3,42.62,750
98.0,6,41.08,-500
98.0,7,37.97,1750
98.0,10,35.67,500
98.0,11,36.45,2000
98.0,13,43.08,1750
98.0,16,41.63,-2750
98.0,19,39.44,2500
98.0,23,44.82,-500
98.0,24,35.01,4000
98.0,27,35.7,2500
98.0,30,35.81,-3250
98.0,31,35.06,-4750
98.5,3,43.39,750
98.5,5,35.31,4750
98.5,6,39.89,-500
98.5,7,36.69,1750
98.5,10,35.43,3250
98.5,11,35.33,2000
98.5,13,42.8,1750
98.5,14,35.04,1500
98.5,16,41.64,-2750
98.5,19,39.95,2500
98.5,20,36.81,-3000
98.5,23,44.53,-500
98.5,30,35.77,-3250
98.5,31,35.32,-3750
99.0,2,35.19,1250
99.0,3,43.24,750
99.0,4,35.32,-5250
99.0,6,39.95,-500
99.0,7,37.6,1750
99.0,13,42.32,1750
99.0,14,35.11,-1750
99.0,16,42.49,-2750
99.0,19,39.87,2500
99.0,20,36.19,-3000
99.0,23,45.02,-500
99.0,31,35.39,-2750
99.5,3,43.0,750
99.5,4,36.0,3000
99.5,6,39.66,-750
99.5,7,38.94,1750
99.5,13,42.88,1750
99.5,14,35.35,-5250
99.5,16,40.63,-3000
99.5,19,38.36,2750
99.5,23,44.54,-500
99.5,26,35.15,-1000
99.5,28,35.25,3750
100.0,1,35.15,3000
100.0,3,44.33,750
100.0,4,35.62,3000
100.0,6,41.44,-500
100.0,7,38.88,1750
100.0,13,43.31,1750
100.0,16,42.47,-2750
100.0,17,35.16,1500
100.0,19,39.81,2500
100.0,23,44.62,-500
100.5,1,35.11,500
100.5,3,43.87,750
100.5,4,35.1,-5250
100.5,6,40.74,-500
100.5,7,39.13,1750
100.5,11,36.51,2000
100.5,13,43.06,1750
100.5,16,41.79,-2750
100.5,19,39.46,2500
100.5,23,44.94,-500
100.5,26,35.3,-6000
100.5,30,38.27,-3250
101.0,2,35.19,4500
101.0,3,42.62,750
101.0,6,41.07,-500
101.0,7,39.68,1750
101.0,13,44.23,1750
101.0,16,42.0,-2750
101.0,17,36.13,2250
101.0,19,40.12,2500
101.0,23,44.39,-500
101.0,27,35.13,2750
101.0,30,35.48,-3250
101.5,3,43.05,750
101.5,6,40.97,-500
101.5,7,39.9,1750
101.5,13,42.97,1750
101.5,16,41.91,-2750
101.5,19,40.83,2500
101.5,21,35.05,-2500
101.5,23,44.65,-500
101.5,30,36.42,-3250
101.5,31,35.65,2500
102.0,3,43.85,750
102.0,4,35.68,5750
102.0,6,40.01,-750
102.0,7,38.47,1750
102.0,13,43.8,1750
102.0,16,40.99,-3000
102.0,19,39.99,2750
102.0,23,44.71,-500
102.0,26,35.39,2750
102.0,27,35.09,-5000
102.5,3,43.41,750
102.5,6,38.1,-750
102.5,7,38.28,1750
102.5,13,43.9,1750
102.5,16,41.03,-3000
102.5,19,39.15,2750
102.5,20,36.28,-3000
102.5,23,44.4,-500
103.0,2,35.45,500
103.0,3,43.41,750
103.0,6,39.2,-500
103.0,7,37.65,1750
103.0,8,35.1,-250
103.0,11,35.09,2000
103.0,13,44.53,1750
103.0,15,35.58,1000
103.0,16,41.7,-2750
103.0,17,35.36,-2500
103.0,19,41.03,2500
103.0,21,35.07,-2250
103.0,23,44.07,-500
103.0,30,35.43,-3250
103.5,2,35.1,4500
103.5,3,43.09,750
103.5,6,39.09,-750
103.5,7,38.5,1750
103.5,13,43.47,1750
103.5,16,40.4,-3000
103.5,19,37.01,2750
103.5,23,44.81,-500
103.5,28,35.36,-2250
103.5,32,35.5,-250
104.0,3,43.77,750
104.0,4,35.76,4500
104.0,5,35.09,2750
104.0,6,40.28,-500
104.0,7,37.83,1750
104.0,9,35.54,-3750
104.0,11,35.07,4500
104.0,13,42.73,1750
104.0,16,41.39,-2750
104.0,17,35.5,-1500
104.0,19,37.81,2500
104.0,23,44.15,-500
104.5,3,43.65,750
104.5,6,38.65,-500
104.5,7,37.07,1750
104.5,9,36.25,1500
104.5,12,35.8,4000
104.5,13,43.71,1750
104.5,16,38.05,-3000
104.5,18,35.16,-1000
104.5,19,37.29,2750
104.5,23,45.41,-500
104.5,30,35.67,-3250
105.0,3,43.41,750
105.0,6,39.7,-500
105.0,7,38.07,1750
105.0,13,44.14,1750
105.0,15,35.06,500
105.0,16,43.22,-2750
105.0,19,39.98,2500
105.0,23,45.21,-500
105.0,26,35.72,-750
105.0,30,35.99,-3250
105.0,32,35.46,-4000
105.5,3,43.44,750
105.5,5,35.02,-3250
105.5,6,39.48,-750
105.5,7,40.12,1750
105.5,13,43.6,1750
105.5,16,40.74,-3000
105.5,18,35.06,-6000
105.5,19,37.75,2750
105.5,20,35.72,-3000
105.5,23,43.84,-500
106.0,3,43.38,750
106.0,4,35.18,2500
106.0,6,41.77,-500
106.0,7,39.44,1750
106.0,8,35.73,2250
106.0,10,36.65,500
106.0,13,43.84,1750
106.0,16,42.14,-2750
106.0,19,38.9,2500
106.0,20,38.18,-3000
106.0,21,35.56,-3750
106.0,23,44.34,-500
106.0,26,35.7,-2000
106.0,29,35.45,4500
106.0,32,35.54,2750
106.5,2,35.06,3750
106.5,3,42.62,750
106.5,6,38.21,-750
106.5,7,36.9,1750
106.5,9,35.15,3750
106.5,10,36.91,500
106.5,13,42.84,1750
106.5,15,35.4,1500
106.5,16,39.89,-3000
106.5,19,37.81,2750
106.5,23,44.81,-500
106.5,25,35.2,0
106.5,27,35.21,-4000
106.5,30,37.56,-3250
107.0,3,43.86,750
107.0,6,38.12,-750
107.0,7,36.18,1750
107.0,13,43.2,1750
107.0,16,38.85,-3000
107.0,18,35.05,0
107.0,19,36.15,2750
107.0,20,36.14,-3000
107.0,23,44.72,-500
107.5,2,35.31,-4500
107.5,3,43.01,750
107.5,4,35.36,2250
107.5,6,40.83,-500
107.5,7,39.01,1750
107.5,10,35.62,-1500
107.5,13,43.61,1750
107.5,16,42.47,-2750
107.5,18,35.31,-500
107.5,19,40.01,2500
107.5,23,44.42,-500
108.0,1,35.24,-750
108.0,3,43.13,750
108.0,6,40.53,-500
108.0,7,39.21,1750
108.0,13,43.44,1750
108.0,15,35.28,-1250
108.0,16,42.37,-2750
108.0,19,40.72,2500
108.0,23,44.02,-500
108.0,24,35.31,0
108.0,26,35.28,-3000
108.5,1,35.26,3250
108.5,2,35.95,-2750
108.5,3,43.31,750
108.5,6,36.66,-750
108.5,7,39.57,1750
108.5,10,36.31,500
108.5,11,36.06,2000
108.5,13,42.91,1750
108.5,16,39.98,-3000
108.5,19,37.2,2750
108.5,23,45.24,-500
108.5,29,35.84,-250
108.5,30,37.61,-3250
109.0,3,43.1,750
109.0,6,41.64,-500
109.0,7,38.58,1750
109.0,10,36.67,500
109.0,13,43.1,1750
109.0,16,42.92,-2750
109.0,19,39.72,2500
109.0,20,35.29,-3000
109.0,23,44.89,-500
109.5,3,41.9,750
109.5,6,40.3,-500
109.5,7,37.49,1750
109.5,10,35.94,1000
109.5,11,35.25,1500
109.5,13,43.77,1750
109.5,16,41.36,-2750
109.5,19,39.44,2500
109.5,20,35.49,-3000
109.5,23,44.27,-500
109.5,27,35.3,4500
109.5,30,36.31,-3250
109.5,32,35.43,-1000
110.0,3,42.42,750
110.0,5,35.42,3500
110.0,6,40.58,-500
110.0,7,37.19,1750
110.0,13,41.92,1750
110.0,15,35.2,-3000
110.0,16,42.22,-2750
110.0,19,40.56,2500
110.0,20,36.57,-3000
110.0,22,35.25,-750
110.0,23,44.55,-500
110.0,25,35.18,-5250
110.0,30,37.95,-3250
110.0,31,35.24,1500
110.5,3,43.5,750
110.5,6,40.24,-500
110.5,7,38.97,1750
110.5,8,35.09,1000
110.5,13,42.99,1750
110.5,16,41.36,-2750
110.5,19,40.7,2500
110.5,20,35.9,-3000
110.5,21,35.6,4000
110.5,23,45.06,-500
111.0,3,42.69,750
111.0,6,39.64,-750
111.0,7,38.59,2000
111.0,8,35.41,-4250
111.0,10,37.16,500
111.0,13,43.09,1750
111.0,14,35.42,-1500
111.0,16,40.03,-3000
111.0,19,38.86,2750
111.0,20,35.91,-3000
111.0,23,43.61,-500
111.0,31,35.22,4500
111.5,3,43.62,750
111.5,5,35.03,-2000
111.5,6,35.53,-500
111.5,7,39.22,1750
111.5,10,35.54,500
111.5,13,42.93,1750
111.5,15,35.07,5250
111.5,16,40.45,-3000
111.5,19,38.65,2750
111.5,23,43.4,-500
111.5,24,36.76,500
111.5,27,35.8,2750
112.0,3,43.9,750
112.0,6,39.59,-500
112.0,7,38.13,1750
112.0,13,43.69,1750
112.0,16,38.52,-3000
112.0,19,39.14,2750
112.0,20,36.99,-3000
112.0,23,44.39,-500
112.0,24,35.24,-4000
112.5,2,35.53,4500
112.5,3,42.86,750
112.5,6,39.55,-750
112.5,7,37.38,1750
112.5,8,35.21,750
112.5,12,35.57,-3000
112.5,13,42.88,1750
112.5,16,41.44,-3000
112.5,19,39.67,2500
112.5,20,35.1,500
112.5,23,44.58,-500
112.5,30,35.55,-3250
113.0,3,43.22,750
113.0,6,37.11,-500
113.0,7,39.37,1750
113.0,13,42.81,1750
113.0,16,40.03,-3000
113.0,19,36.36,2500
113.0,20,37.02,-3000
113.0,23,44.37,-500
113.0,26,36.64,5250
113.5,3,43.12,750
113.5,6,42.21,-500
113.5,7,39.06,1750
113.5,9,35.04,-250
113.5,12,35.37,-5750
113.5,13,44.13,1750
113.5,16,42.43,-2750
113.5,18,35.01,4500
113.5,19,41.25,2500
113.5,20,36.26,-3000
113.5,22,36.14,-1250
113.5,23,44.82,-500
113.5,26,35.23,-1250
114.0,3,43.2,750
114.0,5,35.41,2000
114.0,6,40.3,-500
114.0,7,38.89,1750
114.0,13,43.84,1750
114.0,16,42.32,-2750
114.0,18,36.0,-2500
114.0,19,39.74,2750
114.0,23,44.06,-500
114.0,24,35.66,-3750
114.0,28,35.24,-2500
114.5,3,42.78,750
114.5,6,39.19,-750
114.5,7,40.1,1750
114.5,8,35.25,2250
114.5,10,35.03,500
114.5,13,44.21,1750
114.5,16,41.35,-3000
114.5,17,35.12,-3750
114.5,19,36.29,2750
114.5,20,36.04,-3000
114.5,22,35.21,-1250
114.5,23,44.38,-500
115.0,3,43.35,750
115.0,4,35.35,-3500
115.0,6,40.74,-500
115.0,7,38.52,1750
115.0,10,35.06,500
115.0,13,43.94,1750
115.0,15,35.57,-250
115.0,16,42.75,-2750
115.0,19,41.32,2500
115.0,21,35.6,-3000
115.0,23,44.31,-500
115.0,25,35.34,-4000
115.0,31,35.75,2500
115.5,1,35.48,2250
115.5,3,42.06,750
115.5,6,36.04,-750
115.5,7,39.37,1750
115.5,9,35.19,-500
115.5,10,36.8,500
115.5,11,35.39,-500
115.5,13,44.5,1750
115.5,16,40.04,-3000
115.5,19,40.54,2750
115.5,20,35.58,2250
115.5,23,44.53,-500
115.5,27,35.1,3750
115.5,31,35.62,750
116.0,3,42.37,750
116.0,6,40.21,-500
116.0,7,38.17,1750
116.0,10,36.91,500
116.0,13,44.77,1750
116.0,16,40.72,-3000
116.0,19,40.53,2750
116.0,20,35.04,3000
116.0,23,44.71,-500
116.0,30,35.29,3750
116.5,2,35.19,0
116.5,3,43.97,750
116.5,6,36.25,-750
116.5,7,38.48,1750
116.5,10,38.26,500
116.5,13,43.6,1750
116.5,16,41.91,-3000
116.5,18,35.54,4500
116.5,19,38.7,2750
116.5,23,43.38,-500
117.0,3,42.99,750
117.0,6,40.52,-500
117.0,10,35.98,500
117.0,13,44.43,1750
117.0,16,41.18,-3000
117.0,17,35.37,-1500
117.0,19,41.72,2500
117.0,20,37.35,-3000
117.0,23,43.81,-500
117.0,31,35.21,5500
117.0,32,35.25,5500
117.5,3,42.37,750
117.5,5,35.3,-4000
117.5,6,38.38,-750
117.5,7,36.33,2000
117.5,10,35.09,500
117.5,13,43.9,1750
117.5,16,43.16,-2750
117.5,18,35.12,-5750
117.5,19,40.24,2750
117.5,23,43.96,-500
117.5,25,35.09,2500
118.0,3,43.39,750
118.0,5,35.75,-5750
118.0,6,38.76,-750
118.0,7,38.6,1750
118.0,13,43.11,1750
118.0,16,41.18,-3000
118.0,17,35.01,5500
118.0,19,41.04,2750
118.0,23,44.88,-500
118.0,25,35.39,-5750
118.5,3,43.01,750
118.5,6,40.26,-500
118.5,7,37.97,1750
118.5,8,35.01,-5500
118.5,10,35.61,500
118.5,13,44.15,1750
118.5,16,41.63,-3000
118.5,19,41.48,2500
118.5,23,43.29,-500
118.5,27,35.05,3500
119.0,3,41.77,750
119.0,6,40.19,-500
119.0,7,39.44,1750
119.0,8,35.78,5000
119.0,10,35.93,500
119.0,13,44.19,1750
119.0,16,43.59,-2750
119.0,19,38.63,2750
119.0,23,44.59,-500
119.0,29,35.13,-500
119.0,30,35.72,-3250
119.5,3,43.87,750
119.5,6,40.12,-500
119.5,7,35.81,2000
119.5,8,35.63,4000
119.5,10,38.81,500
119.5,13,44.97,1750
119.5,14,35.11,5750
119.5,16,42.38,-2750
119.5,19,41.36,2500
119.5,22,35.01,3000
119.5,23,43.71,-500
119.5,24,35.18,-4500
119.5,25,35.22,-250
119.5,29,35.13,-2500
120.0,3,46.21,750
120.0,4,35.8,-1500
120.0,6,36.48,-750
120.0,8,36.17,2250
120.0,10,38.58,500
120.0,11,38.29,2000
120.0,13,44.79,1750
120.0,15,35.21,4000
120.0,16,44.48,-3000
120.0,19,42.32,2750
120.0,23,46.74,-500
120.0,25,35.0,-3000
120.0,27,36.56,2000
120.0,32,35.5,-3000
120.5,2,35.39,2750
120.5,3,45.89,750
120.5,6,35.11,-500
120.5,8,38.23,2250
120.5,10,37.78,500
120.5,11,37.14,2000
120.5,13,44.91,1750
120.5,15,35.03,750
120.5,16,43.79,-3000
120.5,19,41.73,2750
120.5,23,47.09,-500
120.5,29,35.04,750
121.0,3,45.84,750
121.0,4,35.19,-3500
121.0,6,36.58,-500
121.0,10,37.49,500
121.0,11,35.71,2000
121.0,13,45.81,1750
121.0,14,35.42,5750
121.0,16,46.42,-2750
121.0,19,44.55,2500
121.0,20,35.83,-3000
121.0,23,46.96,-500
121.0,28,35.43,3750
121.5,3,45.19,750
121.5,5,36.39,5500
121.5,10,37.31,500
121.5,11,37.71,2000
121.5,13,45.69,1750
121.5,16,43.0,-3000
121.5,18,35.06,-4500
121.5,19,42.27,2750
121.5,23,47.37,-500
121.5,26,35.05,-1250
121.5,29,35.02,4500
121.5,32,36.87,-3000
122.0,2,35.24,750
122.0,3,45.53,750
122.0,5,35.31,-3750
122.0,8,36.99,2250
122.0,10,37.28,500
122.0,11,38.24,2000
122.0,13,45.1,1750
122.0,16,45.74,-2750
122.0,18,35.39,2000
122.0,19,44.44,2500
122.0,23,46.95,-500
122.0,29,35.05,4500
122.0,30,35.31,-3250
122.0,32,37.12,-3000
122.5,3,45.27,750
122.5,4,35.1,750
122.5,7,35.57,-500
122.5,8,36.21,2250
122.5,10,36.0,500
122.5,11,38.45,2000
122.5,13,44.52,1750
122.5,16,43.97,-3000
122.5,19,41.9,2750
122.5,23,47.52,-500
122.5,24,35.14,-5500
122.5,25,35.38,-4250
123.0,3,45.71,750
123.0,6,37.53,-500
123.0,8,37.07,2250
123.0,10,35.84,500
123.0,11,36.58,2000
123.0,13,45.96,1750
123.0,16,45.52,-2750
123.0,19,44.19,2500
123.0,21,35.21,3500
123.0,23,47.3,-500
123.0,24,35.2,-5250
123.0,26,35.34,5500
123.5,3,45.93,750
123.5,4,35.37,-500
123.5,5,35.5,2750
123.5,6,36.3,-500
123.5,8,36.63,2250
123.5,10,36.32,500
123.5,11,37.2,2000
123.5,13,45.66,1750
123.5,16,44.55,-3000
123.5,19,43.71,2500
123.5,23,46.95,-500
123.5,29,35.46,4000
123.5,32,35.03,3750
124.0,3,46.72,750
124.0,6,36.48,-500
124.0,8,36.36,2250
124.0,10,38.0,500
124.0,11,35.96,2000
124.0,13,45.95,1750
124.0,14,35.88,500
124.0,16,43.57,-3000
124.0,19,41.85,2750
124.0,20,35.09,3500
124.0,23,47.2,-500
124.0,30,35.46,-1250
124.5,3,46.47,750
124.5,5,35.2,3750
124.5,6,37.26,-750
124.5,8,35.97,2250
124.5,11,36.85,2000
124.5,13,45.78,1750
124.5,16,45.79,-2750
124.5,19,43.01,2750
124.5,23,47.48,-500
124.5,32,36.46,-3000
125.0,1,36.07,-500
125.0,2,35.04,250
125.0,3,45.69,750
125.0,6,37.71,-500
125.0,10,35.96,500
125.0,11,37.14,2000
125.0,13,45.91,1750
125.0,16,46.24,-2750
125.0,19,41.87,2750
125.0,23,47.06,-500
125.0,26,35.92,-4500
125.0,29,35.93,1500
125.5,3,45.15,750
125.5,6,36.26,-750
125.5,8,37.34,2250
125.5,10,35.57,500
125.5,11,39.54,2000
125.5,13,44.94,1750
125.5,15,35.34,3500
125.5,16,44.6,-3000
125.5,19,41.62,2750
125.5,23,47.09,-500
125.5,31,35.21,-5250
125.5,32,35.09,4500
126.0,3,45.16,750
126.0,5,35.05,1750
126.0,8,35.27,-4250
126.0,10,35.51,500
126.0,11,35.78,2000
126.0,13,45.69,1750
126.0,16,45.72,-2750
126.0,17,35.07,-500
126.0,19,42.67,2750
126.0,20,35.04,2750
126.0,23,46.77,-500
126.0,27,35.22,-3500
126.0,32,35.88,-3000
126.5,3,46.13,750
126.5,6,36.3,-750
126.5,8,36.34,2250
126.5,10,38.68,500
126.5,13,45.01,1750
126.5,16,44.59,-3000
126.5,19,42.21,2750
126.5,21,35.28,-5500
126.5,23,47.54,-500
126.5,27,35.51,-4750
126.5,31,35.0,2750
126.5,32,35.77,-3000
127.0,3,46.12,750
127.0,6,37.54,-500
127.0,7,35.22,1750
127.0,8,37.78,2250
127.0,10,38.55,500
127.0,11,36.23,2000
127.0,13,45.43,1750
127.0,16,47.11,-2750
127.0,17,35.09,2750
127.0,19,44.07,2500
127.0,21,35.66,-500
127.0,23,46.79,-500
127.0,25,35.03,2500
127.0,32,36.35,-3000
127.5,3,45.55,750
127.5,6,37.05,-750
127.5,8,36.12,2250
127.5,10,38.93,500
127.5,11,35.44,2000
127.5,13,45.08,1750
127.5,16,45.18,-3000
127.5,17,35.87,-3000
127.5,19,42.24,2750
127.5,23,47.19,-500
127.5,27,35.32,-500
127.5,30,36.07,-250
128.0,3,46.08,750
128.0,6,37.51,-500
128.0,10,36.52,500
128.0,11,38.07,2000
128.0,13,46.11,1750
128.0,15,35.06,5500
128.0,16,45.78,-2750
128.0,19,43.95,2500
128.0,23,47.29,-500
128.0,24,35.4,5500
128.0,32,35.53,-4500
128.5,2,35.16,-5750
128.5,3,45.86,750
128.5,5,35.93,2000
128.5,6,38.13,-500
128.5,8,36.75,2250
128.5,9,35.18,-5500
128.5,10,37.98,500
128.5,11,37.71,2000
128.5,13,45.15,1750
128.5,16,45.26,-2750
128.5,19,44.24,2500
128.5,23,46.62,-500
128.5,26,35.15,-500
128.5,32,38.91,-3000
129.0,3,45.7,750
129.0,6,38.13,-500
129.0,8,35.74,2250
129.0,10,37.88,500
129.0,13,45.83,1750
129.0,16,46.2,-2750
129.0,19,44.36,2500
129.0,23,46.56,-500
129.0,27,35.29,-3500
129.0,32,35.44,-3000
129.5,1,35.02,3500
129.5,3,45.91,750
129.5,6,37.33,-750
129.5,8,38.04,2250
129.5,10,37.01,500
129.5,11,36.31,2000
129.5,13,45.36,1750
129.5,16,43.21,-3000
129.5,17,35.91,-1500
129.5,19,41.71,2750
129.5,23,47.15,-500
129.5,24,35.34,2500
129.5,31,35.36,1000
129.5,32,36.51,-3000
130.0,2,35.37,-4250
130.0,3,45.19,750
130.0,4,35.07,3500
130.0,6,37.43,-500
130.0,8,36.02,2250
130.0,10,38.32,500
130.0,11,38.22,2000
130.0,13,45.48,1750
130.0,14,35.02,-2500
130.0,16,43.47,-3000
130.0,19,42.41,2750
130.0,23,46.86,-500
130.0,27,35.5,500
130.0,30,36.06,-3250
130.0,32,35.7,-3000
130.5,3,45.71,750
130.5,5,35.2,-4500
130.5,6,36.77,-750
130.5,8,39.85,2250
130.5,10,39.27,500
130.5,11,37.33,2000
130.5,13,45.61,1750
130.5,16,42.86,-3000
130.5,19,42.18,2750
130.5,23,47.32,-500
130.5,29,35.22,1500
130.5,30,35.29,4500
130.5,32,35.06,5750
131.0,3,45.26,750
131.0,8,36.54,2000
131.0,10,35.76,500
131.0,13,45.64,1750
131.0,16,44.48,-3000
131.0,19,42.82,2750
131.0,23,47.06,-500
131.0,29,35.03,750
131.0,32,36.17,-3000
131.5,3,45.6,750
131.5,4,35.16,-3500
131.5,8,37.56,2250
131.5,10,37.98,500
131.5,11,36.97,2000
131.5,13,45.43,1750
131.5,14,35.08,1500
131.5,16,44.82,-3000
131.5,17,35.22,5750
131.5,19,42.34,2750
131.5,23,46.94,-500
131.5,29,35.32,5750
131.5,30,36.26,3250
132.0,3,45.38,750
132.0,6,36.0,-750
132.0,10,38.57,500
132.0,11,35.43,-3500
132.0,13,45.91,1750
132.0,14,36.38,4750
132.0,15,35.14,-3500
132.0,16,44.28,-3000
132.0,19,42.13,2750
132.0,23,47.46,-500
132.0,24,35.23,-500
132.0,30,36.47,-3250
132.0,31,35.79,-250
132.0,32,35.08,-3250
132.5,3,45.32,750
132.5,6,37.42,-750
132.5,10,38.5,500
132.5,11,36.26,2000
132.5,13,44.7,1750
132.5,16,43.64,-3000
132.5,19,41.87,2750
132.5,21,35.7,5750
132.5,22,35.77,4750
132.5,23,47.77,-500
133.0,1,35.08,-3250
133.0,3,45.21,750
133.0,6,35.35,-500
133.0,10,37.07,500
133.0,12,36.21,500
133.0,13,46.1,1750
133.0,16,46.11,-2750
133.0,19,44.36,2500
133.0,23,47.25,-500
133.0,29,35.15,2500
133.0,32,37.12,-3000
133.5,3,44.55,750
133.5,6,38.94,-750
133.5,7,35.09,2750
133.5,8,38.23,2250
133.5,10,38.05,500
133.5,11,36.57,2000
133.5,13,45.81,1750
133.5,16,44.21,-3000
133.5,19,41.64,2750
133.5,22,35.22,3750
133.5,23,47.18,-500
133.5,30,35.62,-500
134.0,3,44.98,750
134.0,10,40.11,500
134.0,13,45.31,1750
134.0,16,43.75,-3000
134.0,19,42.5,2750
134.0,20,35.24,-500
134.0,23,47.55,-500
134.0,28,35.01,3500
134.0,32,36.63,-3000
134.5,3,44.89,750
134.5,6,36.96,-500
134.5,10,37.75,500
134.5,13,46.31,1750
134.5,16,45.45,-2750
134.5,19,43.52,2500
134.5,23,46.12,-500
134.5,29,35.07,-2500
134.5,32,36.35,-3000
135.0,2,35.42,5000
135.0,3,45.28,750
135.0,6,35.82,-500
135.0,7,35.12,2750
135.0,9,35.79,2750
135.0,10,37.32,500
135.0,11,35.52,2000
135.0,13,45.64,1750
135.0,16,46.18,-2750
135.0,17,35.05,-1250
135.0,19,43.87,2500
135.0,23,47.3,-500
135.0,25,35.21,-1250
135.0,26,35.38,-1250
135.0,30,35.14,-3250
135.0,32,38.68,-3000
135.5,3,44.95,750
135.5,6,37.64,-750
135.5,9,35.28,4500
135.5,10,38.23,500
135.5,13,44.88,1750
135.5,16,44.16,-3000
135.5,18,35.24,-2750
135.5,19,43.07,2750
135.5,23,47.42,-500
135.5,29,35.0,-500
135.5,30,35.73,-3250
136.0,3,45.29,750
136.0,6,38.4,-500
136.0,9,35.34,2750
136.0,10,35.82,500
136.0,13,46.75,1750
136.0,16,45.46,-2750
136.0,19,44.55,2500
136.0,23,47.27,-500
136.0,32,35.04,-3250
136.5,3,45.82,750
136.5,10,36.41,500
136.5,13,45.8,1750
136.5,14,35.19,-5000
136.5,16,43.22,-3000
136.5,19,42.38,2750
136.5,23,46.99,-500
136.5,24,35.57,-1250
136.5,28,35.15,750
137.0,3,46.13,750
137.0,6,36.94,-750
137.0,9,35.86,-1750
137.0,10,38.85,500
137.0,13,45.9,1750
137.0,16,43.19,-3000
137.0,17,35.3,5000
137.0,19,41.66,2750
137.0,23,47.58,-500
137.0,28,35.04,-1500
137.0,30,36.91,-3250
137.0,32,36.51,-3000
137.5,3,45.79,750
137.5,6,36.08,-500
137.5,10,37.65,500
137.5,13,46.18,1750
137.5,16,45.46,-2750
137.5,19,44.13,2500
137.5,23,47.12,-500
137.5,32,36.64,-3000
138.0,3,45.23,750
138.0,4,35.78,1000
138.0,6,37.39,-750
138.0,10,38.29,500
138.0,12,35.11,3000
138.0,13,45.9,1750
138.0,15,35.01,-2500
138.0,16,42.55,-3000
138.0,18,35.19,500
138.0,19,42.75,2750
138.0,23,47.08,-500
138.5,3,45.22,750
138.5,8,35.31,3000
138.5,10,38.54,500
138.5,11,35.05,750
138.5,13,45.93,1750
138.5,15,35.04,2750
138.5,16,43.47,-3000
138.5,19,42.82,2750
138.5,20,35.86,5750
138.5,23,47.07,-500
138.5,25,35.13,-5250
138.5,32,35.54,1750
139.0,3,44.66,750
139.0,6,37.48,-500
139.0,10,38.84,500
139.0,13,46.19,1750
139.0,15,35.03,750
139.0,16,45.38,-2750
139.0,19,44.33,2500
139.0,23,46.37,-500
139.0,32,38.49,-3000
139.5,2,35.41,-4250
139.5,3,45.19,750
139.5,6,38.22,-500
139.5,9,35.01,500
139.5,10,39.01,500
139.5,11,37.68,2000
139.5,13,46.47,1750
139.5,16,45.17,-2750
139.5,17,35.69,-2750
139.5,19,43.85,2500
139.5,23,46.74,-500
139.5,25,35.9,500
140.0,3,45.15,750
140.0,6,37.71,-500
140.0,8,36.94,2250
140.0,10,39.0,500
140.0,11,36.74,2000
140.0,13,45.75,1750
140.0,16,44.8,-2750
140.0,19,43.56,2500
140.0,23,46.45,-500
140.0,32,37.35,-3000
140.5,3,45.11,750
140.5,5,35.05,5250
140.5,6,37.98,-500
140.5,9,35.0,-3500
140.5,10,37.97,500
140.5,13,45.81,1750
140.5,16,45.72,-2750
140.5,19,43.53,2500
140.5,23,46.89,-500
140.5,29,35.37,500
140.5,32,35.04,-5250
141.0,3,45.56,750
141.0,4,35.36,-2750
141.0,8,35.46,2500
141.0,10,38.49,500
141.0,11,36.91,2000
141.0,13,45.6,1750
141.0,16,42.65,-3000
141.0,19,42.26,2750
141.0,20,35.11,5750
141.0,23,47.03,-500
141.0,28,35.9,-5500
141.0,32,35.57,-3000
141.5,3,46.09,750
141.5,6,37.18,-750
141.5,10,39.72,500
141.5,11,35.87,2000
141.5,13,44.97,1750
141.5,16,43.09,-3000
141.5,19,42.4,2750
141.5,23,47.73,-500
141.5,28,35.15,-2500
141.5,32,37.17,-3000
142.0,3,45.59,750
142.0,4,35.54,-250
142.0,6,35.27,2750
142.0,10,39.91,500
142.0,13,45.6,1750
142.0,16,44.24,-3000
142.0,18,35.13,-2250
142.0,19,42.94,2750
142.0,23,47.14,-500
142.0,25,35.17,-2000
142.0,29,35.25,-2250
142.0,32,35.44,-3000
142.5,3,45.28,750
142.5,7,35.23,-2250
142.5,10,39.14,500
142.5,11,35.42,2000
142.5,13,45.79,1750
142.5,16,42.73,-3000
142.5,19,44.34,2500
142.5,20,35.16,750
142.5,22,35.61,-2500
142.5,23,46.73,-500
142.5,28,35.05,4500
142.5,32,37.6,-3000
143.0,3,45.64,750
143.0,4,35.28,-4000
143.0,5,35.04,-500
143.0,8,36.58,2250
143.0,10,38.64,500
143.0,11,36.12,2000
143.0,13,45.46,1750
143.0,16,42.11,-3000
143.0,17,35.1,-6000
143.0,19,42.05,2750
143.0,23,47.41,-500
143.0,24,35.62,-5500
143.0,25,35.44,-2250
143.0,31,35.18,2000
143.0,32,39.58,-3000
143.5,3,45.53,750
143.5,6,36.21,-500
143.5,10,37.35,500
143.5,13,45.54,1750
143.5,16,44.48,-2750
143.5,19,44.01,2500
143.5,23,47.34,-500
143.5,29,35.36,-2500
143.5,32,37.48,-3000
144.0,3,45.66,750
144.0,6,35.88,-500
144.0,9,35.29,-250
144.0,10,37.3,500
144.0,13,45.18,1750
144.0,15,35.54,-1750
144.0,16,44.39,-2750
144.0,18,35.08,-1000
144.0,19,42.25,2750
144.0,23,47.4,-500
144.0,24,35.16,4500
144.0,25,35.28,4750
144.0,30,35.33,-3250
144.0,32,36.61,-3000
144.5,1,35.09,-4500
144.5,3,45.26,750
144.5,5,35.47,2500
144.5,6,35.05,500
144.5,10,38.92,500
144.5,11,37.46,2000
144.5,13,45.39,1750
144.5,15,35.33,-1250
144.5,16,43.2,-3000
144.5,19,43.3,2750
144.5,22,35.24,-250
144.5,23,47.23,-500
144.5,32,39.33,-3000
145.0,3,45.02,750
145.0,6,35.8,-500
145.0,10,36.55,500
145.0,13,46.08,1750
145.0,16,45.0,-2750
145.0,19,43.37,2500
145.0,21,36.11,-250
145.0,23,46.86,-500
145.0,32,38.16,-3000
145.5,1,35.09,4500
145.5,3,45.8,750
145.5,5,35.9,3250
145.5,8,35.41,2250
145.5,10,37.88,500
145.5,11,36.68,2000
145.5,13,45.16,1750
145.5,16,43.27,-3000
145.5,19,41.97,2750
145.5,20,35.24,-3250
145.5,23,47.48,-500
145.5,28,35.09,-500
145.5,32,35.9,-5500
146.0,1,35.07,-2500
146.0,3,45.1,750
146.0,6,36.5,-750
146.0,10,37.04,500
146.0,11,36.51,2000
146.0,13,44.6,1750
146.0,15,35.51,2250
146.0,16,42.36,-3000
146.0,19,42.07,2750
146.0,22,35.0,1750
146.0,23,47.33,-500
146.0,26,35.11,3750
146.0,27,35.25,-1000
146.0,30,35.8,-4500
146.0,32,37.89,-3000
146.5,1,35.15,0
146.5,3,45.67,750
146.5,10,38.85,500
146.5,11,35.89,2000
146.5,13,45.17,1750
146.5,16,43.77,-3000
146.5,18,35.19,4500
146.5,19,42.66,2750
146.5,23,47.09,-500
146.5,30,35.64,-3250
146.5,31,35.32,2000
146.5,32,37.21,-3000
147.0,1,35.01,-4250
147.0,2,35.21,1500
147.0,3,45.87,750
147.0,10,36.2,500
147.0,11,35.68,2000
147.0,13,45.23,1750
147.0,16,43.3,-3000
147.0,19,44.21,2500
147.0,23,47.07,-500
147.0,26,35.02,-250
147.0,27,35.13,5500
147.0,30,35.77,5500
147.0,32,35.96,-3000
147.5,2,35.14,-5000
147.5,3,45.81,750
147.5,6,36.78,-750
147.5,8,36.5,2250
147.5,9,35.36,-1000
147.5,10,38.02,500
147.5,13,44.72,1750
147.5,16,44.44,-2750
147.5,19,42.23,2750
147.5,22,35.02,-750
147.5,23,47.52,-500
147.5,25,35.61,3250
147.5,28,35.78,1000
147.5,31,35.02,500
147.5,32,38.51,-3000
148.0,3,45.66,750
148.0,5,35.06,-4250
148.0,10,38.99,500
148.0,11,35.42,5000
148.0,13,45.48,1750
148.0,16,43.26,-3000
148.0,18,35.21,-4500
148.0,19,41.89,2750
148.0,22,35.13,-1000
148.0,23,47.22,-500
148.0,24,35.23,-500
148.0,26,36.04,-1500
148.0,28,35.22,750
148.5,3,45.87,750
148.5,6,35.94,-500
148.5,10,39.16,500
148.5,12,35.9,2250
148.5,13,44.93,1750
148.5,16,43.18,-3000
148.5,19,44.18,2500
148.5,23,47.27,-500
148.5,24,35.52,-1000
148.5,32,36.58,-3000
149.0,3,44.89,750
149.0,6,35.15,-500
149.0,10,37.31,500
149.0,13,45.16,1750
149.0,16,44.51,-2750
149.0,19,42.93,2750
149.0,23,47.4,-500
149.0,24,35.57,-1500
149.0,31,35.47,-1250
149.0,32,38.24,-3000
149.5,3,45.35,750
149.5,10,39.14,500
149.5,13,45.28,1750
149.5,16,44.6,-2750
149.5,19,42.94,2500
149.5,23,46.77,-500
149.5,25,35.07,-500
149.5,30,35.37,-3250
149.5,31,35.26,5750
149.5,32,38.06,-3000
150.0,2,35.67,3500
150.0,3,45.41,750
150.0,10,39.3,500
150.0,12,35.23,1500
150.0,13,44.4,1750
150.0,16,43.45,-3000
150.0,19,41.68,2750
150.0,22,35.23,-1500
150.0,23,47.16,-500
150.0,30,35.12,-3250
150.5,3,45.55,750
150.5,10,38.67,500
150.5,13,44.91,1750
150.5,16,43.59,-3000
150.5,17,35.43,500
150.5,19,40.68,2750
150.5,23,47.85,-500
150.5,29,35.11,-5250
150.5,30,36.04,-3250
150.5,31,35.61,-1250
150.5,32,38.82,-3000
151.0,3,46.11,750
151.0,6,35.36,5000
151.0,7,36.16,-1000
151.0,10,36.88,500
151.0,11,35.81,2000
151.0,13,45.65,1750
151.0,16,45.51,-2750
151.0,19,43.17,2500
151.0,23,48.21,-500
151.0,32,38.57,-3000
151.5,3,46.07,750
151.5,4,35.34,4750
151.5,10,38.36,500
151.5,11,35.47,2000
151.5,13,45.13,1750
151.5,16,42.18,-3000
151.5,18,35.79,1000
151.5,19,41.42,2750
151.5,23,47.96,-500
151.5,25,35.01,3500
151.5,27,35.36,-500
151.5,30,35.78,-3250
151.5,32,37.28,-3000
152.0,3,45.96,750
152.0,9,35.24,1250
152.0,10,39.08,500
152.0,11,37.18,2000
152.0,13,44.54,1750
152.0,16,45.29,-2750
152.0,19,43.98,2500
152.0,23,47.39,-500
152.0,32,39.42,-3000
152.5,2,35.42,-2750
152.5,3,45.89,750
152.5,10,37.24,500
152.5,11,36.79,2000
152.5,13,44.24,1750
152.5,16,44.04,-3000
152.5,19,40.49,2750
152.5,21,35.24,-3000
152.5,23,47.87,-500
152.5,25,36.02,-500
152.5,27,35.08,-4500
152.5,30,35.41,-250
152.5,32,37.98,-3000
153.0,1,35.05,1750
153.0,3,46.95,750
153.0,10,35.91,500
153.0,13,44.65,1750
153.0,16,45.57,-2750
153.0,19,42.69,2500
153.0,20,35.88,-4750
153.0,23,47.29,-500
153.0,30,35.04,-3250
153.0,32,36.32,-3000
153.5,3,46.71,750
153.5,4,35.77,-5500
153.5,6,35.34,5000
153.5,10,38.57,500
153.5,13,44.76,1750
153.5,16,42.9,-3000
153.5,17,36.33,2750
153.5,19,42.29,2500
153.5,23,47.69,-500
153.5,24,35.01,-5250
153.5,29,35.27,-250
153.5,30,35.82,-3250
153.5,32,37.16,-3000
154.0,3,46.09,750
154.0,10,36.91,500
154.0,11,38.0,2000
154.0,13,44.21,1750
154.0,16,43.39,-3000
154.0,17,35.62,-500
154.0,19,42.07,2750
154.0,20,35.74,-1000
154.0,23,47.46,-500
154.0,24,35.04,-1250
154.0,26,35.32,4750
154.0,29,35.42,3750
154.0,30,35.81,-3250
154.5,1,35.19,-500
154.5,3,45.32,750
154.5,5,35.02,750
154.5,10,37.54,500
154.5,13,44.76,1750
154.5,16,44.89,-2750
154.5,19,41.19,2750
154.5,23,47.42,-500
154.5,29,35.12,-1500
154.5,32,36.65,-3000
155.0,2,35.88,5250
155.0,3,45.53,750
155.0,10,37.45,500
155.0,12,35.09,-4750
155.0,13,44.61,1750
155.0,16,45.08,-2750
155.0,18,35.07,4500
155.0,19,41.12,2750
155.0,23,47.52,-500
155.0,26,35.57,3250
155.0,27,35.33,-4000
155.0,32,37.29,-3000
155.5,1,35.44,250
155.5,3,46.16,750
155.5,10,37.8,500
155.5,11,35.18,5750
155.5,13,43.85,1750
155.5,16,42.85,-3000
155.5,19,40.45,2750
155.5,23,47.63,-500
155.5,30,37.09,-3250
156.0,1,35.09,5500
156.0,3,46.0,750
156.0,9,35.88,-250
156.0,10,35.6,500
156.0,12,35.16,-500
156.0,13,43.31,1750
156.0,16,44.84,-2750
156.0,19,41.17,2750
156.0,23,47.8,-500
156.0,30,35.33,1500
156.0,32,36.89,-3000
156.5,3,46.66,750
156.5,9,35.18,-2250
156.5,10,35.39,500
156.5,11,35.97,2000
156.5,12,35.21,3500
156.5,13,44.37,1750
156.5,14,35.9,4500
156.5,16,43.55,-3000
156.5,19,40.27,2750
156.5,23,47.81,-500
156.5,30,38.0,-3250
156.5,32,36.66,-3000
157.0,3,46.06,750
157.0,7,37.08,1750
157.0,11,35.44,2000
157.0,13,43.71,1750
157.0,14,35.35,500
157.0,16,44.66,-2750
157.0,19,42.28,2500
157.0,20,35.02,-5500
157.0,23,48.1,-500
157.0,24,35.1,4750
157.0,28,36.28,2250
157.0,30,35.4,-3250
157.0,32,38.58,-3000
157.5,3,46.0,750
157.5,7,35.56,1750
157.5,10,36.31,500
157.5,11,35.0,3750
157.5,13,43.74,1750
157.5,16,43.09,-3000
157.5,19,40.45,2750
157.5,23,47.65,-500
157.5,32,37.3,-3000
158.0,3,45.74,750
158.0,7,36.38,1250
158.0,10,37.04,500
158.0,11,35.5,2000
158.0,13,42.55,1750
158.0,16,41.57,-3000
158.0,19,40.81,2750
158.0,20,35.58,500
158.0,23,47.61,-500
158.0,30,36.58,-3250
158.0,32,36.36,-3000
158.5,3,46.92,750
158.5,4,35.44,1750
158.5,7,35.0,1750
158.5,8,35.85,-4500
158.5,13,41.84,1750
158.5,16,43.99,-2750
158.5,18,35.3,1750
158.5,19,42.38,2500
158.5,23,47.9,-500
158.5,27,35.56,750
158.5,30,37.62,-3250
158.5,32,39.58,-3000
159.0,3,46.86,750
159.0,7,35.97,1750
159.0,9,36.28,750
159.0,12,35.09,-250
159.0,13,43.19,1750
159.0,16,44.59,-2750
159.0,19,40.75,2500
159.0,23,48.28,-500
159.0,30,36.02,-3250
159.0,31,35.11,-5500
159.0,32,38.96,-3000
159.5,3,46.4,750
159.5,7,37.08,1750
159.5,10,38.83,500
159.5,13,41.26,1750
159.5,16,41.68,-3000
159.5,19,40.27,2750
159.5,23,47.5,-500
159.5,30,36.4,-3250
160.0,1,35.8,5750
160.0,3,46.38,750
160.0,4,35.54,-3250
160.0,5,35.28,1750
160.0,10,37.06,500
160.0,13,42.95,1750
160.0,14,35.06,500
160.0,16,43.69,-2750
160.0,19,41.3,2500
160.0,21,35.85,4750
160.0,23,47.74,-500
160.0,27,35.04,1750
160.0,30,36.76,-3250
160.0,32,35.72,3500
160.5,2,35.03,-500
160.5,3,46.65,750
160.5,7,37.43,1750
160.5,10,35.92,500
160.5,13,42.5,1750
160.5,15,35.17,2500
160.5,16,41.24,-3000
160.5,19,38.12,2500
160.5,23,48.28,-500
160.5,30,36.36,-3250
160.5,32,35.31,-3000
161.0,2,35.47,-1250
161.0,3,46.43,750
161.0,7,36.85,1750
161.0,10,37.52,500
161.0,11,35.04,-2250
161.0,13,40.72,1750
161.0,14,35.36,-250
161.0,16,41.16,-3000
161.0,19,38.57,2750
161.0,23,48.24,-500
161.0,30,35.16,-3250
161.5,3,46.43,750
161.5,7,36.62,1750
161.5,10,35.83,500
161.5,13,40.97,1750
161.5,16,41.77,-3000
161.5,19,40.45,2750
161.5,23,48.12,-500
161.5,25,35.14,500
161.5,26,35.19,1750
161.5,30,36.49,-3250
161.5,31,35.38,2750
161.5,32,37.33,-3000
162.0,2,35.4,-5500
162.0,3,46.35,750
162.0,7,37.76,1750
162.0,8,35.19,500
162.0,11,35.65,2000
162.0,13,41.18,1750
162.0,16,43.18,-2750
162.0,19,40.44,2500
162.0,21,35.27,-1500
162.0,23,48.01,-500
162.0,30,38.35,-3250
162.5,1,35.09,-2250
162.5,3,46.53,750
162.5,6,35.1,-3500
162.5,7,37.4,1750
162.5,13,39.79,1750
162.5,16,39.61,-3000
162.5,17,36.42,5250
162.5,19,39.03,2750
162.5,20,35.55,-2500
162.5,23,48.01,-500
162.5,32,37.85,-3000
163.0,3,46.77,750
163.0,5,35.17,-1250
163.0,7,36.97,1750
163.0,11,37.6,2000
163.0,13,41.29,1750
163.0,16,43.01,-2750
163.0,19,40.67,2500
163.0,23,47.94,-500
163.0,24,35.09,4500
163.0,28,35.01,5000
163.0,30,36.84,-3250
163.0,32,37.61,-3000
163.5,3,46.65,750
163.5,7,35.7,5750
163.5,13,39.87,1750
163.5,16,38.68,-3000
163.5,19,38.69,2750
163.5,23,47.9,-500
163.5,29,35.15,-2500
163.5,30,35.53,-3250
163.5,31,35.76,750
164.0,3,46.61,750
164.0,7,37.63,1750
164.0,8,35.07,-500
164.0,10,35.04,500
164.0,12,35.11,-3250
164.0,13,39.41,1750
164.0,16,41.71,-2750
164.0,19,40.08,2500
164.0,21,35.41,5750
164.0,23,48.3,-500
164.0,25,35.24,4750
164.0,26,35.71,-4250
164.0,28,35.09,2750
164.0,29,35.58,-1250
164.0,30,36.87,-3250
164.0,32,38.53,-3000
164.5,2,35.26,2750
164.5,3,46.99,750
164.5,5,36.1,-1500
164.5,7,41.21,1750
164.5,11,35.13,2000
164.5,13,38.07,1750
164.5,15,36.3,-4250
164.5,16,42.28,-2750
164.5,19,38.52,2500
164.5,20,35.47,-3000
164.5,23,47.87,-500
164.5,30,37.28,-3250
164.5,32,35.62,-3000
165.0,3,46.79,750
165.0,7,39.79,1750
165.0,9,35.05,-1500
165.0,10,35.87,500
165.0,13,38.17,1750
165.0,16,42.19,-2750
165.0,19,39.34,2500
165.0,23,47.9,-500
165.0,26,35.46,500
165.0,30,35.25,-3250
165.5,3,47.12,750
165.5,6,35.54,4750
165.5,7,38.28,2000
165.5,11,37.08,2000
165.5,13,36.31,1750
165.5,16,39.37,-3000
165.5,19,37.91,2750
165.5,21,35.29,1500
165.5,23,48.18,-500
165.5,30,36.95,-3250
166.0,3,47.36,750
166.0,7,38.86,1750
166.0,13,37.76,1750
166.0,14,35.07,-4000
166.0,16,38.57,-3000
166.0,17,35.14,2000
166.0,18,35.92,750
166.0,19,38.75,2750
166.0,23,48.06,-500
166.0,28,35.01,-2250
166.0,30,38.07,-3250
166.5,3,46.74,750
166.5,7,39.4,1750
166.5,11,35.25,-500
166.5,13,36.07,1750
166.5,16,40.82,-2750
166.5,19,37.8,2500
166.5,21,35.05,-500
166.5,23,47.81,-500
166.5,30,39.08,-3250
167.0,1,35.02,-3250
167.0,3,47.44,750
167.0,7,38.79,1750
167.0,9,36.14,-2250
167.0,13,35.65,1750
167.0,14,35.31,2500
167.0,15,35.61,750
167.0,16,40.21,-2750
167.0,19,39.53,2500
167.0,23,48.39,-500
167.0,24,35.27,-1250
167.0,30,36.98,-3250
167.5,3,47.23,750
167.5,6,36.83,-750
167.5,7,38.56,1750
167.5,11,36.45,2000
167.5,13,37.25,1750
167.5,16,40.8,-2750
167.5,19,36.73,2500
167.5,22,35.39,500
167.5,23,48.12,-500
167.5,30,39.83,-3250
168.0,3,46.19,750
168.0,7,40.03,1750
168.0,9,35.05,0
168.0,13,35.6,500
168.0,16,38.17,-3000
168.0,19,36.93,2750
168.0,23,47.64,-500
168.0,24,35.39,1750
168.0,29,35.06,2750
168.0,30,37.03,-3250
168.0,31,35.0,-500
168.5,3,47.1,750
168.5,6,36.38,-500
168.5,7,39.47,1750
168.5,10,35.06,4750
168.5,11,37.17,2000
168.5,13,35.2,2500
168.5,16,38.11,-3000
168.5,18,35.11,-4500
168.5,19,35.6,2750
168.5,23,48.05,-500
168.5,24,35.41,-4250
168.5,30,38.13,-3250
169.0,3,47.5,750
169.0,6,36.44,-750
169.0,7,39.84,1750
169.0,11,36.16,2000
169.0,14,35.65,-6000
169.0,16,38.85,-2750
169.0,18,35.22,-250
169.0,19,36.31,2500
169.0,21,35.83,-4250
169.0,23,47.81,-500
169.0,25,35.07,-4250
169.0,30,38.31,-3250
169.5,3,46.66,750
169.5,5,35.71,-3750
169.5,6,38.38,-750
169.5,7,39.69,1750
169.5,11,38.1,2000
169.5,16,38.24,-2750
169.5,23,48.2,-500
169.5,30,36.41,-3250
170.0,3,46.69,750
170.0,6,37.33,-500
170.0,7,41.1,1750
170.0,16,37.24,-2750
170.0,23,48.13,-500
170.0,25,35.12,-2250
170.0,30,37.89,-3250
170.5,3,46.87,750
170.5,6,38.74,-750
170.5,7,41.06,1750
170.5,8,35.47,-500
170.5,15,35.34,4000
170.5,17,35.07,-500
170.5,18,35.07,-250
170.5,20,37.5,-3000
170.5,23,47.91,-500
170.5,26,35.07,4750
170.5,30,37.04,-3250
170.5,31,35.11,-1500
171.0,3,46.37,750
171.0,6,35.52,-500
171.0,7,41.12,1750
171.0,15,36.2,2000
171.0,16,35.06,-2500
171.0,18,35.03,-4000
171.0,19,35.15,-500
171.0,20,36.5,-3000
171.0,21,35.39,1750
171.0,22,35.15,-500
171.0,23,47.43,-500
171.0,30,37.37,-3250
171.0,32,35.7,1500
171.5,3,45.98,750
171.5,5,35.02,-5250
171.5,6,38.57,-750
171.5,7,41.99,1750
171.5,11,37.14,2000
171.5,13,35.61,3750
171.5,20,36.21,-3000
171.5,23,48.17,-500
171.5,27,35.06,4500
171.5,30,36.44,-3250
172.0,3,46.82,750
172.0,4,35.16,-500
172.0,6,37.57,-750
172.0,7,40.34,1750
172.0,11,36.24,2000
172.0,12,35.7,3000
172.0,13,35.31,1750
172.0,17,35.13,-3500
172.0,18,35.35,0
172.0,20,35.94,-3000
172.0,21,35.14,-1000
172.0,23,48.17,-500
172.0,30,38.39,-3250
172.5,3,46.51,750
172.5,6,38.88,-750
172.5,7,42.21,1750
172.5,11,35.8,2000
172.5,17,35.33,-500
172.5,18,35.19,3750
172.5,20,37.53,-3000
172.5,23,47.41,-500
172.5,24,35.28,-500
172.5,30,40.13,-3250
173.0,2,35.46,5750
173.0,3,45.33,750
173.0,6,40.48,-750
173.0,7,41.09,1750
173.0,13,37.27,1750
173.0,20,39.08,-3000
173.0,23,47.54,-500
173.0,24,35.08,3750
173.0,25,35.26,-5500
173.0,30,39.38,-3250
173.0,31,36.17,2750
173.5,3,46.76,750
173.5,6,39.01,-750
173.5,7,41.02,1750
173.5,11,35.12,500
173.5,13,35.27,1750
173.5,20,36.73,-3000
173.5,23,47.18,-500
173.5,30,38.16,-3250
174.0,3,46.26,750
174.0,6,39.54,-500
174.0,7,42.15,1750
174.0,9,35.06,750
174.0,13,38.91,1750
174.0,14,35.15,-3500
174.0,20,37.41,-3000
174.0,23,47.53,-500
174.0,29,35.04,2750
174.0,30,37.55,-3250
174.5,3,46.38,750
174.5,6,40.4,-500
174.5,7,42.1,1750
174.5,13,38.14,1750
174.5,20,36.13,-3000
174.5,22,36.46,-500
174.5,23,47.28,-500
174.5,30,39.13,-3250
175.0,3,45.8,750
175.0,5,35.01,-500
175.0,6,40.3,-750
175.0,7,42.5,1750
175.0,13,39.99,1750
175.0,20,36.02,-3000
175.0,23,46.97,-500
175.0,30,38.62,-3250
175.5,2,35.31,-3500
175.5,3,46.32,750
175.5,5,36.22,-1500
175.5,6,39.73,-500
175.5,7,42.43,1750
175.5,10,35.39,-5250
175.5,13,39.09,1750
175.5,19,35.82,-1750
175.5,20,38.7,-3000
175.5,22,35.55,750
175.5,23,47.78,-500
175.5,25,35.16,1750
175.5,30,39.25,-3250
176.0,3,45.74,750
176.0,6,41.07,-750
176.0,7,42.32,1750
176.0,13,39.62,1750
176.0,14,35.76,4000
176.0,18,35.4,-4250
176.0,19,35.08,-4500
176.0,20,36.89,-3000
176.0,23,47.16,-500
176.0,24,35.48,-5000
176.0,30,38.86,-3250
176.5,3,45.16,750
176.5,6,40.75,-500
176.5,7,42.56,1750
176.5,9,36.01,500
176.5,10,35.19,5250
176.5,11,35.41,2000
176.5,12,35.09,2500
176.5,13,39.79,1750
176.5,20,39.17,-3000
176.5,23,46.84,-500
176.5,27,35.17,-500
176.5,30,38.19,-3250
177.0,2,35.51,1250
177.0,3,45.74,750
177.0,6,42.03,-750
177.0,7,43.28,1750
177.0,8,35.67,-500
177.0,13,40.85,1750
177.0,19,36.07,2500
177.0,20,37.57,-3000
177.0,21,35.45,-4500
177.0,23,47.28,-500
177.0,24,35.22,-3000
177.0,30,38.5,-3250
177.5,2,35.38,3000
177.5,3,44.84,750
177.5,6,42.23,-500
177.5,7,42.08,1750
177.5,8,36.08,-5000
177.5,9,35.62,-1750
177.5,13,42.23,1750
177.5,16,35.66,-3000
177.5,20,38.76,-3000
177.5,23,46.98,-500
177.5,30,35.83,-3250
178.0,2,35.03,-5500
178.0,3,44.97,750
178.0,4,35.17,-5500
178.0,6,40.53,-750
178.0,7,43.34,1750
178.0,8,35.16,-500
178.0,10,35.32,-4250
178.0,13,42.25,1750
178.0,16,35.6,-2750
178.0,20,36.31,-3000
178.0,23,46.98,-500
178.0,25,35.69,4750
178.0,30,37.74,-3250
178.5,1,35.57,750
178.5,3,45.22,750
178.5,6,42.6,-750
178.5,7,42.62,1750
178.5,8,35.36,750
178.5,12,35.48,-4250
178.5,13,42.15,1750
178.5,14,35.3,-750
178.5,16,37.49,-2750
178.5,18,35.64,-2500
178.5,19,36.77,2500
178.5,20,38.34,-3000
178.5,23,46.01,-500
178.5,30,39.07,-3250
178.5,31,35.47,3500
178.5,32,35.27,2750
179.0,2,35.01,4500
179.0,3,44.98,750
179.0,6,41.59,-750
179.0,7,44.06,1750
179.0,8,35.21,-5500
179.0,10,35.43,4000
179.0,13,44.04,1750
179.0,16,36.81,-2750
179.0,20,36.19,-3000
179.0,23,46.38,-500
179.0,25,35.09,-3000
179.0,30,37.84,-3250
179.0,31,35.02,2000
179.5,3,44.99,750
179.5,6,42.23,-750
179.5,7,43.37,1750
179.5,10,35.15,-500
179.5,13,43.27,1750
179.5,16,37.98,-3000
179.5,17,35.54,1250
179.5,19,37.75,2500
179.5,20,37.93,-3000
179.5,22,35.72,-3250
179.5,23,45.93,-500
179.5,25,35.63,-2500
179.5,27,35.18,750
179.5,29,35.24,3750
179.5,30,38.66,-3250
180.0,3,44.83,750
180.0,6,41.67,-500
180.0,7,42.37,1750
180.0,13,43.94,1750
180.0,14,35.44,-5250
180.0,15,35.71,500
180.0,16,38.27,-3000
180.0,19,39.47,2750
180.0,20,38.25,-3000
180.0,23,46.33,-500
180.0,28,35.61,3500
180.0,30,39.48,-3250
180.5,3,43.61,750
180.5,6,41.79,-500
180.5,7,42.28,1750
180.5,10,36.56,500
180.5,13,44.38,1750
180.5,16,37.38,-2750
180.5,18,35.29,5500
180.5,19,36.18,2250
180.5,20,39.63,-3000
180.5,23,45.83,-500
180.5,30,38.29,-3250
181.0,1,35.06,-1750
181.0,3,44.65,750
181.0,6,43.01,-750
181.0,7,42.61,1750
181.0,9,36.14,2250
181.0,13,44.72,1750
181.0,16,38.65,-2750
181.0,19,39.44,2500
181.0,20,40.47,-3000
181.0,23,45.02,-500
181.0,25,35.07,750
181.0,26,35.58,-4250
181.0,30,35.65,-3250
181.0,31,35.43,-1250
181.0,32,35.13,-2500
181.5,1,35.59,5750
181.5,3,43.38,750
181.5,6,42.57,-500
181.5,7,42.88,1750
181.5,8,35.4,1750
181.5,10,37.03,500
181.5,13,44.95,1750
181.5,16,38.19,-2750
181.5,19,37.7,2750
181.5,20,39.68,-3000
181.5,23,45.23,-500
181.5,29,36.12,-500
181.5,30,37.07,-3250
182.0,3,44.41,750
182.0,6,41.85,-500
182.0,7,42.1,1750
182.0,10,36.18,500
182.0,13,44.82,1750
182.0,16,38.87,-3000
182.0,17,35.64,-5500
182.0,19,40.72,2500
182.0,20,38.64,-3000
182.0,23,44.83,-500
182.0,26,35.19,1750
182.0,28,35.25,-2750
182.0,30,36.25,-3250
182.5,3,42.19,750
182.5,4,35.37,-5750
182.5,6,42.26,-500
182.5,7,42.72,1750
182.5,10,36.86,500
182.5,13,45.67,1750
182.5,16,38.23,-2750
182.5,17,36.02,-4000
182.5,19,37.38,2250
182.5,20,39.7,-3000
182.5,22,35.12,2500
182.5,23,45.08,-500
182.5,29,35.41,-1250
182.5,30,38.06,-3250
183.0,1,35.37,2000
183.0,3,42.77,750
183.0,6,42.62,-750
183.0,7,41.91,1750
183.0,10,36.91,500
183.0,13,45.26,1750
183.0,16,39.79,-2750
183.0,19,40.12,2500
183.0,20,39.09,-3000
183.0,23,44.15,-500
183.0,30,36.37,-3250
183.5,3,42.93,750
183.5,6,43.31,-750
183.5,7,41.83,1750
183.5,10,35.67,500
183.5,13,45.34,1750
183.5,16,41.41,-2750
183.5,17,35.29,1750
183.5,19,42.12,2500
183.5,20,39.67,-3000
183.5,23,43.73,-500
183.5,30,39.99,-3250
184.0,3,41.92,750
184.0,5,35.16,5750
184.0,6,43.86,-750
184.0,7,42.8,1750
184.0,10,37.63,500
184.0,13,45.59,1750
184.0,16,40.21,-2750
184.0,19,37.99,2750
184.0,20,38.05,-3000
184.0,23,42.96,-500
184.0,26,35.3,-3250
184.0,30,35.59,-3250
184.5,3,41.47,750
184.5,6,43.64,-750
184.5,7,41.37,1750
184.5,10,39.48,500
184.5,13,45.58,1750
184.5,16,41.46,-2750
184.5,19,39.13,2750
184.5,20,38.89,-3000
184.5,23,42.98,-500
184.5,29,35.26,1750
184.5,30,37.68,-3250
185.0,3,40.25,750
185.0,6,42.94,-750
185.0,7,42.08,1750
185.0,9,35.29,4500
185.0,10,36.11,500
185.0,13,46.04,1750
185.0,16,41.75,-2750
185.0,19,38.98,2750
185.0,20,38.71,-3000
185.0,23,42.59,-500
185.0,30,37.05,-3250
185.0,32,35.31,-1000
185.5,3,40.5,750
185.5,6,43.34,-500
185.5,7,41.58,1750
185.5,10,36.7,500
185.5,13,45.97,1750
185.5,16,41.5,-3000
185.5,19,37.8,2750
185.5,20,41.07,-3000
185.5,23,41.45,-500
185.5,30,37.25,-3250
186.0,3,40.98,750
186.0,6,42.64,-500
186.0,7,40.84,1750
186.0,9,35.28,-3000
186.0,10,38.56,500
186.0,13,46.36,1750
186.0,16,42.14,-2750
186.0,18,35.07,-750
186.0,19,40.23,2250
186.0,20,39.68,-3000
186.0,21,35.4,-1500
186.0,22,35.28,-1750
186.0,23,41.46,-500
186.0,30,35.26,-3250
186.0,31,36.0,4750
186.5,3,39.57,750
186.5,6,42.43,-500
186.5,7,41.2,1750
186.5,10,38.79,500
186.5,12,35.95,-1000
186.5,13,46.51,1750
186.5,16,42.13,-3000
186.5,19,39.78,2750
186.5,20,38.2,-3000
186.5,23,42.34,-500
186.5,28,35.29,-3500
187.0,3,40.86,750
187.0,6,42.84,-500
187.0,7,41.19,1750
187.0,10,38.69,500
187.0,13,46.88,1750
187.0,16,41.45,-2750
187.0,18,35.02,-5250
187.0,19,44.31,2500
187.0,20,38.18,-3000
187.0,23,41.05,-500
187.0,26,35.56,-5000
187.0,27,35.36,5750
187.5,3,38.56,750
187.5,6,42.69,-750
187.5,7,38.88,1750
187.5,8,35.28,2000
187.5,10,38.78,500
187.5,13,46.52,1750
187.5,16,42.35,-2750
187.5,19,39.83,2750
187.5,20,40.18,-3000
187.5,23,40.97,-500
187.5,27,35.39,4750
187.5,30,37.95,-3250
187.5,32,35.18,-1750
188.0,3,37.57,750
188.0,4,35.25,3250
188.0,5,35.36,2750
188.0,6,43.55,-500
188.0,7,41.54,1750
188.0,10,39.61,500
188.0,13,47.21,1750
188.0,16,43.26,-2750
188.0,19,43.62,2500
188.0,20,39.24,-3000
188.0,23,39.55,-500
188.5,3,38.61,750
188.5,5,35.02,-250
188.5,6,43.45,-500
188.5,7,41.06,1750
188.5,10,38.94,500
188.5,13,47.37,1750
188.5,16,43.23,-2750
188.5,18,35.05,-2000
188.5,19,44.11,2500
188.5,20,39.26,-3000
188.5,23,39.04,-500
188.5,29,35.02,4750
188.5,30,35.5,-1000
189.0,3,37.59,750
189.0,4,35.48,0
189.0,6,42.4,-500
189.0,7,39.61,1750
189.0,8,35.29,3500
189.0,10,40.03,500
189.0,11,35.58,2500
189.0,13,47.05,1750
189.0,16,42.94,-2750
189.0,19,45.13,2500
189.0,20,38.19,-3000
189.0,23,39.43,-500
189.5,3,36.5,750
189.5,6,42.8,-500
189.5,7,40.36,1750
189.5,8,35.58,-5500
189.5,9,35.7,1750
189.5,10,40.23,500
189.5,13,47.47,1750
189.5,15,35.73,1750
189.5,16,42.46,-3000
189.5,18,35.05,-2250
189.5,19,40.55,2750
189.5,20,37.19,-3000
189.5,21,35.47,-4750
189.5,23,41.08,-500
189.5,26,35.53,-3000
190.0,3,35.06,750
190.0,5,35.87,-3000
190.0,6,43.45,-750
190.0,7,40.08,1750
190.0,10,41.07,500
190.0,13,47.69,1750
190.0,15,36.46,-1750
190.0,16,41.34,-3000
190.0,19,40.94,2750
190.0,20,36.13,-3000
190.0,23,42.4,-500
190.0,25,35.5,3000
190.0,26,35.07,-2250
190.0,32,35.2,1750
190.5,3,36.57,750
190.5,6,43.03,-500
190.5,7,39.72,1750
190.5,10,40.19,500
190.5,11,35.58,2000
190.5,13,47.4,1750
190.5,16,43.52,-2750
190.5,17,35.77,4500
190.5,19,44.95,2500
190.5,20,39.38,-3000
190.5,23,38.82,-500
190.5,30,35.69,3500
191.0,3,37.0,750
191.0,6,43.3,-500
191.0,7,38.69,1750
191.0,10,39.93,500
191.0,12,36.42,1750
191.0,13,47.59,1750
191.0,15,35.03,-1250
191.0,16,43.69,-2750
191.0,19,45.44,2500
191.0,20,37.6,-3000
191.0,23,38.27,-500
191.0,26,35.14,-4250
191.0,29,35.15,-1500
191.0,31,35.66,5250
191.5,3,36.32,500
191.5,6,42.11,-500
191.5,7,40.61,2000
191.5,8,35.5,-5250
191.5,10,39.75,500
191.5,13,47.44,1750
191.5,16,43.32,-2750
191.5,17,35.15,-1500
191.5,19,44.22,2500
191.5,20,38.63,-3000
191.5,23,39.64,-500
191.5,26,35.14,-2750
191.5,29,35.08,1750
191.5,32,35.53,2000
192.0,3,37.12,750
192.0,6,42.21,-750
192.0,7,37.95,1750
192.0,10,39.83,500
192.0,11,35.1,1750
192.0,13,47.18,1750
192.0,16,42.38,-3000
192.0,19,42.28,2750
192.0,20,38.23,-3000
192.0,23,40.82,-500
192.0,27,35.0,-5250
192.0,30,35.8,-4000
192.5,2,35.85,-4000
192.5,3,35.75,750
192.5,6,41.8,-500
192.5,7,38.7,2000
192.5,10,41.4,500
192.5,13,47.43,1750
192.5,16,42.77,-3000
192.5,19,43.24,2750
192.5,20,36.94,-3000
192.5,23,42.03,-500
193.0,3,36.97,750
193.0,6,41.26,-500
193.0,7,38.55,2000
193.0,10,40.97,500
193.0,11,36.62,2000
193.0,13,47.71,1750
193.0,16,43.44,-2750
193.0,19,44.32,2500
193.0,20,35.53,-3000
193.0,21,35.16,500
193.0,23,38.56,-500
193.0,25,35.24,500
193.0,31,35.33,-2250
193.5,3,38.53,750
193.5,6,41.35,-750
193.5,7,36.42,1750
193.5,10,42.05,500
193.5,12,36.03,-2250
193.5,13,46.77,1750
193.5,16,42.92,-3000
193.5,19,41.14,2750
193.5,20,35.67,-3000
193.5,23,43.3,-500
193.5,32,35.74,-1750
194.0,1,35.43,5000
194.0,3,38.77,500
194.0,6,40.9,-500
194.0,7,38.67,2000
194.0,10,40.69,500
194.0,13,46.53,1750
194.0,16,42.89,-3000
194.0,19,42.45,2750
194.0,20,35.16,-3000
194.0,23,43.17,-500
194.0,31,35.37,-5000
194.0,32,35.89,-3000
194.5,2,35.51,4000
194.5,3,37.75,750
194.5,4,35.15,1750
194.5,6,41.44,-750
194.5,7,37.28,1750
194.5,10,40.27,500
194.5,11,35.32,4750
194.5,13,47.08,1750
194.5,15,35.03,-4250
194.5,16,42.7,-3000
194.5,19,42.38,2750
194.5,20,35.75,-3000
194.5,23,42.36,-500
194.5,27,35.24,5750
195.0,3,39.39,750
195.0,6,40.85,-500
195.0,7,38.55,2000
195.0,10,39.87,500
195.0,13,47.17,1750
195.0,16,43.26,-2750
195.0,19,44.51,2500
195.0,23,42.46,-500
195.0,26,35.27,-4000
195.5,3,39.9,500
195.5,6,41.13,-750
195.5,7,37.85,2000
195.5,10,40.65,500
195.5,13,47.13,1750
195.5,16,43.03,-3000
195.5,19,42.89,2750
195.5,23,41.9,-500
195.5,24,35.57,-2000
195.5,32,35.82,-3000
196.0,1,35.18,-1500
196.0,3,38.94,500
196.0,4,35.27,2750
196.0,6,41.7,-750
196.0,7,37.84,2000
196.0,10,40.2,500
196.0,13,46.71,1750
196.0,16,42.27,-3000
196.0,19,42.34,2750
196.0,20,36.06,-3000
196.0,23,41.95,-500
196.0,25,35.23,0
196.0,29,35.81,-3750
196.0,32,35.88,-3000
196.5,1,35.27,-5000
196.5,3,40.84,500
196.5,6,39.95,-750
196.5,7,36.84,1750
196.5,10,40.24,500
196.5,13,46.08,1750
196.5,16,42.41,-3000
196.5,17,35.3,-2000
196.5,19,42.22,2750
196.5,20,37.7,-3000
196.5,23,42.93,-500
197.0,1,35.45,5750
197.0,3,39.17,750
197.0,6,40.31,-750
197.0,7,37.96,2000
197.0,10,39.93,500
197.0,13,46.06,1750
197.0,14,35.0,-5500
197.0,16,42.91,-3000
197.0,19,42.12,2750
197.0,20,37.73,-3000
197.0,23,44.5,-500
197.0,30,35.0,1750
197.0,32,35.73,-3000
197.5,1,35.33,3750
197.5,3,41.31,500
197.5,6,38.8,-750
197.5,7,37.58,2000
197.5,10,39.4,500
197.5,11,35.31,2000
197.5,13,46.76,1750
197.5,16,41.9,-3000
197.5,18,35.37,5750
197.5,19,41.77,2750
197.5,20,36.37,-3000
197.5,23,43.19,-500
197.5,32,36.76,-3000
198.0,3,40.22,750
198.0,6,39.14,-750
198.0,7,35.05,2000
198.0,10,39.1,500
198.0,13,46.4,1750
198.0,16,42.97,-3000
198.0,19,40.8,2750
198.0,23,43.45,-500
198.0,26,35.36,-5500
198.0,29,35.49,-3000
198.0,32,37.19,-3000
198.5,3,40.99,500
198.5,6,39.13,-500
198.5,10,39.09,500
198.5,12,35.3,750
198.5,13,45.76,1750
198.5,16,41.52,-3000
198.5,19,40.27,2750
198.5,23,44.23,-500
198.5,26,35.08,3500
198.5,31,35.26,2750
199.0,3,40.31,500
199.0,6,40.28,-500
199.0,7,36.05,1750
199.0,9,35.09,1500
199.0,10,37.29,500
199.0,13,46.13,1750
199.0,16,43.32,-2750
199.0,19,42.95,2500
199.0,20,36.57,-3000
199.0,21,35.06,2500
199.0,23,44.48,-500
199.0,25,35.02,500
199.0,27,35.37,1750
199.0,30,35.03,-250
199.0,31,35.09,5750
199.0,32,35.08,-3000
199.5,3,40.28,750
199.5,6,38.24,-500
199.5,7,35.87,2000
199.5,10,38.26,500
199.5,13,46.15,1750
199.5,15,35.04,500
199.5,16,44.3,-2750
199.5,19,42.86,2500
199.5,23,44.49,-500
199.5,26,35.15,3500
199.5,31,35.03,4500
200.0,3,41.26,500
200.0,4,36.57,-1500
200.0,6,38.77,-500
200.0,7,35.79,2000
200.0,9,35.64,-3750
200.0,10,37.22,500
200.0,11,35.18,-4250
200.0,13,45.34,1750
200.0,16,43.37,-2750
200.0,17,35.09,-4250
200.0,19,43.17,2500
200.0,20,36.44,-3000
200.0,22,35.02,2250
200.0,23,44.62,-500
200.5,3,41.4,750
200.5,6,38.61,-500
200.5,10,36.81,500
200.5,13,45.0,1750
200.5,16,42.89,-2750
200.5,19,42.39,2500
200.5,20,35.42,2500
200.5,23,45.37,-500
200.5,24,35.04,5750
200.5,29,35.45,-250
200.5,32,36.9,-3000
201.0,2,35.28,-1250
201.0,3,41.23,750
201.0,6,36.79,-750
201.0,7,35.56,1750
201.0,10,37.55,500
201.0,13,44.68,1750
201.0,16,41.67,-3000
201.0,19,40.4,2750
201.0,23,44.97,-500
201.5,1,36.03,-2500
201.5,3,40.77,500
201.5,6,38.4,-750
201.5,7,35.73,1750
201.5,10,37.78,500
201.5,13,44.46,1750
201.5,14,35.16,3750
201.5,16,41.44,-3000
201.5,17,35.33,-4500
201.5,19,42.13,2750
201.5,20,35.38,-3000
201.5,23,44.76,-500
201.5,28,35.27,1750
201.5,32,36.32,-3000
202.0,3,41.67,500
202.0,6,38.46,-750
202.0,7,35.78,1750
202.0,10,37.88,500
202.0,13,44.61,1750
202.0,16,41.52,-3000
202.0,19,40.3,2750
202.0,23,45.32,-500
202.0,24,35.02,1750
202.5,2,35.3,-4750
202.5,3,41.72,750
202.5,6,35.42,-500
202.5,7,36.52,1750
202.5,10,38.7,500
202.5,11,35.19,-1500
202.5,13,44.31,1750
202.5,15,35.15,2500
202.5,16,40.97,-3000
202.5,17,35.14,-5500
202.5,19,39.78,2500
202.5,20,35.0,2000
202.5,23,45.32,-500
202.5,27,35.35,-5000
203.0,1,35.28,2750
203.0,3,42.12,750
203.0,6,36.83,-750
203.0,10,36.67,500
203.0,13,43.53,1750
203.0,16,40.77,-3000
203.0,19,40.25,2750
203.0,20,35.53,-4500
203.0,22,35.12,-500
203.0,23,45.51,-500
203.0,26,35.03,-3250
203.5,2,35.77,2500
203.5,3,42.89,750
203.5,6,39.0,-500
203.5,8,35.92,4000
203.5,10,36.52,500
203.5,13,44.01,1750
203.5,16,42.4,-2750
203.5,19,40.88,2500
203.5,20,35.87,-3500
203.5,23,44.49,-500
203.5,28,35.01,2500
203.5,31,35.42,5750
204.0,1,35.22,-500
204.0,3,42.3,750
204.0,6,38.2,-750
204.0,7,36.62,1750
204.0,10,36.64,500
204.0,11,35.11,2000
204.0,13,42.84,1750
204.0,16,42.45,-2750
204.0,19,39.29,2750
204.0,20,35.52,750
204.0,23,46.19,-500
204.5,2,36.0,3500
204.5,3,42.33,750
204.5,6,35.49,-500
204.5,7,36.86,1750
204.5,8,36.25,2250
204.5,13,42.27,1750
204.5,16,40.44,-3000
204.5,19,40.13,2750
204.5,23,46.01,-500
204.5,25,35.29,-1250
205.0,3,43.29,750
205.0,6,37.81,-750
205.0,7,38.85,1750
205.0,9,35.36,3750
205.0,13,42.87,1750
205.0,16,41.78,-2750
205.0,19,41.27,2500
205.0,23,45.84,-500
205.0,26,35.29,2250
205.5,3,42.85,750
205.5,4,35.05,-500
205.5,6,35.2,-750
205.5,7,38.03,1750
205.5,10,36.24,500
205.5,12,35.92,-500
205.5,13,43.34,1750
205.5,15,35.22,-4500
205.5,16,39.83,-3000
205.5,19,37.97,2750
205.5,23,46.23,-500
205.5,30,35.05,-1500
205.5,31,35.19,-5500
205.5,32,36.83,-3000
206.0,3,43.03,750
206.0,6,35.99,-500
206.0,7,37.79,1750
206.0,10,37.04,500
206.0,13,42.73,1750
206.0,16,41.01,-3000
206.0,19,38.35,2750
206.0,20,35.75,-3000
206.0,23,46.06,-500
206.0,27,35.36,1750
206.5,3,43.21,750
206.5,5,35.17,750
206.5,6,36.2,-750
206.5,7,37.35,1750
206.5,10,35.51,500
206.5,13,42.72,1750
206.5,15,35.08,4750
206.5,16,39.33,-3000
206.5,17,35.92,1250
206.5,19,37.4,2750
206.5,20,36.21,-3000
206.5,23,46.28,-500
206.5,25,35.07,1500
206.5,26,35.3,-500
206.5,32,35.91,-3000
207.0,3,43.18,750
207.0,4,35.39,3750
207.0,6,40.52,-750
207.0,7,39.54,1750
207.0,13,42.47,1750
207.0,16,38.27,-3000
207.0,19,40.09,2500
207.0,23,46.03,-500
207.5,3,42.82,750
207.5,7,36.78,1750
207.5,9,35.21,-3000
207.5,10,35.34,500
207.5,12,35.04,1500
207.5,13,43.09,1750
207.5,16,41.11,-2750
207.5,19,36.38,2500
207.5,20,38.2,-3000
207.5,23,45.72,-500
207.5,26,35.4,2750
207.5,28,35.06,-5500
207.5,29,35.14,3500
208.0,3,43.16,750
208.0,6,37.28,-750
208.0,7,39.92,1750
208.0,8,37.18,2250
208.0,10,38.22,500
208.0,11,35.0,-2500
208.0,12,35.02,-4500
208.0,13,42.65,1750
208.0,16,38.98,-3000
208.0,17,35.49,-4000
208.0,18,35.01,-2500
208.0,19,38.2,2750
208.0,20,35.75,-3000
208.0,23,45.3,-500
208.0,32,35.7,-3000
208.5,3,41.84,750
208.5,6,38.02,-750
208.5,7,39.32,1750
208.5,10,35.17,500
208.5,13,42.42,1750
208.5,16,39.05,-3000
208.5,19,39.64,2500
208.5,20,36.07,-4000
208.5,23,45.68,-500
208.5,25,35.15,-2500
209.0,2,35.57,-2750
209.0,3,43.33,750
209.0,5,35.63,750
209.0,6,39.41,-750
209.0,7,39.91,1750
209.0,10,37.66,500
209.0,13,42.35,1750
209.0,16,40.49,-2750
209.0,19,38.71,2750
209.0,20,35.88,-3000
209.0,21,35.62,1500
209.0,23,45.85,-500
209.0,30,36.48,-3250
209.5,3,43.88,750
209.5,4,35.24,750
209.5,6,39.64,-750
209.5,7,38.12,1750
209.5,8,35.33,2250
209.5,13,42.47,1750
209.5,16,41.1,-2750
209.5,18,36.34,4000
209.5,19,39.07,2500
209.5,23,46.09,-500
209.5,30,35.26,-3500
210.0,1,35.43,-500
210.0,3,43.18,750
210.0,6,37.23,-500
210.0,7,39.27,1750
210.0,10,36.66,500
210.0,13,43.24,1750
210.0,16,38.44,-3000
210.0,17,36.26,-500
210.0,19,37.63,2500
210.0,20,35.58,-3000
210.0,23,45.94,-500
210.0,31,35.44,-3000
210.5,3,42.86,750
210.5,5,35.02,1750
210.5,6,36.64,-500
210.5,7,38.35,1750
210.5,8,35.84,3750
210.5,10,37.61,500
210.5,12,35.26,-5250
210.5,13,42.86,1750
210.5,16,39.27,-3000
210.5,19,36.18,2500
210.5,20,37.5,-3000
210.5,23,45.9,-500
210.5,30,36.8,-3250
211.0,3,42.82,750
211.0,6,39.5,-750
211.0,7,39.57,1750
211.0,10,36.13,500
211.0,13,43.62,1750
211.0,16,40.03,-2750
211.0,19,41.34,2500
211.0,20,36.76,-3000
211.0,23,45.35,-500
211.0,25,35.48,-4500
211.5,3,43.77,750
211.5,6,37.79,-500
211.5,7,39.83,1750
211.5,10,35.77,500
211.5,13,42.2,1750
211.5,16,39.37,-3000
211.5,19,37.4,2750
211.5,20,36.55,-3000
211.5,23,45.46,-500
211.5,28,35.5,4000
212.0,3,43.19,750
212.0,6,38.01,-500
212.0,7,38.96,1750
212.0,13,41.92,1750
212.0,16,40.15,-2750
212.0,19,39.32,2500
212.0,20,37.02,-3000
212.0,23,45.25,-500
212.0,30,35.1,-3250
212.5,3,43.58,750
212.5,6,37.96,-500
212.5,7,40.58,1750
212.5,10,35.13,750
212.5,13,42.29,1750
212.5,16,38.14,-3000
212.5,19,38.15,2750
212.5,20,35.51,-3000
212.5,23,45.79,-500
212.5,25,35.04,-5500
212.5,28,35.12,-5500
212.5,30,37.08,-3250
213.0,3,43.99,750
213.0,5,35.12,500
213.0,6,40.25,-750
213.0,7,40.72,1750
213.0,8,35.49,-250
213.0,13,42.01,1750
213.0,16,41.08,-2750
213.0,19,39.36,2500
213.0,20,38.03,-3000
213.0,23,45.15,-500
213.0,25,35.1,-1500
213.0,28,35.26,5750
213.5,1,35.41,0
213.5,3,42.76,750
213.5,6,40.44,-750
213.5,7,41.25,1750
213.5,10,36.95,500
213.5,13,43.98,1750
213.5,16,37.8,-3000
213.5,19,39.01,2500
213.5,20,37.93,-3000
213.5,23,45.28,-500
213.5,26,35.17,-4250
213.5,30,35.51,-3250
214.0,3,43.16,750
214.0,4,35.7,-500
214.0,6,40.29,-750
214.0,7,41.67,1750
214.0,10,37.16,500
214.0,13,42.2,1750
214.0,16,38.41,-3000
214.0,19,35.32,2750
214.0,20,35.76,-3000
214.0,22,35.11,1750
214.0,23,45.3,-500
214.0,30,35.52,-3250
214.5,3,43.12,750
214.5,6,38.08,-500
214.5,7,40.7,1750
214.5,10,37.43,500
214.5,13,42.9,1750
214.5,16,39.74,-2750
214.5,19,36.43,2750
214.5,20,38.42,-3000
214.5,23,45.07,-500
214.5,30,35.63,-1000
214.5,31,35.7,5750
214.5,32,36.57,-3000
215.0,3,42.34,750
215.0,6,41.6,-750
215.0,7,42.08,1750
215.0,10,35.56,500
215.0,13,42.78,1750
215.0,16,38.29,-2750
215.0,19,37.87,2750
215.0,20,39.71,-3000
215.0,23,45.24,-500
215.0,25,35.69,-4750
215.5,3,42.44,750
215.5,6,38.37,-500
215.5,7,40.74,1750
215.5,10,35.68,500
215.5,13,43.67,1750
215.5,16,39.79,-3000
215.5,19,38.38,2750
215.5,20,39.65,-3000
215.5,22,35.02,750
215.5,23,44.69,-500
215.5,25,35.47,-500
215.5,27,35.27,-5500
215.5,32,35.18,-1500
216.0,3,42.52,750
216.0,4,35.86,2500
216.0,6,38.62,-500
216.0,7,38.7,1750
216.0,9,35.02,-250
216.0,13,42.63,1750
216.0,16,39.44,-2750
216.0,19,37.8,2750
216.0,20,37.78,-3000
216.0,21,35.14,4000
216.0,22,35.63,-5500
216.0,23,44.49,-500
216.0,25,35.21,4500
216.0,29,35.2,-5000
216.0,30,35.43,-3250
216.0,32,35.2,3750
216.5,3,42.8,750
216.5,6,39.18,-500
216.5,7,41.41,1750
216.5,13,43.27,1750
216.5,14,35.13,3500
216.5,16,38.84,-3000
216.5,19,35.95,2750
216.5,20,37.85,-3000
216.5,23,44.77,-500
216.5,30,35.96,-3250
217.0,3,41.46,750
217.0,6,40.51,-750
217.0,7,41.24,1750
217.0,10,36.05,500
217.0,13,43.17,1750
217.0,14,35.17,-2000
217.0,16,39.27,-2750
217.0,19,40.09,2500
217.0,20,37.11,-3000
217.0,23,45.0,-500
217.0,24,35.43,-1000
217.0,26,35.11,-2500
217.0,32,35.43,-2000
217.5,3,41.94,750
217.5,6,38.34,-500
217.5,7,40.9,1750
217.5,8,35.17,-5500
217.5,10,37.64,500
217.5,11,35.09,750
217.5,13,42.84,1750
217.5,15,35.16,-4000
217.5,16,40.15,-3000
217.5,19,37.05,2750
217.5,20,38.87,-3000
217.5,21,35.16,2500
217.5,22,35.09,1500
217.5,23,43.58,-500
217.5,28,35.61,-5500
218.0,3,42.86,750
218.0,6,41.19,-750
218.0,7,40.52,1750
218.0,10,38.44,500
218.0,13,42.59,1750
218.0,16,39.53,-2750
218.0,18,35.35,1000
218.0,19,39.29,2500
218.0,20,37.81,-3000
218.0,23,44.11,-500
218.0,30,35.54,-3250
218.5,1,36.09,1750
218.5,2,35.24,-3000
218.5,3,42.17,750
218.5,6,38.41,-500
218.5,7,40.44,1750
218.5,9,35.84,2000
218.5,10,38.23,500
218.5,11,35.22,2000
218.5,13,44.16,1750
218.5,16,39.12,-2750
218.5,17,35.34,750
218.5,19,36.14,2750
218.5,20,39.11,-3000
218.5,21,35.33,4500
218.5,23,44.12,-500
218.5,30,35.45,-3250
219.0,1,35.53,1750
219.0,3,41.26,750
219.0,4,36.2,1750
219.0,5,35.22,-3250
219.0,6,42.23,-750
219.0,7,39.31,1750
219.0,10,35.29,500
219.0,13,43.32,1750
219.0,15,35.64,4750
219.0,16,40.91,-2750
219.0,18,35.21,-5500
219.0,19,39.88,2500
219.0,20,37.42,-3000
219.0,22,35.93,-250
219.0,23,43.48,-500
219.0,24,35.29,2500
219.0,30,35.14,-3250
219.5,3,40.84,750
219.5,6,38.92,-500
219.5,7,40.21,1750
219.5,10,36.71,500
219.5,11,37.09,2000
219.5,13,43.23,1750
219.5,16,38.93,-2750
219.5,19,39.37,2750
219.5,20,38.1,-3000
219.5,23,44.31,-500
219.5,27,35.29,2500
219.5,30,36.65,-3250
220.0,3,41.08,750
220.0,6,38.72,-500
220.0,7,40.91,1750
220.0,9,35.61,-3000
220.0,10,36.4,500
220.0,13,43.23,1750
220.0,16,38.82,-3000
220.0,17,36.34,5750
220.0,19,37.03,2750
220.0,20,37.47,-3000
220.0,23,43.64,-500
220.0,28,35.61,4500
220.0,30,35.34,-500
220.5,1,35.35,5500
220.5,3,41.41,750
220.5,6,41.96,-750
220.5,7,40.08,1750
220.5,10,36.47,500
220.5,11,35.26,1500
220.5,13,42.98,1750
220.5,15,35.27,-3500
220.5,16,39.58,-2750
220.5,19,39.32,2500
220.5,20,37.64,-3000
220.5,23,43.51,-500
220.5,29,35.01,-500
220.5,32,36.38,-250
221.0,1,37.0,4250
221.0,3,40.96,750
221.0,6,40.49,-750
221.0,7,40.05,1750
221.0,10,37.01,500
221.0,12,35.17,4250
221.0,13,44.54,1750
221.0,16,39.24,-2750
221.0,19,40.86,2500
221.0,20,37.55,-3000
221.0,23,43.67,-500
221.0,29,35.21,3500
221.0,30,35.67,-3250
221.5,1,35.25,1000
221.5,2,35.65,5750
221.5,3,41.8,750
221.5,6,40.38,-750
221.5,7,40.13,1750
221.5,9,35.97,1000
221.5,10,36.55,500
221.5,11,35.26,-2750
221.5,13,42.95,1750
221.5,16,39.75,-2750
221.5,19,39.8,2500
221.5,23,43.76,-500
221.5,26,35.81,-2000
221.5,30,36.16,-3250
221.5,31,35.11,4750
222.0,3,40.68,750
222.0,6,39.72,-500
222.0,7,40.86,1750
222.0,10,37.56,500
222.0,13,43.47,1750
222.0,16,38.54,-3000
222.0,19,38.27,2750
222.0,20,36.16,-3000
222.0,23,43.56,-500
222.0,24,35.31,1250
222.5,3,40.67,750
222.5,6,39.53,-500
222.5,7,40.24,1750
222.5,10,38.26,500
222.5,12,35.06,5750
222.5,13,43.63,1750
222.5,14,35.71,5250
222.5,16,39.57,-3000
222.5,19,36.78,2750
222.5,20,37.89,-3000
222.5,23,43.32,-500
223.0,3,40.81,750
223.0,6,40.59,-750
223.0,7,40.57,1750
223.0,10,35.98,500
223.0,12,35.31,-1250
223.0,13,43.87,1750
223.0,14,35.44,1000
223.0,15,36.88,3500
223.0,16,40.26,-2750
223.0,19,40.78,2500
223.0,20,39.58,-3000
223.0,23,43.89,-500
223.0,24,35.22,2750
223.0,29,35.67,5250
223.5,1,35.12,4250
223.5,3,40.58,750
223.5,6,39.83,-500
223.5,7,39.56,1750
223.5,10,37.59,500
223.5,13,42.63,1750
223.5,15,35.21,5750
223.5,16,40.4,-3000
223.5,19,38.72,2750
223.5,23,44.0,-500
223.5,31,35.17,5250
224.0,3,39.09,750
224.0,6,41.42,-750
224.0,7,40.95,1750
224.0,10,38.09,500
224.0,13,43.51,1750
224.0,16,40.61,-2750
224.0,19,39.76,2500
224.0,23,43.17,-500
224.0,27,35.52,-3250
224.5,3,40.76,750
224.5,4,35.49,750
224.5,5,35.37,-6000
224.5,6,40.42,-750
224.5,7,40.01,1750
224.5,9,35.11,1500
224.5,10,38.08,500
224.5,13,43.59,1750
224.5,16,40.55,-2750
224.5,19,38.38,2500
224.5,20,37.04,-3000
224.5,23,42.96,-500
224.5,24,35.22,-1750
225.0,1,35.58,-5000
225.0,2,35.03,-250
225.0,3,39.81,750
225.0,5,35.02,-5250
225.0,6,40.84,-750
225.0,7,39.4,1750
225.0,10,37.9,500
225.0,13,43.73,1750
225.0,15,35.06,750
225.0,16,41.54,-2750
225.0,19,40.81,2500
225.0,20,37.47,-3000
225.0,21,35.2,5000
225.0,23,44.07,-500
225.0,26,35.02,1500
225.5,2,35.03,2500
225.5,3,40.71,750
225.5,6,40.15,-500
225.5,7,37.88,2000
225.5,10,39.14,500
225.5,13,43.71,1750
225.5,16,39.78,-2750
225.5,19,36.44,2750
225.5,20,36.18,-3000
225.5,22,35.91,4750
225.5,23,43.99,-500
225.5,24,35.13,-500
225.5,25,35.07,-500
225.5,31,35.14,-250
226.0,3,40.17,750
226.0,6,38.06,-500
226.0,7,39.53,1750
226.0,10,37.38,500
226.0,13,43.67,1750
226.0,16,40.63,-2750
226.0,19,40.28,2500
226.0,20,36.77,-3000
226.0,23,43.67,-500
226.0,24,35.11,1500
226.5,2,35.49,-4250
226.5,3,39.71,750
226.5,6,40.46,-750
226.5,7,38.92,2000
226.5,10,37.73,500
226.5,13,43.58,1750
226.5,16,40.5,-2750
226.5,19,40.16,2500
226.5,23,44.22,-500
226.5,25,35.31,-2250
226.5,28,36.18,-500
226.5,29,35.89,-250
226.5,30,35.41,-3250
227.0,3,40.04,500
227.0,6,39.85,-500
227.0,7,39.56,1750
227.0,8,35.71,1750
227.0,10,36.08,500
227.0,11,36.19,2000
227.0,13,43.94,1750
227.0,14,35.3,2250
227.0,16,39.96,-3000
227.0,18,35.23,-3750
227.0,19,37.14,2250
227.0,20,37.31,-3000
227.0,23,43.21,-500
227.0,29,35.3,250
227.0,30,36.42,-3250
227.5,3,39.97,500
227.5,6,40.17,-500
227.5,7,40.18,2000
227.5,10,35.81,500
227.5,11,35.15,1250
227.5,13,43.79,1750
227.5,16,39.32,-3000
227.5,19,38.6,2750
227.5,20,37.22,-3000
227.5,23,43.0,-500
227.5,27,35.03,-250
227.5,30,35.68,-3250
228.0,2,35.62,-5000
228.0,3,40.56,750
228.0,6,39.67,-750
228.0,7,39.75,1750
228.0,8,35.8,3000
228.0,10,38.22,500
228.0,12,35.47,-250
228.0,13,44.07,1750
228.0,16,40.93,-2750
228.0,18,35.57,1500
228.0,19,40.1,2500
228.0,20,37.16,-3000
228.0,21,35.56,1750
228.0,22,35.03,2750
228.0,23,42.58,-500
228.0,29,35.06,1500
228.5,1,35.24,750
228.5,3,40.19,500
228.5,6,39.03,-500
228.5,7,38.76,1750
228.5,10,37.52,500
228.5,13,43.82,1750
228.5,14,35.03,-4500
228.5,15,35.13,5750
228.5,16,39.94,-3000
228.5,19,38.41,2750
228.5,20,36.03,-3000
228.5,21,35.19,-1750
228.5,23,42.86,-500
228.5,26,35.49,1250
229.0,3,41.04,750
229.0,6,39.26,-750
229.0,7,40.08,1750
229.0,10,35.73,500
229.0,12,35.28,-4500
229.0,13,43.6,1750
229.0,16,40.27,-2750
229.0,19,40.31,2500
229.0,23,43.49,-500
229.0,24,35.14,-1500
229.0,27,35.77,-2500
229.5,3,40.69,500
229.5,6,40.05,-750
229.5,7,39.96,1750
229.5,9,35.31,1750
229.5,10,37.09,500
229.5,13,44.19,1750
229.5,15,35.48,5000
229.5,16,40.98,-2750
229.5,19,41.16,2500
229.5,20,35.03,-2250
229.5,21,35.04,4500
229.5,23,43.02,-500
229.5,32,35.44,-3500
230.0,3,40.47,500
230.0,5,35.14,-6000
230.0,6,38.17,-750
230.0,7,38.05,1750
230.0,10,35.43,500
230.0,11,35.19,2000
230.0,13,43.42,1750
230.0,15,35.58,250
230.0,16,40.22,-2750
230.0,17,35.11,-1250
230.0,19,41.06,2500
230.0,20,37.13,-3000
230.0,22,35.06,-4750
230.0,23,43.97,-500
230.0,24,35.41,3250
230.0,26,35.26,5500
230.0,32,35.11,-3000
230.5,3,41.53,750
230.5,6,40.08,-750
230.5,7,38.04,1750
230.5,8,36.26,-5250
230.5,10,38.65,500
230.5,11,35.39,750
230.5,13,44.3,1750
230.5,16,41.37,-2750
230.5,19,40.79,2500
230.5,20,36.84,-3000
230.5,22,35.13,-4500
230.5,23,43.29,-500
230.5,26,36.09,4000
230.5,28,35.28,4000
231.0,1,35.2,-1750
231.0,3,39.75,750
231.0,6,38.16,-500
231.0,7,38.64,2000
231.0,10,38.15,500
231.0,12,35.34,-4000
231.0,13,43.0,1750
231.0,16,38.29,-2750
231.0,17,35.78,5250
231.0,19,38.11,2750
231.0,20,36.57,-3000
231.0,21,35.18,-4500
231.0,23,43.09,-500
231.0,31,35.03,-1500
231.5,3,39.73,750
231.5,6,37.86,-500
231.5,7,36.76,1750
231.5,8,35.25,-250
231.5,9,35.44,4000
231.5,10,36.26,500
231.5,13,43.33,1750
231.5,16,39.56,-3000
231.5,19,37.25,2750
231.5,20,35.14,-4250
231.5,23,43.33,-500
231.5,25,35.03,-2500
231.5,30,35.73,1500
232.0,2,35.93,250
232.0,3,40.29,750
232.0,6,38.55,-500
232.0,7,39.13,1750
232.0,10,38.78,500
232.0,13,43.02,1750
232.0,16,40.2,-3000
232.0,17,36.04,-1750
232.0,18,35.03,4750
232.0,19,37.61,2750
232.0,20,38.45,-3000
232.0,21,35.09,4500
232.0,22,35.24,750
232.0,23,44.51,-500
232.0,24,35.69,1750
232.0,26,35.12,-3000
232.0,30,36.27,3250
232.0,31,35.27,4000
232.5,3,41.0,750
232.5,6,38.66,-750
232.5,7,38.7,1750
232.5,9,35.18,-1250
232.5,10,37.97,500
232.5,12,35.04,4750
232.5,13,43.3,1750
232.5,16,40.93,-3000
232.5,19,40.41,2500
232.5,20,36.51,-3000
232.5,21,35.15,500
232.5,23,43.58,-500
232.5,27,35.4,500
232.5,28,35.06,500
233.0,1,35.25,-3750
233.0,2,35.14,-1000
233.0,3,40.58,500
233.0,6,38.29,-750
233.0,7,37.88,1750
233.0,10,36.3,500
233.0,13,43.82,1750
233.0,15,35.12,5500
233.0,16,39.77,-3000
233.0,19,37.28,2750
233.0,20,35.15,-3000
233.0,23,43.77,-500
233.0,30,35.42,-750
233.0,32,35.0,0
233.5,3,40.42,750
233.5,6,37.93,-750
233.5,7,39.71,1750
233.5,9,35.24,750
233.5,10,36.43,500
233.5,13,43.23,1750
233.5,16,40.93,-2750
233.5,19,39.59,2500
233.5,23,43.8,-500
233.5,31,35.23,-250
234.0,3,39.63,750
234.0,6,39.67,-750
234.0,7,39.92,1750
234.0,10,38.3,500
234.0,13,43.46,1750
234.0,16,40.42,-2750
234.0,19,38.89,2750
234.0,20,35.73,-3000
234.0,23,43.1,-500
234.0,28,35.59,-3250
234.0,29,35.87,4000
234.5,3,41.44,500
234.5,5,35.42,-5250
234.5,6,37.71,-500
234.5,7,38.76,1750
234.5,10,37.77,500
234.5,13,43.89,1750
234.5,16,38.71,-3000
234.5,19,38.58,2750
234.5,20,35.2,-3000
234.5,23,43.83,-500
234.5,31,35.64,-2500
235.0,3,40.86,750
235.0,4,35.26,-5250
235.0,5,35.68,-3250
235.0,6,39.9,-750
235.0,7,38.78,1750
235.0,10,37.63,500
235.0,13,43.73,1750
235.0,16,41.7,-2750
235.0,19,40.28,2500
235.0,20,36.02,-3000
235.0,22,35.12,-5250
235.0,23,42.28,-500
235.0,26,35.27,500
235.5,3,40.2,500
235.5,6,37.32,-500
235.5,7,37.71,1750
235.5,10,38.6,500
235.5,13,42.29,1750
235.5,14,35.18,-4500
235.5,16,39.24,-3000
235.5,19,38.29,2750
235.5,22,35.09,-500
235.5,23,43.32,-500
235.5,25,35.73,-3500
235.5,28,35.52,-5250
235.5,31,35.2,4750
236.0,3,41.05,750
236.0,6,40.02,-750
236.0,7,38.99,1750
236.0,10,37.55,500
236.0,13,43.79,1750
236.0,16,40.12,-3000
236.0,19,38.29,2750
236.0,21,35.12,4500
236.0,23,42.95,-500
236.0,32,35.45,1250
236.5,3,40.7,750
236.5,6,37.57,-750
236.5,7,39.64,1750
236.5,8,35.28,-4000
236.5,10,38.17,500
236.5,13,43.75,1750
236.5,15,35.32,3750
236.5,16,38.32,-3000
236.5,19,37.1,2750
236.5,20,36.26,-3000
236.5,23,42.94,-500
237.0,3,40.35,500
237.0,6,39.58,-750
237.0,7,38.45,1750
237.0,10,37.87,500
237.0,11,35.91,5250
237.0,13,43.39,1750
237.0,16,40.2,-3000
237.0,19,40.62,2500
237.0,20,35.68,-3000
237.0,22,35.26,-750
237.0,23,42.39,-500
237.5,3,40.78,500
237.5,6,37.41,-500
237.5,7,38.7,1750
237.5,10,37.57,500
237.5,13,43.73,1750
237.5,16,41.66,-2750
237.5,19,37.11,2750
237.5,23,42.94,-500
237.5,29,36.3,2000
238.0,3,40.74,500
238.0,6,38.13,-500
238.0,7,38.27,1750
238.0,10,37.35,500
238.0,13,43.83,1750
238.0,16,38.87,-3000
238.0,18,35.2,5000
238.0,19,36.6,2750
238.0,23,43.03,-500
238.5,3,40.18,500
238.5,4,35.01,500
238.5,5,35.03,250
238.5,6,40.1,-750
238.5,7,39.7,1750
238.5,8,35.07,500
238.5,10,37.85,500
238.5,13,43.37,1750
238.5,16,39.93,-3000
238.5,18,35.28,-1750
238.5,19,41.55,2500
238.5,20,37.3,-3000
238.5,21,35.81,4250
238.5,23,43.83,-500
239.0,3,38.89,750
239.0,6,39.89,-750
239.0,7,38.82,1750
239.0,9,35.61,2750
239.0,10,37.57,500
239.0,11,35.21,1500
239.0,13,43.13,1750
239.0,16,40.55,-2750
239.0,19,37.0,2750
239.0,20,35.62,-3000
239.0,23,42.91,-500
239.0,26,35.31,4750
239.0,29,35.01,250
239.5,3,41.62,500
239.5,6,40.42,-750
239.5,7,38.03,1750
239.5,10,38.25,500
239.5,11,35.03,-1500
239.5,13,44.01,1750
239.5,14,35.77,-3750
239.5,16,40.3,-2750
239.5,19,39.86,2500
239.5,20,36.22,-3000
239.5,21,35.22,-4500
239.5,23,43.19,-500
239.5,26,35.59,5250
239.5,27,35.04,1750
239.5,28,35.29,3250
239.5,30,35.01,-3250
240.0,2,35.07,750
240.0,3,40.44,500
240.0,6,38.37,-500
240.0,7,36.89,1750
240.0,10,36.0,500
240.0,12,35.19,5250
240.0,13,43.23,1750
240.0,14,35.26,-1750
240.0,16,39.59,-3000
240.0,19,36.2,2750
240.0,23,43.51,-500
240.0,30,35.07,750
240.5,3,40.37,500
240.5,6,37.5,-500
240.5,7,40.64,1750
240.5,10,36.86,500
240.5,13,43.7,1750
240.5,16,39.09,-3000
240.5,19,37.26,2250
240.5,20,35.6,-3000
240.5,23,43.94,-500
241.0,3,41.08,750
241.0,6,40.12,-750
241.0,7,39.88,1750
241.0,10,36.75,500
241.0,11,35.23,500
241.0,13,43.34,1750
241.0,16,40.74,-2750
241.0,19,41.86,2500
241.0,20,38.16,-3000
241.0,23,42.64,-500
241.0,25,35.19,1000
241.0,28,35.39,-250
241.5,2,35.66,-3500
241.5,3,40.18,750
241.5,4,35.01,5250
241.5,6,39.42,-750
241.5,7,39.38,1750
241.5,10,38.3,500
241.5,11,36.21,-3750
241.5,13,44.19,1750
241.5,16,38.81,-2750
241.5,19,38.98,2750
241.5,23,43.3,-500
241.5,27,35.8,-6000
241.5,31,35.17,-2500
242.0,3,40.34,500
242.0,6,39.14,-500
242.0,7,39.66,1750
242.0,9,35.97,5250
242.0,10,37.21,500
242.0,13,44.07,1750
242.0,16,39.95,-2750
242.0,17,35.19,-3750
242.0,19,40.98,2500
242.0,20,35.18,2500
242.0,23,43.2,-500
242.0,27,35.67,3000
242.0,31,35.01,2250
242.5,3,41.51,500
242.5,6,38.43,-500
242.5,7,39.32,1750
242.5,10,37.55,500
242.5,13,44.13,1750
242.5,16,39.48,-3000
242.5,19,38.31,2750
242.5,20,35.98,-3000
242.5,23,42.85,-500
242.5,25,35.22,2250
242.5,32,35.4,-3000
243.0,3,39.99,500
243.0,5,35.53,-750
243.0,6,39.8,-750
243.0,7,38.36,1750
243.0,13,43.5,1750
243.0,16,40.95,-2750
243.0,19,40.71,2500
243.0,23,43.49,-500
243.5,3,40.8,750
243.5,5,35.99,5750
243.5,6,38.76,-750
243.5,7,38.56,1750
243.5,10,39.4,500
243.5,13,43.17,1750
243.5,14,35.49,250
243.5,16,38.55,-3000
243.5,19,40.04,2500
243.5,20,36.76,-3000
243.5,23,43.04,-500
243.5,29,35.76,-2250
244.0,3,40.19,500
244.0,6,39.65,-750
244.0,7,37.84,1750
244.0,10,38.51,500
244.0,13,44.45,1750
244.0,16,38.65,-3000
244.0,19,38.3,2750
244.0,23,43.56,-500
244.0,30,35.19,-3250
244.5,2,35.05,-5500
244.5,3,40.59,500
244.5,5,35.15,5000
244.5,6,38.29,-500
244.5,7,39.39,1750
244.5,8,36.23,2250
244.5,10,37.14,500
244.5,13,44.09,1750
244.5,14,35.26,0
244.5,16,40.7,-2750
244.5,19,37.99,2750
244.5,20,36.24,-3000
244.5,22,35.84,-500
244.5,23,43.5,-500
244.5,25,35.1,-500
244.5,32,35.17,-3500
245.0,3,40.28,500
245.0,6,40.5,-750
245.0,7,38.8,1750
245.0,8,35.79,-2000
245.0,10,38.71,500
245.0,13,43.44,1750
245.0,15,35.01,4000
245.0,16,40.0,-2750
245.0,19,38.74,2750
245.0,20,36.18,-3000
245.0,23,43.05,-500
245.0,28,35.89,-2000
245.0,30,35.46,-3250
245.0,31,35.1,-1500
245.5,3,39.01,750
245.5,6,38.53,-500
245.5,7,38.04,1750
245.5,10,37.3,500
245.5,13,43.64,1750
245.5,16,38.76,-3000
245.5,19,38.53,2750
245.5,20,35.65,-3000
245.5,23,44.32,-500
245.5,32,35.61,-3000
246.0,2,35.16,-3750
246.0,3,40.43,750
246.0,6,38.12,-500
246.0,7,38.89,1750
246.0,10,38.88,500
246.0,11,35.29,3500
246.0,13,43.96,1750
246.0,16,41.67,-2750
246.0,19,38.26,2750
246.0,23,42.51,-500
246.0,30,35.83,3000
246.5,3,40.43,750
246.5,6,40.81,-500
246.5,7,38.59,1750
246.5,10,37.19,500
246.5,12,35.05,4500
246.5,13,44.42,1750
246.5,16,39.13,-3000
246.5,19,36.39,2750
246.5,20,37.53,-3000
246.5,22,35.37,-250
246.5,23,42.86,-500
246.5,24,35.25,250
246.5,25,35.1,-500
246.5,29,35.49,-4250
247.0,3,41.1,500
247.0,6,38.87,-750
247.0,7,40.0,1750
247.0,10,40.08,500
247.0,11,35.24,2500
247.0,13,43.86,1750
247.0,15,35.14,2000
247.0,16,40.7,-2750
247.0,18,35.22,1750
247.0,19,40.22,2500
247.0,20,36.05,-3000
247.0,23,42.53,-500
247.5,3,41.12,750
247.5,4,35.33,4500
247.5,6,38.09,-500
247.5,7,38.8,1750
247.5,10,38.72,500
247.5,13,43.26,1750
247.5,16,39.27,-3000
247.5,17,35.04,5250
247.5,19,38.28,2750
247.5,20,36.66,-3000
247.5,23,42.85,-500
247.5,29,35.09,5500
247.5,30,35.67,-4750
248.0,3,41.16,500
248.0,6,41.15,-750
248.0,7,40.3,2000
248.0,10,36.66,500
248.0,13,44.24,1750
248.0,14,35.36,-3750
248.0,16,39.98,-3000
248.0,18,35.4,1250
248.0,19,40.72,2500
248.0,20,35.53,-3000
248.0,23,43.23,-500
248.0,26,35.06,-3500
248.0,29,35.34,0
248.5,3,39.89,750
248.5,4,35.41,3750
248.5,5,35.14,-4500
248.5,6,38.28,-500
248.5,7,38.28,1750
248.5,8,35.3,-5500
248.5,10,36.09,500
248.5,12,35.0,-1250
248.5,13,43.68,1750
248.5,16,41.27,-2750
248.5,19,39.82,2500
248.5,20,37.7,-3000
248.5,23,43.46,-500
248.5,27,35.31,-3500
248.5,28,35.03,-5250
248.5,30,35.64,-3500
248.5,31,35.6,1250
249.0,1,35.05,-4500
249.0,3,40.62,500
249.0,6,40.28,-500
249.0,7,39.29,1750
249.0,10,37.88,500
249.0,12,35.16,-1000
249.0,13,43.52,1750
249.0,14,35.19,-5250
249.0,16,40.58,-2750
249.0,19,37.36,2750
249.0,23,43.08,-500
249.0,26,35.39,4750
249.0,31,35.18,4500
249.5,2,35.25,1000
249.5,3,39.78,500
249.5,6,38.62,-500
249.5,7,36.93,1750
249.5,8,35.34,1750
249.5,10,40.79,500
249.5,13,43.35,1750
249.5,15,35.98,-750
249.5,16,40.97,-2750
249.5,19,39.38,2750
249.5,20,36.35,-3000
249.5,23,42.84,-500
249.5,25,35.11,250
249.5,30,36.99,-3250
250.0,3,40.18,500
250.0,6,40.83,-750
250.0,7,39.31,1750
250.0,10,38.05,500
250.0,12,35.0,-5750
250.0,13,43.21,1750
250.0,16,39.57,-3000
250.0,19,41.09,2500
250.0,20,36.68,-3000
250.0,23,43.43,-500
250.0,30,36.62,-3250
250.5,3,40.46,500
250.5,6,40.24,-500
250.5,7,37.53,1750
250.5,10,38.16,500
250.5,13,43.42,1750
250.5,14,35.06,0
250.5,16,39.87,-2750
250.5,19,38.53,2750
250.5,20,35.85,-3000
250.5,21,35.74,-1000
250.5,23,42.98,-500
250.5,28,35.21,-5750
250.5,30,36.18,-3250
251.0,3,40.57,500
251.0,4,36.05,4250
251.0,5,35.11,-4500
251.0,6,39.63,-750
251.0,7,38.42,1750
251.0,10,39.18,500
251.0,13,43.63,1750
251.0,16,39.86,-2750
251.0,19,38.1,2750
251.0,20,35.26,1500
251.0,23,43.45,-500
251.0,31,35.06,-3750
251.0,32,35.41,-3000
251.5,3,40.21,500
251.5,5,35.01,-3750
251.5,6,41.02,-750
251.5,7,37.09,1750
251.5,8,35.13,-750
251.5,10,37.34,500
251.5,13,43.68,1750
251.5,16,39.81,-3000
251.5,19,38.56,2750
251.5,20,35.82,-3000
251.5,23,42.92,-500
251.5,29,35.31,5500
251.5,31,35.15,500
252.0,3,39.63,500
252.0,6,37.44,-750
252.0,7,39.21,1750
252.0,10,37.35,500
252.0,13,43.09,1750
252.0,16,40.17,-3000
252.0,19,38.65,2250
252.0,20,37.67,-3000
252.0,21,35.31,1750
252.0,23,42.98,-500
252.0,28,35.07,-3750
252.0,29,35.4,-1500
252.0,30,36.21,-3250
252.5,3,40.9,500
252.5,6,38.15,-500
252.5,7,38.99,1750
252.5,9,35.07,2750
252.5,10,37.83,500
252.5,13,42.82,1750
252.5,16,40.33,-3000
252.5,18,35.74,500
252.5,19,36.45,2750
252.5,20,37.01,-3000
252.5,23,42.83,-500
252.5,30,36.76,-3250
252.5,31,35.14,1000
253.0,1,35.01,-5250
253.0,3,40.51,500
253.0,6,40.66,-750
253.0,7,38.95,1750
253.0,10,37.96,500
253.0,13,43.66,1750
253.0,16,39.76,-3000
253.0,17,35.26,-250
253.0,19,39.91,2500
253.0,23,43.09,-500
253.0,30,35.18,-3250
253.5,3,41.04,500
253.5,5,35.08,4500
253.5,6,38.4,-500
253.5,7,38.36,1750
253.5,10,37.46,500
253.5,13,43.89,1750
253.5,14,35.51,-5000
253.5,15,35.89,-3750
253.5,16,40.28,-3000
253.5,19,37.45,2750
253.5,21,35.63,-4500
253.5,23,43.41,-500
253.5,27,35.07,1250
253.5,30,37.41,-3250
254.0,3,40.03,500
254.0,6,39.43,-750
254.0,7,40.83,1750
254.0,10,37.17,500
254.0,13,42.95,1750
254.0,16,39.69,-2750
254.0,19,41.29,2500
254.0,23,42.68,-500
254.0,26,35.03,1500
254.5,3,40.99,500
254.5,6,40.49,-750
254.5,7,39.68,1750
254.5,8,35.01,5750
254.5,10,35.57,500
254.5,13,43.72,1750
254.5,16,41.14,-2750
254.5,18,35.73,-500
254.5,19,40.47,2500
254.5,20,37.48,-3000
254.5,23,41.81,-500
254.5,31,35.48,-250
254.5,32,35.14,0
255.0,3,39.77,500
255.0,6,39.81,-750
255.0,7,40.66,1750
255.0,10,37.97,500
255.0,12,35.05,-5500
255.0,13,43.19,1750
255.0,16,41.42,-2750
255.0,19,40.9,2500
255.0,20,39.03,-3000
255.0,23,42.95,-500
255.0,29,35.05,-2000
255.0,30,35.98,-3250
255.5,2,35.04,750
255.5,3,41.9,500
255.5,6,38.34,-500
255.5,7,38.9,1750
255.5,10,37.64,500
255.5,13,43.1,1750
255.5,14,35.52,250
255.5,16,39.01,-2750
255.5,19,37.69,2750
255.5,23,42.22,-500
255.5,25,35.78,5750
255.5,27,35.06,4500
256.0,3,40.04,500
256.0,6,36.91,-500
256.0,7,40.33,1750
256.0,8,35.05,-1500
256.0,10,36.68,500
256.0,13,43.65,1750
256.0,16,41.29,-2750
256.0,18,35.51,1750
256.0,19,41.52,2500
256.0,22,35.27,-2000
256.0,23,43.54,-500
256.0,25,35.47,-4250
256.0,26,35.17,4000
256.0,28,35.1,-1250
256.0,29,35.23,750
256.0,30,35.33,-3500
256.5,3,39.62,500
256.5,5,35.42,-5250
256.5,6,39.14,-500
256.5,7,39.66,1750
256.5,10,36.62,500
256.5,13,43.29,1750
256.5,16,39.64,-2750
256.5,19,37.77,2750
256.5,20,35.03,-4000
256.5,23,43.25,-500
256.5,30,35.26,2750
257.0,3,40.55,500
257.0,6,37.08,-500
257.0,7,40.24,1750
257.0,10,35.29,500
257.0,11,35.32,0
257.0,13,43.23,1750
257.0,16,40.65,-3000
257.0,19,38.49,2750
257.0,23,43.23,-500
257.0,27,35.02,-2250
257.0,29,35.12,-3000
257.0,30,35.81,-3250
257.5,3,41.37,500
257.5,5,35.01,4500
257.5,6,40.42,-750
257.5,7,40.04,1750
257.5,10,37.87,500
257.5,11,35.02,750
257.5,13,42.33,1750
257.5,16,40.45,-2750
257.5,19,42.22,2500
257.5,20,37.55,-3000
257.5,22,35.12,1250
257.5,23,42.53,-500
258.0,3,41.69,500
258.0,4,35.34,-1500
258.0,5,35.02,1500
258.0,6,38.92,-500
258.0,7,38.44,1750
258.0,10,36.61,500
258.0,13,43.56,1750
258.0,16,38.55,-3000
258.0,19,37.12,2750
258.0,23,43.2,-500
258.0,26,35.25,4250
258.0,30,35.75,-3250
258.5,3,39.88,500
258.5,6,38.75,-500
258.5,7,38.92,1750
258.5,10,38.56,500
258.5,12,35.02,250
258.5,13,42.69,1750
258.5,15,35.01,-500
258.5,16,41.17,-3000
258.5,18,35.21,4750
258.5,19,37.82,2750
258.5,20,36.56,-3000
258.5,23,43.21,-500
258.5,32,35.91,-4750
259.0,3,40.31,500
259.0,6,39.93,-750
259.0,7,39.89,1750
259.0,10,36.19,500
259.0,13,43.06,1750
259.0,15,36.05,-4750
259.0,16,41.91,-2750
259.0,19,40.74,2500
259.0,20,35.63,-3000
259.0,23,43.39,-500
259.0,30,35.52,-3250
259.5,1,35.24,-1250
259.5,3,41.06,500
259.5,6,38.57,-750
259.5,7,38.79,1750
259.5,8,35.04,3250
259.5,9,35.41,5250
259.5,10,38.03,500
259.5,13,42.78,1750
259.5,16,39.86,-2750
259.5,19,40.44,2500
259.5,20,35.64,-3250
259.5,23,42.37,-500
259.5,27,35.36,-4500
260.0,3,40.32,500
260.0,6,40.06,-750
260.0,7,38.46,1750
260.0,10,37.0,500
260.0,11,35.41,2000
260.0,13,43.23,1750
260.0,14,35.01,1750
260.0,16,41.04,-2750
260.0,19,40.67,2500
260.0,23,43.26,-500
260.5,3,40.46,750
260.5,5,36.16,-1750
260.5,6,40.6,-750
260.5,7,39.48,1750
260.5,9,35.27,-5750
260.5,10,35.04,-5250
260.5,13,43.74,1750
260.5,16,40.36,-2750
260.5,17,35.12,5000
260.5,19,40.45,2500
260.5,20,36.91,-3000
260.5,21,35.73,-250
260.5,23,43.05,-500
260.5,24,35.23,-5000
260.5,25,35.23,3250
260.5,27,35.17,4500
261.0,3,40.41,750
261.0,6,39.45,-500
261.0,7,38.41,1750
261.0,8,35.56,-5250
261.0,9,35.5,3250
261.0,10,36.66,500
261.0,11,35.15,4000
261.0,12,35.17,2000
261.0,13,42.93,1750
261.0,16,40.79,-3000
261.0,17,35.41,-1500
261.0,19,40.26,2750
261.0,23,42.76,-500
261.0,30,35.23,-3250
261.0,32,35.49,-3000
261.5,3,40.48,500
261.5,4,35.15,-4250
261.5,6,39.22,-500
261.5,7,39.21,1750
261.5,8,35.11,-4250
261.5,10,37.75,500
261.5,13,43.51,1750
261.5,16,40.92,-3000
261.5,19,36.87,2750
261.5,20,36.38,-3000
261.5,23,42.07,-500
261.5,25,35.03,-2000
261.5,31,35.14,5500
262.0,3,40.79,500
262.0,4,35.05,-1250
262.0,6,39.06,-500
262.0,7,39.71,2000
262.0,10,36.14,500
262.0,13,43.66,1750
262.0,16,39.19,-2750
262.0,19,37.64,2750
262.0,20,37.83,-3000
262.0,23,43.39,-500
262.5,3,39.66,500
262.5,6,37.01,-500
262.5,7,39.18,1750
262.5,9,35.15,1750
262.5,10,37.83,500
262.5,13,43.0,1750
262.5,16,39.15,-3000
262.5,19,39.66,2500
262.5,23,42.0,-500
262.5,30,35.71,-3250
262.5,32,36.23,4500
263.0,3,41.0,500
263.0,6,37.54,-500
263.0,7,38.82,1750
263.0,10,36.73,500
263.0,12,35.19,-2500
263.0,13,43.45,1750
263.0,16,39.56,-2750
263.0,19,38.13,2750
263.0,20,35.52,-3000
263.0,23,42.61,-500
263.0,27,35.25,-500
263.0,29,35.84,-3000
263.5,3,40.79,500
263.5,4,35.43,-250
263.5,6,39.92,-750
263.5,7,39.98,1750
263.5,10,37.32,500
263.5,13,42.7,1750
263.5,16,39.75,-2750
263.5,19,41.42,2500
263.5,20,35.69,-5250
263.5,22,35.83,-4250
263.5,23,41.5,-500
264.0,3,41.14,500
264.0,5,35.71,-3250
264.0,6,38.89,-750
264.0,7,38.41,1750
264.0,9,35.1,500
264.0,10,37.98,500
264.0,11,35.72,2000
264.0,12,35.09,1000
264.0,13,43.09,1750
264.0,16,39.35,-2750
264.0,19,37.58,2750
264.0,20,36.79,-3000
264.0,23,43.08,-500
264.0,29,35.03,-3750
264.0,30,35.69,-3500
264.0,32,35.13,-3000
264.5,2,35.33,5250
264.5,3,40.47,500
264.5,6,37.22,-500
264.5,7,38.74,1750
264.5,8,36.3,2250
264.5,10,36.85,500
264.5,11,36.07,2000
264.5,13,42.86,1750
264.5,16,40.48,-3000
264.5,17,35.26,5250
264.5,19,37.76,2750
264.5,20,36.27,-3000
264.5,22,35.21,1250
264.5,23,43.32,-500
264.5,26,35.28,-4500
264.5,32,35.28,5250
265.0,3,40.78,500
265.0,6,41.12,-750
265.0,7,38.81,1750
265.0,10,37.05,500
265.0,11,35.31,2000
265.0,13,43.49,1750
265.0,15,36.16,-4000
265.0,16,40.4,-2750
265.0,19,40.5,2500
265.0,20,36.51,-3000
265.0,23,43.34,-500
265.0,24,35.17,500
265.0,25,36.26,-4750
265.0,26,35.45,-4250
265.0,30,35.96,-3250
265.5,3,41.3,500
265.5,5,35.8,2000
265.5,6,38.3,-500
265.5,7,37.97,2000
265.5,10,37.23,500
265.5,12,35.1,4750
265.5,13,43.54,1750
265.5,16,39.36,-3000
265.5,19,39.37,2750
265.5,20,36.54,-3000
265.5,21,35.3,3500
265.5,23,43.73,-500
265.5,30,35.01,-2250
265.5,31,35.07,-500
265.5,32,35.31,500
266.0,2,35.06,1500
266.0,3,41.24,500
266.0,4,35.35,5750
266.0,6,39.61,-750
266.0,7,38.46,1750
266.0,9,35.09,3250
266.0,10,37.73,500
266.0,11,36.81,2000
266.0,13,42.38,1750
266.0,14,35.18,-250
266.0,16,38.5,-3000
266.0,19,37.85,2250
266.0,20,37.25,-3000
266.0,23,42.15,-500
266.0,24,35.48,-500
266.0,29,35.36,-2750
266.0,32,36.28,-3000
266.5,3,40.5,500
266.5,6,37.93,-500
266.5,7,38.57,1750
266.5,10,36.84,500
266.5,11,35.45,2000
266.5,13,43.31,1750
266.5,15,35.24,5250
266.5,16,39.28,-3000
266.5,19,38.57,2750
266.5,20,35.85,-3000
266.5,23,42.87,-500
266.5,24,35.35,-2000
266.5,27,36.48,5250
266.5,32,35.63,-3000
267.0,1,35.02,2500
267.0,3,40.49,500
267.0,6,40.87,-750
267.0,7,39.66,1750
267.0,10,37.13,500
267.0,13,43.8,1750
267.0,16,39.15,-3000
267.0,19,40.82,2500
267.0,20,35.77,-3000
267.0,23,43.74,-500
267.0,24,35.25,1000
267.0,32,35.23,-5500
267.5,2,35.37,3500
267.5,3,40.6,500
267.5,6,37.91,-500
267.5,7,38.01,1750
267.5,10,38.43,500
267.5,13,42.19,1750
267.5,15,35.41,4500
267.5,16,39.99,-2750
267.5,19,38.45,2750
267.5,20,37.88,-3000
267.5,23,42.73,-500
267.5,29,35.1,3000
268.0,3,40.95,500
268.0,6,37.37,-500
268.0,7,38.71,1750
268.0,8,35.14,5250
268.0,10,37.58,500
268.0,13,43.88,1750
268.0,16,38.2,-3000
268.0,19,38.97,2750
268.0,20,37.08,-3000
268.0,23,41.43,-500
268.5,2,35.48,2500
268.5,3,41.21,500
268.5,6,40.1,-750
268.5,7,39.27,1750
268.5,10,37.22,500
268.5,13,42.47,1750
268.5,16,40.26,-3000
268.5,18,35.53,500
268.5,19,41.71,2500
268.5,20,35.14,-3000
268.5,23,40.8,-500
268.5,24,35.02,5500
268.5,26,35.34,1000
268.5,30,35.41,1750
269.0,1,35.26,3000
269.0,3,40.74,500
269.0,5,35.15,-1500
269.0,6,40.08,-750
269.0,7,39.94,1750
269.0,10,37.35,500
269.0,13,43.02,1750
269.0,16,39.51,-2750
269.0,17,35.22,-5500
269.0,19,38.99,2750
269.0,20,37.44,-3000
269.0,23,43.04,-500
269.0,26,35.1,1750
269.0,31,35.28,2500
269.5,3,40.47,500
269.5,6,39.59,-750
269.5,7,40.08,1750
269.5,10,37.44,500
269.5,13,43.98,1750
269.5,16,40.16,-2750
269.5,19,40.6,2500
269.5,20,36.72,-3000
269.5,23,41.44,-500
269.5,28,35.56,1750
269.5,29,35.37,1000
269.5,31,35.32,500
269.5,32,35.31,-4500
270.0,1,35.59,-3750
270.0,3,41.68,500
270.0,6,38.52,-500
270.0,7,37.59,1750
270.0,9,35.66,-5750
270.0,10,37.61,500
270.0,13,43.0,1750
270.0,16,39.6,-3000
270.0,19,38.0,2750
270.0,20,35.23,-5750
270.0,23,42.61,-500
270.0,31,35.25,-5500
270.5,3,40.7,500
270.5,4,35.01,-2750
270.5,6,38.91,-500
270.5,7,37.91,1750
270.5,9,35.31,1500
270.5,10,38.3,500
270.5,12,35.1,4750
270.5,13,43.64,1750
270.5,15,35.35,5750
270.5,16,39.89,-3000
270.5,19,37.05,2750
270.5,23,42.96,-500
271.0,2,35.14,-1750
271.0,3,40.72,500
271.0,6,39.01,-750
271.0,7,40.07,1750
271.0,9,35.1,-5500
271.0,10,37.31,500
271.0,11,35.28,2250
271.0,13,43.08,1750
271.0,15,35.31,5250
271.0,16,41.21,-2750
271.0,19,40.97,2500
271.0,20,36.32,-3000
271.0,23,42.16,-500
271.0,28,35.05,-3500
271.0,30,35.0,-3500
271.5,3,41.4,500
271.5,6,37.9,-500
271.5,7,39.04,1750
271.5,9,35.02,1750
271.5,10,37.74,500
271.5,13,42.6,1750
271.5,16,38.98,-3000
271.5,17,35.61,-6000
271.5,19,37.13,2750
271.5,22,35.2,4750
271.5,23,42.41,-500
272.0,3,40.97,500
272.0,6,36.2,-500
272.0,7,39.32,1750
272.0,10,38.37,500
272.0,13,43.13,1750
272.0,16,39.89,-2750
272.0,19,40.64,2500
272.0,20,36.28,-3000
272.0,23,41.47,-500
272.5,1,35.14,-5500
272.5,3,41.19,500
272.5,6,39.05,-500
272.5,7,39.18,1750
272.5,10,37.71,500
272.5,13,43.24,1750
272.5,16,39.76,-3000
272.5,17,35.88,500
272.5,19,37.79,2250
272.5,20,36.72,-3000
272.5,23,41.34,-500
272.5,30,35.45,-3250
273.0,3,41.12,500
273.0,5,35.25,-1250
273.0,6,40.68,-750
273.0,7,40.49,1750
273.0,10,36.57,500
273.0,13,42.93,1750
273.0,14,35.14,-5250
273.0,16,39.17,-2750
273.0,17,35.01,1250
273.0,19,39.32,2500
273.0,20,37.09,-3000
273.0,23,41.35,-500
273.0,30,35.28,-5000
273.5,3,41.49,500
273.5,6,40.93,-750
273.5,7,38.25,1750
273.5,10,38.71,500
273.5,13,43.75,1750
273.5,16,40.21,-3000
273.5,19,40.18,2500
273.5,23,41.34,-500
273.5,29,35.18,5500
273.5,30,35.27,-3250
274.0,3,41.5,500
274.0,6,40.77,-750
274.0,7,39.27,1750
274.0,8,35.09,2500
274.0,10,38.83,500
274.0,11,35.35,-1750
274.0,13,43.37,1750
274.0,16,38.24,-3000
274.0,18,36.18,0
274.0,19,38.8,2750
274.0,20,35.37,-3000
274.0,23,42.91,-500
274.0,25,35.19,4750
274.0,28,35.05,4750
274.0,32,35.04,4000
274.5,1,35.75,4000
274.5,3,40.75,500
274.5,5,35.55,-3250
274.5,6,38.51,-750
274.5,7,38.78,1750
274.5,10,38.55,500
274.5,11,36.13,-4750
274.5,13,43.53,1750
274.5,15,35.83,4250
274.5,16,41.79,-2750
274.5,19,38.27,2750
274.5,20,35.02,-3750
274.5,23,42.62,-500
275.0,3,42.07,500
275.0,6,42.1,-750
275.0,7,38.95,1750
275.0,9,35.09,1750
275.0,10,37.79,500
275.0,11,35.36,2000
275.0,13,42.74,1750
275.0,14,35.5,1500
275.0,16,39.63,-2750
275.0,19,37.18,2750
275.0,20,38.08,-3000
275.0,23,41.76,-500
275.0,29,35.32,3000
275.5,3,42.01,500
275.5,6,39.03,-500
275.5,7,38.04,1750
275.5,10,37.57,500
275.5,13,42.71,1750
275.5,16,38.12,-2750
275.5,19,37.31,2750
275.5,20,37.03,-3000
275.5,23,42.01,-500
275.5,25,35.22,-4000
275.5,32,35.55,2500
276.0,3,40.67,500
276.0,6,37.22,-750
276.0,7,39.33,1750
276.0,10,38.27,500
276.0,11,35.48,2000
276.0,13,44.3,1750
276.0,16,40.44,-2750
276.0,19,37.12,2750
276.0,20,38.45,-3000
276.0,22,35.1,5250
276.0,23,42.23,-500
276.0,26,35.57,-2250
276.0,31,35.08,-3250
276.5,2,35.55,-500
276.5,3,41.04,500
276.5,6,39.17,-500
276.5,7,38.12,1750
276.5,10,39.21,500
276.5,13,42.58,1750
276.5,16,38.5,-2750
276.5,19,37.14,2250
276.5,20,37.14,-3000
276.5,22,35.44,-6000
276.5,23,42.58,-500
276.5,25,35.38,4000
276.5,30,35.52,-3250
277.0,3,41.0,500
277.0,6,41.02,-750
277.0,7,39.37,1750
277.0,10,36.6,500
277.0,11,35.19,-6000
277.0,13,43.76,1750
277.0,16,40.25,-2750
277.0,19,39.86,2500
277.0,20,37.55,-3000
277.0,23,41.88,-500
277.0,25,35.25,3500
277.0,30,36.12,-3250
277.5,3,41.02,500
277.5,4,35.0,-1500
277.5,6,40.15,-500
277.5,7,39.97,1750
277.5,8,35.18,-6000
277.5,10,37.13,500
277.5,12,35.02,-3250
277.5,13,42.89,1750
277.5,16,40.26,-3000
277.5,19,38.31,2250
277.5,20,36.67,-3000
277.5,23,42.72,-500
277.5,30,35.03,2750
277.5,31,35.27,2000
278.0,3,41.23,500
278.0,5,35.71,4500
278.0,6,39.43,-500
278.0,7,37.27,1750
278.0,10,39.05,500
278.0,13,43.38,1750
278.0,16,41.18,-3000
278.0,19,38.62,2750
278.0,20,37.06,-3000
278.0,23,42.96,-500
278.0,24,35.3,-2500
278.0,30,35.77,1500
278.5,3,40.8,500
278.5,5,35.83,-750
278.5,6,38.34,-500
278.5,7,37.81,1750
278.5,10,39.52,500
278.5,11,35.93,2000
278.5,13,42.87,1750
278.5,15,36.29,-500
278.5,16,39.82,-3000
278.5,19,39.23,2750
278.5,20,35.41,-3000
278.5,23,42.77,-500
278.5,27,35.19,-3250
278.5,30,35.45,-3250
279.0,3,40.78,500
279.0,6,38.78,-500
279.0,7,38.33,1750
279.0,10,39.24,500
279.0,13,43.17,1750
279.0,16,39.03,-3000
279.0,19,38.2,2750
279.0,20,36.02,-3000
279.0,22,35.06,-5250
279.0,23,43.43,-500
279.0,26,35.2,1250
279.0,29,35.35,2500
279.5,3,40.16,500
279.5,5,35.05,-3250
279.5,6,38.28,-500
279.5,7,38.12,1750
279.5,10,37.0,500
279.5,13,43.75,1750
279.5,16,39.34,-3000
279.5,18,35.03,1750
279.5,19,38.58,2250
279.5,21,35.16,5750
279.5,23,43.07,-500
279.5,25,35.01,-3500
280.0,3,40.95,500
280.0,4,35.18,-2750
280.0,5,35.47,-1750
280.0,6,38.81,-500
280.0,7,38.02,1750
280.0,9,35.08,-4250
280.0,10,36.33,500
280.0,13,43.26,1750
280.0,16,38.39,-3000
280.0,19,38.23,2750
280.0,20,35.12,-3000
280.0,23,41.71,-500
280.0,24,35.14,-4250
280.0,32,35.07,2750
280.5,3,41.42,500
280.5,6,38.18,-500
280.5,7,38.52,1750
280.5,10,37.98,500
280.5,11,35.48,-6000
280.5,13,43.94,1750
280.5,15,35.3,-4500
280.5,16,39.09,-3000
280.5,19,37.48,2750
280.5,20,37.63,-3000
280.5,23,42.49,-500
280.5,30,35.24,-3250
281.0,3,42.53,500
281.0,6,38.25,-500
281.0,7,38.14,1750
281.0,10,38.4,500
281.0,13,43.31,1750
281.0,16,40.99,-3000
281.0,18,35.18,0
281.0,19,38.29,2750
281.0,20,35.62,-3000
281.0,23,42.16,-500
281.0,26,35.43,-3750
281.5,3,40.76,500
281.5,6,38.85,-500
281.5,7,38.6,1750
281.5,10,37.89,500
281.5,13,43.39,1750
281.5,15,35.09,2750
281.5,16,38.0,-3000
281.5,19,39.06,2750
281.5,20,36.52,-3000
281.5,23,41.78,-500
281.5,31,35.3,500
282.0,3,41.26,500
282.0,6,38.17,-500
282.0,7,38.91,1750
282.0,10,36.9,500
282.0,13,43.85,1750
282.0,16,37.08,-3000
282.0,19,39.48,2250
282.0,20,35.48,-3000
282.0,23,42.39,-500
282.0,29,35.16,0
282.0,30,35.22,-1000
282.0,31,35.47,-1750
282.0,32,35.04,-3000
282.5,3,40.54,500
282.5,5,35.54,-6000
282.5,6,38.88,-500
282.5,7,40.42,1750
282.5,10,36.54,500
282.5,11,37.5,2000
282.5,13,43.52,1750
282.5,16,40.48,-3000
282.5,19,37.43,2750
282.5,20,36.95,-3000
282.5,23,41.95,-500
283.0,3,41.43,500
283.0,6,41.03,-750
283.0,7,39.8,1750
283.0,8,35.56,5500
283.0,10,35.72,500
283.0,13,42.87,1750
283.0,16,40.99,-2750
283.0,19,40.66,2500
283.0,20,37.34,-3000
283.0,23,44.14,-500
283.0,24,35.12,-4000
283.5,3,40.44,500
283.5,6,38.1,-500
283.5,7,40.58,2000
283.5,9,35.96,3500
283.5,10,37.39,500
283.5,13,43.73,1750
283.5,16,38.62,-3000
283.5,17,35.43,-6000
283.5,19,36.53,2750
283.5,20,36.97,-3000
283.5,21,35.1,-3500
283.5,23,41.58,-500
283.5,31,35.41,-4750
284.0,3,42.03,500
284.0,5,35.19,3500
284.0,6,40.66,-750
284.0,7,38.7,1750
284.0,10,37.45,500
284.0,13,43.73,1750
284.0,14,35.05,-1750
284.0,15,36.47,500
284.0,16,40.18,-2750
284.0,19,41.67,2500
284.0,20,36.2,-3000
284.0,22,35.1,4500
284.0,23,41.3,-500
284.0,24,35.18,-2000
284.0,26,36.16,-2250
284.5,1,36.01,5000
284.5,3,40.68,500
284.5,6,40.85,-750
284.5,7,38.76,1750
284.5,8,35.06,-5750
284.5,10,38.05,500
284.5,13,43.64,1750
284.5,16,40.79,-2750
284.5,19,40.85,2500
284.5,20,38.69,-3000
284.5,23,42.07,-500
284.5,29,35.9,-500
284.5,32,35.71,-3000
285.0,1,35.3,-5750
285.0,3,41.34,500
285.0,6,41.01,-750
285.0,7,37.98,1750
285.0,8,35.82,2250
285.0,9,35.47,-500
285.0,10,36.55,500
285.0,12,35.22,3750
285.0,13,42.74,1750
285.0,16,39.55,-2750
285.0,19,41.71,2500
285.0,20,35.72,-3000
285.0,23,41.95,-500
285.0,24,35.09,1500
285.0,26,35.01,-1250
285.0,30,36.27,-3250
285.0,31,35.09,-500
285.5,3,42.16,500
285.5,6,38.43,-500
285.5,7,39.66,1750
285.5,8,35.01,2750
285.5,10,38.54,500
285.5,13,43.14,1750
285.5,16,40.4,-3000
285.5,19,38.69,2750
285.5,20,35.25,-3000
285.5,23,42.02,-500
286.0,1,35.59,-5000
286.0,3,40.67,500
286.0,6,42.13,-750
286.0,7,37.26,1750
286.0,10,37.3,500
286.0,11,35.79,3750
286.0,13,44.23,1750
286.0,16,40.29,-2750
286.0,17,35.39,-5250
286.0,19,40.94,2500
286.0,23,42.71,-500
286.0,32,36.27,-3000
286.5,3,42.14,500
286.5,6,41.01,-750
286.5,7,39.47,1750
286.5,9,35.01,3500
286.5,10,36.51,500
286.5,13,44.38,1750
286.5,14,35.09,750
286.5,16,40.38,-2750
286.5,19,40.76,2500
286.5,20,37.36,-3000
286.5,22,35.11,4750
286.5,23,42.73,-500
286.5,24,35.07,4500
286.5,31,35.29,500
287.0,3,39.9,500
287.0,6,41.43,-750
287.0,7,37.08,1750
287.0,10,36.58,500
287.0,13,43.29,1750
287.0,16,40.46,-2750
287.0,19,41.08,2500
287.0,20,36.08,-3000
287.0,23,42.21,-500
287.0,26,35.11,3750
287.0,32,35.01,4750
287.5,2,35.87,-2750
287.5,3,41.51,500
287.5,4,35.16,4500
287.5,6,42.07,-750
287.5,7,37.55,1750
287.5,10,37.66,500
287.5,13,43.63,1750
287.5,14,35.3,-5500
287.5,15,35.32,-5500
287.5,16,39.9,-2750
287.5,19,40.7,2500
287.5,23,42.82,-500
288.0,3,40.22,500
288.0,6,38.27,-1000
288.0,7,39.02,1750
288.0,9,35.46,-3250
288.0,10,36.66,500
288.0,13,43.13,1750
288.0,16,39.6,-3000
288.0,19,38.6,2750
288.0,20,36.92,-3000
288.0,23,41.77,-500
288.0,24,35.15,-250
288.0,28,35.18,0
288.0,30,35.06,3500
288.5,3,42.23,500
288.5,6,38.49,-500
288.5,7,39.4,1750
288.5,8,35.06,2750
288.5,10,37.77,500
288.5,11,35.47,500
288.5,13,42.91,1750
288.5,16,37.03,-2750
288.5,18,35.33,1500
288.5,19,38.42,2750
288.5,20,37.46,-3000
288.5,23,42.21,-500
288.5,25,35.02,-3750
289.0,3,40.56,500
289.0,5,35.03,-3500
289.0,6,40.33,-750
289.0,7,40.13,1750
289.0,10,37.21,500
289.0,13,43.26,1750
289.0,16,40.35,-2750
289.0,18,35.28,3250
289.0,19,42.05,2500
289.0,20,39.32,-3000
289.0,22,35.08,-4750
289.0,23,40.95,-500
289.0,24,36.26,4000
289.0,26,35.06,1750
289.0,32,35.14,-5500
289.5,3,41.5,500
289.5,6,41.32,-750
289.5,7,38.86,1750
289.5,9,35.76,-4250
289.5,10,36.61,500
289.5,11,35.27,4750
289.5,13,43.88,1750
289.5,16,40.16,-2750
289.5,19,42.24,2500
289.5,20,37.49,-3000
289.5,22,35.4,4250
289.5,23,42.15,-500
289.5,24,35.53,-3500
289.5,29,35.91,-2500
289.5,31,35.35,-1750
290.0,3,40.18,500
290.0,6,41.54,-750
290.0,7,40.27,1750
290.0,10,36.54,500
290.0,13,43.92,1750
290.0,16,40.81,-2750
290.0,18,35.39,2000
290.0,19,41.31,2500
290.0,20,37.37,-3000
290.0,21,35.66,-250
290.0,23,41.43,-500
290.0,28,35.05,2750
290.0,30,35.6,-3250
290.0,31,35.08,-750
290.5,2,35.11,250
290.5,3,41.78,500
290.5,4,35.14,-5000
290.5,6,40.97,-750
290.5,7,40.87,1750
290.5,10,36.67,500
290.5,13,43.27,1750
290.5,16,40.35,-2750
290.5,18,35.41,500
290.5,19,40.4,2500
290.5,20,36.33,-3000
290.5,23,41.74,-500
290.5,26,35.48,4250
290.5,30,35.12,250
291.0,3,41.62,500
291.0,5,36.24,250
291.0,6,39.07,-500
291.0,7,38.34,1750
291.0,10,38.36,500
291.0,11,35.02,-3000
291.0,12,35.3,-5750
291.0,13,42.19,1750
291.0,14,35.05,4250
291.0,16,39.65,-3000
291.0,19,39.36,2750
291.0,20,37.52,-3000
291.0,23,43.19,-500
291.0,24,35.02,-3000
291.0,28,35.41,-5250
291.5,3,42.28,500
291.5,6,39.15,-500
291.5,7,38.82,1750
291.5,10,38.21,500
291.5,13,42.96,1750
291.5,16,39.38,-2750
291.5,18,36.11,3250
291.5,19,39.89,2250
291.5,20,36.47,-3000
291.5,23,42.17,-500
291.5,29,35.07,-4500
291.5,30,36.91,-3500
292.0,3,41.31,500
292.0,6,39.17,-500
292.0,7,40.09,1750
292.0,10,38.23,500
292.0,12,35.01,5750
292.0,13,42.0,1750
292.0,16,38.14,-3000
292.0,19,38.75,2750
292.0,23,41.63,-500
292.0,27,35.14,-2750
292.0,30,35.1,1750
292.5,3,40.2,500
292.5,4,36.05,750
292.5,6,39.3,-500
292.5,7,40.07,1750
292.5,9,35.17,-5750
292.5,10,36.47,500
292.5,13,43.69,1750
292.5,16,39.11,-3000
292.5,19,41.36,2500
292.5,20,38.6,-3000
292.5,23,42.04,-500
292.5,28,35.23,-5500
293.0,3,41.22,500
293.0,6,40.97,-500
293.0,7,38.63,1750
293.0,8,35.41,2250
293.0,10,37.26,500
293.0,12,35.01,5500
293.0,13,42.76,1750
293.0,16,38.25,-3000
293.0,19,40.85,2250
293.0,20,35.21,-3000
293.0,23,42.46,-500
293.0,28,35.05,3500
293.0,29,35.16,2000
293.5,3,41.99,500
293.5,4,35.16,-500
293.5,6,41.54,-750
293.5,7,39.16,1750
293.5,10,37.52,500
293.5,13,42.64,1750
293.5,16,41.36,-2750
293.5,19,42.34,2500
293.5,20,35.77,-3000
293.5,23,41.32,-500
293.5,26,35.57,-4250
294.0,1,35.1,-2750
294.0,2,35.21,-2750
294.0,3,41.1,500
294.0,6,41.55,-750
294.0,7,39.59,1750
294.0,10,38.3,500
294.0,13,43.53,1750
294.0,16,41.46,-2750
294.0,19,38.92,2750
294.0,20,36.48,-3000
294.0,23,43.4,-500
294.0,30,35.67,-3250
294.5,2,35.03,5250
294.5,3,41.73,500
294.5,6,38.67,-500
294.5,7,39.01,1750
294.5,8,35.2,4250
294.5,10,36.81,500
294.5,13,42.53,1750
294.5,16,39.35,-2750
294.5,19,37.65,2250
294.5,20,35.5,-3000
294.5,23,42.2,-500
294.5,25,35.09,5750
294.5,26,35.03,5750
295.0,3,41.01,500
295.0,6,41.18,-750
295.0,7,41.41,1750
295.0,10,39.13,500
295.0,13,44.15,1750
295.0,16,40.12,-2750
295.0,19,40.79,2500
295.0,20,35.41,-3000
295.0,23,42.3,-500
295.0,32,35.66,-3000
295.5,3,40.75,500
295.5,5,35.04,-4250
295.5,6,39.3,-500
295.5,7,37.46,1750
295.5,10,36.24,500
295.5,13,43.49,1750
295.5,14,35.01,-4250
295.5,16,39.67,-3000
295.5,17,35.28,-4750
295.5,18,35.98,-2000
295.5,19,38.47,2750
295.5,20,37.54,-3000
295.5,23,42.87,-500
295.5,25,35.36,5250
295.5,31,35.38,3250
296.0,3,41.93,500
296.0,6,41.68,-750
296.0,7,37.38,1750
296.0,10,38.16,500
296.0,12,35.14,5250
296.0,13,43.38,1750
296.0,16,40.06,-3000
296.0,17,35.2,-3000
296.0,19,38.76,2750
296.0,20,35.94,-3000
296.0,23,42.88,-500
296.0,32,35.31,-3000
296.5,3,42.29,500
296.5,4,35.57,750
296.5,6,40.06,-500
296.5,7,39.04,1750
296.5,8,35.45,1500
296.5,10,37.07,500
296.5,12,35.06,3750
296.5,13,42.84,1750
296.5,15,35.43,3500
296.5,16,38.99,-3000
296.5,19,39.26,2750
296.5,20,35.85,-3000
296.5,23,40.57,-500
296.5,25,35.18,4000
296.5,26,35.23,1750
296.5,28,35.47,3250
297.0,1,35.26,3750
297.0,3,41.71,500
297.0,6,42.56,-750
297.0,7,38.78,1750
297.0,10,39.64,500
297.0,13,43.54,1750
297.0,15,35.06,3000
297.0,16,41.61,-3000
297.0,19,42.33,2500
297.0,21,35.16,4500
297.0,23,41.05,-500
297.0,28,35.12,-5000
297.0,31,35.19,-3750
297.5,3,39.81,500
297.5,5,35.0,-4000
297.5,6,39.43,-500
297.5,7,40.21,1750
297.5,9,35.04,-3000
297.5,10,36.84,500
297.5,11,35.49,1250
297.5,13,43.35,1750
297.5,15,35.1,4500
297.5,16,40.16,-2750
297.5,19,38.97,2250
297.5,20,37.3,-3000
297.5,23,41.02,-500
297.5,25,35.34,4500
297.5,27,35.11,500
298.0,3,42.52,500
298.0,6,38.91,-500
298.0,7,37.75,1750
298.0,10,38.07,500
298.0,11,36.09,5750
298.0,13,42.98,1750
298.0,16,40.95,-3000
298.0,19,39.22,2250
298.0,20,36.53,-3000
298.0,21,35.29,-5250
298.0,23,41.8,-500
298.0,28,35.56,-2750
298.0,30,35.02,-3250
298.5,3,41.81,500
298.5,6,41.14,-750
298.5,7,39.25,1750
298.5,10,36.35,500
298.5,13,42.76,1750
298.5,16,39.64,-3000
298.5,18,35.84,-3250
298.5,19,41.14,2500
298.5,20,36.43,-3000
298.5,23,41.61,-500
298.5,24,35.15,-3000
298.5,25,35.32,-4250
298.5,27,35.57,-1000
298.5,29,35.04,1750
298.5,30,35.03,-3250
299.0,3,42.87,500
299.0,6,40.24,-750
299.0,7,38.38,1750
299.0,10,38.51,500
299.0,13,43.57,1750
299.0,14,35.08,1500
299.0,16,40.23,-2750
299.0,19,38.71,2250
299.0,20,37.77,-3000
299.0,21,35.65,-3500
299.0,23,41.55,-500
299.5,3,41.52,500
299.5,6,40.46,-750
299.5,7,39.38,1750
299.5,10,36.68,500
299.5,13,43.27,1750
299.5,16,41.53,-2750
299.5,19,41.26,2500
299.5,20,36.69,-3000
299.5,23,41.24,-500
300.0,3,43.04,500
300.0,6,39.25,-500
300.0,7,38.36,1750
300.0,10,36.53,500
300.0,13,43.28,1750
300.0,16,39.19,-2750
300.0,19,39.1,2250
300.0,20,38.31,-3000
300.0,23,40.3,-500
300.0,27,35.02,4000
300.0,29,35.67,500
300.0,30,35.43,3000
300.0,31,35.49,-3500
300.5,1,35.02,-3250
300.5,2,35.04,-250
300.5,3,43.08,500
300.5,6,39.33,-500
300.5,7,38.85,1750
300.5,9,35.23,-6000
300.5,10,37.94,500
300.5,12,36.0,500
300.5,13,42.68,1750
300.5,16,41.5,-3000
300.5,19,38.85,2250
300.5,20,37.32,-3000
300.5,22,35.5,750
300.5,23,42.78,-500
300.5,29,35.3,-3500
301.0,3,41.53,500
301.0,6,39.5,-750
301.0,7,39.08,1750
301.0,10,38.41,500
301.0,13,43.95,1750
301.0,16,41.2,-2750
301.0,19,41.91,2500
301.0,23,40.95,-500
301.0,32,35.43,-500
301.5,3,41.55,500
301.5,6,38.82,-500
301.5,7,38.42,1750
301.5,10,36.79,500
301.5,13,42.43,1750
301.5,16,39.54,-2750
301.5,19,39.93,2750
301.5,20,36.6,-3000
301.5,23,41.86,-500
301.5,24,35.26,-5750
301.5,30,36.58,-3250
302.0,2,35.57,-5500
302.0,3,41.39,500
302.0,6,38.91,-500
302.0,7,38.77,1750
302.0,9,35.59,-5250
302.0,10,36.13,500
302.0,13,43.27,1750
302.0,15,35.0,-3500
302.0,16,40.89,-2750
302.0,19,42.11,2500
302.0,20,36.21,-3000
302.0,22,35.15,3500
302.0,23,41.74,-500
302.0,24,35.57,-2750
302.0,30,35.39,-2500
302.5,1,35.23,-2500
302.5,3,42.18,500
302.5,6,38.54,-500
302.5,7,38.45,1750
302.5,8,35.73,2500
302.5,9,35.04,-500
302.5,10,36.77,500
302.5,11,35.53,5500
302.5,13,42.62,1750
302.5,14,35.42,-1500
302.5,16,40.0,-3000
302.5,19,38.97,2250
302.5,20,37.01,-3000
302.5,22,35.07,3000
302.5,23,41.16,-500
302.5,30,35.6,-3250
303.0,2,35.18,4500
303.0,3,42.03,500
303.0,6,41.55,-750
303.0,7,37.06,1750
303.0,9,35.36,750
303.0,10,37.66,500
303.0,13,43.37,1750
303.0,16,39.79,-2750
303.0,19,41.09,2500
303.0,20,37.07,-3000
303.0,23,41.02,-500
303.5,3,42.71,500
303.5,4,35.4,3250
303.5,6,40.72,-750
303.5,7,37.71,1750
303.5,13,42.78,1750
303.5,16,38.75,-2750
303.5,17,35.3,-500
303.5,19,41.37,2500
303.5,20,36.79,-3000
303.5,23,40.81,-500
303.5,27,35.21,1500
303.5,29,35.24,750
303.5,30,35.7,-3250
304.0,3,41.2,500
304.0,6,41.29,-750
304.0,7,39.21,1750
304.0,8,35.59,2250
304.0,10,37.08,500
304.0,13,42.77,1750
304.0,16,40.04,-3000
304.0,17,35.67,5750
304.0,19,40.72,2250
304.0,23,41.82,-500
304.5,3,42.3,500
304.5,6,37.48,-500
304.5,7,38.14,1750
304.5,10,36.57,500
304.5,13,42.74,1750
304.5,14,35.5,-3750
304.5,16,40.46,-2750
304.5,17,35.02,-3250
304.5,19,39.78,2750
304.5,20,36.64,-3000
304.5,23,41.35,-500
304.5,31,35.04,0
304.5,32,35.02,750
305.0,3,42.0,500
305.0,6,41.67,-750
305.0,7,38.05,1750
305.0,10,36.72,500
305.0,13,42.73,1750
305.0,16,39.49,-2750
305.0,18,35.2,5250
305.0,19,39.37,2250
305.0,23,41.77,-500
305.0,25,35.18,5250
305.0,29,35.18,-500
305.5,2,35.24,1500
305.5,3,42.27,500
305.5,6,39.82,-500
305.5,7,37.04,1750
305.5,10,36.81,500
305.5,13,42.57,1750
305.5,16,39.8,-3000
305.5,19,38.73,2250
305.5,20,35.77,-3000
305.5,23,42.5,-500
306.0,3,41.43,500
306.0,5,35.33,1500
306.0,6,38.76,-500
306.0,7,37.77,1750
306.0,10,37.03,500
306.0,11,35.11,4750
306.0,13,42.89,1750
306.0,16,41.17,-2750
306.0,19,40.1,2250
306.0,20,35.6,-3000
306.0,21,35.12,-1250
306.0,23,40.63,-500
306.0,29,35.13,-2250
306.5,3,41.92,500
306.5,6,38.21,-500
306.5,7,39.16,1750
306.5,10,36.0,500
306.5,13,42.5,1750
306.5,16,39.54,-3000
306.5,19,39.9,2250
306.5,20,36.84,-3000
306.5,23,42.95,-500
306.5,26,35.23,3750
307.0,1,35.2,5250
307.0,3,41.18,500
307.0,6,40.85,-750
307.0,7,38.34,1750
307.0,8,35.31,-250
307.0,10,38.42,500
307.0,11,35.51,-2500
307.0,13,43.28,1750
307.0,16,40.45,-2750
307.0,19,41.95,2500
307.0,20,35.04,-4500
307.0,23,41.02,-500
307.0,26,35.22,-1750
307.0,27,35.07,-4250
307.0,28,35.23,-750
307.0,30,35.74,-3250
307.5,3,41.86,500
307.5,4,35.09,-5500
307.5,5,35.69,2250
307.5,6,40.56,-500
307.5,7,38.1,1750
307.5,10,37.15,500
307.5,13,42.78,1750
307.5,16,38.95,-3000
307.5,19,38.58,2250
307.5,23,41.5,-500
307.5,29,35.19,-1250
307.5,30,35.83,4250
307.5,31,35.27,-5500
308.0,3,42.53,500
308.0,6,39.36,-500
308.0,7,37.44,1750
308.0,10,37.8,500
308.0,13,43.37,1750
308.0,16,40.14,-3000
308.0,19,39.88,2750
308.0,20,36.11,-3000
308.0,23,40.49,-500
308.0,30,35.56,-3250
308.0,31,35.25,-5750
308.5,2,35.07,750
308.5,3,41.57,500
308.5,6,37.7,-500
308.5,7,37.49,1750
308.5,10,38.29,500
308.5,13,42.62,1750
308.5,16,40.61,-3000
308.5,19,39.25,2250
308.5,20,35.27,-3000
308.5,23,42.02,-500
308.5,24,35.23,250
308.5,31,35.04,2750
308.5,32,35.4,-3000
309.0,3,42.84,500
309.0,6,40.87,-750
309.0,7,37.89,1750
309.0,9,35.52,1250
309.0,10,37.39,500
309.0,13,43.15,1750
309.0,16,39.97,-3000
309.0,19,39.73,2750
309.0,20,36.18,-3000
309.0,21,35.85,2500
309.0,23,41.51,-500
309.0,28,35.39,-1000
309.0,31,35.05,-4500
309.5,1,35.14,-500
309.5,2,35.04,5000
309.5,3,42.48,500
309.5,6,38.81,-500
309.5,7,38.18,1750
309.5,8,35.38,3250
309.5,10,36.51,500
309.5,13,43.47,1750
309.5,14,35.1,1500
309.5,15,35.32,-5750
309.5,16,39.83,-2750
309.5,18,35.4,0
309.5,19,38.78,2750
309.5,20,35.07,-250
309.5,23,42.17,-500
309.5,27,35.21,-3500
309.5,29,35.34,3500
309.5,30,36.0,1500
309.5,31,35.21,5250
310.0,3,41.31,500
310.0,6,38.41,-500
310.0,7,37.25,1750
310.0,10,36.89,500
310.0,13,44.11,1750
310.0,16,39.96,-3000
310.0,18,35.13,0
310.0,19,39.79,2250
310.0,20,35.84,-3000
310.0,23,41.32,-500
310.0,24,35.42,-2000
310.0,30,35.4,-3250
310.5,2,35.12,-500
310.5,3,41.58,500
310.5,6,38.29,-500
310.5,7,38.86,1750
310.5,9,35.08,-5000
310.5,10,38.61,500
310.5,13,42.37,1750
310.5,16,40.61,-2750
310.5,17,35.4,2750
310.5,19,38.48,2750
310.5,20,35.69,-3000
310.5,23,41.23,-500
310.5,28,35.43,0
311.0,3,42.53,500
311.0,5,35.36,1000
311.0,6,38.53,-500
311.0,7,36.79,1750
311.0,10,36.49,500
311.0,13,43.67,1750
311.0,16,42.1,-3000
311.0,19,37.83,2750
311.0,20,37.23,-3000
311.0,23,42.13,-500
311.0,25,35.23,-4500
311.0,27,35.03,2000
311.0,30,35.12,-4250
311.0,31,35.47,5750
311.5,3,41.86,500
311.5,6,41.34,-750
311.5,7,37.81,1750
311.5,9,35.73,-750
311.5,10,36.35,500
311.5,11,35.92,-3500
311.5,13,43.07,1750
311.5,14,35.41,-4250
311.5,16,40.44,-2750
311.5,19,42.76,2500
311.5,20,36.41,-3000
311.5,23,40.14,-500
311.5,28,35.98,-750
311.5,30,36.8,-3250
312.0,3,42.43,500
312.0,6,41.55,-750
312.0,7,38.02,1750
312.0,10,38.16,500
312.0,11,35.15,500
312.0,13,43.26,1750
312.0,16,40.75,-2750
312.0,19,41.98,2500
312.0,20,36.81,-3000
312.0,23,41.1,-500
312.0,29,35.75,5750
312.5,2,36.02,3250
312.5,3,42.22,500
312.5,6,37.76,-500
312.5,7,37.57,1750
312.5,10,36.43,500
312.5,13,42.56,1750
312.5,16,39.53,-3000
312.5,17,35.05,4750
312.5,19,37.7,2250
312.5,20,37.91,-3000
312.5,21,35.45,3750
312.5,23,41.74,-500
313.0,3,41.96,500
313.0,6,42.35,-750
313.0,7,37.96,1750
313.0,8,35.26,5250
313.0,10,36.95,500
313.0,13,43.43,1750
313.0,16,39.81,-2750
313.0,17,35.4,5750
313.0,19,41.91,2500
313.0,20,38.66,-3000
313.0,23,40.05,-500
313.0,30,35.3,-2500
313.0,31,35.34,-2250
313.5,3,42.61,500
313.5,6,37.79,-500
313.5,7,37.71,1750
313.5,8,35.05,1500
313.5,9,35.01,4250
313.5,10,37.66,500
313.5,13,42.68,1750
313.5,14,35.09,-4500
313.5,16,40.75,-3000
313.5,19,37.72,2250
313.5,20,36.47,-3000
313.5,21,35.75,500
313.5,23,41.11,-500
313.5,30,35.25,-3250
314.0,3,43.0,500
314.0,6,39.13,-500
314.0,7,37.36,1750
314.0,10,36.86,500
314.0,13,42.95,1750
314.0,14,35.16,-500
314.0,15,35.03,500
314.0,16,40.01,-3000
314.0,19,38.13,2750
314.0,20,35.03,-3250
314.0,23,40.98,-500
314.5,3,42.93,500
314.5,6,41.54,-750
314.5,7,38.02,1750
314.5,9,35.52,-1500
314.5,10,37.72,500
314.5,11,36.14,2250
314.5,13,43.21,1750
314.5,16,39.25,-2750
314.5,19,42.67,2500
314.5,20,35.45,5750
314.5,21,35.42,-3000
314.5,22,35.42,2500
314.5,23,40.77,-500
314.5,24,35.62,-2750
314.5,30,35.94,-3250
315.0,3,42.26,500
315.0,6,41.72,-750
315.0,7,39.41,1750
315.0,8,35.19,750
315.0,10,38.11,500
315.0,11,35.33,-4000
315.0,13,42.76,1750
315.0,16,39.73,-2750
315.0,18,35.03,1000
315.0,19,41.88,2500
315.0,22,35.14,1750
315.0,23,41.45,-500
315.0,24,35.1,-2000
315.0,30,35.59,-3250
315.5,2,35.36,4000
315.5,3,42.01,500
315.5,6,39.06,-500
315.5,7,37.92,1750
315.5,8,35.37,-2000
315.5,9,35.47,-3000
315.5,10,35.99,500
315.5,13,42.87,1750
315.5,16,38.91,-3000
315.5,19,38.45,2750
315.5,20,35.67,-3000
315.5,22,35.3,5750
315.5,23,41.05,-750
316.0,2,35.01,5500
316.0,3,42.76,500
316.0,6,41.12,-750
316.0,7,38.87,1750
316.0,8,35.68,-500
316.0,10,35.58,500
316.0,11,35.22,5000
316.0,13,42.51,1750
316.0,16,40.6,-2750
316.0,17,35.19,2500
316.0,19,41.91,2500
316.0,20,35.89,-3000
316.0,23,41.61,-500
316.0,25,35.45,-4000
316.0,29,35.19,3250
316.5,3,43.04,500
316.5,6,38.73,-500
316.5,7,38.89,2000
316.5,9,35.22,500
316.5,10,37.89,500
316.5,12,35.15,-4750
316.5,13,43.06,1750
316.5,14,35.25,2250
316.5,16,40.12,-2750
316.5,19,40.14,2750
316.5,23,41.36,-750
316.5,31,35.06,500
316.5,32,35.03,-6000
317.0,3,41.66,500
317.0,6,40.93,-750
317.0,7,37.45,1750
317.0,10,36.87,500
317.0,13,44.12,1750
317.0,14,35.1,1750
317.0,16,40.61,-2750
317.0,17,35.63,750
317.0,19,41.83,2500
317.0,20,36.9,-3000
317.0,23,41.69,-500
317.0,26,35.73,500
317.0,28,35.05,500
317.5,3,41.59,500
317.5,4,35.05,-500
317.5,6,39.28,-500
317.5,7,37.67,1750
317.5,10,36.11,500
317.5,13,42.93,1750
317.5,16,39.32,-2750
317.5,19,38.43,2750
317.5,20,35.54,-3000
317.5,23,40.8,-750
317.5,27,35.15,-5500
317.5,29,35.53,2500
317.5,30,37.29,-2250
318.0,3,41.59,500
318.0,6,41.42,-750
318.0,7,36.51,1750
318.0,10,36.45,500
318.0,13,43.06,1750
318.0,16,39.29,-2750
318.0,19,43.28,2500
318.0,22,35.06,-2000
318.0,23,41.24,-500
318.0,30,36.2,-3250
318.0,32,35.27,-4750
318.5,3,41.89,500
318.5,4,35.67,-500
318.5,6,38.56,-750
318.5,7,37.67,1750
318.5,8,35.34,5750
318.5,10,36.78,500
318.5,13,42.34,1750
318.5,16,39.25,-3000
318.5,19,40.01,2250
318.5,23,41.91,-500
318.5,26,35.02,1250
318.5,31,35.47,5000
319.0,2,35.41,-750
319.0,3,43.0,500
319.0,6,42.18,-750
319.0,7,39.28,1750
319.0,10,35.33,500
319.0,13,43.28,1750
319.0,16,40.62,-2750
319.0,19,42.35,2500
319.0,20,35.37,-3000
319.0,23,40.53,-500
319.5,3,42.16,500
319.5,4,35.4,1750
319.5,5,35.16,-1500
319.5,6,42.18,-750
319.5,7,37.63,1750
319.5,10,35.61,500
319.5,13,42.86,1750
319.5,16,40.03,-2750
319.5,19,42.19,2500
319.5,20,36.73,-3000
319.5,23,41.45,-500
319.5,30,35.16,750
320.0,3,42.22,500
320.0,4,35.06,-4250
320.0,6,41.08,-750
320.0,7,37.59,1750
320.0,10,37.3,500
320.0,13,42.5,1750
320.0,15,35.02,-3250
320.0,16,40.43,-2750
320.0,17,35.47,-3000
320.0,19,42.79,2500
320.0,20,35.16,500
320.0,22,35.45,-5500
320.0,23,41.23,-500
320.0,26,35.21,1750
320.0,27,35.04,-5750
320.5,1,35.32,-5500
320.5,3,41.33,500
320.5,6,40.32,-750
320.5,7,38.24,1750
320.5,10,35.61,500
320.5,13,43.06,1750
320.5,15,35.42,-5500
320.5,16,41.23,-2750
320.5,19,41.23,2500
320.5,20,35.45,-2000
320.5,23,40.82,-750
320.5,31,35.12,-1000
320.5,32,35.8,-750
321.0,3,42.21,500
321.0,4,35.05,2500
321.0,6,38.73,-500
321.0,7,39.02,1750
321.0,10,37.29,500
321.0,13,43.38,1750
321.0,16,39.48,-3000
321.0,19,39.31,2750
321.0,23,41.44,-500
321.5,3,41.89,500
321.5,6,38.52,-500
321.5,7,37.54,1750
321.5,10,36.05,500
321.5,12,35.58,3000
321.5,13,42.21,1750
321.5,16,39.63,-3000
321.5,17,35.44,4750
321.5,18,35.38,-2000
321.5,19,38.55,2750
321.5,20,36.95,-3000
321.5,21,35.01,-1750
321.5,23,41.08,-500
321.5,25,36.37,-4750
321.5,27,35.66,2750
321.5,28,35.41,-750
321.5,31,35.4,4500
322.0,3,42.21,500
322.0,5,35.18,-3000
322.0,6,38.67,-500
322.0,7,37.19,1750
322.0,8,35.22,-500
322.0,10,36.93,500
322.0,13,43.31,1750
322.0,16,40.27,-3000
322.0,18,35.52,-5000
322.0,19,39.7,2750
322.0,20,35.69,-3000
322.0,23,41.3,-500
322.0,30,35.88,2750
322.5,3,41.87,500
322.5,6,37.39,-500
322.5,7,38.46,2000
322.5,8,35.7,2250
322.5,10,36.09,500
322.5,13,42.81,1750
322.5,15,35.15,-750
322.5,16,40.85,-3000
322.5,19,41.13,2500
322.5,23,41.43,-750
322.5,25,35.12,500
322.5,30,35.44,-1500
323.0,3,42.1,500
323.0,6,39.61,-500
323.0,7,37.17,1750
323.0,10,38.09,500
323.0,13,43.2,1750
323.0,16,40.57,-3000
323.0,19,39.64,2750
323.0,20,36.21,-3000
323.0,23,41.66,-500
323.0,26,35.66,3000
323.0,28,35.15,3500
323.5,3,42.98,500
323.5,6,41.6,-750
323.5,7,38.41,1750
323.5,10,38.1,500
323.5,13,43.1,1750
323.5,16,41.07,-2750
323.5,17,35.45,3250
323.5,19,41.26,2500
323.5,20,36.35,-3000
323.5,21,35.17,2000
323.5,23,40.83,-500
323.5,28,35.46,2500
324.0,2,35.33,4250
324.0,3,43.17,500
324.0,6,40.78,-750
324.0,7,37.99,1750
324.0,10,36.06,500
324.0,12,35.48,1250
324.0,13,43.86,1750
324.0,14,35.21,1000
324.0,16,40.31,-2750
324.0,18,35.44,-3250
324.0,19,39.13,2750
324.0,20,35.35,-3000
324.0,23,40.61,-500
324.0,30,36.33,-3250
324.5,3,42.74,500
324.5,6,39.14,-500
324.5,7,36.77,1750
324.5,8,35.29,-5750
324.5,10,36.07,500
324.5,13,42.93,1750
324.5,16,41.43,-3000
324.5,19,37.91,2750
324.5,20,35.49,-2250
324.5,22,35.18,-5250
324.5,23,40.89,-500
324.5,26,35.08,-2750
324.5,32,35.52,-3000
325.0,3,42.28,500
325.0,6,41.26,-750
325.0,7,38.95,1750
325.0,10,36.69,500
325.0,13,43.9,1750
325.0,14,35.73,-1500
325.0,16,41.25,-3000
325.0,19,41.79,2500
325.0,20,37.66,-3000
325.0,23,40.96,-750
325.0,26,35.47,1500
325.0,32,35.32,-1500
325.5,2,35.12,750
325.5,3,42.36,500
325.5,4,35.09,-3500
325.5,6,38.4,-500
325.5,7,37.19,2000
325.5,9,35.71,5250
325.5,10,37.44,500
325.5,12,35.2,3250
325.5,13,44.24,1750
325.5,16,40.89,-3000
325.5,19,38.46,2750
325.5,20,37.56,-3000
325.5,23,41.22,-750
325.5,24,35.16,5250
325.5,29,35.4,-1750
325.5,31,35.18,1500
326.0,1,35.21,4500
326.0,2,35.01,1750
326.0,3,42.59,500
326.0,6,40.61,-750
326.0,7,38.17,1750
326.0,10,37.99,500
326.0,11,35.0,2000
326.0,13,43.31,1750
326.0,16,39.55,-3000
326.0,19,38.73,2250
326.0,20,36.92,-3000
326.0,23,41.46,-500
326.0,30,35.75,3750
326.5,3,42.53,500
326.5,6,38.8,-500
326.5,7,37.8,1750
326.5,10,35.16,500
326.5,13,43.4,1750
326.5,16,39.78,-3000
326.5,18,35.07,1500
326.5,19,39.96,2750
326.5,20,36.57,-3000
326.5,23,41.1,-500
326.5,24,35.27,-2750
326.5,29,35.16,-500
326.5,31,35.64,-1000
326.5,32,35.34,-5500
327.0,2,35.48,1250
327.0,3,42.31,500
327.0,6,40.77,-750
327.0,7,38.42,1750
327.0,10,36.98,500
327.0,13,43.31,1750
327.0,16,40.82,-3000
327.0,19,41.4,2500
327.0,20,37.62,-3000
327.0,21,35.41,0
327.0,23,40.99,-750
327.0,27,35.05,4000
327.0,28,35.53,3500
327.5,2,35.0,-4750
327.5,3,41.97,500
327.5,6,38.63,-500
327.5,7,39.17,1750
327.5,11,35.05,250
327.5,13,42.23,1750
327.5,16,40.27,-2750
327.5,19,38.83,2750
327.5,20,36.02,-3000
327.5,23,40.41,-750
327.5,25,35.3,-750
327.5,27,35.16,-6000
327.5,32,35.51,3000
328.0,1,35.22,1750
328.0,3,41.98,500
328.0,6,38.77,-500
328.0,7,39.09,1750
328.0,8,35.05,2000
328.0,10,35.16,3000
328.0,13,42.76,1750
328.0,14,35.4,-1250
328.0,16,39.67,-3000
328.0,17,35.15,2000
328.0,19,38.96,2250
328.0,23,40.81,-500
328.5,3,42.28,500
328.5,6,42.45,-750
328.5,7,38.94,1750
328.5,10,37.92,500
328.5,13,43.18,1750
328.5,16,38.96,-2750
328.5,19,41.35,2500
328.5,20,35.64,-3000
328.5,23,40.74,-500
328.5,24,35.12,2250
328.5,28,35.14,-5500
329.0,3,43.56,500
329.0,6,41.7,-750
329.0,7,38.88,1750
329.0,13,43.7,1750
329.0,14,35.74,-2500
329.0,16,41.97,-2750
329.0,19,39.42,2750
329.0,20,36.38,-3000
329.0,23,41.25,-750
329.5,3,42.27,500
329.5,4,35.39,250
329.5,6,40.68,-750
329.5,7,37.96,2000
329.5,8,35.03,-4250
329.5,10,37.36,500
329.5,11,35.18,3500
329.5,13,42.77,1750
329.5,16,40.12,-2750
329.5,19,41.78,2500
329.5,20,35.58,-3000
329.5,22,35.15,2500
329.5,23,41.18,-500
329.5,27,35.2,-500
329.5,28,35.3,1250
329.5,29,35.01,250
330.0,3,42.36,500
330.0,5,35.22,1750
330.0,6,37.75,-500
330.0,7,38.37,1750
330.0,10,35.04,500
330.0,11,35.0,5000
330.0,13,43.23,1750
330.0,16,39.39,-3000
330.0,17,35.57,5750
330.0,19,38.73,2750
330.0,23,40.14,-750
330.0,30,36.85,-3250
330.0,32,35.26,2750
330.5,1,35.05,-2750
330.5,3,42.33,500
330.5,6,39.88,-500
330.5,7,37.77,1750
330.5,10,36.82,500
330.5,13,42.39,1750
330.5,15,35.51,-4250
330.5,16,39.68,-3000
330.5,19,38.76,2250
330.5,20,36.54,-3000
330.5,23,41.02,-750
330.5,24,35.25,-1250
330.5,26,35.71,3750
330.5,30,35.36,-3250
330.5,32,35.4,-3000
331.0,3,42.31,500
331.0,4,35.43,-5250
331.0,6,41.1,-750
331.0,7,39.33,1750
331.0,8,35.96,2250
331.0,10,35.81,500
331.0,13,43.71,1750
331.0,16,41.29,-2750
331.0,17,35.2,-2250
331.0,19,42.07,2500
331.0,20,37.02,-3000
331.0,22,35.66,4500
331.0,23,40.78,-500
331.5,3,41.67,500
331.5,6,39.62,-500
331.5,7,37.84,2000
331.5,13,43.9,1750
331.5,14,35.17,2500
331.5,16,39.58,-3000
331.5,19,38.73,2750
331.5,20,35.93,-3000
331.5,22,35.28,1250
331.5,23,41.0,-500
331.5,26,35.05,1750
331.5,28,35.63,4000
331.5,30,36.65,-3250
332.0,3,42.61,500
332.0,6,37.93,-500
332.0,7,37.99,1750
332.0,9,35.53,-4250
332.0,10,35.1,500
332.0,13,42.33,1750
332.0,16,40.94,-2750
332.0,19,42.2,2500
332.0,23,41.03,-500
332.0,27,35.14,-3000
332.0,29,35.36,250
332.0,32,35.52,-500
332.5,1,35.05,-500
332.5,3,41.82,500
332.5,6,38.02,-1000
332.5,7,38.68,1750
332.5,10,36.49,500
332.5,12,36.38,1000
332.5,13,43.31,1750
332.5,14,35.6,1500
332.5,16,38.89,-2750
332.5,19,38.74,2750
332.5,20,37.52,-3000
332.5,21,35.39,-1250
332.5,23,41.77,-750
332.5,24,35.09,-1750
332.5,31,35.25,5750
333.0,3,43.17,500
333.0,6,41.01,-750
333.0,7,39.71,1750
333.0,10,35.39,500
333.0,13,43.2,1750
333.0,14,35.54,4750
333.0,16,40.56,-2750
333.0,19,41.53,2500
333.0,20,37.11,-3000
333.0,23,40.78,-500
333.0,31,35.7,3000
333.0,32,36.33,2500
333.5,3,42.78,500
333.5,6,41.46,-750
333.5,7,38.0,2000
333.5,10,36.61,500
333.5,11,35.52,2000
333.5,12,35.78,3000
333.5,13,42.43,1750
333.5,16,40.15,-3000
333.5,19,42.42,2500
333.5,20,36.91,-3000
333.5,23,41.09,-750
333.5,26,35.24,2250
333.5,28,35.62,-2250
333.5,30,36.45,-3250
333.5,31,35.02,1750
334.0,3,43.42,500
334.0,6,40.82,-750
334.0,7,38.35,1750
334.0,10,36.22,500
334.0,13,42.83,1750
334.0,16,38.27,-2750
334.0,18,35.01,250
334.0,19,38.99,2750
334.0,20,36.2,-3000
334.0,23,40.38,-500
334.0,26,35.1,-3250
334.0,28,35.28,4000
334.0,29,35.58,2250
334.0,32,35.54,-1000
334.5,3,42.22,500
334.5,6,39.77,-500
334.5,7,39.84,1750
334.5,10,36.09,500
334.5,13,43.52,1750
334.5,16,40.67,-2750
334.5,19,38.5,2750
334.5,20,36.16,-3000
334.5,23,40.86,-750
334.5,24,35.31,-6000
335.0,1,35.3,750
335.0,3,42.96,500
335.0,6,40.87,-750
335.0,7,37.92,1750
335.0,9,35.19,1750
335.0,10,36.16,500
335.0,13,43.31,1750
335.0,16,39.4,-2750
335.0,17,35.04,2750
335.0,19,39.4,2250
335.0,23,41.0,-500
335.0,25,35.02,1250
335.0,26,35.5,-1500
335.0,30,35.73,4500
335.0,32,35.2,3750
335.5,1,35.12,-2250
335.5,2,35.28,5750
335.5,3,43.38,500
335.5,6,37.88,-500
335.5,7,36.52,1750
335.5,10,36.56,500
335.5,13,43.05,1750
335.5,16,38.41,-3000
335.5,19,39.5,2250
335.5,20,36.68,-3000
335.5,23,40.5,-500
335.5,25,35.06,-1000
335.5,30,35.06,-3750
335.5,32,37.34,-3000
336.0,1,35.22,3500
336.0,3,42.11,500
336.0,6,39.35,-500
336.0,7,39.08,1750
336.0,9,35.45,-3750
336.0,10,36.84,500
336.0,13,42.72,1750
336.0,16,39.42,-2750
336.0,17,35.51,-3500
336.0,19,38.67,2250
336.0,22,35.02,-5750
336.0,23,42.26,-500
336.0,24,35.11,4750
336.0,30,35.41,-3250
336.0,32,36.83,-3000
336.5,3,42.37,500
336.5,6,38.8,-500
336.5,7,37.45,1750
336.5,10,35.4,500
336.5,13,42.63,1750
336.5,16,39.27,-2750
336.5,19,39.98,2750
336.5,20,37.37,-3000
336.5,23,41.46,-500
336.5,26,35.1,2250
336.5,29,35.09,2250
336.5,30,35.5,-3250
337.0,3,42.88,500
337.0,4,35.37,-2000
337.0,6,39.85,-750
337.0,7,40.39,1750
337.0,10,37.32,500
337.0,12,35.16,-1500
337.0,13,43.83,1750
337.0,15,35.18,1500
337.0,16,40.13,-2750
337.0,18,35.27,2250
337.0,19,42.3,2500
337.0,21,35.31,-1750
337.0,23,41.66,-750
337.0,27,35.52,750
337.0,29,35.52,-750
337.5,3,42.25,500
337.5,6,37.87,-500
337.5,7,39.39,1750
337.5,12,35.31,1250
337.5,13,43.23,1750
337.5,14,35.5,1750
337.5,16,38.81,-3000
337.5,19,38.54,2750
337.5,20,36.38,-3000
337.5,23,40.3,-500
338.0,3,42.72,500
338.0,4,35.0,4750
338.0,6,40.41,-750
338.0,7,39.33,1750
338.0,10,37.03,500
338.0,13,42.83,1750
338.0,16,38.69,-2750
338.0,18,35.14,-5750
338.0,19,40.74,2500
338.0,20,35.34,-3000
338.0,23,41.47,-750
338.0,25,35.98,2500
338.0,30,35.09,-3250
338.0,31,35.39,-1750
338.0,32,36.7,-3000
338.5,3,42.97,500
338.5,5,35.47,0
338.5,6,41.71,-750
338.5,7,38.3,1750
338.5,10,36.45,500
338.5,12,35.12,4000
338.5,13,43.75,1750
338.5,16,39.78,-3000
338.5,19,41.72,2500
338.5,20,37.29,-3000
338.5,21,36.11,5750
338.5,23,41.78,-750
338.5,25,35.28,4750
338.5,32,36.03,-3000
339.0,3,43.11,500
339.0,4,35.5,2000
339.0,6,42.33,-750
339.0,7,39.55,1750
339.0,10,36.43,500
339.0,11,35.44,2000
339.0,13,43.28,1750
339.0,16,40.06,-2750
339.0,19,41.3,2500
339.0,21,35.32,-2250
339.0,23,41.42,-500
339.0,24,35.6,-5750
339.0,32,35.37,-3000
339.5,3,42.98,500
339.5,6,39.8,-500
339.5,7,36.75,1750
339.5,9,35.66,5250
339.5,10,37.02,500
339.5,13,42.96,1750
339.5,16,39.04,-3000
339.5,18,35.26,-4500
339.5,19,38.38,2250
339.5,23,40.97,-500
339.5,26,35.59,4750
339.5,30,36.75,4000
339.5,32,36.19,-3000
340.0,3,43.21,500
340.0,6,38.21,-500
340.0,7,36.98,1750
340.0,9,35.68,-1000
340.0,10,37.61,500
340.0,13,42.07,1750
340.0,16,39.3,-3000
340.0,19,39.3,2750
340.0,20,35.83,-3000
340.0,23,41.49,-750
340.5,3,42.69,500
340.5,5,35.31,-250
340.5,6,41.43,-750
340.5,7,40.41,1750
340.5,10,37.89,500
340.5,13,43.87,1750
340.5,16,39.43,-2750
340.5,19,41.4,2500
340.5,20,36.3,-3000
340.5,22,35.54,-500
340.5,23,40.65,-750
340.5,25,35.16,-5250
341.0,3,42.36,500
341.0,6,41.28,-750
341.0,7,39.41,1750
341.0,8,35.37,2250
341.0,10,37.61,500
341.0,11,35.22,-3000
341.0,13,43.41,1750
341.0,16,39.33,-2750
341.0,19,41.25,2500
341.0,20,37.44,-3000
341.0,23,40.64,-750
341.0,30,35.16,-3250
341.5,3,43.24,500
341.5,6,41.06,-750
341.5,7,39.15,1750
341.5,10,35.13,500
341.5,11,35.95,2000
341.5,13,43.1,1750
341.5,16,39.59,-2750
341.5,17,35.58,250
341.5,18,35.03,-1750
341.5,19,41.72,2500
341.5,20,38.16,-3000
341.5,23,41.94,-750
341.5,28,35.24,-5000
342.0,1,35.14,-1250
342.0,3,43.25,500
342.0,4,35.23,-1750
342.0,6,41.17,-750
342.0,7,39.51,1750
342.0,10,36.9,500
342.0,11,35.72,-5250
342.0,13,43.49,1750
342.0,15,35.06,-1500
342.0,16,39.89,-3000
342.0,17,35.28,1750
342.0,19,41.44,2500
342.0,20,36.58,-3000
342.0,22,35.97,-1500
342.0,23,42.49,-750
342.0,24,35.03,250
342.0,30,37.25,-3250
342.0,31,35.31,-4250
342.5,2,35.09,2000
342.5,3,42.9,500
342.5,6,37.54,-1000
342.5,7,36.67,1750
342.5,9,35.21,-5250
342.5,10,37.66,500
342.5,13,43.56,1750
342.5,14,35.16,-5500
342.5,16,40.1,-2750
342.5,19,39.04,2250
342.5,20,36.74,-3000
342.5,23,42.24,-750
343.0,3,42.59,500
343.0,6,41.5,-750
343.0,7,39.4,1750
343.0,9,35.01,3500
343.0,10,37.12,500
343.0,13,42.89,1750
343.0,16,39.07,-2750
343.0,19,42.35,2500
343.0,23,41.27,-500
343.0,28,35.52,500
343.5,1,35.1,4250
343.5,2,35.58,-1500
343.5,3,42.91,500
343.5,6,39.48,-500
343.5,7,38.42,1750
343.5,8,35.25,3000
343.5,10,35.47,500
343.5,13,42.91,1750
343.5,16,39.72,-2750
343.5,18,36.06,-5250
343.5,19,39.58,2250
343.5,20,36.05,-3000
343.5,23,41.26,-750
343.5,29,35.55,-1250
343.5,32,35.07,-4500
344.0,1,35.16,-4750
344.0,3,43.23,500
344.0,6,38.68,-500
344.0,7,36.79,1750
344.0,10,35.49,500
344.0,11,35.59,2000
344.0,12,35.49,5500
344.0,13,43.07,1750
344.0,16,37.29,-3000
344.0,19,39.46,2250
344.0,20,35.61,-3000
344.0,23,41.85,-750
344.0,28,35.56,5500
344.0,30,35.96,-3250
344.0,32,35.07,-3000
344.5,3,42.91,500
344.5,6,41.45,-750
344.5,7,40.09,1750
344.5,10,36.14,500
344.5,12,35.08,2750
344.5,13,43.7,1750
344.5,16,39.54,-2750
344.5,17,35.0,2500
344.5,18,35.6,2750
344.5,19,41.76,2500
344.5,20,35.51,-3000
344.5,22,35.57,3000
344.5,23,40.65,-750
344.5,24,35.21,-250
344.5,30,35.18,-3250
344.5,32,35.13,4000
345.0,3,43.22,500
345.0,6,40.56,-750
345.0,7,38.73,1750
345.0,9,35.2,3500
345.0,10,35.66,500
345.0,11,35.23,-3000
345.0,13,43.04,1750
345.0,16,39.45,-2750
345.0,17,36.01,-3750
345.0,19,40.78,2500
345.0,20,35.52,-1750
345.0,23,42.74,-750
345.0,27,35.48,0
345.5,3,42.38,500
345.5,6,37.62,-500
345.5,7,39.09,1750
345.5,9,35.49,-500
345.5,11,35.16,-1750
345.5,13,42.31,1750
345.5,16,37.86,-2750
345.5,17,35.02,4500
345.5,18,35.64,5250
345.5,19,39.12,2250
345.5,20,35.27,-750
345.5,23,40.8,-750
345.5,25,35.16,-1500
345.5,27,35.35,-4000
345.5,30,36.29,-3250
346.0,1,35.25,-4500
346.0,3,41.97,500
346.0,6,38.43,-500
346.0,7,38.8,2000
346.0,13,43.13,1750
346.0,14,35.02,-250
346.0,16,38.69,-2750
346.0,19,42.29,2500
346.0,20,36.0,-3000
346.0,23,41.48,-500
346.0,26,35.24,-4500
346.0,28,35.08,-5250
346.5,3,42.66,500
346.5,4,35.18,2750
346.5,6,41.72,-750
346.5,7,38.66,2000
346.5,10,36.16,500
346.5,13,42.11,1750
346.5,16,39.09,-2750
346.5,19,42.22,2500
346.5,20,37.03,-3000
346.5,23,41.52,-750
346.5,27,35.36,-5750
346.5,28,35.43,-500
347.0,1,35.13,-2750
347.0,3,42.58,500
347.0,5,35.18,3500
347.0,6,40.72,-750
347.0,7,39.92,1750
347.0,10,36.21,500
347.0,13,42.16,1750
347.0,16,39.09,-2750
347.0,19,42.41,2500
347.0,20,36.24,-3000
347.0,23,41.21,-750
347.0,24,35.31,-4750
347.0,32,35.65,-3000
347.5,2,35.08,-2500
347.5,3,43.25,500
347.5,6,40.07,-500
347.5,7,38.98,1750
347.5,9,35.95,-3000
347.5,10,35.14,500
347.5,11,35.01,5250
347.5,12,35.4,-5000
347.5,13,43.02,1750
347.5,16,37.76,-2750
347.5,19,39.48,2250
347.5,20,35.25,750
347.5,23,42.08,-750
347.5,24,35.08,750
347.5,26,35.12,-1500
347.5,27,35.07,3750
347.5,28,35.58,1250
347.5,30,35.92,-3250
348.0,3,42.91,500
348.0,6,41.01,-750
348.0,7,38.43,1750
348.0,10,36.74,500
348.0,13,42.61,1750
348.0,16,38.86,-2750
348.0,19,41.24,2500
348.0,20,35.12,-250
348.0,23,41.17,-500
348.0,27,35.48,-4500
348.0,28,35.17,2500
348.0,32,35.08,-4750
348.5,3,43.23,500
348.5,6,39.72,-500
348.5,7,38.5,1750
348.5,13,42.07,1750
348.5,14,35.07,-500
348.5,16,39.03,-3000
348.5,17,35.54,-2250
348.5,18,35.06,4000
348.5,19,38.82,2750
348.5,20,36.53,-3000
348.5,23,40.91,-750
348.5,30,35.74,-3250
348.5,32,36.14,-3000
349.0,1,35.12,4500
349.0,3,42.93,500
349.0,6,41.55,-750
349.0,7,39.47,1750
349.0,10,35.03,-2000
349.0,13,43.28,1750
349.0,16,40.38,-2750
349.0,19,42.27,2500
349.0,20,35.04,-3000
349.0,23,42.31,-750
349.0,24,35.51,1000
349.0,25,35.51,0
349.0,29,35.14,-2500
349.0,32,35.81,-3000
349.5,1,35.68,-5250
349.5,3,43.14,500
349.5,6,40.63,-750
349.5,7,40.36,1750
349.5,13,41.99,1750
349.5,16,40.33,-2750
349.5,17,35.16,2750
349.5,19,41.36,2500
349.5,20,35.17,-3000
349.5,21,35.38,0
349.5,23,41.93,-750
349.5,29,35.25,-250
350.0,3,42.97,500
350.0,4,35.05,-4000
350.0,6,41.19,-750
350.0,7,40.87,1750
350.0,10,35.05,500
350.0,13,42.82,1750
350.0,16,38.97,-2750
350.0,19,42.44,2500
350.0,20,36.89,-3000
350.0,22,35.78,2000
350.0,23,42.71,-750
350.0,30,35.16,-6000
350.5,3,42.13,500
350.5,6,40.47,-750
350.5,7,40.19,1750
350.5,10,36.23,500
350.5,11,35.1,2000
350.5,13,42.46,1750
350.5,16,39.66,-3000
350.5,19,41.54,2500
350.5,20,36.53,-3000
350.5,21,35.26,500
350.5,23,40.1,-750
350.5,25,35.37,-5750
350.5,32,35.19,1000
351.0,1,35.61,500
351.0,2,35.21,5500
351.0,3,42.63,500
351.0,6,38.18,-500
351.0,7,39.25,1750
351.0,13,43.73,1750
351.0,15,35.08,2000
351.0,16,38.7,-3000
351.0,19,38.5,2750
351.0,20,36.17,-3000
351.0,23,41.53,-750
351.0,26,35.08,-2000
351.0,30,36.21,-3250
351.5,3,42.92,500
351.5,6,38.31,-500
351.5,7,39.51,1750
351.5,8,35.22,-5000
351.5,10,35.22,500
351.5,13,43.56,1750
351.5,16,39.58,-3000
351.5,17,35.18,-4250
351.5,19,39.62,2250
351.5,20,36.79,-3000
351.5,21,35.54,-750
351.5,23,41.79,-750
351.5,32,35.42,-3000
352.0,1,35.43,4000
352.0,2,35.04,0
352.0,3,42.66,500
352.0,6,37.86,-1000
352.0,7,38.76,1750
352.0,13,43.04,1750
352.0,16,39.39,-3000
352.0,19,37.88,2750
352.0,22,35.72,1000
352.0,23,41.63,-750
352.0,30,36.2,-3250
352.0,31,35.18,4500
352.5,3,42.62,500
352.5,4,35.25,-3750
352.5,6,38.35,-500
352.5,7,39.07,1750
352.5,13,42.45,1750
352.5,16,39.35,-3000
352.5,19,42.25,2500
352.5,20,35.61,-3000
352.5,21,35.24,-5000
352.5,23,41.27,-750
352.5,26,35.24,2500
352.5,27,35.65,5750
352.5,28,35.28,-2000
352.5,29,35.0,-3500
352.5,30,35.16,-4250
352.5,31,35.09,2750
353.0,3,42.65,500
353.0,6,37.73,-500
353.0,7,36.57,1750
353.0,8,35.12,3250
353.0,9,35.61,5000
353.0,10,35.84,500
353.0,13,43.23,1750
353.0,16,38.28,-2750
353.0,19,39.79,2250
353.0,20,36.52,-3000
353.0,23,40.66,-500
353.0,29,35.26,3000
353.0,30,35.84,-3250
353.5,1,35.33,750
353.5,3,42.45,500
353.5,6,42.68,-750
353.5,7,38.99,1750
353.5,10,35.04,250
353.5,11,35.0,2000
353.5,12,35.92,-5750
353.5,13,42.82,1750
353.5,14,35.06,-5250
353.5,16,39.79,-2750
353.5,19,41.31,2500
353.5,23,42.04,-750
353.5,25,35.37,1250
353.5,26,36.02,3000
353.5,30,36.95,-3250
353.5,32,36.02,-3000
354.0,2,35.28,250
354.0,3,43.52,500
354.0,6,40.57,-750
354.0,7,38.82,1750
354.0,10,35.81,500
354.0,13,42.07,1750
354.0,14,35.48,500
354.0,16,38.23,-2750
354.0,19,38.83,2250
354.0,20,35.3,-3000
354.0,23,40.28,-500
354.0,26,35.58,750
354.0,28,35.12,1000
354.5,3,43.4,500
354.5,4,36.54,3000
354.5,6,37.63,-1000
354.5,7,38.81,1750
354.5,9,36.18,5250
354.5,10,37.1,500
354.5,13,42.99,1750
354.5,14,35.13,1500
354.5,15,35.13,-2750
354.5,16,39.25,-2750
354.5,18,35.36,4750
354.5,19,38.46,2750
354.5,20,36.97,-3000
354.5,21,35.86,1250
354.5,23,41.58,-500
355.0,3,42.74,500
355.0,4,35.41,3250
355.0,6,42.21,-750
355.0,7,39.46,1750
355.0,13,43.5,1750
355.0,16,39.36,-2750
355.0,19,41.21,2500
355.0,20,36.25,-3000
355.0,23,40.6,-500
355.0,25,35.16,5000
355.0,30,35.2,-3250
355.5,3,43.61,500
355.5,6,37.99,-500
355.5,7,38.68,1750
355.5,9,35.37,2000
355.5,13,43.64,1750
355.5,14,35.55,-4250
355.5,15,35.15,500
355.5,16,39.58,-3000
355.5,19,38.69,2750
355.5,21,35.51,2750
355.5,23,41.62,-750
355.5,26,35.19,3000
355.5,28,35.09,-6000
356.0,3,43.37,500
356.0,5,35.29,-1750
356.0,6,40.25,-750
356.0,7,38.47,1750
356.0,9,35.39,1750
356.0,13,43.09,1750
356.0,16,40.73,-3000
356.0,18,35.04,3250
356.0,19,39.38,2250
356.0,23,41.54,-750
356.0,30,36.71,-3250
356.5,3,43.18,500
356.5,6,38.51,-500
356.5,7,39.88,1750
356.5,10,35.37,1500
356.5,11,36.68,2000
356.5,13,42.38,1750
356.5,15,35.12,1750
356.5,16,39.44,-2750
356.5,18,35.33,2750
356.5,19,38.42,2250
356.5,23,41.3,-750
356.5,29,35.07,500
356.5,30,35.78,-3250
357.0,3,43.59,500
357.0,6,41.51,-750
357.0,7,40.71,1750
357.0,9,35.39,250
357.0,10,37.25,500
357.0,13,43.37,1750
357.0,16,38.47,-2750
357.0,19,41.79,2500
357.0,20,37.86,-3000
357.0,23,42.06,-750
357.5,3,42.38,500
357.5,6,36.57,-500
357.5,7,37.61,1750
357.5,8,36.05,500
357.5,10,36.18,500
357.5,13,42.88,1750
357.5,16,40.44,-3000
357.5,19,37.83,2250
357.5,20,35.01,-4750
357.5,23,41.85,-750
357.5,30,35.93,-3250
357.5,32,35.21,-2500
358.0,1,35.14,3000
358.0,3,43.15,500
358.0,6,38.6,-500
358.0,7,39.19,1750
358.0,8,35.3,-4000
358.0,10,35.83,500
358.0,11,35.18,-3500
358.0,13,42.49,1750
358.0,15,35.05,1000
358.0,16,38.79,-3000
358.0,19,39.23,2250
358.0,23,41.49,-750
358.0,26,35.01,1500
358.0,28,35.27,5500
358.0,30,35.3,-3250
358.0,31,35.25,5500
358.0,32,36.29,-3000
358.5,3,44.29,500
358.5,4,36.22,5500
358.5,6,40.45,-750
358.5,7,39.58,1750
358.5,13,43.32,1750
358.5,16,38.47,-3000
358.5,17,35.15,1750
358.5,19,41.02,2500
358.5,20,35.15,-1750
358.5,23,42.29,-750
358.5,26,35.14,-4000
358.5,32,35.05,-3000
359.0,3,43.64,500
359.0,6,42.01,-750
359.0,7,40.45,1750
359.0,10,36.03,500
359.0,11,35.66,2000
359.0,13,42.55,1750
359.0,14,35.79,2750
359.0,16,39.04,-3000
359.0,17,35.35,5750
359.0,19,37.78,2750
359.0,20,36.12,-3000
359.0,23,40.72,-750
359.0,29,35.31,-1500
359.0,30,37.11,-3250
359.0,32,35.4,5500
359.5,3,43.49,500
359.5,6,41.87,-750
359.5,7,39.04,1750
359.5,10,36.0,500
359.5,13,41.97,1750
359.5,16,40.09,-3000
359.5,19,40.69,2500
359.5,20,36.37,-3000
359.5,23,40.96,-750
359.5,28,35.7,-3250
359.5,30,36.65,-3250
360.0,3,43.14,500
360.0,6,37.99,-500
360.0,7,38.4,1750
360.0,9,35.26,-2250
360.0,10,35.11,750
360.0,12,35.51,1500
360.0,13,42.25,1750
360.0,15,35.2,-4250
360.0,16,38.98,-3000
360.0,18,35.57,-1500
360.0,19,38.68,2750
360.0,20,36.22,-3000
360.0,22,35.24,2250
360.0,23,42.23,-750
360.0,29,35.69,500
360.0,30,36.88,-3250
360.0,32,36.17,-3000
360.5,3,42.77,500
360.5,4,36.13,2000
360.5,6,39.46,-500
360.5,7,37.75,1750
360.5,9,35.09,-1250
360.5,10,35.73,500
360.5,13,43.8,1750
360.5,16,38.91,-2750
360.5,19,39.03,2750
360.5,20,37.35,-3000
360.5,23,41.3,-750
360.5,25,35.13,1750
360.5,27,35.16,250
360.5,28,35.79,4250
360.5,32,35.22,-3000
361.0,2,35.0,3000
361.0,3,43.43,500
361.0,6,41.02,-750
361.0,7,40.22,1750
361.0,11,35.67,2000
361.0,13,43.07,1750
361.0,16,39.88,-3000
361.0,17,35.1,-4750
361.0,19,41.84,2500
361.0,22,35.36,-2750
361.0,23,42.04,-750
361.0,30,35.81,-3250
361.5,3,43.26,500
361.5,5,35.27,250
361.5,6,38.02,-500
361.5,7,38.73,1750
361.5,13,41.79,1750
361.5,16,38.09,-3000
361.5,19,39.42,2250
361.5,20,37.23,-3000
361.5,22,35.11,250
361.5,23,42.03,-750
362.0,2,35.76,2000
362.0,3,42.64,500
362.0,6,37.53,-500
362.0,7,39.55,1750
362.0,8,35.76,2250
362.0,10,35.35,500
362.0,11,35.39,-500
362.0,12,35.46,-4750
362.0,13,42.04,1750
362.0,16,40.97,-2750
362.0,18,35.42,2250
362.0,19,40.27,2500
362.0,20,36.73,-3000
362.0,22,35.07,3750
362.0,23,41.11,-750
362.0,28,35.44,-4500
362.0,29,35.61,4250
362.0,31,35.54,0
362.5,1,35.92,-1000
362.5,3,43.46,500
362.5,6,37.05,-1000
362.5,7,40.15,1750
362.5,8,35.16,4750
362.5,10,36.59,500
362.5,13,42.37,1750
362.5,16,41.4,-3000
362.5,17,35.16,-4750
362.5,19,39.54,2750
362.5,20,36.26,-3000
362.5,23,40.81,-750
362.5,27,35.08,-1250
362.5,28,35.03,-4500
362.5,30,37.06,-3250
362.5,32,35.84,-3000
363.0,1,35.17,-4000
363.0,3,42.81,500
363.0,6,42.49,-750
363.0,7,38.66,1750
363.0,10,36.27,500
363.0,11,36.57,2000
363.0,13,42.56,1750
363.0,14,35.13,-5750
363.0,16,40.34,-2750
363.0,19,40.89,2500
363.0,23,41.32,-750
363.0,28,35.05,250
363.0,29,35.51,250
363.0,31,35.1,3750
363.5,3,43.35,500
363.5,6,41.65,-750
363.5,7,40.47,1750
363.5,10,35.69,500
363.5,13,42.91,1750
363.5,14,35.14,500
363.5,16,38.82,-3000
363.5,19,40.79,2500
363.5,20,37.14,-3000
363.5,23,41.78,-750
363.5,27,35.34,-3750
363.5,30,36.2,-3250
364.0,3,42.3,500
364.0,5,35.45,-750
364.0,6,40.12,-750
364.0,7,39.86,1750
364.0,9,35.42,4750
364.0,10,37.89,500
364.0,13,42.26,1750
364.0,16,39.83,-3000
364.0,17,35.07,-6000
364.0,19,37.42,2750
364.0,20,36.98,-3000
364.0,23,40.94,-750
364.0,30,36.76,-3250
364.5,2,35.05,-1250
364.5,3,43.35,500
364.5,6,36.88,-500
364.5,7,41.79,1750
364.5,8,36.03,1000
364.5,11,35.12,4750
364.5,13,42.64,1750
364.5,16,40.77,-2750
364.5,19,39.43,2250
364.5,20,36.42,-3000
364.5,23,41.0,-750
364.5,28,35.3,2750
364.5,30,36.62,-3250
364.5,32,35.62,-3000
365.0,1,35.28,2750
365.0,2,35.72,-3000
365.0,3,43.75,500
365.0,6,41.46,-750
365.0,7,39.54,1750
365.0,9,35.37,-2250
365.0,10,35.29,500
365.0,13,42.49,1750
365.0,14,36.79,2500
365.0,15,35.06,-1750
365.0,16,39.47,-2750
365.0,17,35.5,-5750
365.0,19,37.11,2250
365.0,20,38.89,-3000
365.0,23,41.2,-750
365.0,28,35.16,-250
365.0,30,36.15,-3250
365.5,3,42.77,500
365.5,6,36.86,-1000
365.5,7,39.88,1750
365.5,13,42.77,1750
365.5,16,40.12,-2750
365.5,19,38.59,2250
365.5,20,36.33,-3000
365.5,23,42.14,-750
365.5,28,35.02,2750
365.5,30,36.4,-3250
366.0,3,42.81,500
366.0,6,38.43,-1000
366.0,7,38.64,1750
366.0,10,36.4,500
366.0,13,42.22,1750
366.0,16,39.78,-2750
366.0,19,37.52,2250
366.0,20,35.99,-3000
366.0,23,41.67,-750
366.0,27,35.37,5500
366.0,30,35.72,-1750
366.5,2,35.3,5750
366.5,3,42.76,500
366.5,6,38.8,-500
366.5,7,37.94,1750
366.5,10,35.92,500
366.5,13,42.62,1750
366.5,16,39.11,-2750
366.5,19,37.92,2250
366.5,20,36.58,-3000
366.5,23,41.72,-750
366.5,26,35.58,-2750
366.5,30,36.98,-3250
367.0,2,35.47,500
367.0,3,43.4,500
367.0,6,41.84,-750
367.0,7,38.95,1750
367.0,9,35.25,5000
367.0,10,35.79,500
367.0,13,42.01,1750
367.0,16,39.55,-2750
367.0,19,40.25,2500
367.0,20,37.17,-3000
367.0,23,41.27,-750
367.0,29,35.32,-3750
367.0,30,37.73,-3250
367.0,31,35.34,-1750
367.5,3,42.94,500
367.5,6,38.45,-500
367.5,7,38.56,2000
367.5,10,35.47,500
367.5,12,35.25,-2750
367.5,13,42.03,1750
367.5,15,35.14,1000
367.5,16,39.31,-2750
367.5,19,38.95,2250
367.5,20,38.22,-3000
367.5,23,40.75,-750
367.5,28,35.11,-5500
367.5,30,35.43,-3250
368.0,3,42.69,500
368.0,6,40.35,-750
368.0,7,39.38,1750
368.0,12,35.05,500
368.0,13,43.31,1750
368.0,16,41.13,-2750
368.0,19,40.45,2500
368.0,20,36.39,-3000
368.0,21,35.32,4250
368.0,22,35.17,-2500
368.0,23,41.73,-750
368.0,24,35.57,-1250
368.0,26,35.05,250
368.0,28,35.05,500
368.0,30,35.15,4500
368.0,32,35.12,750
368.5,3,42.85,500
368.5,5,35.22,5250
368.5,6,38.3,-500
368.5,7,39.92,1750
368.5,10,35.12,500
368.5,13,42.89,1750
368.5,15,35.19,-4750
368.5,16,40.0,-3000
368.5,19,38.68,2750
368.5,20,36.96,-3000
368.5,21,35.75,-5000
368.5,23,40.67,-500
368.5,30,35.51,-3250
369.0,3,43.82,500
369.0,6,36.9,-500
369.0,7,39.9,1750
369.0,8,35.03,2250
369.0,12,35.27,3000
369.0,13,42.73,1750
369.0,16,38.12,-2750
369.0,19,38.25,2250
369.0,20,38.0,-3000
369.0,23,41.78,-750
369.0,29,35.39,-2500
369.0,30,36.53,-3250
369.5,1,35.16,4250
369.5,3,43.96,500
369.5,6,41.82,-750
369.5,7,39.92,1750
369.5,13,43.44,1750
369.5,14,35.11,-4750
369.5,16,39.72,-2750
369.5,19,40.83,2500
369.5,20,36.69,-3000
369.5,23,41.99,-750
369.5,24,35.39,-4000
369.5,30,36.11,-3250
369.5,31,35.07,-5000
370.0,2,35.09,2250
370.0,3,43.18,500
370.0,6,39.17,-500
370.0,7,39.74,1750
370.0,8,35.04,-750
370.0,13,42.2,1750
370.0,14,35.25,2750
370.0,16,38.4,-3000
370.0,19,37.82,2250
370.0,20,35.25,-3000
370.0,23,41.57,-750
370.0,26,35.22,-3250
370.0,30,38.15,-3250
370.5,3,42.45,500
370.5,6,39.16,-500
370.5,7,39.09,1750
370.5,9,35.1,750
370.5,10,35.61,500
370.5,13,41.87,1750
370.5,16,39.05,-3000
370.5,19,39.97,2250
370.5,20,37.15,-3000
370.5,23,41.67,-750
370.5,28,35.66,3750
370.5,29,35.53,-250
370.5,30,35.15,500
371.0,3,42.26,500
371.0,6,41.56,-750
371.0,7,39.79,1750
371.0,10,35.34,2750
371.0,13,42.37,1750
371.0,14,35.71,-5750
371.0,16,39.6,-2750
371.0,19,40.45,2500
371.0,20,35.33,-3000
371.0,23,41.34,-750
371.0,27,35.39,2250
371.0,29,35.14,-1750
371.5,3,42.54,500
371.5,5,35.36,3250
371.5,6,38.99,-1000
371.5,7,38.01,2000
371.5,8,35.71,-2750
371.5,13,43.0,1750
371.5,14,35.24,-2500
371.5,16,38.78,-3000
371.5,18,35.28,-500
371.5,19,38.54,2250
371.5,20,36.53,-3000
371.5,22,35.86,-1500
371.5,23,41.75,-750
371.5,25,35.14,-6000
371.5,32,37.05,-3000
372.0,3,43.21,500
372.0,6,39.17,-500
372.0,7,39.23,1750
372.0,8,36.88,3500
372.0,9,35.48,-4250
372.0,10,36.53,500
372.0,11,35.52,2000
372.0,13,41.89,1750
372.0,15,36.26,-5750
372.0,16,38.31,-3000
372.0,19,37.17,2250
372.0,20,37.65,-3000
372.0,21,35.03,-4000
372.0,23,42.3,-750
372.0,25,35.71,5000
372.0,30,35.01,-3250
372.5,2,35.12,1750
372.5,3,42.12,500
372.5,4,35.32,-4000
372.5,6,38.91,-500
372.5,7,37.19,1750
372.5,13,43.13,1750
372.5,16,38.61,-2750
372.5,19,38.52,2250
372.5,20,35.93,-3000
372.5,21,36.08,-3250
372.5,23,42.61,-750
372.5,26,35.14,3500
372.5,30,35.01,-3250
372.5,32,35.41,-3000
373.0,1,35.75,-4000
373.0,3,42.71,500
373.0,6,40.83,-750
373.0,7,39.81,1750
373.0,8,35.77,3750
373.0,10,35.7,500
373.0,11,35.38,-500
373.0,13,43.38,1750
373.0,16,38.62,-3000
373.0,19,40.67,2500
373.0,20,35.55,-3000
373.0,23,41.28,-750
373.0,30,35.14,-500
373.5,3,42.88,500
373.5,6,37.83,-500
373.5,7,37.8,1750
373.5,13,43.35,1750
373.5,16,39.47,-3000
373.5,17,35.0,-6000
373.5,19,38.16,2750
373.5,20,35.06,-3000
373.5,21,35.02,-2500
373.5,23,41.61,-750
373.5,28,35.15,750
373.5,29,35.45,-500
373.5,32,35.3,-3000
374.0,3,43.16,500
374.0,5,35.34,-5000
374.0,6,38.31,-500
374.0,7,40.4,1750
374.0,8,35.02,2250
374.0,10,36.47,500
374.0,13,41.1,1750
374.0,16,40.65,-3000
374.0,19,40.03,2250
374.0,20,36.52,-3000
374.0,23,42.12,-750
374.5,3,43.38,500
374.5,6,41.55,-750
374.5,7,38.87,1750
374.5,13,43.28,1750
374.5,16,39.64,-3000
374.5,19,40.37,2500
374.5,22,35.78,1500
374.5,23,41.3,-750
374.5,28,35.1,-1500
374.5,32,35.3,-1750
375.0,2,35.16,5750
375.0,3,43.26,500
375.0,6,39.89,-750
375.0,7,38.97,1750
375.0,9,35.56,-4750
375.0,10,35.53,500
375.0,13,42.93,1750
375.0,16,40.64,-2750
375.0,19,41.05,2500
375.0,20,35.35,-3000
375.0,23,41.23,-750
375.0,26,35.3,-3250
375.0,28,35.59,2500
375.0,30,35.0,-3250
375.5,2,35.49,-1750
375.5,3,43.13,500
375.5,6,37.47,-500
375.5,7,38.51,1750
375.5,8,35.1,1250
375.5,10,35.51,500
375.5,11,35.31,250
375.5,13,42.44,1750
375.5,16,39.63,-3000
375.5,19,39.41,2250
375.5,20,36.75,-3000
375.5,21,35.22,-3500
375.5,23,41.76,-750
375.5,27,35.4,500
376.0,3,42.42,500
376.0,6,37.35,-1000
376.0,7,39.49,1750
376.0,10,35.54,500
376.0,13,42.8,1750
376.0,16,38.93,-3000
376.0,19,37.98,2750
376.0,20,37.53,-3000
376.0,21,35.66,0
376.0,23,42.5,-750
376.0,24,35.33,2000
376.0,28,35.27,500
376.5,3,43.28,500
376.5,6,36.84,-1000
376.5,7,36.9,2000
376.5,13,42.32,1750
376.5,16,40.28,-3000
376.5,18,35.16,-750
376.5,19,38.65,2750
376.5,20,36.85,-3000
376.5,23,41.38,-750
376.5,29,35.33,-2250
376.5,30,35.76,-3250
377.0,3,42.67,500
377.0,6,41.16,-750
377.0,7,39.36,1750
377.0,8,35.57,-4000
377.0,10,35.0,500
377.0,12,35.75,750
377.0,13,43.38,1750
377.0,16,40.2,-2750
377.0,19,41.15,2500
377.0,20,36.52,-3000
377.0,23,42.06,-750
377.5,3,43.33,500
377.5,6,40.64,-750
377.5,7,38.91,1750
377.5,9,35.65,3000
377.5,10,36.64,500
377.5,13,42.72,1750
377.5,16,40.27,-2750
377.5,19,41.6,2500
377.5,20,37.2,-3000
377.5,23,42.19,-750
377.5,25,35.07,1250
377.5,28,35.24,3500
377.5,29,35.23,1500
378.0,3,42.73,500
378.0,6,42.13,-750
378.0,7,39.98,1750
378.0,10,36.87,500
378.0,13,43.46,1750
378.0,14,35.58,1500
378.0,16,39.68,-2750
378.0,19,42.65,2500
378.0,21,35.9,500
378.0,23,41.47,-750
378.0,31,35.85,-5250
378.0,32,35.96,-2750
378.5,3,43.67,500
378.5,6,38.36,-500
378.5,7,37.3,1750
378.5,10,36.63,500
378.5,12,36.03,0
378.5,13,42.84,1750
378.5,16,40.11,-2750
378.5,19,38.71,2750
378.5,21,35.03,-5000
378.5,23,42.5,-750
379.0,3,42.09,500
379.0,4,35.55,3250
379.0,6,40.44,-750
379.0,7,40.63,1750
379.0,9,35.05,5500
379.0,10,35.27,500
379.0,11,35.42,2000
379.0,13,42.3,1750
379.0,16,40.86,-2750
379.0,19,40.45,2500
379.0,20,35.03,2750
379.0,21,35.55,2500
379.0,23,41.62,-750
379.5,3,43.5,500
379.5,5,35.3,2000
379.5,6,41.6,-750
379.5,7,37.89,1750
379.5,8,35.77,2500
379.5,10,36.91,500
379.5,11,35.31,-750
379.5,12,35.04,-4250
379.5,13,43.04,1750
379.5,14,35.04,-750
379.5,16,39.12,-2750
379.5,19,40.71,2500
379.5,20,37.63,-3000
379.5,23,43.03,-750
380.0,1,36.05,-1250
380.0,3,43.01,500
380.0,6,41.15,-750
380.0,7,40.08,1750
380.0,9,35.04,1250
380.0,12,35.38,-500
380.0,13,43.25,1750
380.0,16,40.11,-2750
380.0,19,41.89,2500
380.0,20,36.08,-3000
380.0,23,41.71,-750
380.0,26,35.3,3500
380.0,28,35.17,2500
380.0,31,35.13,500
380.5,3,42.75,500
380.5,4,35.11,-4500
380.5,6,40.16,-750
380.5,7,38.2,1750
380.5,8,35.12,-5500
380.5,9,35.07,-2500
380.5,13,43.11,1750
380.5,16,40.92,-2750
380.5,19,41.68,2500
380.5,23,42.6,-750
380.5,26,35.06,3750
381.0,3,43.54,500
381.0,5,35.7,-6000
381.0,6,39.44,-500
381.0,7,36.94,1750
381.0,10,35.82,500
381.0,13,42.12,1750
381.0,15,35.3,-500
381.0,16,37.95,-3000
381.0,18,35.37,-5750
381.0,19,38.79,2250
381.0,20,35.36,4750
381.0,23,42.43,-750
381.0,30,36.29,-3250
381.0,31,35.37,1750
381.0,32,35.2,4500
381.5,3,42.81,500
381.5,6,39.33,-500
381.5,7,38.48,1750
381.5,8,35.45,2250
381.5,10,35.85,500
381.5,13,42.77,1750
381.5,16,39.4,-3000
381.5,18,35.28,3000
381.5,19,39.65,2250
381.5,20,36.11,-3000
381.5,23,40.94,-750
381.5,26,36.06,500
382.0,3,43.27,500
382.0,6,37.36,-1000
382.0,7,37.49,1750
382.0,9,35.71,4750
382.0,10,35.25,5500
382.0,13,43.65,1750
382.0,14,35.01,-750
382.0,15,35.13,1000
382.0,16,39.59,-2750
382.0,19,39.24,2250
382.0,22,35.23,2750
382.0,23,42.94,-750
382.0,24,35.43,5750
382.0,25,35.63,5250
382.0,30,35.89,1750
382.5,3,42.79,500
382.5,6,38.16,-1000
382.5,7,37.78,1750
382.5,13,44.06,1750
382.5,16,40.51,-3000
382.5,19,40.85,2500
382.5,23,43.56,-750
382.5,25,35.19,1750
382.5,30,36.42,-3250
383.0,3,43.21,500
383.0,6,38.85,-1000
383.0,7,38.69,1750
383.0,10,35.71,500
383.0,12,35.08,-2250
383.0,13,42.68,1750
383.0,16,39.28,-2750
383.0,19,39.16,2250
383.0,20,36.54,-3000
383.0,23,42.03,-750
383.0,28,36.19,1750
383.0,31,35.81,-4500
383.5,3,42.2,500
383.5,4,35.15,4250
383.5,6,40.39,-750
383.5,7,37.75,1750
383.5,8,35.41,2250
383.5,9,35.64,4500
383.5,10,35.58,-6000
383.5,11,35.18,-750
383.5,13,42.94,1750
383.5,16,40.72,-3000
383.5,19,41.91,2500
383.5,23,42.15,-750
383.5,30,35.15,-1000
383.5,32,35.67,-3000
384.0,3,43.15,500
384.0,4,35.34,1750
384.0,6,41.65,-750
384.0,7,39.74,1750
384.0,10,36.6,500
384.0,13,42.76,1750
384.0,16,40.57,-2750
384.0,19,38.9,2250
384.0,20,36.71,-3000
384.0,23,42.09,-750
384.0,26,35.33,-2500
384.0,30,35.08,-4250
384.0,31,35.9,1750
384.5,3,42.98,500
384.5,6,39.04,-500
384.5,7,37.99,2000
384.5,13,43.02,1750
384.5,14,35.04,-5500
384.5,15,35.16,3250
384.5,16,40.53,-3000
384.5,17,35.09,-250
384.5,18,35.73,2000
384.5,19,39.23,2250
384.5,20,37.12,-3000
384.5,21,35.32,-4750
384.5,23,42.48,-750
384.5,25,35.12,3750
384.5,27,35.31,-1250
384.5,28,35.04,2250
385.0,3,43.95,500
385.0,6,41.11,-750
385.0,7,39.63,1750
385.0,8,35.06,3000
385.0,10,37.67,500
385.0,11,35.07,-5750
385.0,13,44.07,1750
385.0,16,38.39,-2750
385.0,17,35.23,4000
385.0,19,41.95,2500
385.0,23,42.83,-750
385.0,28,35.63,4000
385.0,30,36.21,-3250
385.5,3,43.34,500
385.5,6,38.02,-500
385.5,7,38.96,1750
385.5,12,35.06,-500
385.5,13,42.98,1750
385.5,14,35.17,3500
385.5,16,40.16,-3000
385.5,19,37.17,2250
385.5,23,42.11,-750
385.5,29,35.09,2500
386.0,3,43.55,500
386.0,6,41.55,-750
386.0,7,37.93,1750
386.0,11,35.48,-2500
386.0,13,42.2,1750
386.0,16,39.27,-2750
386.0,18,35.13,1750
386.0,19,39.05,2250
386.0,20,35.09,2250
386.0,23,41.83,-750
386.0,25,35.31,-3500
386.0,31,35.39,2500
386.5,3,43.63,500
386.5,5,35.27,4750
386.5,6,38.42,-500
386.5,7,40.26,1750
386.5,10,37.21,500
386.5,13,42.5,1750
386.5,16,39.0,-2750
386.5,19,40.2,2250
386.5,20,35.36,5500
386.5,23,41.28,-750
386.5,25,35.67,-4750
386.5,30,36.33,-1000
387.0,1,35.23,-5250
387.0,2,35.49,-4000
387.0,3,43.49,500
387.0,6,40.21,-750
387.0,7,39.39,1750
387.0,10,36.47,500
387.0,13,42.33,1750
387.0,15,35.11,2250
387.0,16,39.65,-2750
387.0,18,36.09,-5250
387.0,19,41.05,2500
387.0,20,35.81,-3000
387.0,23,41.31,-750
387.0,26,35.72,500
387.0,30,35.7,-3250
387.5,3,42.67,500
387.5,6,37.2,-1000
387.5,7,38.92,1750
387.5,9,35.75,5250
387.5,10,35.96,500
387.5,11,35.27,-750
387.5,13,42.76,1750
387.5,14,35.23,-2250
387.5,16,41.04,-2750
387.5,19,39.11,2250
387.5,23,41.81,-750
387.5,30,36.69,-3250
387.5,32,35.1,-500
388.0,3,43.38,500
388.0,4,35.81,750
388.0,6,38.54,-1000
388.0,7,40.29,1750
388.0,10,36.83,500
388.0,13,42.94,1750
388.0,16,39.24,-3000
388.0,18,35.84,-500
388.0,19,39.53,2250
388.0,23,42.37,-750
388.0,29,35.1,-4750
388.5,3,43.22,500
388.5,6,40.81,-750
388.5,7,40.62,1750
388.5,8,35.03,2250
388.5,13,42.85,1750
388.5,16,38.9,-2750
388.5,19,41.93,2500
388.5,20,35.93,-3000
388.5,23,42.34,-750
388.5,27,35.27,-2250
388.5,30,35.42,-3250
389.0,3,44.05,500
389.0,6,40.84,-750
389.0,7,39.88,1750
389.0,10,36.92,500
389.0,11,35.01,-750
389.0,13,41.69,1750
389.0,16,39.61,-3000
389.0,19,39.22,2250
389.0,23,42.4,-750
389.0,25,35.06,2250
389.5,2,35.31,4250
389.5,3,42.78,500
389.5,4,35.53,-1750
389.5,6,41.65,-750
389.5,7,39.51,1750
389.5,13,41.97,1750
389.5,16,39.1,-2750
389.5,18,35.06,2500
389.5,19,41.41,2500
389.5,21,35.06,3500
389.5,23,42.08,-750
389.5,24,35.67,-3000
389.5,30,35.84,-3250
389.5,32,35.29,-5250
390.0,3,43.56,500
390.0,6,36.39,-500
390.0,7,39.03,1750
390.0,9,35.06,500
390.0,13,42.07,1750
390.0,16,39.07,-2750
390.0,17,35.18,-1000
390.0,19,37.82,2250
390.0,20,35.54,-3000
390.0,23,42.89,-750
390.0,26,35.28,-4750
390.0,30,36.78,-3250
390.0,31,35.55,-1000
390.5,3,42.68,500
390.5,4,35.1,3250
390.5,6,38.29,-1000
390.5,7,39.64,1750
390.5,8,35.5,-3750
390.5,12,35.52,-2250
390.5,13,42.31,1750
390.5,16,38.38,-2750
390.5,19,36.76,2250
390.5,20,37.28,-3000
390.5,22,35.16,-5250
390.5,23,41.61,-750
390.5,28,35.05,4750
390.5,32,35.24,500
391.0,2,35.44,-4750
391.0,3,43.12,500
391.0,6,41.31,-750
391.0,7,40.31,1750
391.0,13,42.13,1750
391.0,16,40.01,-3000
391.0,19,42.06,2500
391.0,22,35.01,2750
391.0,23,42.41,-750
391.0,32,35.27,-500
391.5,3,43.7,500
391.5,4,35.06,4750
391.5,5,35.04,-1000
391.5,6,36.6,-500
391.5,7,39.36,1750
391.5,13,41.67,1750
391.5,15,35.6,-250
391.5,16,38.85,-3000
391.5,19,37.37,2250
391.5,20,35.73,-3000
391.5,23,42.95,-750
391.5,26,35.12,2500
392.0,3,43.17,500
392.0,5,36.09,-3500
392.0,6,38.09,-500
392.0,7,39.2,1750
392.0,9,35.57,3750
392.0,10,35.97,500
392.0,11,35.68,4750
392.0,12,35.55,3000
392.0,13,42.37,1750
392.0,16,40.1,-2750
392.0,18,35.52,-4750
392.0,19,40.63,2500
392.0,20,36.27,-3000
392.0,23,43.08,-750
392.0,32,35.39,-3000
392.5,3,42.95,500
392.5,6,38.99,-500
392.5,7,39.74,1750
392.5,13,42.41,1750
392.5,16,39.86,-3000
392.5,19,37.72,2250
392.5,20,37.13,-3000
392.5,21,35.33,5500
392.5,22,35.66,500
392.5,23,42.8,-750
392.5,25,35.36,5500
392.5,27,35.05,750
392.5,32,35.3,-4500
393.0,3,42.2,500
393.0,6,40.4,-750
393.0,7,40.06,1750
393.0,8,35.69,2250
393.0,9,35.01,-2750
393.0,10,35.8,-1000
393.0,13,41.56,1750
393.0,16,38.72,-3000
393.0,17,35.21,1750
393.0,18,36.05,-1500
393.0,19,40.77,2500
393.0,20,36.97,-3000
393.0,23,43.53,-750
393.0,30,36.41,-3250
393.5,3,42.41,500
393.5,6,41.29,-750
393.5,7,39.68,1750
393.5,9,35.33,-3250
393.5,10,35.92,500
393.5,13,42.87,1750
393.5,16,40.21,-3000
393.5,19,40.55,2500
393.5,23,41.97,-750
393.5,25,35.01,-5750
393.5,26,35.5,-5750
393.5,29,35.75,-500
393.5,31,35.25,-3750
394.0,1,35.54,-4750
394.0,3,43.98,500
394.0,6,40.07,-750
394.0,7,40.0,1750
394.0,8,35.08,-4250
394.0,10,36.54,500
394.0,13,43.67,1750
394.0,16,39.15,-2750
394.0,18,35.29,-1500
394.0,19,39.54,2250
394.0,23,43.01,-750
394.0,30,36.31,-3250
394.5,3,43.12,500
394.5,5,35.16,2250
394.5,6,37.85,-500
394.5,7,40.29,1750
394.5,10,35.73,500
394.5,13,41.8,1750
394.5,15,35.75,5750
394.5,16,40.3,-3000
394.5,19,37.66,2250
394.5,20,35.72,1750
394.5,23,42.78,-750
394.5,28,35.53,-3000
394.5,32,35.63,-1000
395.0,3,43.92,500
395.0,5,35.28,1250
395.0,6,41.09,-750
395.0,7,40.11,1750
395.0,8,35.13,-2250
395.0,10,37.07,500
395.0,13,42.26,1750
395.0,16,38.49,-2750
395.0,17,35.36,3250
395.0,18,35.33,0
395.0,19,39.9,2250
395.0,20,37.22,-3000
395.0,23,42.73,-750
395.0,26,35.27,2750
395.0,30,35.62,-3250
395.0,32,35.0,1500
395.5,3,43.21,500
395.5,6,37.28,-500
395.5,7,38.78,1750
395.5,8,35.42,-500
395.5,11,35.01,4250
395.5,13,43.11,1750
395.5,16,39.7,-3000
395.5,19,38.95,2250
395.5,20,35.22,5500
395.5,23,42.23,-750
395.5,25,35.08,2750
396.0,1,35.27,-5750
396.0,2,35.09,-1750
396.0,3,43.46,500
396.0,6,37.37,-500
396.0,7,38.86,1750
396.0,8,35.48,-3250
396.0,9,35.36,500
396.0,10,35.18,500
396.0,11,35.08,1250
396.0,12,35.19,500
396.0,13,42.77,1750
396.0,15,35.46,1750
396.0,16,40.04,-2750
396.0,19,38.2,2250
396.0,22,35.18,-4000
396.0,23,43.39,-750
396.0,27,35.48,-1250
396.0,29,35.01,-5750
396.0,30,35.03,-2750
396.5,3,43.15,500
396.5,4,35.23,-5750
396.5,5,35.09,-2500
396.5,6,37.25,-1000
396.5,7,39.27,1750
396.5,10,35.68,500
396.5,11,35.33,-250
396.5,13,42.75,1750
396.5,16,39.08,-2750
396.5,19,39.6,2750
396.5,20,37.25,-3000
396.5,21,35.07,5750
396.5,22,35.43,5500
396.5,23,42.8,-750
396.5,24,35.58,250
396.5,27,35.17,-5250
396.5,29,35.48,-4750
396.5,32,35.26,1250
397.0,3,42.97,500
397.0,4,35.03,-2250
397.0,6,41.36,-750
397.0,7,39.73,1750
397.0,8,35.12,2750
397.0,10,35.17,500
397.0,13,43.4,1750
397.0,16,39.42,-3000
397.0,19,42.32,2500
397.0,23,42.07,-750
397.0,27,35.31,-3000
397.0,29,35.56,-1750
397.5,1,35.24,3500
397.5,3,43.99,500
397.5,6,38.59,-500
397.5,7,38.48,1750
397.5,9,35.36,5000
397.5,13,42.28,1750
397.5,16,38.95,-3000
397.5,19,38.54,2250
397.5,20,36.25,-3000
397.5,21,35.11,250
397.5,23,42.59,-750
398.0,3,43.43,500
398.0,6,37.71,-1000
398.0,7,38.94,1750
398.0,13,41.6,1750
398.0,14,35.2,4750
398.0,16,38.17,-2750
398.0,19,37.91,2250
398.0,20,38.04,-3000
398.0,23,42.59,-750
398.0,27,35.18,-750
398.5,3,43.5,500
398.5,5,35.2,4500
398.5,6,41.03,-750
398.5,7,39.47,1750
398.5,10,35.46,500
398.5,12,36.0,-5750
398.5,13,43.44,1750
398.5,16,39.38,-3000
398.5,18,35.0,-1500
398.5,19,40.97,2500
398.5,20,37.99,-3000
398.5,21,35.43,-3250
398.5,23,42.44,-750
398.5,27,35.44,-2250
399.0,3,43.36,500
399.0,6,38.66,-1000
399.0,7,39.92,1750
399.0,9,35.45,-5250
399.0,13,42.25,1750
399.0,16,39.71,-3000
399.0,19,38.19,2250
399.0,20,35.89,-3000
399.0,21,35.02,500
399.0,23,43.06,-750
399.0,28,35.24,-750
399.0,30,36.61,-3250
399.0,31,35.42,2750
399.5,3,42.91,500
399.5,4,35.77,-3750
399.5,6,35.6,-1000
399.5,7,39.35,1750
399.5,8,35.26,2000
399.5,10,35.17,-750
399.5,12,35.1,250
399.5,13,42.44,1750
399.5,16,39.99,-3000
399.5,18,35.55,1000
399.5,19,39.29,2250
399.5,23,43.45,-750
399.5,30,36.15,-3250
400.0,3,43.02,500
400.0,6,37.38,-500
400.0,7,39.73,1750
400.0,8,35.11,2250
400.0,10,36.38,500
400.0,13,42.86,1750
400.0,16,39.02,-2750
400.0,17,35.1,4500
400.0,19,38.8,2250
400.0,20,35.06,-3000
400.0,23,43.37,-750
400.0,29,36.72,-5250
400.0,30,35.4,-3250
400.0,32,35.1,1250
400.5,1,35.17,1250
400.5,3,42.82,500
400.5,6,41.48,-750
400.5,7,40.94,1750
400.5,10,37.02,500
400.5,13,42.83,1750
400.5,14,35.01,-4500
400.5,16,39.92,-2750
400.5,19,41.47,2500
400.5,20,36.97,-3000
400.5,21,35.18,-1250
400.5,23,42.41,-750
401.0,1,35.11,-750
401.0,3,42.67,500
401.0,4,35.59,-3000
401.0,6,41.52,-750
401.0,7,39.58,1750
401.0,9,35.13,-4000
401.0,10,35.77,500
401.0,13,40.9,1750
401.0,16,40.22,-3000
401.0,19,41.93,2500
401.0,20,37.0,-3000
401.0,23,42.48,-750
401.0,24,35.23,-4000
401.0,25,36.3,750
401.0,30,35.68,-500
401.0,31,35.11,-2500
401.0,32,35.31,-3500
401.5,3,43.42,500
401.5,5,35.04,-1500
401.5,6,41.36,-750
401.5,7,40.72,1750
401.5,8,35.34,2250
401.5,10,35.87,500
401.5,13,42.55,1750
401.5,14,35.22,-5250
401.5,16,39.21,-2750
401.5,19,41.05,2500
401.5,20,38.07,-3000
401.5,23,42.06,-750
401.5,29,35.04,2250
402.0,1,35.35,-750
402.0,3,42.25,500
402.0,5,35.09,-4500
402.0,6,41.17,-750
402.0,7,40.66,1750
402.0,8,35.3,-5750
402.0,10,35.5,4500
402.0,13,42.47,1750
402.0,14,35.19,-750
402.0,16,39.47,-3000
402.0,19,41.27,2500
402.0,20,36.79,-3000
402.0,23,42.22,-750
402.0,25,35.0,250
402.0,27,36.24,1250
402.0,30,35.4,-3750
402.0,31,35.16,1250
402.5,3,43.16,500
402.5,5,35.72,-2000
402.5,6,37.86,-1000
402.5,7,38.95,1750
402.5,10,35.4,500
402.5,13,42.29,1750
402.5,16,40.84,-3000
402.5,19,39.22,2250
402.5,20,36.4,-3000
402.5,23,43.67,-750
402.5,26,35.16,-2750
402.5,30,36.55,-3250
403.0,3,42.83,500
403.0,6,40.25,-750
403.0,7,40.42,1750
403.0,8,35.02,1500
403.0,13,41.91,1750
403.0,15,36.02,2250
403.0,16,40.92,-3000
403.0,19,40.87,2500
403.0,20,36.88,-3000
403.0,21,35.84,-1750
403.0,23,42.38,-750
403.0,24,35.32,500
403.0,29,35.48,-1750
403.0,30,36.4,-3250
403.5,3,43.54,500
403.5,6,37.51,-1000
403.5,7,39.86,1750
403.5,9,35.19,500
403.5,10,36.07,500
403.5,13,42.68,1750
403.5,14,36.56,4500
403.5,16,39.32,-2750
403.5,19,39.52,2250
403.5,20,37.49,-3000
403.5,21,35.6,5500
403.5,23,42.75,-750
403.5,30,36.51,-3250
404.0,3,42.73,500
404.0,6,41.68,-750
404.0,7,41.2,1750
404.0,10,37.43,500
404.0,11,35.65,2000
404.0,13,42.69,1750
404.0,16,40.77,-3000
404.0,19,40.89,2500
404.0,20,38.17,-3000
404.0,23,42.44,-750
404.0,29,35.23,-4000
404.5,3,43.5,500
404.5,5,36.71,3500
404.5,6,41.3,-750
404.5,7,39.46,1750
404.5,9,35.07,3250
404.5,10,36.26,500
404.5,11,35.65,-3750
404.5,13,42.48,1750
404.5,16,38.52,-2750
404.5,19,41.11,2500
404.5,23,42.57,-750
404.5,26,35.03,-5250
404.5,28,35.1,4250
404.5,30,35.72,-750
405.0,3,42.59,500
405.0,5,35.1,4500
405.0,6,40.44,-750
405.0,7,40.06,1750
405.0,10,37.19,500
405.0,13,43.67,1750
405.0,15,35.45,-250
405.0,16,39.74,-3000
405.0,19,41.2,2500
405.0,20,37.14,-3000
405.0,22,35.12,-4250
405.0,23,43.02,-750
405.0,30,35.37,2500
405.0,31,35.17,-250
405.0,32,35.46,-3000
405.5,2,35.11,-2250
405.5,3,43.18,500
405.5,6,37.22,-500
405.5,7,39.35,1750
405.5,11,35.07,1750
405.5,13,42.31,1750
405.5,16,39.25,-2750
405.5,19,39.87,2250
405.5,20,37.42,-3000
405.5,22,35.77,-2500
405.5,23,42.98,-750
405.5,30,35.38,-3250
406.0,3,42.89,500
406.0,6,40.58,-750
406.0,7,39.87,1750
406.0,8,35.2,4250
406.0,11,35.36,250
406.0,13,43.08,1750
406.0,14,35.42,-2500
406.0,16,39.76,-3000
406.0,19,39.44,2250
406.0,23,43.13,-750
406.0,28,35.17,1000
406.0,29,35.06,750
406.0,30,35.46,-3500
406.0,31,35.08,3750
406.5,3,43.38,500
406.5,6,41.3,-750
406.5,7,38.59,1750
406.5,10,35.19,500
406.5,13,41.39,1750
406.5,15,35.51,5250
406.5,16,39.23,-2750
406.5,17,35.05,-3750
406.5,19,41.42,2500
406.5,20,38.57,-3000
406.5,23,42.12,-750
407.0,3,43.85,500
407.0,6,39.32,-1000
407.0,7,39.06,1750
407.0,10,36.7,500
407.0,13,41.56,1750
407.0,16,38.97,-2750
407.0,17,35.18,4750
407.0,19,37.54,2250
407.0,20,35.58,-3000
407.0,21,35.29,1250
407.0,23,42.53,-750
407.0,31,35.29,-750
407.5,3,42.71,500
407.5,6,36.61,-1000
407.5,7,39.03,1750
407.5,10,36.2,500
407.5,13,41.31,1750
407.5,14,35.88,3500
407.5,15,36.54,5500
407.5,16,39.26,-2750
407.5,19,38.69,2250
407.5,20,37.5,-3000
407.5,23,42.98,-750
407.5,27,35.01,5000
407.5,30,35.07,-250
407.5,31,35.0,-3500
408.0,3,42.57,500
408.0,6,40.93,-750
408.0,7,40.19,1750
408.0,8,35.85,2250
408.0,10,35.27,500
408.0,11,35.06,5500
408.0,12,35.28,2500
408.0,13,41.3,1750
408.0,14,35.48,5500
408.0,16,40.68,-3000
408.0,19,41.46,2500
408.0,20,36.43,-3000
408.0,22,35.67,-5000
408.0,23,42.56,-750
408.5,3,43.48,500
408.5,4,35.28,4000
408.5,6,38.65,-1000
408.5,7,39.09,1750
408.5,10,37.03,500
408.5,12,35.03,2250
408.5,13,41.79,1750
408.5,16,38.86,-3000
408.5,19,38.42,2750
408.5,20,36.16,-3000
408.5,23,43.16,-750
408.5,26,36.38,500
408.5,27,35.52,1750
408.5,29,35.18,2250
409.0,1,35.02,-5500
409.0,2,35.03,-2750
409.0,3,42.83,500
409.0,6,41.41,-750
409.0,7,39.18,1750
409.0,8,36.3,2250
409.0,10,36.51,500
409.0,11,35.49,-2250
409.0,13,41.89,1750
409.0,15,35.08,-2750
409.0,16,40.09,-3000
409.0,19,42.37,2500
409.0,20,36.98,-3000
409.0,23,42.79,-750
409.0,28,35.39,-250
409.0,30,36.22,-3250
409.5,3,43.27,500
409.5,6,41.38,-750
409.5,7,40.57,1750
409.5,9,35.69,250
409.5,10,36.86,500
409.5,13,43.11,1750
409.5,16,40.22,-3000
409.5,17,35.44,2000
409.5,18,35.4,4000
409.5,19,41.54,2500
409.5,20,36.0,-3000
409.5,22,35.45,-1250
409.5,23,41.31,-750
409.5,30,37.81,-3250
409.5,31,35.62,5250
410.0,3,43.54,500
410.0,5,35.04,250
410.0,6,41.37,-750
410.0,7,39.19,1750
410.0,8,35.95,2250
410.0,10,37.45,500
410.0,11,35.16,2000
410.0,13,42.83,1750
410.0,16,39.34,-3000
410.0,19,40.75,2500
410.0,20,35.16,-3000
410.0,21,35.08,1750
410.0,23,42.86,-750
410.5,3,43.49,500
410.5,6,40.32,-750
410.5,7,41.19,1750
410.5,10,35.17,500
410.5,11,35.2,2750
410.5,13,42.0,1750
410.5,14,35.2,-750
410.5,16,38.72,-2750
410.5,19,40.9,2500
410.5,22,35.01,250
410.5,23,42.38,-750
410.5,24,35.16,-1250
410.5,32,35.66,-3000
411.0,1,35.38,-3000
411.0,3,43.12,500
411.0,6,37.87,-1000
411.0,7,36.73,1750
411.0,10,36.47,500
411.0,12,35.24,-2250
411.0,13,41.72,1750
411.0,14,35.12,-5500
411.0,16,38.43,-2750
411.0,19,39.25,2250
411.0,20,36.3,-3000
411.0,22,35.25,3000
411.0,23,42.86,-750
411.0,30,35.59,-3250
411.0,32,35.53,5750
411.5,2,35.33,-1500
411.5,3,43.6,500
411.5,6,38.64,-1000
411.5,7,39.89,1750
411.5,8,35.61,2250
411.5,10,35.83,500
411.5,13,42.04,1750
411.5,16,38.57,-3000
411.5,17,35.13,2500
411.5,18,35.32,2750
411.5,19,41.09,2250
411.5,20,36.6,-3000
411.5,22,35.28,-5750
411.5,23,42.44,-750
411.5,26,35.27,3500
411.5,29,35.63,3750
411.5,30,36.45,-3250
412.0,3,43.76,500
412.0,6,37.05,-500
412.0,7,38.02,1750
412.0,11,35.11,-1500
412.0,13,42.9,1750
412.0,16,38.94,-3000
412.0,18,35.92,4250
412.0,19,38.17,2250
412.0,23,42.23,-750
412.0,32,36.57,-4500
412.5,3,42.36,500
412.5,6,38.38,-1000
412.5,7,40.02,1750
412.5,13,42.76,1750
412.5,16,38.68,-2750
412.5,19,41.35,2500
412.5,23,43.06,-750
412.5,30,37.15,-3250
413.0,2,35.36,-5000
413.0,3,43.09,500
413.0,6,37.99,-1000
413.0,7,38.98,1750
413.0,8,35.02,2250
413.0,10,37.74,500
413.0,11,35.39,2000
413.0,12,35.29,2250
413.0,13,41.4,1750
413.0,16,39.09,-3000
413.0,19,38.57,2250
413.0,20,35.72,-3000
413.0,22,35.52,-2750
413.0,23,43.26,-750
413.0,29,35.13,4000
413.0,30,36.52,-3250
413.5,3,43.22,500
413.5,5,35.03,1500
413.5,6,41.16,-750
413.5,7,40.2,1750
413.5,8,35.57,-250
413.5,9,35.01,-3750
413.5,10,36.22,500
413.5,12,35.59,1000
413.5,13,42.31,1750
413.5,16,38.0,-3000
413.5,19,40.94,2500
413.5,20,36.18,-3000
413.5,22,35.02,-2500
413.5,23,42.66,-750
413.5,30,35.28,-3250
414.0,3,43.25,500
414.0,6,40.44,-750
414.0,7,39.63,1750
414.0,8,35.46,2250
414.0,10,35.27,500
414.0,12,35.3,1500
414.0,13,42.57,1750
414.0,15,35.98,-1500
414.0,16,38.95,-2750
414.0,19,38.62,2250
414.0,20,37.73,-3000
414.0,23,41.55,-750
414.0,29,35.26,500
414.0,30,36.89,-3250
414.5,3,43.24,500
414.5,5,35.4,2500
414.5,6,38.63,-1000
414.5,7,39.1,1750
414.5,10,36.51,500
414.5,11,35.31,5750
414.5,13,42.08,1750
414.5,16,37.76,-2750
414.5,19,37.08,2250
414.5,21,35.39,750
414.5,23,43.02,-750
414.5,25,35.08,3000
414.5,30,36.04,-3250
415.0,3,42.5,500
415.0,4,35.02,500
415.0,6,41.07,-750
415.0,7,40.75,1750
415.0,8,35.03,-2750
415.0,13,43.31,1750
415.0,14,35.43,5500
415.0,16,40.46,-2750
415.0,17,35.04,2750
415.0,19,42.15,2500
415.0,20,36.6,-3000
415.0,22,35.02,3250
415.0,23,42.72,-750
415.0,26,35.83,3000
415.0,30,35.26,500
415.0,31,35.04,-5000
415.5,3,44.05,500
415.5,4,35.13,2250
415.5,6,37.34,-1000
415.5,7,40.04,1750
415.5,9,35.93,-4750
415.5,10,37.14,500
415.5,13,42.36,1750
415.5,14,35.95,2250
415.5,15,35.28,-4750
415.5,16,37.71,-3000
415.5,17,35.16,-1000
415.5,19,39.43,2250
415.5,20,37.15,-3000
415.5,23,42.88,-750
415.5,26,35.05,1500
415.5,27,35.1,-4500
415.5,30,37.28,-3250
416.0,3,43.67,500
416.0,6,40.73,-750
416.0,7,37.47,1750
416.0,13,41.07,1750
416.0,15,35.01,-750
416.0,16,39.96,-3000
416.0,17,35.04,4250
416.0,19,39.58,2250
416.0,20,36.73,-3000
416.0,23,42.74,-750
416.0,30,37.08,-3250
416.5,3,42.93,500
416.5,6,38.27,-1000
416.5,7,39.63,1750
416.5,8,36.21,2250
416.5,10,35.06,500
416.5,13,41.23,1750
416.5,15,35.14,250
416.5,16,39.09,-2750
416.5,19,39.53,2250
416.5,22,35.1,1750
416.5,23,42.58,-750
416.5,24,35.38,1500
416.5,27,35.09,-250
417.0,3,43.78,500
417.0,6,40.35,-750
417.0,7,38.4,1750
417.0,10,36.81,500
417.0,12,35.92,4250
417.0,13,41.14,1750
417.0,14,35.01,3750
417.0,15,35.04,-500
417.0,16,39.13,-3000
417.0,19,41.66,2500
417.0,20,35.77,-3000
417.0,22,35.34,-5500
417.0,23,43.09,-750
417.0,26,35.16,2000
417.0,30,36.36,-3250
417.0,32,35.85,-3000
417.5,3,43.3,500
417.5,6,37.72,-1000
417.5,7,37.97,1750
417.5,10,37.0,500
417.5,11,35.02,-1750
417.5,13,40.51,1750
417.5,16,39.85,-2750
417.5,19,40.18,2250
417.5,20,36.89,-3000
417.5,23,42.39,-750
417.5,27,35.34,1250
417.5,29,35.64,3000
417.5,30,37.37,-3250
417.5,32,35.13,-2750
418.0,3,43.61,500
418.0,5,35.17,2250
418.0,6,37.28,-1000
418.0,7,40.41,1750
418.0,9,35.44,-6000
418.0,10,36.95,500
418.0,12,35.73,4750
418.0,13,42.8,1750
418.0,16,39.78,-2750
418.0,18,35.81,-4750
418.0,19,39.67,2250
418.0,20,37.24,-3000
418.0,23,42.25,-750
418.0,30,36.61,-3250
418.5,2,35.49,-250
418.5,3,44.05,500
418.5,6,39.79,-750
418.5,7,40.38,1750
418.5,10,37.4,500
418.5,13,41.97,1750
418.5,14,35.43,-4750
418.5,16,39.78,-3000
418.5,19,40.52,2500
418.5,20,35.81,-3000
418.5,21,35.64,2000
418.5,22,35.01,3500
418.5,23,43.1,-750
418.5,28,35.12,3500
418.5,30,36.83,-3250
418.5,32,35.3,-1250
419.0,3,43.23,500
419.0,6,39.74,-750
419.0,7,38.1,1750
419.0,10,36.8,500
419.0,13,42.34,1750
419.0,16,39.4,-3000
419.0,18,36.07,-1250
419.0,19,37.15,2250
419.0,20,38.18,-3000
419.0,23,42.43,-750
419.0,24,35.01,-1500
419.0,26,35.42,-500
419.0,28,35.04,4250
419.0,30,39.76,-3250
419.0,31,37.05,4500
419.5,3,42.87,500
419.5,5,35.48,-5750
419.5,6,41.56,-750
419.5,7,38.98,1750
419.5,8,36.2,2250
419.5,10,35.82,750
419.5,13,41.85,1750
419.5,14,35.27,750
419.5,16,40.16,-3000
419.5,19,42.7,2500
419.5,20,36.4,-3000
419.5,23,43.13,-750
419.5,32,35.52,-4500
420.0,3,42.74,500
420.0,6,38.84,-500
420.0,7,39.04,1750
420.0,9,35.01,500
420.0,10,37.97,500
420.0,13,41.5,1750
420.0,16,39.39,-3000
420.0,19,39.14,2250
420.0,20,36.93,-3000
420.0,23,42.5,-750
420.0,24,35.07,-5750
420.0,30,36.23,-3250
420.0,32,35.88,-4250
420.5,3,43.76,500
420.5,5,35.38,2750
420.5,6,38.06,-1000
420.5,7,38.52,1750
420.5,10,38.28,500
420.5,11,35.88,4000
420.5,13,41.77,1750
420.5,16,39.67,-2750
420.5,19,38.94,2250
420.5,20,37.62,-3000
420.5,23,42.03,-750
420.5,29,35.05,-750
420.5,30,35.73,-3250
421.0,1,35.41,3500
421.0,3,43.08,500
421.0,5,35.19,-5750
421.0,6,40.37,-750
421.0,7,41.55,1750
421.0,8,35.47,2250
421.0,10,38.59,500
421.0,12,35.16,-5250
421.0,13,41.9,1750
421.0,14,35.09,-1250
421.0,16,39.04,-3000
421.0,19,40.54,2500
421.0,20,36.1,-3000
421.0,23,42.61,-750
421.0,28,36.62,2250
421.0,29,35.15,3500
421.0,30,36.95,-3250
421.5,2,35.24,1750
421.5,3,42.64,500
421.5,6,39.99,-1000
421.5,7,38.21,1750
421.5,10,36.49,500
421.5,13,42.86,1750
421.5,16,38.69,-2750
421.5,19,37.56,2250
421.5,20,36.42,-3000
421.5,23,42.78,-750
421.5,27,35.67,500
421.5,30,36.13,-3250
421.5,32,35.43,2250
422.0,2,35.52,2500
422.0,3,42.32,500
422.0,6,37.7,-1000
422.0,7,38.16,1750
422.0,10,36.97,500
422.0,13,42.34,1750
422.0,16,39.13,-3000
422.0,17,35.0,-750
422.0,19,40.28,2500
422.0,20,36.63,-3000
422.0,22,35.64,-2250
422.0,23,43.64,-750
422.0,25,35.15,-1250
422.0,26,35.3,-2750
422.0,30,36.34,-3250
422.0,32,35.19,2750
422.5,2,35.44,-5750
422.5,3,42.79,500
422.5,6,38.24,-1000
422.5,7,38.64,1750
422.5,8,35.88,2250
422.5,9,35.18,1000
422.5,11,36.02,2000
422.5,13,42.54,1750
422.5,16,38.97,-3000
422.5,19,39.13,2250
422.5,20,35.24,-3000
422.5,23,43.65,-750
422.5,30,36.6,-3250
423.0,1,35.67,1750
423.0,3,42.27,500
423.0,4,35.46,-750
423.0,5,35.18,-3250
423.0,6,41.7,-750
423.0,7,40.06,1750
423.0,8,35.27,2250
423.0,10,35.03,500
423.0,13,43.26,1750
423.0,16,39.89,-3000
423.0,19,41.83,2500
423.0,23,43.22,-750
423.5,3,42.9,500
423.5,6,40.54,-750
423.5,7,38.6,1750
423.5,10,35.75,500
423.5,13,42.46,1750
423.5,16,38.79,-2750
423.5,19,40.76,2500
423.5,20,36.37,-3000
423.5,23,42.01,-750
423.5,30,37.35,-3250
424.0,3,44.2,500
424.0,4,35.1,1000
424.0,5,35.32,-5750
424.0,6,40.27,-750
424.0,7,39.72,1750
424.0,13,41.18,1750
424.0,14,35.37,0
424.0,16,39.05,-3000
424.0,17,35.42,-1500
424.0,19,40.16,2250
424.0,23,43.0,-750
424.0,28,35.08,5750
424.0,30,35.58,-3250
424.5,2,35.8,3750
424.5,3,43.2,500
424.5,5,35.35,-2250
424.5,6,37.81,-500
424.5,7,40.58,1750
424.5,11,35.25,-1000
424.5,13,42.02,1750
424.5,14,35.67,-2750
424.5,16,39.58,-2750
424.5,17,35.12,3250
424.5,19,40.04,2250
424.5,20,37.39,-3000
424.5,23,42.88,-750
424.5,25,35.22,-3750
424.5,26,35.39,-5250
424.5,30,36.27,-3250
425.0,3,43.37,500
425.0,6,40.8,-750
425.0,7,39.82,1750
425.0,9,35.45,5500
425.0,10,35.39,500
425.0,11,35.35,2500
425.0,13,42.71,1750
425.0,16,39.9,-2750
425.0,19,39.35,2250
425.0,20,35.23,1250
425.0,22,35.16,-2000
425.0,23,42.8,-750
425.0,32,35.71,-3000
425.5,3,43.45,500
425.5,6,38.16,-1000
425.5,7,38.24,1750
425.5,8,35.33,-4250
425.5,10,36.71,500
425.5,13,43.28,1750
425.5,16,39.24,-2750
425.5,19,37.69,2250
425.5,20,35.59,-3000
425.5,23,42.77,-750
425.5,30,35.16,-2750
425.5,32,35.2,-3000
426.0,1,35.29,-750
426.0,2,35.08,2500
426.0,3,43.86,500
426.0,5,35.94,4000
426.0,6,38.83,-1000
426.0,7,40.72,1750
426.0,10,35.07,500
426.0,11,35.87,-6000
426.0,12,35.26,-1250
426.0,13,42.93,1750
426.0,16,40.32,-3000
426.0,19,36.77,2250
426.0,20,36.37,-3000
426.0,23,43.6,-750
426.0,26,36.14,-4750
426.0,31,36.41,250
426.0,32,35.07,-6000
426.5,2,35.26,3500
426.5,3,44.46,500
426.5,6,39.74,-1000
426.5,7,37.99,1750
426.5,10,36.12,500
426.5,13,42.69,1750
426.5,16,39.58,-2750
426.5,19,37.74,2250
426.5,22,35.16,-6000
426.5,23,43.41,-750
426.5,25,35.07,3000
426.5,27,35.03,2500
426.5,30,35.39,-5250
426.5,32,35.04,-3000
427.0,3,43.11,500
427.0,6,40.35,-750
427.0,7,39.16,1750
427.0,9,36.01,-1250
427.0,10,35.9,500
427.0,11,35.62,4750
427.0,13,43.0,1750
427.0,16,39.86,-3000
427.0,18,35.24,-500
427.0,19,40.22,2500
427.0,23,43.88,-750
427.5,3,43.66,500
427.5,4,35.04,-1500
427.5,6,37.55,-1000
427.5,7,38.58,1750
427.5,10,37.71,500
427.5,13,41.4,1750
427.5,16,38.87,-3000
427.5,18,35.23,0
427.5,19,38.41,2250
427.5,20,35.73,-3000
427.5,22,35.37,-5750
427.5,23,42.2,-750
427.5,25,35.63,-1250
427.5,26,35.71,-4250
427.5,29,36.6,-4250
427.5,30,35.08,-4000
427.5,32,35.96,-3000
428.0,3,43.74,500
428.0,5,35.01,500
428.0,6,40.92,-750
428.0,7,39.37,1750
428.0,8,35.33,2250
428.0,10,37.13,500
428.0,13,42.83,1750
428.0,16,38.96,-2750
428.0,19,40.48,2500
428.0,20,36.79,-3000
428.0,22,35.26,3750
428.0,23,43.46,-750
428.0,32,35.97,-3000
428.5,3,42.96,500
428.5,5,35.46,4750
428.5,6,37.86,-1000
428.5,7,40.22,1750
428.5,13,41.88,1750
428.5,16,37.46,-3000
428.5,19,37.98,2250
428.5,23,43.44,-750
428.5,30,35.39,-3250
428.5,31,35.47,1000
429.0,2,35.32,-5000
429.0,3,43.38,500
429.0,4,35.33,3000
429.0,6,40.51,-750
429.0,7,40.19,1750
429.0,8,35.34,2250
429.0,13,41.92,1750
429.0,16,38.95,-2750
429.0,19,40.9,2500
429.0,23,43.89,-750
429.0,29,35.22,-750
429.5,3,42.8,500
429.5,6,39.69,-750
429.5,7,40.57,1750
429.5,8,36.29,2250
429.5,13,41.29,1750
429.5,15,35.08,-5750
429.5,16,39.88,-2750
429.5,18,35.47,5000
429.5,19,40.5,2500
429.5,20,35.58,-3000
429.5,21,35.05,2500
429.5,23,42.54,-750
429.5,29,35.79,-1250
429.5,30,35.93,-1250
429.5,31,35.28,-2500
429.5,32,36.4,-3000
430.0,3,43.1,500
430.0,6,40.67,-750
430.0,7,39.73,1750
430.0,8,35.25,-4250
430.0,13,41.71,1750
430.0,15,35.71,-3000
430.0,16,40.78,-3000
430.0,18,35.07,-750
430.0,19,40.66,2500
430.0,20,35.52,4500
430.0,23,44.07,-750
430.0,28,35.06,4250
430.5,2,35.26,4250
430.5,3,43.76,500
430.5,6,40.48,-750
430.5,7,38.24,1750
430.5,8,35.62,2250
430.5,10,36.75,500
430.5,12,35.04,-500
430.5,13,42.24,1750
430.5,16,40.15,-3000
430.5,18,35.15,250
430.5,19,41.42,2500
430.5,20,36.49,-3000
430.5,23,43.25,-750
430.5,25,35.53,2250
430.5,26,35.46,-2250
430.5,27,35.44,-1250
430.5,29,35.35,2000
430.5,32,35.29,-3000
431.0,3,42.81,500
431.0,5,35.35,500
431.0,6,37.44,-1000
431.0,7,38.15,2000
431.0,8,35.15,2250
431.0,9,35.65,-4250
431.0,10,36.81,500
431.0,11,35.84,-4250
431.0,13,42.64,1750
431.0,16,38.99,-2750
431.0,19,39.65,2250
431.0,21,35.14,-4250
431.0,23,43.01,-750
431.0,32,36.04,-3000
431.5,2,35.6,2250
431.5,3,43.75,500
431.5,6,38.33,-1000
431.5,7,37.06,1750
431.5,8,36.08,2250
431.5,13,41.4,1750
431.5,16,40.03,-3000
431.5,19,38.66,2250
431.5,21,35.19,500
431.5,23,43.7,-750
431.5,25,35.41,0
432.0,3,42.82,500
432.0,6,40.45,-750
432.0,7,39.29,1750
432.0,8,35.84,2250
432.0,13,41.27,1750
432.0,16,39.91,-2750
432.0,19,40.95,2500
432.0,21,35.32,3500
432.0,23,43.63,-750
432.5,3,43.05,500
432.5,4,35.46,2500
432.5,5,35.05,-5750
432.5,6,37.48,-1000
432.5,7,38.84,1750
432.5,10,36.62,500
432.5,12,35.13,-5750
432.5,13,43.11,1750
432.5,16,39.14,-2750
432.5,17,35.13,-3500
432.5,19,38.28,2250
432.5,20,35.5,-5750
432.5,23,42.58,-750
432.5,26,35.46,-250
432.5,30,35.46,-3250
433.0,3,43.09,500
433.0,6,40.62,-750
433.0,7,38.78,1750
433.0,9,35.13,-4500
433.0,10,36.06,500
433.0,12,35.08,500
433.0,13,41.26,1750
433.0,16,39.06,-2750
433.0,19,40.16,2500
433.0,21,35.44,3500
433.0,23,43.79,-750
433.0,25,35.03,250
433.0,27,35.6,-6000
433.0,31,35.42,5500
433.0,32,35.21,3250
433.5,3,43.59,500
433.5,6,37.54,-1000
433.5,7,39.08,1750
433.5,11,35.37,3750
433.5,13,42.78,1750
433.5,14,35.3,-2750
433.5,16,39.19,-3000
433.5,17,35.92,4250
433.5,18,35.07,-500
433.5,19,39.67,2250
433.5,20,35.84,-3000
433.5,23,42.62,-750
433.5,25,35.92,-5750
433.5,29,35.45,-3250
433.5,30,35.69,2750
433.5,32,35.67,-1000
434.0,3,43.47,500
434.0,6,38.07,-1000
434.0,7,38.38,1750
434.0,10,35.24,250
434.0,13,41.57,1750
434.0,16,40.27,-3000
434.0,19,38.99,2250
434.0,20,35.08,-1500
434.0,23,43.58,-750
434.0,30,35.48,1750
434.5,3,42.54,500
434.5,6,40.21,-750
434.5,7,40.03,1750
434.5,8,35.24,5000
434.5,10,36.23,500
434.5,13,42.52,1750
434.5,16,39.07,-2750
434.5,17,35.04,-5750
434.5,19,41.68,2500
434.5,20,36.77,-3000
434.5,23,43.23,-750
434.5,30,36.03,-3250
435.0,3,43.34,500
435.0,4,35.9,-2750
435.0,6,39.3,-750
435.0,7,41.07,1750
435.0,8,36.13,2250
435.0,10,36.48,500
435.0,13,42.65,1750
435.0,16,39.25,-2750
435.0,17,35.83,-4500
435.0,19,41.42,2500
435.0,23,42.83,-750
435.0,26,35.16,5500
435.0,30,37.89,-3250
435.0,32,36.04,-3000
435.5,2,35.01,-750
435.5,3,43.2,500
435.5,6,37.51,-1000
435.5,7,38.18,1750
435.5,8,35.37,2250
435.5,10,35.27,-750
435.5,13,41.9,1750
435.5,16,39.02,-2750
435.5,19,38.41,2750
435.5,23,43.01,-750
435.5,24,35.33,-3750
435.5,25,35.38,-750
435.5,31,35.06,-4000
436.0,3,43.6,500
436.0,6,40.16,-750
436.0,7,39.72,1750
436.0,13,42.72,1750
436.0,16,39.22,-3000
436.0,19,38.45,2250
436.0,20,36.08,-3000
436.0,23,43.1,-750
436.5,3,43.33,500
436.5,6,38.57,-1000
436.5,7,39.59,1750
436.5,10,35.3,500
436.5,13,42.67,1750
436.5,15,35.22,3000
436.5,16,38.86,-2750
436.5,18,35.14,2000
436.5,19,38.88,2250
436.5,20,35.16,-3000
436.5,23,43.1,-750
436.5,29,35.92,-5250
436.5,32,35.1,5000
437.0,3,43.01,500
437.0,6,41.05,-750
437.0,7,37.8,1750
437.0,8,35.47,-500
437.0,10,35.44,500
437.0,13,43.31,1750
437.0,16,40.69,-3000
437.0,19,41.31,2500
437.0,20,38.03,-3000
437.0,23,43.72,-750
437.0,32,36.5,-3000
437.5,3,43.01,500
437.5,6,39.56,-1000
437.5,7,37.9,1750
437.5,10,35.32,250
437.5,13,40.4,1750
437.5,16,38.4,-2750
437.5,19,38.34,2250
437.5,20,35.79,-3000
437.5,23,42.45,-750
437.5,32,36.51,-3000
438.0,3,43.38,500
438.0,5,35.84,-2000
438.0,6,38.81,-1000
438.0,7,37.47,1750
438.0,10,35.32,0
438.0,13,41.42,1750
438.0,16,39.33,-2750
438.0,19,39.77,2250
438.0,20,35.55,-3000
438.0,22,35.55,-4500
438.0,23,42.25,-750
438.0,29,35.06,-1500
438.0,30,35.8,2250
438.0,32,36.48,-3000
438.5,3,42.79,500
438.5,4,35.39,250
438.5,6,38.3,-1000
438.5,7,38.44,1750
438.5,10,35.05,-2500
438.5,11,35.25,-2250
438.5,13,42.61,1750
438.5,16,41.11,-3000
438.5,17,35.23,3250
438.5,18,35.38,4750
438.5,19,37.36,2250
438.5,20,36.47,-3000
438.5,22,36.02,1000
438.5,23,43.3,-750
438.5,28,35.3,1250
438.5,30,36.69,-3250
439.0,1,35.4,-4250
439.0,3,42.85,500
439.0,6,41.62,-750
439.0,7,39.62,1750
439.0,8,35.35,-1750
439.0,9,35.72,4500
439.0,10,36.46,500
439.0,13,40.98,1500
439.0,14,35.0,500
439.0,16,39.69,-3000
439.0,18,35.37,0
439.0,19,40.56,2500
439.0,20,35.82,-3000
439.0,23,44.08,-750
439.0,24,35.18,-3500
439.5,3,43.19,500
439.5,6,40.95,-750
439.5,7,39.14,1750
439.5,10,35.98,500
439.5,13,41.42,1750
439.5,15,35.11,2250
439.5,16,39.97,-3000
439.5,19,42.55,2500
439.5,20,37.64,-3000
439.5,23,43.36,-750
439.5,27,35.55,5500
439.5,30,35.16,3250
439.5,32,36.61,-3000
440.0,1,36.11,-4500
440.0,3,43.35,500
440.0,6,40.23,-750
440.0,7,39.13,1750
440.0,10,35.82,500
440.0,12,35.75,-250
440.0,13,41.78,1750
440.0,16,39.81,-3000
440.0,19,41.8,2500
440.0,20,36.81,-3000
440.0,22,35.44,1250
440.0,23,43.69,-750
440.0,26,35.52,-2250
440.0,30,35.32,-3250
440.0,32,35.33,-3000
440.5,2,35.62,-750
440.5,3,42.84,500
440.5,4,35.12,-5000
440.5,5,36.21,-1500
440.5,6,40.59,-750
440.5,7,39.2,1750
440.5,10,35.15,500
440.5,11,35.17,-3750
440.5,13,42.58,1750
440.5,14,35.3,250
440.5,16,40.28,-3000
440.5,19,40.85,2500
440.5,20,37.41,-3000
440.5,23,43.78,-750
440.5,30,35.91,-3250
440.5,31,35.44,-2000
441.0,3,43.14,500
441.0,6,37.87,-1000
441.0,7,39.48,1750
441.0,9,35.27,2000
441.0,10,36.54,500
441.0,13,42.18,1750
441.0,14,35.8,5500
441.0,16,39.28,-3000
441.0,17,35.14,2750
441.0,19,37.83,2250
441.0,23,43.87,-750
441.0,32,36.01,-3000
441.5,3,43.2,500
441.5,6,37.51,-1000
441.5,7,38.79,1750
441.5,10,35.97,500
441.5,13,41.26,1750
441.5,16,38.37,-3000
441.5,17,35.35,1250
441.5,18,35.21,-1250
441.5,19,38.58,2250
441.5,20,37.09,-3000
441.5,22,35.56,4000
441.5,23,43.12,-750
441.5,26,35.6,250
441.5,28,35.03,-3750
441.5,29,35.03,250
441.5,30,35.8,3250
441.5,32,35.33,-3000
442.0,3,43.69,500
442.0,6,38.04,-500
442.0,7,36.42,2000
442.0,8,35.16,0
442.0,13,42.23,1750
442.0,14,35.35,3500
442.0,16,38.07,-2750
442.0,18,35.1,-2500
442.0,19,37.18,2250
442.0,20,35.97,-500
442.0,23,44.51,-750
442.0,32,36.84,-3000
442.5,1,35.04,2500
442.5,3,42.06,500
442.5,4,35.15,5000
442.5,6,38.1,-1000
442.5,7,37.74,2000
442.5,8,35.07,-4750
442.5,10,35.6,500
442.5,13,40.74,1750
442.5,16,39.71,-3000
442.5,19,40.97,2500
442.5,20,35.18,-3000
442.5,21,35.06,-4000
442.5,23,43.12,-750
442.5,24,35.44,-1250
442.5,27,35.35,3000
442.5,28,35.45,-4500
443.0,3,43.15,500
443.0,4,35.2,4250
443.0,6,39.23,-1000
443.0,7,38.11,2000
443.0,8,36.43,2250
443.0,13,40.56,1750
443.0,16,38.55,-2750
443.0,19,39.4,2250
443.0,20,35.35,-3000
443.0,23,43.48,-750
443.0,29,35.41,-4750
443.0,32,35.3,-3000
443.5,3,44.46,500
443.5,5,35.26,5250
443.5,6,40.39,-750
443.5,7,40.26,1750
443.5,13,40.87,1750
443.5,15,35.9,3750
443.5,16,38.52,-3000
443.5,19,41.54,2500
443.5,20,35.88,-3000
443.5,21,35.81,3250
443.5,22,35.2,-4750
443.5,23,44.22,-750
443.5,28,35.23,500
443.5,29,35.51,4500
444.0,2,35.59,250
444.0,3,42.97,500
444.0,6,41.18,-750
444.0,7,38.61,1750
444.0,10,36.81,500
444.0,13,42.14,1750
444.0,16,39.65,-3000
444.0,19,39.72,2250
444.0,20,35.27,250
444.0,22,35.72,-750
444.0,23,43.23,-750
444.0,31,35.11,-2750
444.0,32,35.81,-3000
444.5,3,42.78,500
444.5,6,37.19,-750
444.5,7,38.92,1750
444.5,10,36.02,500
444.5,11,35.02,2000
444.5,13,42.16,1750
444.5,14,35.15,3500
444.5,16,38.39,-2750
444.5,17,35.98,-3000
444.5,18,35.34,-1500
444.5,19,37.49,2500
444.5,20,37.09,-3000
444.5,23,43.18,-750
444.5,24,35.22,2000
444.5,28,35.43,3250
444.5,32,35.19,-3000
445.0,3,43.82,500
445.0,5,35.26,-250
445.0,6,39.61,-750
445.0,7,39.43,1750
445.0,9,35.25,4250
445.0,13,40.54,1750
445.0,16,42.26,-3000
445.0,19,41.79,2500
445.0,20,35.44,-3000
445.0,23,43.38,-750
445.0,24,35.01,3000
445.0,28,35.31,-2000
445.0,29,35.61,3250
445.0,30,35.06,-4500
445.5,2,35.46,-4500
445.5,3,42.71,500
445.5,5,35.27,4250
445.5,6,37.69,-1000
445.5,7,38.44,1750
445.5,10,35.25,500
445.5,11,35.4,1250
445.5,13,41.48,1750
445.5,16,38.61,-2750
445.5,19,39.21,2250
445.5,20,35.08,1250
445.5,23,43.66,-750
445.5,26,35.03,-4500
445.5,27,35.12,5500
445.5,30,35.35,-3250
446.0,3,43.77,500
446.0,5,35.26,3500
446.0,6,41.32,-750
446.0,7,41.1,1750
446.0,10,35.35,500
446.0,13,41.45,1750
446.0,16,38.66,-3000
446.0,19,38.95,2250
446.0,20,35.28,5500
446.0,23,43.74,-750
446.0,32,35.45,-6000
446.5,3,42.95,500
446.5,6,38.67,-1000
446.5,7,39.96,1750
446.5,8,35.69,2250
446.5,10,35.15,250
446.5,13,41.55,1750
446.5,16,38.33,-2750
446.5,19,39.34,2250
446.5,23,43.89,-750
446.5,25,35.04,-3500
446.5,30,35.32,-3250
446.5,32,35.46,4000
447.0,3,41.21,500
447.0,4,35.15,2500
447.0,6,39.18,-750
447.0,7,39.85,1750
447.0,8,36.0,2250
447.0,10,35.32,500
447.0,13,42.03,1750
447.0,16,38.67,-2750
447.0,19,42.44,2500
447.0,20,35.69,-3000
447.0,23,43.2,-750
447.5,3,43.15,500
447.5,5,35.19,-5000
447.5,6,38.75,-1000
447.5,7,40.49,1750
447.5,10,35.89,500
447.5,13,41.6,1750
447.5,15,35.22,-4750
447.5,16,39.38,-3000
447.5,18,36.01,-3750
447.5,19,37.7,2250
447.5,20,36.6,-3000
447.5,23,43.11,-750
447.5,24,35.6,500
447.5,27,36.95,1500
447.5,30,35.11,-3250
447.5,32,36.16,-3000
448.0,3,43.47,500
448.0,6,37.01,-1000
448.0,7,40.72,1750
448.0,8,35.58,2250
448.0,13,42.03,1750
448.0,16,37.81,-2750
448.0,19,39.02,2250
448.0,20,36.22,-3000
448.0,21,35.24,0
448.0,23,42.76,-750
448.0,30,35.83,-3250
448.0,32,35.25,-3000
448.5,3,43.5,500
448.5,6,41.19,-750
448.5,7,39.69,1750
448.5,10,35.8,-5250
448.5,13,41.38,1750
448.5,15,35.33,-1500
448.5,16,37.95,-2750
448.5,19,41.69,2500
448.5,20,35.7,-3000
448.5,23,42.56,-750
448.5,25,35.07,-1750
448.5,28,35.04,0
449.0,3,43.4,500
449.0,5,35.12,4250
449.0,6,41.74,-750
449.0,7,39.75,1750
449.0,8,35.59,2000
449.0,11,35.55,3750
449.0,13,41.17,1750
449.0,16,39.33,-3000
449.0,18,35.39,-2250
449.0,19,38.94,2250
449.0,20,36.13,3000
449.0,23,43.65,-750
449.0,24,35.26,-750
449.0,30,36.07,-3250
449.5,3,43.73,500
449.5,6,39.72,-750
449.5,7,38.51,1750
449.5,8,35.92,2250
449.5,10,37.04,500
449.5,13,41.68,1750
449.5,14,36.37,4000
449.5,15,35.31,-1750
449.5,16,39.5,-3000
449.5,19,41.43,2500
449.5,20,35.85,-3000
449.5,23,43.36,-750
449.5,30,35.16,-5000
450.0,3,42.49,500
450.0,6,37.7,-1000
450.0,7,37.59,1750
450.0,8,35.41,2250
450.0,9,35.84,1500
450.0,10,35.45,250
450.0,13,42.84,1750
450.0,16,39.54,-3000
450.0,17,35.7,750
450.0,19,38.92,2250
450.0,23,42.3,-750
450.0,24,35.35,-500
450.0,25,35.82,-6000
450.0,30,35.57,-3250
450.5,1,35.25,-750
450.5,3,43.14,500
450.5,4,36.01,-5750
450.5,6,39.51,-1000
450.5,7,38.57,1750
450.5,8,35.09,750
450.5,11,36.0,-1250
450.5,13,41.99,1750
450.5,16,39.43,-2750
450.5,17,35.07,-2750
450.5,19,39.11,2250
450.5,20,37.85,-3000
450.5,23,43.3,-750
451.0,3,42.4,500
451.0,6,40.36,-750
451.0,7,39.19,1750
451.0,10,35.59,500
451.0,13,41.47,1500
451.0,14,35.49,1750
451.0,16,37.81,-3000
451.0,19,41.87,2500
451.0,20,37.05,-3000
451.0,23,43.25,-750
451.0,28,35.04,5000
451.0,30,35.26,-3250
451.0,31,35.93,3750
451.5,3,42.89,500
451.5,4,35.04,-1500
451.5,6,38.03,-1000
451.5,7,36.8,1750
451.5,9,35.02,5250
451.5,10,36.89,500
451.5,11,35.71,-750
451.5,13,42.06,1750
451.5,14,35.09,-750
451.5,15,35.24,-750
451.5,16,38.25,-2750
451.5,18,35.42,-6000
451.5,19,38.21,2250
451.5,20,37.01,-3000
451.5,23,42.64,-750
451.5,25,35.11,-2250
451.5,32,35.12,3250
452.0,3,43.54,500
452.0,6,37.85,-1000
452.0,7,37.28,2000
452.0,10,36.64,500
452.0,13,41.67,1750
452.0,16,39.68,-3000
452.0,19,41.5,2500
452.0,20,35.25,-3000
452.0,23,43.51,-750
452.0,28,35.18,3500
452.0,30,35.85,-750
452.0,31,35.36,-3500
452.5,3,43.25,500
452.5,6,39.68,-1000
452.5,7,40.18,1750
452.5,8,35.13,2250
452.5,9,35.13,5500
452.5,13,41.33,1750
452.5,16,39.16,-3000
452.5,17,35.07,500
452.5,19,39.31,2250
452.5,20,36.79,-3000
452.5,23,43.53,-750
452.5,32,35.28,-6000
453.0,3,43.14,500
453.0,6,40.36,-750
453.0,7,40.49,1750
453.0,8,35.01,-3750
453.0,10,35.83,500
453.0,12,35.99,-750
453.0,13,40.66,1750
453.0,15,35.03,-2750
453.0,16,40.02,-3000
453.0,18,35.44,1500
453.0,19,41.18,2500
453.0,20,36.02,-3000
453.0,22,35.91,-250
453.0,23,42.76,-750
453.0,28,35.99,1000
453.0,30,35.87,-3250
453.0,32,35.79,-3000
453.5,3,43.23,500
453.5,4,35.58,4750
453.5,6,40.58,-750
453.5,7,39.46,1750
453.5,13,41.84,1750
453.5,16,38.86,-2750
453.5,18,35.17,-4750
453.5,19,41.15,2500
453.5,23,43.15,-750
453.5,25,35.17,1500
453.5,30,36.31,-1250
454.0,3,42.92,500
454.0,6,41.22,-750
454.0,7,39.79,1750
454.0,13,42.3,1750
454.0,14,35.04,-750
454.0,16,37.99,-2750
454.0,17,35.4,-3250
454.0,19,39.38,2250
454.0,20,35.1,-3000
454.0,21,35.03,-3000
454.0,22,35.33,750
454.0,23,43.69,-750
454.0,25,35.03,-750
454.0,28,35.01,-4000
454.0,32,35.36,4250
454.5,3,43.82,500
454.5,5,35.31,-2500
454.5,6,38.48,-1000
454.5,7,39.97,1750
454.5,12,35.76,4750
454.5,13,39.93,1500
454.5,15,35.08,4500
454.5,16,38.96,-3000
454.5,17,35.52,-6000
454.5,19,38.63,2250
454.5,20,37.93,-3000
454.5,23,42.31,-750
454.5,29,35.27,-3500
454.5,32,35.23,-3000
455.0,1,35.02,-3500
455.0,2,35.29,250
455.0,3,43.29,500
455.0,4,35.31,-250
455.0,6,40.04,-750
455.0,7,38.66,1750
455.0,8,35.54,-2750
455.0,10,35.87,500
455.0,12,35.13,-3250
455.0,13,41.39,1750
455.0,16,39.52,-3000
455.0,19,38.51,2750
455.0,20,36.67,-3000
455.0,23,43.63,-750
455.0,30,36.3,-3250
455.0,32,35.39,3250
455.5,3,44.02,500
455.5,6,39.98,-1000
455.5,7,39.66,1750
455.5,10,35.21,500
455.5,12,35.19,-3000
455.5,13,41.89,1750
455.5,15,35.65,-1750
455.5,16,37.58,-2750
455.5,19,38.82,2250
455.5,20,36.74,-3000
455.5,23,42.36,-750
455.5,24,35.26,3250
455.5,26,35.1,-4500
455.5,30,35.21,-3250
456.0,2,35.49,-1000
456.0,3,43.28,500
456.0,6,39.29,-1000
456.0,7,38.23,1750
456.0,13,41.28,1750
456.0,16,38.25,-3000
456.0,19,37.56,2250
456.0,20,35.9,-3000
456.0,22,35.74,-3500
456.0,23,43.65,-750
456.0,27,36.98,3750
456.0,30,35.35,1250
456.5,3,43.39,500
456.5,5,35.34,-5750
456.5,6,37.01,-1000
456.5,7,37.79,1750
456.5,8,35.9,2250
456.5,13,39.43,1750
456.5,14,35.05,3500
456.5,16,39.84,-2750
456.5,19,38.01,2250
456.5,23,43.61,-750
456.5,29,35.27,-3500
456.5,30,35.17,-500
456.5,31,35.34,2750
456.5,32,35.86,-3000
457.0,3,43.63,500
457.0,4,36.21,-3500
457.0,6,38.82,-750
457.0,7,40.23,1750
457.0,13,41.12,1750
457.0,16,40.44,-3000
457.0,17,35.27,500
457.0,19,41.93,2500
457.0,20,35.7,-3000
457.0,23,43.05,-750
457.0,30,36.29,-3250
