Time,PRN,CN0_dBHz,Doppler
0.0,3,43.65,750
0.0,4,35.07,-3750
0.0,6,41.6,-500
0.0,7,37.9,1750
0.0,9,35.0,-6000
0.0,10,35.25,2000
0.0,13,42.87,1750
0.0,14,35.33,3500
0.0,15,35.48,-500
0.0,16,43.06,-2750
0.0,19,39.34,2500
0.0,20,35.66,-3000
0.0,22,35.0,0
0.0,23,44.3,-500
0.0,28,35.17,-2500
0.0,31,35.33,1250
0.5,1,35.41,-750
0.5,3,43.74,750
0.5,6,40.92,-500
0.5,7,40.01,1750
0.5,8,35.06,1750
0.5,10,36.67,750
0.5,13,42.19,1750
0.5,16,42.25,-2750
0.5,18,35.38,-1250
0.5,19,39.69,2500
0.5,20,36.73,-3000
0.5,21,36.71,1750
0.5,23,44.26,-500
1.0,3,43.13,750
1.0,6,42.16,-500
1.0,7,38.85,1750
1.0,10,36.55,750
1.0,11,35.16,-5000
1.0,13,41.27,1750
1.0,16,42.67,-2750
1.0,19,38.71,2750
1.0,20,35.47,-3000
1.0,23,44.16,-500
1.0,31,35.78,-2250
1.5,3,43.67,750
1.5,6,41.8,-500
1.5,7,38.38,1750
1.5,10,36.82,750
1.5,13,43.19,1750
1.5,16,42.48,-2750
1.5,18,35.16,-5250
1.5,19,39.83,2750
1.5,20,36.19,-3000
1.5,22,35.11,-3250
1.5,23,44.43,-500
1.5,25,35.33,-4000
1.5,28,35.56,-1500
2.0,3,44.08,750
2.0,4,35.07,3750
2.0,6,41.29,-500
2.0,7,38.62,1750
2.0,13,41.17,1750
2.0,14,35.66,4750
2.0,16,42.51,-2750
2.0,17,35.24,5750
2.0,19,37.68,2750
2.0,20,36.21,-3000
2.0,23,43.79,-500
2.0,25,35.14,-250
2.0,30,35.48,-2250
2.5,1,35.21,4500
2.5,2,35.26,-2250
2.5,3,44.12,750
2.5,6,41.98,-500
2.5,7,39.77,1750
2.5,13,43.03,1750
2.5,15,36.08,-500
2.5,16,40.68,-2750
2.5,19,39.9,2750
2.5,20,35.11,3500
2.5,23,43.72,-500
2.5,24,35.05,2500
2.5,32,35.01,1000
3.0,3,43.87,750
3.0,6,42.29,-500
3.0,7,39.52,1750
3.0,10,35.15,750
3.0,12,35.55,1000
3.0,13,42.49,1750
3.0,16,42.66,-2750
3.0,17,35.5,-4250
3.0,19,36.93,2750
3.0,22,35.29,4500
3.0,23,44.34,-500
3.0,25,35.81,-5250
3.0,26,35.23,-4250
3.5,1,35.01,3500
3.5,3,43.98,750
3.5,5,35.79,-1750
3.5,6,41.33,-500
3.5,7,38.09,2000
3.5,10,37.72,750
3.5,13,41.8,1750
3.5,16,42.27,-2750
3.5,19,39.44,2500
3.5,20,36.14,-3000
3.5,23,43.46,-500
4.0,2,35.5,-500
4.0,3,43.11,750
4.0,6,42.41,-500
4.0,7,40.11,1750
4.0,10,36.05,2000
4.0,13,43.02,1750
4.0,16,41.96,-2750
4.0,19,39.15,2750
4.0,20,36.47,-3000
4.0,22,35.11,-1750
4.0,23,44.17,-500
4.5,3,43.04,750
4.5,5,35.0,5750
4.5,6,42.96,-500
4.5,7,39.55,1750
4.5,11,35.55,5000
4.5,12,35.47,-3500
4.5,13,43.57,1750
4.5,14,35.04,1750
4.5,16,41.37,-2750
4.5,17,35.31,0
4.5,19,38.28,2500
4.5,23,44.01,-500
5.0,1,37.55,1250
5.0,3,43.64,750
5.0,6,42.37,-500
5.0,7,38.43,1750
5.0,10,35.82,-500
5.0,13,41.6,1750
5.0,16,42.76,-2750
5.0,19,37.57,2500
5.0,20,36.69,-3000
5.0,22,35.57,2500
5.0,23,44.89,-500
5.0,30,35.39,-2500
5.5,3,43.63,750
5.5,6,40.97,-500
5.5,7,39.06,1750
5.5,13,40.19,1750
5.5,15,35.06,5250
5.5,16,41.3,-2750
5.5,17,35.44,2250
5.5,19,38.39,2500
5.5,20,36.29,-3000
5.5,21,35.19,5750
5.5,22,35.21,3000
5.5,23,43.95,-500
5.5,31,35.64,-1000
6.0,3,43.01,750
6.0,6,41.91,-500
6.0,7,40.09,1750
6.0,11,35.09,-5000
6.0,13,42.18,1750
6.0,16,41.87,-2750
6.0,19,39.14,2500
6.0,23,44.29,-500
6.0,26,35.45,-4500
6.0,30,35.97,-3250
6.5,2,36.1,-250
6.5,3,43.33,750
6.5,6,42.12,-500
6.5,7,39.96,1750
6.5,9,35.56,2500
6.5,13,41.5,1750
6.5,14,35.3,0
6.5,16,43.01,-2750
6.5,19,40.08,2750
6.5,20,36.39,-3000
6.5,21,35.07,5500
6.5,22,35.31,1750
6.5,23,44.54,-500
7.0,3,43.7,750
7.0,6,40.99,-500
7.0,7,40.01,1750
7.0,9,35.56,1750
7.0,13,41.86,1750
7.0,14,35.11,-2250
7.0,16,43.01,-2750
7.0,17,35.74,-3750
7.0,19,38.34,2750
7.0,20,35.67,-3000
7.0,23,43.42,-500
7.0,30,35.28,-3000
7.0,31,35.37,5750
7.5,3,43.24,750
7.5,6,41.94,-500
7.5,7,39.72,1750
7.5,9,35.56,5750
7.5,10,35.22,-3500
7.5,13,42.96,1750
7.5,15,35.13,-250
7.5,16,41.57,-2750
7.5,19,38.67,2500
7.5,20,36.43,-3000
7.5,23,43.04,-500
7.5,32,35.97,-3000
8.0,3,43.37,750
8.0,6,41.18,-500
8.0,7,39.39,1750
8.0,9,35.09,4250
8.0,13,42.3,1750
8.0,16,42.29,-2750
8.0,18,35.45,-2750
8.0,19,38.48,2750
8.0,20,37.43,-3000
8.0,23,43.3,-500
8.5,3,43.2,750
8.5,6,42.11,-500
8.5,7,39.29,2000
8.5,13,41.45,1750
8.5,15,35.39,-5500
8.5,16,41.31,-2750
8.5,18,35.02,-4000
8.5,19,38.26,2500
8.5,20,37.15,-3000
8.5,22,35.22,1750
8.5,23,44.64,-500
9.0,3,42.92,750
9.0,6,41.49,-500
9.0,7,40.83,1750
9.0,9,36.07,-500
9.0,10,35.07,500
9.0,13,42.52,1750
9.0,16,41.81,-2750
9.0,19,37.34,2750
9.0,20,37.18,-3000
9.0,23,43.1,-500
9.0,26,35.02,3750
9.5,1,35.01,-3500
9.5,3,43.13,750
9.5,4,35.09,2000
9.5,6,42.08,-500
9.5,7,38.35,1750
9.5,12,35.01,1500
9.5,13,42.06,1750
9.5,16,42.72,-2750
9.5,18,35.27,750
9.5,19,40.0,2500
9.5,20,35.93,-3000
9.5,23,44.68,-500
10.0,3,43.1,750
10.0,6,42.91,-500
10.0,7,39.11,1750
10.0,9,35.05,-4500
10.0,11,35.23,-3250
10.0,13,42.75,1750
10.0,16,41.98,-2750
10.0,17,35.53,-3500
10.0,19,37.65,2500
10.0,20,35.39,-3000
10.0,22,35.07,-2000
10.0,23,44.18,-500
10.0,24,35.48,0
10.0,30,35.35,3000
10.5,2,35.88,-250
10.5,3,43.39,750
10.5,5,35.25,-4500
10.5,6,41.2,-500
10.5,7,39.65,1750
10.5,9,35.75,-1500
10.5,10,36.37,750
10.5,13,42.43,1750
10.5,16,42.28,-2750
10.5,19,38.46,2750
10.5,23,44.24,-500
10.5,26,35.22,500
10.5,31,36.0,-250
11.0,3,43.45,750
11.0,4,35.11,-250
11.0,6,41.56,-500
11.0,7,40.45,1750
11.0,13,42.39,1750
11.0,14,35.12,-4500
11.0,16,42.53,-2750
11.0,17,35.21,-5750
11.0,19,39.97,2500
11.0,20,37.62,-3000
11.0,23,43.92,-500
11.0,30,35.12,-2250
11.5,3,43.62,750
11.5,6,42.7,-500
11.5,7,40.04,1750
11.5,8,35.2,5750
11.5,10,35.34,750
11.5,13,42.5,1750
11.5,16,42.96,-2750
11.5,19,38.75,2500
11.5,20,37.48,-3000
11.5,23,44.08,-500
12.0,3,43.21,750
12.0,6,41.31,-500
12.0,7,39.88,1750
12.0,8,35.12,-1250
12.0,10,35.36,500
12.0,13,42.98,1750
12.0,16,42.05,-2750
12.0,19,39.24,2500
12.0,20,36.3,-3000
12.0,23,42.76,-500
12.0,28,35.06,-5000
12.0,30,35.83,-3250
12.5,3,43.28,750
12.5,6,41.83,-500
12.5,7,38.06,1750
12.5,13,42.63,1750
12.5,14,35.34,-1000
12.5,16,43.27,-2750
12.5,19,38.96,2750
12.5,20,36.87,-3000
12.5,23,43.71,-500
12.5,26,35.01,-2250
12.5,27,35.69,-3500
13.0,3,42.63,750
13.0,4,35.06,4750
13.0,5,35.35,-3500
13.0,6,40.12,-500
13.0,7,39.73,1750
13.0,8,35.35,-500
13.0,10,35.71,750
13.0,13,43.19,1750
13.0,14,35.14,-1500
13.0,16,41.67,-2750
13.0,19,37.8,2750
13.0,20,36.33,-3000
13.0,23,43.2,-500
13.0,30,35.91,-3250
13.0,31,35.24,-2500
13.5,3,43.27,750
13.5,6,41.72,-500
13.5,7,40.03,1750
13.5,8,35.27,4500
13.5,9,35.17,1750
13.5,10,35.62,750
13.5,12,35.44,-3000
13.5,13,42.52,1750
13.5,14,35.63,4250
13.5,16,43.08,-2750
13.5,17,35.08,1000
13.5,19,38.64,2750
13.5,23,42.83,-500
13.5,24,35.81,-5000
14.0,1,35.55,-5000
14.0,3,43.55,750
14.0,6,41.7,-500
14.0,7,41.35,1750
14.0,10,35.63,500
14.0,13,42.21,1750
14.0,14,35.12,-3250
14.0,15,35.41,5750
14.0,16,41.77,-2750
14.0,19,38.97,2500
14.0,20,36.23,-3000
14.0,23,43.56,-500
14.5,3,43.61,750
14.5,6,41.99,-500
14.5,7,40.43,1750
14.5,9,35.24,4750
14.5,13,41.94,1750
14.5,14,35.96,-1250
14.5,15,35.29,250
14.5,16,42.46,-2750
14.5,17,35.15,5500
14.5,19,40.35,2500
14.5,20,39.36,-3000
14.5,23,43.76,-500
14.5,28,35.12,-4250
14.5,31,35.1,-1750
15.0,1,35.06,-5500
15.0,3,44.22,750
15.0,6,42.24,-500
15.0,7,40.54,1750
15.0,8,36.0,2750
15.0,13,43.85,1750
15.0,16,43.36,-2750
15.0,19,39.57,2750
15.0,23,43.23,-500
15.0,25,35.18,-1750
15.0,32,35.99,-2500
15.5,3,42.69,750
15.5,6,41.49,-500
15.5,7,40.49,1750
15.5,8,35.38,-5250
15.5,10,37.12,750
15.5,13,42.19,1750
15.5,16,43.12,-2750
15.5,19,40.86,2500
15.5,20,37.26,-3000
15.5,23,43.92,-500
15.5,30,35.37,-3250
16.0,1,35.04,1000
16.0,3,43.56,750
16.0,6,42.34,-500
16.0,7,39.31,1750
16.0,13,42.5,1750
16.0,16,43.64,-2750
16.0,19,39.88,2500
16.0,20,37.61,-3000
16.0,23,43.09,-500
16.0,31,35.49,4500
16.5,1,35.32,-5250
16.5,3,43.33,750
16.5,6,40.42,-500
16.5,7,39.94,1750
16.5,10,35.38,750
16.5,12,35.47,3500
16.5,13,42.37,1750
16.5,16,42.85,-2750
16.5,19,40.79,2750
16.5,23,43.77,-500
16.5,31,35.09,-500
17.0,3,42.18,750
17.0,4,35.42,-5500
17.0,6,41.2,-500
17.0,7,37.82,1750
17.0,10,36.4,750
17.0,11,35.43,-2250
17.0,13,42.31,1750
17.0,16,42.72,-2750
17.0,19,41.93,2500
17.0,20,36.74,-3000
17.0,23,43.92,-500
17.0,28,35.1,3500
17.5,3,43.09,750
17.5,5,35.12,-250
17.5,6,42.03,-500
17.5,7,39.46,1750
17.5,10,35.75,1000
17.5,13,42.56,1750
17.5,16,42.23,-2750
17.5,19,39.38,2500
17.5,20,35.56,-3000
17.5,21,35.32,4250
17.5,22,35.01,-2500
17.5,23,44.38,-500
17.5,27,35.16,-4250
17.5,31,35.23,750
17.5,32,35.31,-1250
18.0,3,42.64,750
18.0,6,42.57,-500
18.0,7,39.19,1750
18.0,13,43.87,1750
18.0,14,35.09,-4250
18.0,16,42.43,-2750
18.0,17,35.2,4750
18.0,18,35.23,5000
18.0,19,38.23,2750
18.0,23,44.33,-500
18.0,31,35.45,4750
18.5,3,43.59,750
18.5,6,42.34,-500
18.5,7,39.01,1750
18.5,9,36.17,4000
18.5,12,35.23,-2000
18.5,13,42.7,1750
18.5,16,43.91,-2750
18.5,19,40.61,2500
18.5,20,36.23,-3000
18.5,22,35.06,-1000
18.5,23,44.08,-500
18.5,26,35.14,-5750
18.5,30,35.87,-3250
18.5,32,35.18,250
19.0,3,42.48,750
19.0,6,41.84,-500
19.0,7,39.9,1750
19.0,10,35.97,750
19.0,11,35.73,4750
19.0,13,42.99,1750
19.0,16,42.87,-2750
19.0,19,38.56,2500
19.0,23,44.08,-500
19.0,27,35.18,-500
19.0,32,35.3,-3500
19.5,3,43.15,750
19.5,6,42.48,-500
19.5,7,39.13,1750
19.5,13,42.79,1750
19.5,14,35.05,0
19.5,15,35.54,0
19.5,16,42.78,-2750
19.5,19,38.69,2750
19.5,20,37.21,-3000
19.5,23,42.7,-500
19.5,30,36.4,-1000
20.0,2,35.72,4250
20.0,3,42.91,750
20.0,4,35.17,3750
20.0,6,41.04,-500
20.0,7,39.91,2000
20.0,10,35.92,750
20.0,13,41.7,1750
20.0,16,42.46,-2750
20.0,19,40.06,2500
20.0,20,35.69,-3000
20.0,22,36.0,0
20.0,23,44.46,-500
20.0,31,36.37,2500
20.5,2,35.31,1500
20.5,3,43.7,750
20.5,5,35.14,750
20.5,6,41.59,-500
20.5,7,37.36,1750
20.5,9,35.21,-2500
20.5,13,42.55,1750
20.5,16,41.97,-2750
20.5,19,39.85,2500
20.5,20,35.89,1500
20.5,23,43.95,-500
20.5,24,35.36,-250
20.5,25,35.02,4750
20.5,27,35.01,1500
20.5,30,35.26,-1500
20.5,31,35.0,-1750
20.5,32,35.33,0
21.0,3,43.02,750
21.0,6,40.42,-500
21.0,7,38.76,1750
21.0,10,35.5,500
21.0,13,44.4,1750
21.0,15,35.01,-3250
21.0,16,42.6,-2750
21.0,19,38.62,2750
21.0,23,43.81,-500
21.0,27,35.13,5500
21.0,29,35.45,-6000
21.0,32,36.55,-4750
21.5,3,43.62,750
21.5,5,35.03,-2000
21.5,6,41.93,-500
21.5,7,39.6,1750
21.5,9,35.02,-3000
21.5,12,35.25,1500
21.5,13,43.0,1750
21.5,15,35.4,3000
21.5,16,43.47,-2750
21.5,19,39.33,2750
21.5,20,35.28,-3000
21.5,23,44.58,-500
21.5,30,35.19,-3250
22.0,3,42.7,750
22.0,4,35.16,-250
22.0,5,35.14,-3000
22.0,6,42.07,-500
22.0,7,40.01,1750
22.0,11,35.18,-2000
22.0,13,43.75,1750
22.0,16,43.23,-2750
22.0,19,39.21,2500
22.0,20,35.32,-3000
22.0,22,35.03,-1500
22.0,23,43.85,-500
22.0,30,37.39,-3250
22.5,3,42.91,750
22.5,6,41.2,-500
22.5,7,39.51,1750
22.5,8,35.83,750
22.5,13,43.51,1750
22.5,15,35.26,-1250
22.5,16,42.37,-2750
22.5,19,38.15,2500
22.5,20,36.16,-3000
22.5,23,43.75,-500
22.5,25,35.1,2750
22.5,27,35.29,-1750
22.5,32,35.12,2250
23.0,3,43.12,750
23.0,6,41.71,-500
23.0,7,37.62,1750
23.0,8,35.18,-3500
23.0,10,35.15,500
23.0,11,35.09,-250
23.0,13,42.65,1750
23.0,14,35.19,1250
23.0,16,43.64,-2750
23.0,18,35.44,5750
23.0,19,38.22,2500
23.0,20,37.09,-3000
23.0,23,44.17,-500
23.5,2,35.93,750
23.5,3,44.15,750
23.5,6,41.63,-500
23.5,7,38.11,2000
23.5,13,43.21,1750
23.5,16,42.53,-2750
23.5,19,39.94,2500
23.5,23,43.87,-500
24.0,2,36.61,-2500
24.0,3,43.61,750
24.0,6,42.36,-500
24.0,7,39.75,1750
24.0,9,35.18,-750
24.0,10,35.11,3750
24.0,12,35.07,750
24.0,13,42.78,1750
24.0,16,43.63,-2750
24.0,18,35.06,-5500
24.0,19,40.47,2500
24.0,20,36.42,-3000
24.0,22,35.46,-5500
24.0,23,43.95,-500
24.0,24,35.37,-5500
24.0,25,35.18,-3000
24.0,30,35.08,-3250
24.0,31,35.66,4500
24.5,3,43.41,750
24.5,6,41.6,-500
24.5,7,41.91,1750
24.5,10,35.23,-250
24.5,13,44.09,1750
24.5,16,42.75,-2750
24.5,18,35.12,4750
24.5,19,40.19,2500
24.5,22,35.19,1750
24.5,23,44.6,-500
24.5,29,35.26,250
24.5,31,35.0,1750
25.0,1,35.02,3000
25.0,3,43.68,750
25.0,6,41.65,-500
25.0,7,39.15,1750
25.0,12,35.49,-250
25.0,13,42.96,1750
25.0,16,42.01,-2750
25.0,19,39.97,2500
25.0,23,43.79,-500
25.0,31,35.57,3500
25.5,3,42.15,750
25.5,6,41.12,-500
25.5,7,39.2,1750
25.5,11,35.13,1750
25.5,13,43.69,1750
25.5,16,43.31,-2750
25.5,19,38.71,2500
25.5,21,35.11,-3750
25.5,23,44.51,-500
25.5,30,37.73,-3250
25.5,31,35.08,3500
26.0,3,44.17,750
26.0,4,35.61,4250
26.0,6,42.58,-500
26.0,7,38.48,1750
26.0,10,35.47,250
26.0,13,42.64,1750
26.0,16,43.41,-2750
26.0,19,38.54,2500
26.0,20,35.39,-3000
26.0,23,44.21,-500
26.0,24,35.01,4250
26.0,28,35.68,-3500
26.5,3,43.59,750
26.5,6,40.77,-500
26.5,7,38.83,1750
26.5,8,35.37,-5500
26.5,13,42.95,1750
26.5,16,43.53,-2750
26.5,19,39.61,2500
26.5,20,35.27,4750
26.5,23,43.91,-500
26.5,30,35.11,3250
27.0,3,43.91,750
27.0,6,41.65,-500
27.0,7,39.04,1750
27.0,8,35.35,0
27.0,10,35.15,750
27.0,13,43.03,1750
27.0,16,43.41,-2750
27.0,17,35.01,-5000
27.0,18,36.16,3500
27.0,19,37.45,2500
27.0,20,35.84,-3000
27.0,23,44.78,-500
27.0,25,35.32,-250
27.0,29,35.27,-4750
27.0,30,35.37,-3250
27.5,3,43.4,750
27.5,6,41.68,-500
27.5,7,38.66,2000
27.5,8,35.12,5000
27.5,10,35.21,500
27.5,13,44.29,1750
27.5,16,43.61,-2750
27.5,17,35.03,4000
27.5,19,39.32,2500
27.5,23,44.05,-500
28.0,3,43.45,750
28.0,6,41.9,-500
28.0,7,38.53,2000
28.0,10,36.19,750
28.0,13,43.71,1750
28.0,16,43.42,-2750
28.0,19,39.39,2500
28.0,20,37.33,-3000
28.0,22,35.08,-3500
28.0,23,44.23,-500
28.5,1,35.12,-6000
28.5,3,42.98,750
28.5,6,39.98,-500
28.5,7,39.58,1750
28.5,9,35.18,0
28.5,12,35.92,5000
28.5,13,43.02,1750
28.5,16,43.34,-2750
28.5,19,38.78,2500
28.5,20,35.34,-3000
28.5,21,35.46,-1500
28.5,23,44.07,-500
28.5,24,35.22,5750
28.5,26,35.03,5500
28.5,29,35.14,3250
28.5,32,35.3,5750
29.0,2,35.29,-1500
29.0,3,43.56,750
29.0,6,42.25,-500
29.0,7,40.0,1750
29.0,9,35.38,2250
29.0,10,36.87,500
29.0,13,43.58,1750
29.0,15,35.71,1250
29.0,16,43.63,-2750
29.0,19,38.77,2500
29.0,23,44.35,-500
29.0,30,35.37,5500
29.0,32,35.48,-2750
29.5,1,35.51,3750
29.5,3,43.77,750
29.5,6,41.32,-500
29.5,7,38.89,1750
29.5,13,42.89,1750
29.5,16,42.68,-2750
29.5,19,37.91,2750
29.5,21,35.8,250
29.5,23,44.74,-500
30.0,3,42.97,750
30.0,4,35.4,-4500
30.0,6,42.56,-500
30.0,7,39.83,1750
30.0,12,35.35,-5500
30.0,13,42.6,1750
30.0,16,43.26,-2750
30.0,19,38.92,2500
30.0,20,35.59,1750
30.0,23,43.2,-500
30.0,25,35.57,-500
30.0,26,35.68,-500
30.0,30,35.52,-3250
30.0,32,35.48,1500
30.5,3,42.27,750
30.5,6,41.81,-500
30.5,7,36.95,2000
30.5,13,43.03,1750
30.5,16,44.05,-2750
30.5,19,38.68,2500
30.5,20,35.46,-3000
30.5,21,35.26,-2250
30.5,23,43.93,-500
31.0,3,42.89,750
31.0,6,41.43,-500
31.0,7,38.2,1750
31.0,9,36.51,1750
31.0,13,43.81,1750
31.0,16,42.81,-2750
31.0,19,39.47,2500
31.0,20,35.83,-3000
31.0,23,44.36,-500
31.0,30,35.55,-3250
31.0,31,35.01,3500
31.0,32,35.32,-4000
31.5,3,43.05,750
31.5,6,42.2,-500
31.5,7,40.6,1750
31.5,13,43.59,1750
31.5,16,43.02,-2750
31.5,19,38.67,2500
31.5,20,36.67,-3000
31.5,23,43.97,-500
31.5,25,35.41,-3000
31.5,28,36.38,-3000
31.5,30,35.94,-4250
32.0,3,43.16,750
32.0,6,41.1,-500
32.0,7,39.04,1750
32.0,11,35.28,5750
32.0,12,35.5,-5250
32.0,13,43.42,1750
32.0,16,42.97,-2750
32.0,18,35.39,-5750
32.0,19,39.01,2500
32.0,20,37.87,-3000
32.0,23,43.45,-500
32.0,31,35.61,-750
32.5,3,42.61,750
32.5,6,41.49,-500
32.5,7,38.96,1750
32.5,8,35.05,-500
32.5,12,35.29,-500
32.5,13,42.47,1750
32.5,16,43.43,-2750
32.5,19,40.72,2500
32.5,22,35.92,750
32.5,23,43.68,-500
32.5,27,36.17,1250
32.5,30,35.18,-3250
33.0,3,43.72,750
33.0,6,42.51,-500
33.0,7,39.47,1750
33.0,13,44.08,1750
33.0,16,42.85,-2750
33.0,19,38.06,2750
33.0,23,44.25,-500
33.0,24,35.36,750
33.0,30,36.14,-3250
33.0,31,35.04,4000
33.5,3,42.69,750
33.5,4,35.28,-5250
33.5,6,42.8,-500
33.5,7,38.1,1750
33.5,8,35.03,-4750
33.5,11,35.2,-3000
33.5,13,44.08,1750
33.5,14,35.43,-4500
33.5,16,43.3,-2750
33.5,19,36.81,2500
33.5,20,35.12,-3000
33.5,23,44.1,-500
33.5,28,35.24,-3250
34.0,2,35.4,2500
34.0,3,42.92,750
34.0,4,35.85,750
34.0,6,41.59,-500
34.0,7,39.13,1750
34.0,10,35.79,500
34.0,11,35.21,-3250
34.0,13,44.02,1750
34.0,16,42.74,-2750
34.0,19,37.92,2750
34.0,20,36.16,-3000
34.0,22,35.48,1750
34.0,23,43.67,-500
34.0,24,35.4,-1250
34.0,30,36.24,-3250
34.0,31,36.07,-3500
34.5,3,43.68,750
34.5,6,41.19,-500
34.5,7,37.23,1750
34.5,13,43.58,1750
34.5,16,43.73,-2750
34.5,19,40.51,2500
34.5,22,35.96,2500
34.5,23,43.43,-500
34.5,30,35.29,1500
35.0,3,41.35,750
35.0,6,40.98,-500
35.0,7,38.92,2000
35.0,13,43.38,1750
35.0,16,42.27,-2750
35.0,17,35.23,1500
35.0,19,38.8,2500
35.0,20,37.11,-3000
35.0,23,44.32,-500
35.5,3,44.08,750
35.5,6,41.97,-500
35.5,7,38.97,1750
35.5,11,35.16,-2250
35.5,13,43.15,1750
35.5,16,43.62,-2750
35.5,19,39.65,2500
35.5,20,35.45,-6000
35.5,23,44.54,-500
35.5,26,35.17,-1750
35.5,27,35.02,-6000
36.0,3,43.38,750
36.0,6,42.79,-500
36.0,7,38.76,1750
36.0,10,35.61,500
36.0,13,42.84,1750
36.0,14,35.16,4500
36.0,16,43.39,-2750
36.0,19,38.99,2750
36.0,20,37.85,-3000
36.0,23,44.19,-500
36.0,27,35.21,-3000
36.0,28,35.14,-1750
36.0,30,35.11,-3250
36.5,3,44.35,750
36.5,6,41.47,-500
36.5,7,39.15,1750
36.5,11,35.96,-6000
36.5,13,42.06,1750
36.5,16,42.63,-2750
36.5,18,35.31,-2250
36.5,19,39.12,2500
36.5,23,44.0,-500
36.5,26,35.27,250
36.5,27,35.07,-5500
37.0,3,43.5,750
37.0,6,41.8,-500
37.0,7,39.49,1750
37.0,10,35.39,2000
37.0,11,35.05,-4500
37.0,13,43.32,1750
37.0,16,43.66,-2750
37.0,19,39.9,2500
37.0,20,37.19,-3000
37.0,23,44.19,-500
37.0,24,35.13,-1000
37.0,26,35.59,-2250
37.0,28,35.88,-3750
37.0,30,35.27,-3250
37.0,32,35.88,-1000
37.5,3,43.37,750
37.5,6,42.28,-500
37.5,7,37.65,1750
37.5,13,43.97,1750
37.5,16,43.03,-2750
37.5,17,35.38,5500
37.5,19,38.59,2500
37.5,20,35.33,-3000
37.5,23,44.35,-500
37.5,24,35.45,-1250
37.5,27,35.83,750
37.5,28,35.39,2500
37.5,30,35.56,-3250
37.5,31,35.1,-4000
38.0,3,43.24,750
38.0,6,42.53,-500
38.0,7,35.04,1750
38.0,13,42.61,1750
38.0,16,43.26,-2750
38.0,19,38.17,2750
38.0,20,36.1,-3000
38.0,21,35.79,5750
38.0,23,44.05,-500
38.0,24,35.87,-3000
38.5,3,43.54,750
38.5,5,35.15,-4500
38.5,6,42.29,-500
38.5,7,36.34,1750
38.5,10,36.92,500
38.5,13,43.43,1750
38.5,14,35.09,-4250
38.5,16,43.78,-2750
38.5,18,35.17,3500
38.5,19,39.43,2500
38.5,20,36.51,-3000
38.5,23,43.98,-500
38.5,24,35.85,1750
38.5,25,35.56,5750
38.5,26,35.48,-6000
39.0,3,43.95,750
39.0,6,41.32,-500
39.0,7,38.45,2000
39.0,13,43.27,1750
39.0,16,43.03,-2750
39.0,19,38.16,2500
39.0,20,36.4,-3000
39.0,22,35.18,2750
39.0,23,45.06,-500
39.0,25,35.06,2750
39.5,3,44.54,750
39.5,6,41.09,-500
39.5,7,38.3,1750
39.5,10,35.21,-2250
39.5,11,35.38,3000
39.5,12,35.1,-1250
39.5,13,42.91,1750
39.5,14,35.24,500
39.5,16,42.92,-2750
39.5,18,35.64,4250
39.5,19,40.5,2500
39.5,20,37.8,-3000
39.5,23,43.85,-500
39.5,25,35.1,750
39.5,26,35.13,3000
39.5,27,35.41,-2750
39.5,31,35.75,-2500
40.0,3,42.31,750
40.0,4,35.43,-5500
40.0,6,41.47,-500
40.0,7,39.61,1750
40.0,10,35.97,-5250
40.0,13,41.73,1750
40.0,16,43.09,-2750
40.0,19,38.22,2500
40.0,20,35.26,-3000
40.0,23,44.53,-500
40.0,24,35.33,750
40.0,25,35.76,5750
40.5,3,43.51,750
40.5,6,41.79,-500
40.5,7,37.21,1750
40.5,13,42.99,1750
40.5,16,42.17,-2750
40.5,19,37.48,2500
40.5,23,43.29,-500
40.5,30,35.69,-3250
41.0,3,43.99,750
41.0,6,41.1,-500
41.0,7,38.62,1750
41.0,10,35.74,2500
41.0,13,42.9,1750
41.0,16,42.94,-2750
41.0,19,40.49,2500
41.0,20,36.26,-3000
41.0,23,43.71,-500
41.0,26,35.26,500
41.0,30,35.26,-4250
41.0,32,35.67,-2250
41.5,2,35.09,5750
41.5,3,43.13,750
41.5,6,41.5,-500
41.5,7,39.21,1750
41.5,8,35.27,500
41.5,9,35.75,4250
41.5,13,44.03,1750
41.5,15,35.09,5500
41.5,16,43.06,-2750
41.5,18,35.28,750
41.5,19,37.78,2500
41.5,23,43.71,-500
41.5,30,35.64,-3250
41.5,31,35.37,-1500
42.0,3,43.03,750
42.0,6,41.17,-500
42.0,7,37.08,2000
42.0,13,42.36,1750
42.0,14,35.05,-1250
42.0,16,43.3,-2750
42.0,17,35.64,-500
42.0,19,38.27,2500
42.0,23,43.3,-500
42.0,28,35.1,-2750
42.0,31,35.04,-5250
42.5,3,42.41,750
42.5,6,40.55,-500
42.5,7,36.31,1750
42.5,10,35.27,750
42.5,12,35.23,-3500
42.5,13,42.55,1750
42.5,16,43.94,-2750
42.5,19,40.24,2500
42.5,20,36.64,-3000
42.5,23,44.85,-500
42.5,24,35.07,-5000
42.5,30,35.7,-3250
43.0,3,42.66,750
43.0,4,35.03,-4500
43.0,6,41.05,-500
43.0,7,37.96,1750
43.0,9,35.53,-5500
43.0,13,43.05,1750
43.0,14,35.09,-250
43.0,16,42.7,-2750
43.0,19,37.78,2750
43.0,20,35.5,-1000
43.0,23,43.74,-500
43.0,24,35.33,-3250
43.0,25,35.07,1000
43.5,2,35.69,-500
43.5,3,42.03,750
43.5,6,41.42,-500
43.5,7,37.78,1750
43.5,8,35.76,-3250
43.5,11,35.59,3500
43.5,13,43.55,1750
43.5,16,42.95,-2750
43.5,17,35.16,-4000
43.5,19,38.43,2500
43.5,20,36.46,-3000
43.5,23,43.94,-500
43.5,27,35.36,5500
43.5,32,35.61,-3000
44.0,2,35.62,-5500
44.0,3,42.06,750
44.0,6,40.81,-500
44.0,7,39.18,1750
44.0,13,40.55,1750
44.0,16,41.58,-2750
44.0,19,39.7,2500
44.0,20,35.72,-3000
44.0,23,43.87,-500
44.0,25,35.45,-1250
44.0,30,36.49,-3250
44.5,3,42.62,750
44.5,6,41.66,-500
44.5,7,38.29,1750
44.5,12,35.29,-4000
44.5,13,43.19,1750
44.5,16,42.98,-2750
44.5,17,35.15,1500
44.5,19,41.0,2500
44.5,20,35.54,-3000
44.5,21,35.71,-4250
44.5,23,43.46,-500
44.5,25,35.38,-4500
44.5,28,35.56,-1250
45.0,1,35.19,5500
45.0,3,43.98,750
45.0,6,41.45,-500
45.0,7,40.07,1750
45.0,13,42.74,1750
45.0,16,43.07,-2750
45.0,17,35.1,4500
45.0,18,35.1,-3000
45.0,19,40.02,2500
45.0,20,37.75,-3000
45.0,23,43.6,-500
45.0,27,35.66,500
45.0,28,35.19,-4500
45.0,29,36.08,3500
45.0,30,35.76,-3250
45.0,32,35.21,1000
45.5,3,43.41,750
45.5,6,42.0,-500
45.5,7,38.33,1750
45.5,13,42.39,1750
45.5,15,35.3,-500
45.5,16,42.69,-2750
45.5,19,39.11,2500
45.5,23,44.64,-500
45.5,26,35.16,2750
45.5,32,35.88,-2000
46.0,3,43.16,750
46.0,6,40.77,-500
46.0,7,39.36,1750
46.0,13,43.68,1750
46.0,16,42.11,-2750
46.0,19,39.36,2500
46.0,23,44.31,-500
46.5,1,35.31,1250
46.5,3,43.09,750
46.5,5,36.65,-1000
46.5,6,41.96,-500
46.5,7,39.57,1750
46.5,13,43.25,1750
46.5,14,35.02,-500
46.5,15,35.14,5000
46.5,16,42.78,-2750
46.5,19,40.63,2500
46.5,22,35.26,1750
46.5,23,44.01,-500
46.5,26,35.02,-4500
46.5,27,35.46,-500
47.0,3,43.67,750
47.0,6,40.72,-500
47.0,7,40.54,1750
47.0,9,35.2,4500
47.0,10,35.29,500
47.0,13,43.15,1750
47.0,16,42.08,-2750
47.0,17,35.15,4000
47.0,19,39.14,2500
47.0,20,35.57,-3000
47.0,23,43.82,-500
47.0,28,35.39,-2250
47.0,30,36.4,-3250
47.5,3,44.11,750
47.5,6,41.63,-500
47.5,7,38.23,1750
47.5,8,35.15,-5250
47.5,13,43.71,1750
47.5,15,35.48,2250
47.5,16,43.11,-2750
47.5,19,37.28,2500
47.5,20,36.2,-3000
47.5,23,44.57,-500
47.5,25,35.19,1500
47.5,26,35.11,-2250
48.0,3,43.26,750
48.0,6,42.34,-500
48.0,7,37.65,2000
48.0,13,41.94,1750
48.0,16,40.85,-2750
48.0,19,39.38,2500
48.0,20,36.73,-3000
48.0,23,44.44,-500
48.0,25,35.02,-500
48.0,29,35.0,-5250
48.0,32,36.34,-3000
48.5,2,35.1,-3750
48.5,3,42.65,750
48.5,6,40.78,-500
48.5,7,38.7,1750
48.5,11,35.1,5750
48.5,13,42.86,1750
48.5,16,42.62,-2750
48.5,19,39.85,2500
48.5,23,44.14,-500
48.5,30,35.94,-3250
48.5,32,35.45,3750
49.0,3,43.55,750
49.0,6,42.15,-500
49.0,7,39.55,1750
49.0,13,42.66,1750
49.0,15,35.01,-1250
49.0,16,42.68,-2750
49.0,17,35.84,-4250
49.0,19,37.21,2500
49.0,21,35.52,-3500
49.0,23,44.77,-500
49.0,25,35.16,0
49.0,28,35.04,1750
49.5,3,43.06,750
49.5,5,35.51,-5000
49.5,6,41.28,-500
49.5,7,38.75,1750
49.5,8,35.39,-2500
49.5,10,35.58,-4250
49.5,13,43.24,1750
49.5,14,36.99,-4250
49.5,16,42.73,-2750
49.5,19,38.1,2500
49.5,20,36.78,-3000
49.5,22,35.22,4000
49.5,23,44.55,-500
49.5,24,36.03,-2500
49.5,25,35.07,2250
49.5,30,35.65,-3250
50.0,3,43.18,750
50.0,5,35.29,1250
50.0,6,41.82,-500
50.0,7,37.47,1750
50.0,8,35.33,2250
50.0,13,42.25,1750
50.0,14,35.07,-1250
50.0,16,42.94,-2750
50.0,19,41.15,2500
50.0,20,36.33,-3000
50.0,23,44.84,-500
50.0,32,35.09,4750
50.5,3,43.49,750
50.5,6,41.55,-500
50.5,7,39.82,1750
50.5,9,35.72,4500
50.5,10,35.53,3000
50.5,13,42.71,1750
50.5,16,43.35,-2750
50.5,19,38.45,2500
50.5,20,36.42,-3000
50.5,23,44.51,-500
50.5,31,35.1,-500
51.0,3,43.44,750
51.0,6,41.47,-500
51.0,7,38.66,1750
51.0,11,35.28,0
51.0,13,43.11,1750
51.0,16,42.94,-2750
51.0,19,39.87,2500
51.0,23,44.77,-500
51.5,3,42.97,750
51.5,6,40.98,-500
51.5,7,38.28,1750
51.5,10,35.36,5500
51.5,11,35.31,-4000
51.5,13,42.68,1750
51.5,16,42.99,-2750
51.5,18,35.02,500
51.5,19,40.38,2500
51.5,20,36.51,-3000
51.5,23,44.31,-500
51.5,25,35.7,5500
51.5,30,35.4,-3250
52.0,3,42.7,750
52.0,5,35.11,-3500
52.0,6,40.92,-500
52.0,7,41.07,1750
52.0,13,43.05,1750
52.0,16,42.8,-2750
52.0,19,38.81,2500
52.0,20,35.83,-5000
52.0,21,35.33,-4250
52.0,23,44.85,-500
52.0,30,37.37,-3250
52.5,2,35.58,-5750
52.5,3,43.73,750
52.5,6,41.41,-500
52.5,7,38.49,1750
52.5,9,35.13,2000
52.5,13,42.98,1750
52.5,16,41.99,-2750
52.5,19,39.89,2500
52.5,21,35.42,4750
52.5,23,44.45,-500
52.5,30,35.85,-3250
53.0,3,43.41,750
53.0,4,35.34,3500
53.0,6,41.24,-500
53.0,7,39.81,1750
53.0,13,44.22,1750
53.0,14,35.31,750
53.0,16,41.73,-2750
53.0,19,38.93,2500
53.0,23,44.13,-500
53.0,31,35.33,500
53.5,3,43.26,750
53.5,6,42.64,-500
53.5,7,38.76,1750
53.5,13,42.61,1750
53.5,15,35.17,-2750
53.5,16,42.33,-2750
53.5,17,35.56,-5250
53.5,19,38.49,2500
53.5,23,44.2,-500
53.5,25,35.45,-5500
53.5,27,35.06,750
53.5,28,35.84,-4000
53.5,30,35.15,-3250
54.0,3,42.72,750
54.0,6,41.13,-500
54.0,7,39.31,1750
54.0,13,43.59,1750
54.0,16,42.06,-2750
54.0,19,39.35,2500
54.0,21,35.03,2500
54.0,23,43.91,-500
54.0,24,35.14,5500
54.0,26,35.03,-2500
54.0,30,37.57,-3250
54.0,32,35.25,-3000
54.5,3,44.23,750
54.5,6,41.54,-500
54.5,7,40.62,1750
54.5,13,42.21,1750
54.5,16,41.48,-2750
54.5,19,39.62,2500
54.5,20,36.33,-3000
54.5,23,44.5,-500
54.5,24,35.22,-5250
54.5,26,35.67,4000
55.0,2,35.93,-5750
55.0,3,42.8,750
55.0,5,35.06,-4750
55.0,6,41.21,-500
55.0,7,38.72,1750
55.0,10,35.16,1750
55.0,13,43.42,1750
55.0,14,35.07,1750
55.0,16,43.74,-2750
55.0,19,40.17,2500
55.0,23,43.66,-500
55.0,25,35.19,-4500
55.5,3,44.08,750
55.5,4,35.26,2500
55.5,6,41.56,-500
55.5,7,39.03,1750
55.5,9,35.24,1250
55.5,11,35.28,500
55.5,12,35.14,-3250
55.5,13,42.7,1750
55.5,16,41.62,-2750
55.5,19,40.75,2500
55.5,20,35.79,-3000
55.5,23,44.41,-500
55.5,25,35.51,5750
55.5,27,35.53,4500
55.5,32,36.08,0
56.0,3,43.45,750
56.0,6,40.4,-500
56.0,7,39.5,1750
56.0,12,35.12,5000
56.0,13,43.04,1750
56.0,16,41.96,-2750
56.0,19,39.85,2500
56.0,23,44.65,-500
56.0,24,35.19,-3000
56.5,3,43.52,750
56.5,5,35.06,0
56.5,6,40.61,-500
56.5,7,38.93,1750
56.5,11,35.48,-1250
56.5,13,43.61,1750
56.5,15,35.58,-3750
56.5,16,42.45,-2750
56.5,19,40.75,2500
56.5,20,35.12,3000
56.5,23,44.31,-500
56.5,27,35.86,-750
57.0,3,43.98,750
57.0,6,40.9,-500
57.0,7,39.69,1750
57.0,13,43.13,1750
57.0,16,42.97,-2750
57.0,19,40.53,2500
57.0,23,43.93,-500
57.5,1,35.26,500
57.5,3,43.38,750
57.5,6,41.15,-500
57.5,7,40.3,1750
57.5,13,43.3,1750
57.5,15,35.1,-1750
57.5,16,41.65,-2750
57.5,18,35.14,0
57.5,19,40.63,2500
57.5,20,35.58,-3000
57.5,23,45.03,-500
57.5,25,35.04,2750
58.0,1,35.3,4250
58.0,2,35.06,500
58.0,3,42.67,750
58.0,6,41.51,-500
58.0,7,41.0,1750
58.0,9,35.18,-3000
58.0,11,35.74,2500
58.0,13,43.34,1750
58.0,16,42.71,-2750
58.0,19,40.39,2500
58.0,23,44.57,-500
58.0,30,35.21,-2000
58.5,3,43.59,750
58.5,5,35.77,1750
58.5,6,40.25,-500
58.5,7,38.47,2000
58.5,9,35.39,-5000
58.5,11,36.18,2000
58.5,12,35.2,-5000
58.5,13,43.01,1750
58.5,16,42.6,-2750
58.5,18,35.39,3000
58.5,19,41.4,2500
58.5,20,37.3,-3000
58.5,21,35.09,2750
58.5,23,44.03,-500
58.5,24,35.37,500
58.5,28,35.17,500
58.5,29,35.03,0
59.0,1,35.4,-4500
59.0,3,42.6,750
59.0,6,41.62,-500
59.0,7,40.62,1750
59.0,11,36.18,2000
59.0,13,43.89,1750
59.0,16,40.98,-2750
59.0,19,36.1,2500
59.0,20,37.13,-3000
59.0,23,44.93,-500
59.0,24,35.51,1250
59.5,3,44.1,750
59.5,6,39.98,-500
59.5,7,39.36,1750
59.5,10,35.37,-4500
59.5,12,35.35,500
59.5,13,42.6,1750
59.5,16,40.66,-2750
59.5,19,40.26,2500
59.5,20,35.34,-3000
59.5,23,43.17,-500
60.0,3,43.84,750
60.0,4,35.39,2750
60.0,5,35.03,5500
60.0,6,40.68,-500
60.0,7,38.79,1750
60.0,13,42.74,1750
60.0,16,41.2,-2750
60.0,19,39.55,2500
60.0,20,35.04,-4500
60.0,23,45.14,-500
60.0,26,35.12,250
60.5,3,43.07,750
60.5,4,35.07,1750
60.5,6,40.91,-500
60.5,7,38.68,1750
60.5,8,35.79,-4000
60.5,9,35.21,-2500
60.5,10,36.12,500
60.5,13,42.77,1750
60.5,16,41.17,-2750
60.5,19,40.63,2500
60.5,23,43.97,-500
60.5,28,35.22,-4500
61.0,2,35.1,-1500
61.0,3,42.65,750
61.0,6,41.29,-500
61.0,7,39.95,1750
61.0,11,35.79,2000
61.0,12,35.08,5750
61.0,13,43.4,1750
61.0,15,36.26,-750
61.0,16,40.72,-2750
61.0,19,39.58,2500
61.0,20,37.31,-3000
61.0,23,45.41,-500
61.5,3,41.94,750
61.5,6,40.06,-500
61.5,7,38.77,1750
61.5,13,43.27,1750
61.5,15,35.17,5500
61.5,16,41.51,-2750
61.5,19,40.34,2500
61.5,20,37.37,-3000
61.5,23,44.41,-500
62.0,3,43.44,750
62.0,6,40.99,-500
62.0,7,39.68,1750
62.0,11,35.93,2000
62.0,12,35.13,-3750
62.0,13,43.03,1750
62.0,14,35.9,-2250
62.0,16,41.36,-2750
62.0,18,35.19,4750
62.0,19,39.13,2500
62.0,20,36.39,-3000
62.0,23,43.77,-500
62.0,24,35.53,4750
62.0,25,35.32,-4500
62.0,32,35.4,3000
62.5,3,41.93,750
62.5,6,40.81,-500
62.5,7,38.46,1750
62.5,8,35.42,500
62.5,13,42.98,1750
62.5,16,41.72,-2750
62.5,19,39.5,2500
62.5,20,37.44,-3000
62.5,23,43.21,-500
62.5,26,35.51,-5500
62.5,32,35.58,-3000
63.0,3,43.03,750
63.0,6,40.11,-500
63.0,7,38.14,1750
63.0,13,43.23,1750
63.0,16,41.93,-2750
63.0,17,35.17,-500
63.0,19,39.69,2500
63.0,20,35.77,-3000
63.0,23,44.42,-500
63.0,28,35.04,2000
63.0,29,35.16,750
63.0,30,36.62,-3250
63.5,3,43.24,750
63.5,4,35.78,500
63.5,5,36.03,2000
63.5,6,40.91,-500
63.5,7,40.75,1750
63.5,10,35.17,-5250
63.5,12,35.09,2000
63.5,13,42.46,1750
63.5,16,42.03,-2750
63.5,19,39.83,2500
63.5,20,36.66,-3000
63.5,23,44.0,-500
64.0,3,42.56,750
64.0,5,35.1,1250
64.0,6,42.47,-500
64.0,7,39.04,1750
64.0,8,36.13,2250
64.0,10,35.85,500
64.0,13,44.01,1750
64.0,14,35.26,3500
64.0,16,41.89,-2750
64.0,18,36.12,3500
64.0,19,38.46,2500
64.0,20,35.25,-3000
64.0,21,35.56,-500
64.0,23,44.64,-500
64.0,26,35.65,4750
64.0,30,35.93,-3250
64.0,32,35.57,-4750
64.5,3,43.06,750
64.5,4,35.2,3500
64.5,5,35.26,-5250
64.5,6,41.24,-500
64.5,7,39.53,2000
64.5,11,35.59,-4000
64.5,13,42.59,1750
64.5,16,42.6,-2750
64.5,17,35.43,4500
64.5,19,40.12,2500
64.5,23,44.45,-500
65.0,1,35.92,-500
65.0,3,43.35,750
65.0,6,41.5,-500
65.0,7,40.21,1750
65.0,13,43.42,1750
65.0,16,41.51,-2750
65.0,19,37.34,2500
65.0,20,37.06,-3000
65.0,23,44.82,-500
65.5,3,42.55,750
65.5,6,40.91,-500
65.5,7,37.6,1750
65.5,9,35.14,-750
65.5,13,42.49,1750
65.5,14,35.53,2250
65.5,16,41.36,-2750
65.5,18,35.2,5000
65.5,19,38.62,2500
65.5,20,36.77,-3000
65.5,23,44.47,-500
65.5,24,35.19,-5750
65.5,29,35.27,-4750
65.5,30,35.65,2750
66.0,2,35.13,-1750
66.0,3,42.14,750
66.0,4,35.01,-3250
66.0,6,42.02,-500
66.0,7,38.92,1750
66.0,10,35.56,-5500
66.0,13,43.42,1750
66.0,16,41.91,-2750
66.0,19,36.85,2750
66.0,20,35.13,-3000
66.0,22,35.01,3500
66.0,23,43.94,-500
66.0,32,35.09,-5000
66.5,3,43.44,750
66.5,5,35.43,1750
66.5,6,40.5,-500
66.5,7,40.04,1750
66.5,8,35.15,2250
66.5,11,35.01,-5250
66.5,13,43.89,1750
66.5,15,35.7,4250
66.5,16,41.9,-2750
66.5,19,38.71,2500
66.5,20,36.49,-3000
66.5,23,44.88,-500
67.0,3,43.33,750
67.0,6,41.73,-500
67.0,7,38.95,1750
67.0,8,35.26,2250
67.0,13,41.73,1750
67.0,16,41.24,-2750
67.0,19,38.22,2500
67.0,20,35.15,-5500
67.0,23,44.14,-500
67.0,29,35.18,-2250
67.0,32,35.01,-250
67.5,2,35.23,0
67.5,3,43.33,750
67.5,6,40.96,-500
67.5,7,36.76,1750
67.5,13,44.15,1750
67.5,14,35.24,4500
67.5,16,41.87,-2750
67.5,19,40.01,2500
67.5,23,43.79,-500
67.5,29,35.3,-500
68.0,3,43.75,750
68.0,4,35.01,-3250
68.0,5,35.02,5000
68.0,6,40.9,-500
68.0,7,38.62,1750
68.0,11,35.07,-5750
68.0,13,42.64,1750
68.0,16,41.61,-2750
68.0,19,38.61,2500
68.0,20,35.79,-3000
68.0,23,44.49,-500
68.0,31,35.26,-1500
68.0,32,35.47,-3000
68.5,3,43.51,750
68.5,5,35.58,2250
68.5,6,41.32,-500
68.5,7,38.01,1750
68.5,10,36.14,500
68.5,12,35.34,-2750
68.5,13,43.29,1750
68.5,16,42.04,-2750
68.5,19,39.64,2500
68.5,20,35.26,-3000
68.5,22,35.04,5500
68.5,23,44.17,-500
68.5,27,35.51,-750
68.5,30,36.88,-3250
69.0,1,35.05,1500
69.0,2,35.02,3000
69.0,3,43.4,750
69.0,6,42.68,-500
69.0,7,39.95,1750
69.0,8,35.49,4750
69.0,13,43.96,1750
69.0,16,41.13,-2750
69.0,19,38.24,2500
69.0,20,36.19,-3000
69.0,23,44.01,-500
69.0,26,35.03,3500
69.0,28,35.1,-2500
69.0,30,35.02,-3250
69.0,31,35.2,5000
69.0,32,35.51,-3000
69.5,3,42.03,750
69.5,4,35.13,-2000
69.5,6,40.84,-500
69.5,7,38.36,1750
69.5,13,43.77,1750
69.5,16,42.01,-2750
69.5,19,39.69,2500
69.5,20,36.05,-3000
69.5,23,43.8,-500
69.5,24,35.48,3000
69.5,28,35.14,-6000
69.5,30,35.73,-3250
70.0,3,43.2,750
70.0,6,40.77,-500
70.0,7,39.25,1750
70.0,9,35.74,5500
70.0,10,35.12,3000
70.0,13,42.97,1750
70.0,14,35.39,-1000
70.0,16,41.36,-2750
70.0,18,35.6,2000
70.0,19,40.52,2500
70.0,20,37.32,-3000
70.0,21,35.17,-6000
70.0,23,43.6,-500
70.0,29,35.04,1250
70.5,3,43.17,750
70.5,6,40.52,-500
70.5,7,39.95,1750
70.5,9,35.18,-4000
70.5,13,42.56,1750
70.5,16,42.25,-2750
70.5,19,40.11,2500
70.5,20,36.36,-3000
70.5,23,43.81,-500
70.5,26,35.1,5500
70.5,32,36.28,3250
71.0,3,43.57,750
71.0,6,41.19,-500
71.0,7,38.75,1750
71.0,12,35.38,-5500
71.0,13,43.09,1750
71.0,16,41.59,-2750
71.0,19,39.6,2500
71.0,20,36.77,-3000
71.0,22,35.43,-1500
71.0,23,44.29,-500
71.0,28,35.04,4750
71.0,30,37.04,-3250
71.5,3,42.57,750
71.5,5,35.07,2750
71.5,6,40.0,-500
71.5,7,40.8,1750
71.5,13,43.15,1750
71.5,16,42.47,-2750
71.5,19,39.31,2500
71.5,20,35.8,-3000
71.5,21,35.06,-1500
71.5,23,44.38,-500
71.5,24,35.01,3750
71.5,29,35.16,-2000
71.5,31,35.08,4750
72.0,2,35.28,-3500
72.0,3,43.87,750
72.0,6,41.37,-500
72.0,7,39.24,1750
72.0,9,35.09,-5000
72.0,13,42.16,1750
72.0,14,35.97,-3750
72.0,16,41.86,-2750
72.0,17,35.1,5000
72.0,19,41.39,2500
72.0,20,37.34,-3000
72.0,22,35.06,750
72.0,23,44.33,-500
72.0,30,35.12,2000
72.0,32,35.16,-250
72.5,3,42.34,750
72.5,6,39.96,-500
72.5,7,36.94,1750
72.5,8,35.18,750
72.5,9,35.05,3500
72.5,13,42.28,1750
72.5,16,41.63,-2750
72.5,19,40.1,2500
72.5,20,37.49,-3000
72.5,23,43.92,-500
72.5,30,35.28,-3250
73.0,1,36.26,-3750
73.0,3,44.06,750
73.0,6,40.95,-500
73.0,7,38.97,1750
73.0,10,35.61,750
73.0,11,35.13,-4000
73.0,13,42.66,1750
73.0,16,41.49,-2750
73.0,19,38.76,2500
73.0,20,38.41,-3000
73.0,22,35.3,4250
73.0,23,45.28,-500
73.0,27,35.54,-1750
73.0,30,35.12,-3250
73.5,3,43.89,750
73.5,6,39.94,-500
73.5,7,38.65,1750
73.5,10,35.32,500
73.5,13,42.9,1750
73.5,16,41.85,-2750
73.5,19,39.69,2500
73.5,20,36.68,-3000
73.5,23,44.29,-500
73.5,24,35.01,3000
73.5,31,35.3,-4000
74.0,3,43.59,750
74.0,4,35.74,1750
74.0,5,35.31,-250
74.0,6,40.99,-500
74.0,7,38.26,1750
74.0,8,35.17,4250
74.0,9,35.19,1500
74.0,10,35.35,-4500
74.0,11,35.11,-3750
74.0,13,42.78,1750
74.0,16,41.98,-2750
74.0,19,39.69,2500
74.0,20,38.38,-3000
74.0,23,44.61,-500
74.0,26,35.19,4750
74.5,2,35.53,-4750
74.5,3,43.24,750
74.5,5,35.1,5250
74.5,6,42.15,-500
74.5,7,38.26,1750
74.5,10,36.34,500
74.5,13,43.77,1750
74.5,15,35.87,2750
74.5,16,40.76,-2750
74.5,19,38.13,2500
74.5,20,38.5,-3000
74.5,23,44.95,-500
75.0,2,35.48,1000
75.0,3,43.5,750
75.0,4,35.03,-3250
75.0,6,40.61,-500
75.0,7,38.87,1750
75.0,11,35.46,-1500
75.0,13,43.44,1750
75.0,16,42.2,-2750
75.0,19,39.61,2500
75.0,22,35.47,0
75.0,23,44.36,-500
75.0,26,35.0,-2250
75.0,30,35.21,-3250
75.5,1,36.48,4250
75.5,2,35.98,4500
75.5,3,43.94,750
75.5,4,35.1,-3000
75.5,6,39.9,-500
75.5,7,39.43,1750
75.5,10,35.2,500
75.5,13,43.21,1750
75.5,16,41.42,-2750
75.5,17,35.31,-5750
75.5,19,39.68,2500
75.5,20,36.37,-3000
75.5,23,45.03,-500
75.5,24,35.5,-3500
75.5,26,35.31,750
75.5,32,35.78,-3000
76.0,3,43.71,750
76.0,6,40.07,-500
76.0,7,40.12,1750
76.0,10,35.18,-4750
76.0,11,35.1,-250
76.0,13,43.92,1750
76.0,16,40.71,-2750
76.0,19,39.49,2500
76.0,20,36.53,-3000
76.0,23,44.41,-500
76.0,24,35.35,5500
76.5,3,43.9,750
76.5,6,40.94,-500
76.5,7,37.47,1750
76.5,12,35.78,-3000
76.5,13,43.39,1750
76.5,16,41.19,-2750
76.5,17,35.12,2500
76.5,18,35.42,-4500
76.5,19,40.96,2500
76.5,20,37.56,-3000
76.5,21,35.52,0
76.5,23,45.42,-500
76.5,27,35.57,-2500
77.0,3,43.43,750
77.0,4,35.25,-3750
77.0,6,40.81,-500
77.0,7,39.54,1750
77.0,8,35.5,2250
77.0,13,43.16,1750
77.0,16,41.72,-2750
77.0,18,35.7,-6000
77.0,19,37.2,2500
77.0,20,38.41,-3000
77.0,23,44.45,-500
77.0,28,35.74,1750
77.5,3,44.24,750
77.5,5,35.35,0
77.5,6,39.55,-500
77.5,7,37.17,1750
77.5,10,35.05,-4500
77.5,13,43.6,1750
77.5,16,41.08,-2750
77.5,17,35.09,-3250
77.5,19,39.63,2500
77.5,20,36.36,-3000
77.5,23,44.09,-500
77.5,26,35.07,0
77.5,28,35.06,-3250
78.0,3,43.61,750
78.0,5,35.12,4750
78.0,6,40.73,-500
78.0,7,40.94,1750
78.0,10,36.38,500
78.0,13,43.7,1750
78.0,16,43.02,-2750
78.0,19,40.17,2500
78.0,20,36.76,-3000
78.0,23,44.16,-500
78.5,2,35.41,-5500
78.5,3,42.93,750
78.5,4,35.55,-5250
78.5,6,41.83,-500
78.5,7,40.98,1750
78.5,13,43.53,1750
78.5,16,42.27,-2750
78.5,17,35.29,750
78.5,19,40.19,2500
78.5,22,35.65,3000
78.5,23,43.68,-500
78.5,30,35.03,-3250
79.0,1,35.7,-2000
79.0,3,43.21,750
79.0,6,41.53,-500
79.0,7,38.6,1750
79.0,13,43.65,1750
79.0,14,35.1,2750
79.0,16,41.48,-2750
79.0,19,39.7,2500
79.0,20,37.04,-3000
79.0,23,43.67,-500
79.0,24,35.09,5750
79.0,26,35.29,-5250
79.0,28,35.65,-500
79.0,29,35.06,1250
79.0,32,35.57,5750
79.5,1,35.31,-5500
79.5,3,43.61,750
79.5,4,35.25,-6000
79.5,5,35.2,-2500
79.5,6,41.4,-500
79.5,7,39.74,1750
79.5,10,35.25,3250
79.5,13,43.51,1750
79.5,16,42.21,-2750
79.5,19,40.24,2500
79.5,20,36.24,-3000
79.5,21,35.25,-5750
79.5,23,44.51,-500
79.5,29,35.31,1000
79.5,30,35.81,-3250
80.0,3,43.75,750
80.0,6,40.3,-500
80.0,7,37.45,1750
80.0,13,44.25,1750
80.0,16,42.0,-2750
80.0,19,39.47,2500
80.0,20,37.92,-3000
80.0,23,44.25,-500
80.0,27,35.08,-2500
80.0,28,35.42,-5250
80.0,30,35.39,0
80.5,2,35.18,1750
80.5,3,42.79,750
80.5,5,35.04,-1250
80.5,6,39.31,-500
80.5,7,39.71,1750
80.5,8,35.04,-500
80.5,10,36.13,750
80.5,11,35.44,-1000
80.5,12,35.74,5750
80.5,13,43.43,1750
80.5,15,35.07,-2500
80.5,16,42.09,-2750
80.5,19,40.95,2500
80.5,20,35.69,-2750
80.5,23,44.12,-500
80.5,30,35.65,750
81.0,3,43.66,750
81.0,4,35.33,2000
81.0,6,39.88,-500
81.0,7,37.94,1750
81.0,10,35.29,500
81.0,13,43.21,1750
81.0,16,41.93,-2750
81.0,19,41.1,2500
81.0,21,35.31,2250
81.0,23,43.78,-500
81.0,30,37.36,-3250
81.0,31,35.33,5000
81.5,3,43.69,750
81.5,6,41.58,-500
81.5,7,37.04,2000
81.5,10,35.69,500
81.5,11,35.0,-500
81.5,13,43.03,1750
81.5,16,41.79,-2750
81.5,17,35.57,4250
81.5,18,35.01,-1250
81.5,19,40.26,2500
81.5,20,35.51,-3000
81.5,23,43.75,-500
81.5,24,35.92,1000
81.5,25,35.4,250
82.0,2,35.22,-5250
82.0,3,43.49,750
82.0,6,40.81,-500
82.0,7,40.8,1750
82.0,9,35.54,5500
82.0,11,35.4,-1000
82.0,13,43.03,1750
82.0,16,43.16,-2750
82.0,19,39.26,2500
82.0,23,44.71,-500
82.0,30,38.05,-3250
82.0,31,35.15,5500
82.5,3,43.24,750
82.5,6,40.92,-500
82.5,7,38.51,1750
82.5,10,35.61,500
82.5,13,43.16,1750
82.5,16,42.46,-2750
82.5,18,35.29,-3000
82.5,19,38.1,2500
82.5,23,44.06,-500
82.5,30,35.1,-3250
83.0,3,43.01,750
83.0,6,40.73,-500
83.0,7,37.39,1750
83.0,10,35.25,500
83.0,13,43.48,1750
83.0,16,42.04,-2750
83.0,19,40.18,2500
83.0,20,36.87,-3000
83.0,23,44.55,-500
83.0,25,35.72,-1750
83.0,30,36.17,-3250
83.0,32,35.03,-4000
83.5,3,43.42,750
83.5,6,40.43,-500
83.5,7,36.31,1750
83.5,13,43.11,1750
83.5,16,42.91,-2750
83.5,19,40.09,2500
83.5,23,44.12,-500
83.5,25,35.23,1500
83.5,31,35.07,-4500
83.5,32,36.05,-3000
84.0,3,43.56,750
84.0,6,41.47,-500
84.0,7,37.36,1750
84.0,10,35.75,500
84.0,13,42.34,1750
84.0,16,43.11,-2750
84.0,19,40.45,2500
84.0,20,36.88,-3000
84.0,23,44.21,-500
84.0,30,36.62,-3250
84.0,32,35.13,-3250
84.5,3,43.51,750
84.5,6,40.83,-500
84.5,7,39.29,1750
84.5,10,35.12,4500
84.5,13,44.14,1750
84.5,16,42.91,-2750
84.5,19,39.34,2500
84.5,20,35.44,-5750
84.5,23,43.26,-500
84.5,28,35.46,2750
84.5,30,35.24,-3250
84.5,31,35.74,-5250
85.0,3,43.36,750
85.0,6,41.0,-500
85.0,7,38.25,1750
85.0,12,35.02,-1000
85.0,13,42.98,1750
85.0,14,35.14,-500
85.0,16,43.53,-2750
85.0,19,40.08,2500
85.0,23,44.85,-500
85.0,30,35.88,-3250
85.5,3,44.15,750
85.5,6,41.67,-500
85.5,7,37.51,1750
85.5,10,35.92,500
85.5,13,43.94,1750
85.5,16,42.21,-2750
85.5,19,40.76,2500
85.5,23,44.33,-500
85.5,27,36.16,2000
85.5,28,35.26,-5250
85.5,30,35.51,-3250
86.0,3,44.11,750
86.0,6,40.15,-500
86.0,7,39.77,1750
86.0,13,42.56,1750
86.0,16,41.74,-2750
86.0,19,40.29,2500
86.0,23,43.36,-500
86.0,32,35.52,250
86.5,3,43.32,750
86.5,6,40.29,-500
86.5,7,36.39,1750
86.5,13,42.2,1750
86.5,14,35.12,3000
86.5,16,41.66,-2750
86.5,19,40.07,2500
86.5,20,35.21,-3000
86.5,23,44.95,-500
86.5,30,35.6,-3250
87.0,3,42.71,750
87.0,6,41.08,-500
87.0,7,38.64,1750
87.0,13,43.09,1750
87.0,16,41.95,-2750
87.0,18,36.13,1750
87.0,19,39.88,2500
87.0,20,36.17,-3000
87.0,23,43.75,-500
87.0,30,36.46,-3250
87.5,3,43.8,750
87.5,6,40.79,-500
87.5,7,36.93,2000
87.5,10,36.49,500
87.5,13,43.02,1750
87.5,16,42.09,-2750
87.5,19,39.59,2500
87.5,20,35.33,-3000
87.5,23,43.63,-500
87.5,25,35.6,-1500
87.5,30,35.89,-3250
88.0,3,43.81,750
88.0,5,35.9,0
88.0,6,39.86,-500
88.0,7,37.81,1750
88.0,13,42.96,1750
88.0,14,35.2,-4000
88.0,16,42.11,-2750
88.0,19,40.74,2500
88.0,20,37.74,-3000
88.0,23,45.15,-500
88.0,25,35.43,-5250
88.0,27,35.24,-5250
88.0,28,36.24,4750
88.0,30,35.4,-3250
88.0,32,35.11,-5250
88.5,3,43.71,750
88.5,6,41.42,-500
88.5,7,38.32,1750
88.5,12,35.14,750
88.5,13,42.24,1750
88.5,16,43.3,-2750
88.5,18,35.13,0
88.5,19,39.0,2500
88.5,23,44.36,-500
88.5,29,35.82,0
89.0,1,35.32,-3500
89.0,3,43.96,750
89.0,5,35.52,5500
89.0,6,39.03,-500
89.0,7,39.41,2000
89.0,9,35.18,4000
89.0,13,42.34,1750
89.0,16,42.48,-2750
89.0,19,39.11,2500
89.0,23,44.46,-500
89.5,3,43.21,750
89.5,6,40.96,-500
89.5,7,39.01,1750
89.5,11,36.0,2000
89.5,12,35.2,1750
89.5,13,43.48,1750
89.5,16,42.44,-2750
89.5,19,41.27,2500
89.5,20,35.27,-1750
89.5,23,44.02,-500
90.0,1,35.46,1500
90.0,3,44.33,750
90.0,6,40.6,-500
90.0,7,39.63,1750
90.0,10,37.25,500
90.0,11,35.2,-5500
90.0,13,43.93,1750
90.0,16,42.65,-2750
90.0,17,35.07,-5250
90.0,18,35.19,2500
90.0,19,39.22,2500
90.0,22,35.14,5000
90.0,23,44.6,-500
90.0,30,37.44,-3250
90.0,31,36.02,3250
90.5,3,43.41,750
90.5,6,40.44,-500
90.5,7,38.93,1750
90.5,13,43.99,1750
90.5,15,35.57,2500
90.5,16,42.81,-2750
90.5,19,38.45,2500
90.5,20,35.67,-3000
90.5,23,44.65,-500
90.5,26,35.1,-2250
90.5,27,35.22,2750
91.0,3,43.79,750
91.0,4,35.91,3750
91.0,6,40.66,-500
91.0,7,37.85,1750
91.0,11,35.04,-5000
91.0,13,42.3,1750
91.0,14,35.56,-4500
91.0,16,41.32,-2750
91.0,19,39.43,2500
91.0,22,35.06,-1750
91.0,23,44.85,-500
91.0,26,35.23,-4500
91.0,28,35.78,4250
91.0,31,35.46,-2750
91.5,3,44.54,750
91.5,6,40.34,-500
91.5,7,36.93,1750
91.5,8,35.2,5750
91.5,10,36.03,500
91.5,13,42.82,1750
91.5,16,42.07,-2750
91.5,19,39.97,2500
91.5,20,36.03,-3000
91.5,23,43.64,-500
91.5,28,35.7,1000
91.5,30,36.38,-3250
92.0,3,42.6,750
92.0,5,35.72,-2500
92.0,6,39.85,-500
92.0,7,38.7,1750
92.0,13,43.05,1750
92.0,16,41.98,-2750
92.0,19,41.18,2500
92.0,23,45.08,-500
92.0,25,36.54,-5000
92.0,27,35.26,5250
92.0,28,35.03,750
92.5,3,43.5,750
92.5,5,35.46,-500
92.5,6,40.05,-500
92.5,7,39.73,1750
92.5,10,37.23,500
92.5,11,35.25,2000
92.5,13,43.83,1750
92.5,14,35.11,-250
92.5,16,39.64,-2750
92.5,19,38.92,2500
92.5,23,44.03,-500
92.5,24,35.14,2500
92.5,30,35.53,-1000
93.0,2,35.13,-250
93.0,3,44.17,750
93.0,6,41.19,-500
93.0,7,37.22,1750
93.0,13,43.81,1750
93.0,16,41.73,-2750
93.0,19,41.22,2500
93.0,23,43.73,-500
93.0,30,36.51,-3250
93.5,3,42.76,750
93.5,6,40.91,-500
93.5,7,36.76,2000
93.5,9,35.9,5000
93.5,13,42.63,1750
93.5,16,43.13,-2750
93.5,17,35.04,-6000
93.5,19,40.77,2500
93.5,20,35.54,1500
93.5,23,44.68,-500
93.5,29,35.82,0
93.5,30,35.89,-3250
94.0,3,43.59,750
94.0,6,40.67,-500
94.0,7,39.33,1750
94.0,11,35.03,5500
94.0,13,42.07,1750
94.0,16,42.14,-2750
94.0,19,40.04,2500
94.0,23,44.47,-500
94.0,31,35.26,5250
94.5,2,35.09,3500
94.5,3,42.8,750
94.5,6,41.44,-500
94.5,7,36.41,1750
94.5,9,35.02,-1500
94.5,10,35.91,500
94.5,13,43.11,1750
94.5,16,40.5,-2750
94.5,19,40.14,2500
94.5,20,36.12,-3000
94.5,23,44.07,-500
94.5,27,35.24,3250
94.5,28,35.1,-250
94.5,31,35.77,1000
95.0,3,43.45,750
95.0,4,35.33,1750
95.0,6,41.46,-500
95.0,7,39.44,1750
95.0,11,35.65,2000
95.0,13,42.69,1750
95.0,16,42.59,-2750
95.0,18,35.19,4500
95.0,19,41.01,2500
95.0,20,38.14,-3000
95.0,23,43.66,-500
95.0,26,35.01,-1250
95.0,30,35.03,-3250
95.5,3,44.49,750
95.5,6,40.74,-500
95.5,7,36.23,1750
95.5,10,35.79,1000
95.5,11,35.41,2000
95.5,13,43.79,1750
95.5,16,42.16,-2750
95.5,19,40.02,2500
95.5,20,35.59,-3000
95.5,23,44.47,-500
95.5,30,38.62,-3250
95.5,32,35.19,-2500
96.0,3,43.71,750
96.0,6,39.71,-500
96.0,7,35.57,1750
96.0,10,35.78,500
96.0,12,35.27,-3000
96.0,13,43.31,1750
96.0,16,41.2,-2750
96.0,19,39.02,2500
96.0,20,36.89,-3000
96.0,23,45.36,-500
96.0,25,35.12,2500
96.0,27,35.39,1500
96.5,3,41.64,750
96.5,6,39.88,-500
96.5,7,36.95,1750
96.5,12,35.02,2000
96.5,13,42.63,1750
96.5,16,43.52,-2750
96.5,17,35.69,0
96.5,19,38.48,2500
96.5,20,35.75,-3000
96.5,23,44.74,-500
96.5,25,35.69,-4250
96.5,30,36.79,-3250
97.0,3,43.51,750
97.0,6,40.8,-500
97.0,7,37.67,1750
97.0,9,35.58,-5250
97.0,10,35.45,750
97.0,12,35.45,3750
97.0,13,43.65,1750
97.0,16,42.01,-2750
97.0,19,39.6,2500
97.0,23,44.55,-500
97.0,24,35.33,-4000
97.0,29,35.22,-3000
97.0,30,36.92,-3250
97.5,3,44.4,750
97.5,4,35.17,-5500
97.5,5,35.58,3000
97.5,6,41.3,-500
97.5,7,38.86,1750
97.5,11,35.23,2000
97.5,13,42.59,1750
97.5,15,35.23,-5000
97.5,16,42.82,-2750
97.5,19,40.16,2500
97.5,20,35.41,-6000
97.5,22,35.24,-1250
97.5,23,44.59,-500
97.5,30,35.93,-3250
98.0,3,42.54,750
98.0,6,40.53,-500
98.0,7,37.89,1750
98.0,10,36.92,500
98.0,11,35.15,5750
98.0,13,42.79,1750
98.0,16,42.73,-2750
98.0,19,38.72,2500
98.0,20,37.4,-3000
98.0,23,44.46,-500
98.0,30,35.41,-3250
98.5,3,43.32,750
98.5,6,39.95,-500
98.5,7,38.71,1750
98.5,8,36.22,2250
98.5,13,43.62,1750
98.5,16,42.34,-2750
98.5,19,39.77,2500
98.5,20,35.36,2500
98.5,23,44.43,-500
98.5,29,35.66,5000
98.5,30,35.14,-1250
99.0,3,43.16,750
99.0,4,35.13,-5500
99.0,6,41.68,-500
99.0,7,39.46,1750
99.0,13,43.36,1750
99.0,16,41.98,-2750
99.0,17,35.18,-1000
99.0,18,35.1,-1250
99.0,19,39.29,2500
99.0,20,35.65,-3000
99.0,23,44.67,-500
99.0,24,35.29,4500
99.0,30,36.0,-3250
99.5,3,43.37,750
99.5,5,35.15,3500
99.5,6,40.24,-500
99.5,7,37.92,1750
99.5,13,43.23,1750
99.5,16,42.74,-2750
99.5,19,40.34,2500
99.5,20,35.79,-3000
99.5,21,35.01,0
99.5,23,44.03,-500
99.5,30,37.66,-3250
100.0,3,42.83,750
100.0,5,35.01,4500
100.0,6,40.44,-500
100.0,7,38.93,1750
100.0,8,36.55,2250
100.0,11,35.93,2000
100.0,12,35.42,-6000
100.0,13,43.78,1750
100.0,15,35.05,-4000
100.0,16,43.12,-2750
100.0,19,39.52,2500
100.0,22,35.23,-5750
100.0,23,44.3,-500
100.0,25,35.59,-500
100.0,30,35.02,3000
100.5,3,43.41,750
100.5,4,35.59,5500
100.5,6,39.34,-500
100.5,7,37.15,1750
100.5,13,43.71,1750
100.5,15,35.27,-250
100.5,16,42.96,-2750
100.5,17,35.03,-4000
100.5,19,39.45,2500
100.5,20,37.15,-3000
100.5,23,44.13,-500
101.0,3,43.11,750
101.0,6,40.07,-500
101.0,7,36.96,1750
101.0,10,36.78,500
101.0,13,43.78,1750
101.0,16,42.16,-2750
101.0,19,39.95,2500
101.0,20,37.06,-3000
101.0,23,44.62,-500
101.0,27,35.34,1000
101.0,30,35.2,-3500
101.5,3,43.17,750
101.5,6,38.81,-500
101.5,7,37.83,1750
101.5,10,37.67,500
101.5,12,35.77,-5250
101.5,13,43.2,1750
101.5,14,36.43,1000
101.5,16,41.95,-2750
101.5,19,40.15,2500
101.5,23,44.5,-500
101.5,30,36.53,5500
102.0,1,35.44,-2000
102.0,3,43.44,750
102.0,6,40.68,-500
102.0,7,38.93,1750
102.0,8,35.26,250
102.0,9,35.45,-5750
102.0,13,43.34,1750
102.0,16,41.9,-2750
102.0,19,40.15,2500
102.0,20,36.01,4500
102.0,23,44.25,-500
102.0,30,35.45,-3250
102.0,31,35.55,5000
102.5,3,43.51,750
102.5,5,35.39,3000
102.5,6,41.07,-500
102.5,7,38.27,1750
102.5,11,35.3,-4000
102.5,13,43.13,1750
102.5,16,42.18,-2750
102.5,19,40.17,2500
102.5,20,35.29,4500
102.5,23,44.16,-500
102.5,25,35.04,750
102.5,27,35.02,-4250
103.0,3,43.62,750
103.0,6,39.67,-500
103.0,7,38.66,1750
103.0,8,36.0,4750
103.0,10,35.07,-5250
103.0,13,43.99,1750
103.0,16,42.42,-2750
103.0,19,38.34,2500
103.0,21,35.21,1500
103.0,22,35.25,3750
103.0,23,44.31,-500
103.0,26,35.35,-750
103.0,30,35.16,-3250
103.5,3,43.15,750
103.5,6,39.6,-500
103.5,7,38.64,1750
103.5,10,35.5,-4750
103.5,13,44.17,1750
103.5,14,35.12,5000
103.5,16,40.7,-2750
103.5,19,39.12,2500
103.5,20,35.7,-3000
103.5,23,44.53,-500
103.5,26,35.32,5500
103.5,30,36.12,-3250
104.0,3,43.12,750
104.0,4,35.54,-2250
104.0,6,41.63,-500
104.0,7,39.17,1750
104.0,8,35.31,-2000
104.0,13,43.72,1750
104.0,14,35.49,-1500
104.0,16,41.44,-2750
104.0,19,38.79,2500
104.0,22,35.64,1250
104.0,23,45.66,-500
104.0,26,35.08,1750
104.0,29,35.2,4250
104.0,32,35.2,1250
104.5,3,42.14,750
104.5,6,40.69,-500
104.5,7,38.0,1750
104.5,10,35.79,500
104.5,13,43.3,1750
104.5,16,43.17,-2750
104.5,17,35.19,-5250
104.5,19,40.31,2500
104.5,20,37.52,-3000
104.5,21,35.3,-2250
104.5,23,44.6,-500
104.5,29,35.1,-750
105.0,3,43.48,750
105.0,6,41.13,-500
105.0,7,38.75,1750
105.0,8,35.35,-4500
105.0,13,44.26,1750
105.0,16,42.06,-2750
105.0,19,40.27,2500
105.0,20,36.68,-3000
105.0,21,35.05,2750
105.0,23,43.56,-500
105.5,1,35.26,-4000
105.5,3,44.01,750
105.5,6,39.88,-500
105.5,7,38.56,1750
105.5,12,35.08,4750
105.5,13,43.67,1750
105.5,16,42.26,-2750
105.5,19,39.86,2500
105.5,23,44.51,-500
105.5,30,35.06,-3250
106.0,3,42.46,750
106.0,4,35.41,-2000
106.0,6,41.44,-500
106.0,7,38.24,1750
106.0,10,35.15,500
106.0,13,43.42,1750
106.0,16,42.99,-2750
106.0,17,35.24,-2250
106.0,19,40.18,2500
106.0,20,37.04,-3000
106.0,23,44.43,-500
106.0,30,36.66,-3250
106.5,3,43.12,750
106.5,6,40.65,-500
106.5,7,39.68,1750
106.5,8,35.66,2000
106.5,11,35.56,3500
106.5,12,35.36,-4500
106.5,13,43.91,1750
106.5,14,35.17,2250
106.5,16,42.32,-2750
106.5,18,35.07,-3500
106.5,19,38.33,2500
106.5,20,35.01,-4750
106.5,22,35.57,-1250
106.5,23,44.49,-500
106.5,30,36.45,-3250
107.0,3,42.04,750
107.0,6,41.83,-500
107.0,7,38.94,1750
107.0,13,43.73,1750
107.0,16,42.4,-2750
107.0,17,35.69,-4750
107.0,19,39.99,2500
107.0,20,35.85,-3000
107.0,23,44.6,-500
107.0,29,35.39,2500
107.5,3,42.36,750
107.5,6,41.83,-500
107.5,7,38.49,1750
107.5,13,43.4,1750
107.5,16,42.5,-2750
107.5,19,39.22,2500
107.5,23,45.06,-500
107.5,25,35.75,1750
107.5,27,35.06,4500
108.0,3,42.25,750
108.0,4,35.01,-5000
108.0,6,40.94,-500
108.0,7,38.41,1750
108.0,9,35.26,-250
108.0,13,44.46,1750
108.0,16,42.61,-2750
108.0,19,40.44,2500
108.0,23,44.83,-500
108.0,24,35.15,-6000
108.0,30,35.1,-250
108.5,3,42.43,750
108.5,4,35.41,3500
108.5,6,41.45,-500
108.5,7,38.89,1750
108.5,9,36.18,3250
108.5,10,36.08,500
108.5,12,35.26,-250
108.5,13,43.94,1750
108.5,16,43.53,-2750
108.5,19,38.43,2500
108.5,20,36.73,-3000
108.5,21,35.24,3500
108.5,23,44.15,-500
108.5,25,35.43,5250
108.5,29,35.0,-1750
108.5,30,35.58,3000
109.0,3,41.83,750
109.0,6,40.01,-500
109.0,7,37.29,1750
109.0,10,36.38,500
109.0,13,42.94,1750
109.0,16,41.83,-2750
109.0,18,35.14,-6000
109.0,19,37.87,2500
109.0,21,35.24,2750
109.0,23,44.58,-500
109.0,27,35.24,-2000
109.0,28,35.09,2000
109.0,30,36.18,3250
109.5,3,43.4,750
109.5,4,35.51,-250
109.5,6,42.45,-500
109.5,7,37.75,1750
109.5,10,35.74,500
109.5,13,43.94,1750
109.5,14,35.21,-2000
109.5,16,41.92,-2750
109.5,19,40.34,2500
109.5,22,35.76,-4500
109.5,23,44.42,-500
109.5,27,35.26,-2750
109.5,30,35.3,-3250
110.0,3,42.99,750
110.0,6,40.2,-500
110.0,7,38.17,1750
110.0,9,35.12,1250
110.0,10,35.26,500
110.0,13,42.23,1750
110.0,16,42.57,-2750
110.0,19,40.05,2500
110.0,23,44.4,-500
110.0,31,35.03,2000
110.5,3,43.11,750
110.5,6,39.83,-500
110.5,7,40.45,1750
110.5,13,42.06,1750
110.5,16,40.68,-2750
110.5,19,37.57,2500
110.5,20,36.14,-3000
110.5,23,44.15,-500
110.5,30,36.84,-3250
111.0,3,42.89,750
111.0,5,36.12,2750
111.0,6,40.47,-500
111.0,7,39.69,1750
111.0,10,35.74,500
111.0,12,35.06,-3750
111.0,13,42.78,1750
111.0,14,35.26,-500
111.0,15,36.09,-2500
111.0,16,42.17,-2750
111.0,19,37.63,2500
111.0,23,44.78,-500
111.0,25,35.06,1500
111.0,29,35.52,4500
111.0,30,36.79,-3250
111.5,1,35.27,2000
111.5,3,43.82,750
111.5,6,42.44,-500
111.5,7,39.36,1750
111.5,10,36.48,500
111.5,12,35.13,-4000
111.5,13,42.45,1750
111.5,16,41.84,-2750
111.5,18,36.59,-5000
111.5,19,38.13,2500
111.5,20,35.5,-3000
111.5,22,35.16,-3000
111.5,23,45.11,-500
111.5,30,36.02,-3250
112.0,2,35.36,0
112.0,3,43.56,750
112.0,6,40.49,-500
112.0,7,38.59,1750
112.0,13,43.66,1750
112.0,14,35.33,-4750
112.0,15,35.1,2500
112.0,16,41.48,-2750
112.0,19,39.49,2500
112.0,20,36.21,-3000
112.0,22,35.81,-3000
112.0,23,43.9,-500
112.0,29,35.39,2500
112.0,30,36.32,-3250
112.5,3,42.69,750
112.5,6,41.38,-500
112.5,7,39.49,1750
112.5,11,35.17,-1500
112.5,13,41.64,1750
112.5,15,35.15,4750
112.5,16,41.86,-2750
112.5,19,40.3,2500
112.5,20,35.43,-3000
112.5,21,35.11,-6000
112.5,23,44.41,-500
112.5,28,35.25,500
112.5,30,36.02,-3250
112.5,31,35.93,-1500
113.0,3,42.04,750
113.0,4,35.14,4000
113.0,6,40.76,-500
113.0,7,40.22,1750
113.0,13,43.09,1750
113.0,16,40.82,-2750
113.0,19,40.01,2500
113.0,20,36.47,-3000
113.0,23,44.86,-500
113.0,24,35.25,-2750
113.0,25,35.01,4500
113.0,30,36.2,-3250
113.5,2,35.65,500
113.5,3,42.36,750
113.5,6,40.56,-500
113.5,7,40.21,1750
113.5,11,35.15,4750
113.5,13,42.05,1750
113.5,16,42.05,-2750
113.5,19,38.62,2500
113.5,20,36.12,-3000
113.5,23,44.49,-500
113.5,25,35.17,-3750
113.5,29,35.27,3750
113.5,30,37.68,-3250
114.0,1,35.68,2750
114.0,3,42.76,750
114.0,6,44.46,-500
114.0,7,42.67,1750
114.0,10,36.11,500
114.0,13,45.66,1750
114.0,14,35.0,500
114.0,16,43.17,-2750
114.0,17,35.16,-2250
114.0,19,39.26,2500
114.0,20,39.51,-3000
114.0,21,35.6,-1250
114.0,23,42.88,-500
114.0,26,35.17,0
114.0,28,35.27,-5000
114.0,30,36.0,-3250
114.5,3,43.02,750
114.5,6,45.49,-500
114.5,7,44.0,1750
114.5,10,36.07,500
114.5,11,35.42,2750
114.5,12,35.23,-6000
114.5,13,45.02,1750
114.5,16,42.35,-2750
114.5,19,38.6,2500
114.5,20,39.96,-3000
114.5,22,36.03,3500
114.5,23,42.6,-500
114.5,27,35.04,-3250
114.5,30,37.94,-3250
115.0,3,44.06,750
115.0,4,35.04,1750
115.0,6,44.59,-500
115.0,7,43.37,1750
115.0,10,35.46,500
115.0,13,45.24,1750
115.0,16,42.19,-2750
115.0,19,39.56,2500
115.0,20,40.88,-3000
115.0,23,44.02,-500
115.0,26,35.59,-2000
115.0,30,36.53,-3250
115.5,3,42.56,750
115.5,6,44.62,-500
115.5,7,41.88,1750
115.5,13,45.33,1750
115.5,16,42.81,-2750
115.5,19,39.51,2500
115.5,20,39.68,-3000
115.5,23,41.94,-500
115.5,25,35.02,-500
115.5,28,35.68,2750
115.5,30,40.2,-3250
116.0,3,43.1,750
116.0,6,45.84,-500
116.0,7,43.19,1750
116.0,13,45.35,1750
116.0,15,35.18,-1250
116.0,16,43.72,-2750
116.0,18,35.25,-1000
116.0,19,39.39,2500
116.0,20,42.04,-3000
116.0,23,41.74,-500
116.0,26,35.14,-4750
116.0,29,35.51,750
116.0,30,39.44,-3250
116.5,3,43.95,750
116.5,6,43.88,-500
116.5,7,43.85,1750
116.5,8,35.12,-4500
116.5,10,36.67,500
116.5,13,45.51,1750
116.5,16,43.3,-2750
116.5,19,39.13,2500
116.5,20,41.02,-3000
116.5,23,43.68,-500
116.5,24,35.09,1750
116.5,30,36.69,-3250
117.0,1,35.08,-500
117.0,3,42.05,750
117.0,6,44.04,-500
117.0,7,43.44,1750
117.0,10,35.29,500
117.0,13,45.35,1750
117.0,16,42.51,-2750
117.0,19,40.09,2500
117.0,20,39.0,-3000
117.0,21,35.05,-3250
117.0,23,42.99,-500
117.0,30,38.38,-3250
117.0,31,35.27,4000
117.5,1,35.06,-3000
117.5,2,35.19,-3000
117.5,3,42.87,750
117.5,6,44.73,-500
117.5,7,43.18,1750
117.5,12,35.47,-750
117.5,13,44.67,1750
117.5,16,42.01,-2750
117.5,19,40.54,2500
117.5,20,39.22,-3000
117.5,22,35.49,-5000
117.5,23,42.9,-500
117.5,30,37.3,-3250
117.5,31,35.02,-2000
118.0,2,35.23,4500
118.0,3,41.51,750
118.0,4,35.19,1500
118.0,6,44.52,-500
118.0,7,43.65,1750
118.0,8,35.71,4000
118.0,10,36.92,500
118.0,12,35.16,-2250
118.0,13,44.7,1750
118.0,16,41.88,-2750
118.0,17,35.48,-2250
118.0,19,40.12,2500
118.0,20,40.88,-3000
118.0,21,35.09,750
118.0,22,35.25,500
118.0,23,42.92,-500
118.0,30,36.82,-3250
118.5,1,35.21,1750
118.5,2,35.22,750
118.5,3,41.27,750
118.5,6,44.73,-500
118.5,7,42.42,1750
118.5,10,35.46,500
118.5,11,35.1,-5750
118.5,12,35.43,2500
118.5,13,45.97,1750
118.5,15,35.16,0
118.5,16,43.24,-2750
118.5,19,39.66,2500
118.5,20,40.48,-3000
118.5,23,42.43,-500
118.5,30,35.03,-3250
118.5,31,35.85,4500
119.0,3,41.67,750
119.0,6,43.69,-500
119.0,7,43.87,1750
119.0,9,35.11,750
119.0,13,45.22,1750
119.0,16,42.6,-2750
119.0,19,40.39,2500
119.0,20,40.89,-3000
119.0,23,42.92,-500
119.0,26,35.0,-1250
119.0,30,38.62,-3250
119.5,3,41.96,750
119.5,4,35.63,3000
119.5,6,44.36,-500
119.5,7,43.6,1750
119.5,10,36.76,500
119.5,12,35.24,3000
119.5,13,46.07,1750
119.5,16,42.39,-2750
119.5,19,40.0,2500
119.5,20,39.58,-3000
119.5,22,35.1,-3000
119.5,23,42.88,-500
119.5,28,35.46,2750
119.5,30,38.76,-3250
120.0,3,41.93,750
120.0,6,44.36,-500
120.0,7,43.04,1750
120.0,10,36.4,500
120.0,13,46.17,1750
120.0,16,42.8,-2750
120.0,19,40.36,2500
120.0,20,39.82,-3000
120.0,23,42.27,-500
120.0,30,37.84,-3250
120.5,3,42.6,750
120.5,6,44.3,-500
120.5,7,43.8,1750
120.5,8,35.01,-3500
120.5,13,44.97,1750
120.5,16,42.16,-2750
120.5,18,35.13,2000
120.5,19,38.86,2500
120.5,20,40.7,-3000
120.5,22,35.54,-1250
120.5,23,42.81,-500
120.5,30,38.5,-3250
121.0,3,42.82,750
121.0,4,35.17,250
121.0,6,44.82,-500
121.0,7,43.57,1750
121.0,10,35.08,-5250
121.0,13,44.74,1750
121.0,16,43.36,-2750
121.0,19,39.96,2500
121.0,20,38.92,-3000
121.0,23,42.46,-500
121.0,30,38.35,-3250
121.5,3,41.93,750
121.5,6,44.91,-500
121.5,7,44.09,1750
121.5,9,35.75,-6000
121.5,13,46.27,1750
121.5,16,43.27,-2750
121.5,18,35.16,-2250
121.5,19,40.05,2500
121.5,20,40.59,-3000
121.5,23,43.76,-500
121.5,30,38.46,-3250
122.0,3,42.15,750
122.0,5,35.29,-1250
122.0,6,43.64,-500
122.0,7,43.78,1750
122.0,9,35.03,1750
122.0,10,36.05,500
122.0,13,45.04,1750
122.0,14,35.81,2750
122.0,15,35.25,-1000
122.0,16,41.57,-2750
122.0,19,40.25,2500
122.0,20,40.95,-3000
122.0,23,42.57,-500
122.0,30,35.25,-3250
122.5,3,42.77,750
122.5,6,44.53,-500
122.5,7,44.23,1750
122.5,10,36.39,500
122.5,13,45.77,1750
122.5,16,41.99,-2750
122.5,19,41.49,2500
122.5,20,40.18,-3000
122.5,23,43.2,-500
122.5,24,36.13,-4750
122.5,25,35.35,-500
122.5,30,36.98,-3250
123.0,2,35.11,0
123.0,3,42.57,750
123.0,5,35.46,-5000
123.0,6,44.59,-500
123.0,7,43.01,1750
123.0,9,35.29,-2000
123.0,10,35.56,500
123.0,13,44.37,1750
123.0,14,35.47,3750
123.0,16,40.83,-2750
123.0,17,35.53,-2000
123.0,19,40.69,2500
123.0,20,39.79,-3000
123.0,23,42.63,-500
123.0,25,35.24,5000
123.0,30,37.16,-3250
123.0,31,35.47,-5000
123.5,3,42.49,750
123.5,6,44.91,-500
123.5,7,43.51,1750
123.5,13,45.9,1750
123.5,16,42.0,-2750
123.5,19,40.84,2500
123.5,20,38.59,-3000
123.5,23,42.61,-500
123.5,28,35.36,1750
123.5,30,39.77,-3250
123.5,32,35.19,3000
124.0,3,42.82,750
124.0,6,43.75,-500
124.0,7,44.18,1750
124.0,13,45.34,1750
124.0,16,41.39,-2750
124.0,19,41.7,2500
124.0,20,38.93,-3000
124.0,22,35.59,-1000
124.0,23,42.41,-500
124.0,24,35.63,-2000
124.0,30,38.28,-3250
124.5,3,43.93,750
124.5,5,35.36,-2250
124.5,6,44.12,-500
124.5,7,43.5,1750
124.5,8,35.5,-250
124.5,13,45.16,1750
124.5,16,43.74,-2750
124.5,18,35.48,5750
124.5,19,40.58,2500
124.5,20,40.26,-3000
124.5,23,43.29,-500
124.5,25,35.07,750
124.5,30,37.21,-3250
125.0,3,41.26,750
125.0,4,35.0,-5500
125.0,6,44.05,-500
125.0,7,43.57,1750
125.0,13,45.26,1750
125.0,16,42.21,-2750
125.0,19,40.36,2500
125.0,20,38.82,-3000
125.0,23,42.7,-500
125.0,30,37.44,-3250
125.5,3,42.25,750
125.5,6,44.76,-500
125.5,7,44.26,1750
125.5,8,35.48,5500
125.5,11,35.48,-3500
125.5,13,45.04,1750
125.5,16,44.02,-2750
125.5,18,35.17,-4250
125.5,19,40.51,2500
125.5,20,40.82,-3000
125.5,23,43.03,-500
125.5,27,35.37,4500
125.5,30,39.59,-3250
125.5,32,35.19,1750
126.0,2,35.23,1750
126.0,3,43.1,750
126.0,6,44.93,-500
126.0,7,43.79,1750
126.0,10,36.05,500
126.0,13,45.8,1750
126.0,15,35.5,4750
126.0,16,42.19,-2750
126.0,19,41.35,2500
126.0,20,40.19,-3000
126.0,21,35.3,-500
126.0,23,43.32,-500
126.0,30,38.77,-3250
126.5,3,43.81,750
126.5,6,44.7,-500
126.5,7,42.83,1750
126.5,10,35.76,500
126.5,11,35.16,-1750
126.5,13,45.37,1750
126.5,14,35.03,3000
126.5,16,42.91,-2750
126.5,19,41.57,2500
126.5,20,40.51,-3000
126.5,23,42.67,-500
126.5,30,37.33,-3250
127.0,3,42.88,750
127.0,6,44.74,-500
127.0,7,42.86,1750
127.0,10,36.26,500
127.0,11,35.2,-500
127.0,13,45.68,1750
127.0,14,35.56,3250
127.0,16,42.7,-2750
127.0,19,41.3,2500
127.0,20,41.61,-3000
127.0,21,35.2,1750
127.0,23,42.57,-500
127.0,30,39.21,-3250
127.0,32,35.0,-5250
127.5,3,42.46,750
127.5,4,35.06,750
127.5,6,44.94,-500
127.5,7,42.72,1750
127.5,10,36.64,500
127.5,12,35.31,-3750
127.5,13,44.51,1750
127.5,16,43.42,-2750
127.5,19,37.45,2500
127.5,20,39.75,-3000
127.5,23,42.41,-500
127.5,29,35.03,-250
127.5,30,35.47,-3250
128.0,3,42.38,750
128.0,4,35.76,1250
128.0,6,43.49,-500
128.0,7,42.98,1750
128.0,13,44.95,1750
128.0,16,42.39,-2750
128.0,18,35.1,-2500
128.0,19,39.71,2500
128.0,20,41.0,-3000
128.0,21,35.27,1750
128.0,23,43.04,-500
128.0,24,35.9,-1750
128.0,29,35.02,1750
128.0,30,39.85,-3250
128.0,31,35.21,5750
128.5,3,42.86,750
128.5,4,35.47,-4750
128.5,6,44.82,-500
128.5,7,43.53,1750
128.5,13,45.37,1750
128.5,14,35.07,1750
128.5,16,41.67,-2750
128.5,19,38.63,2500
128.5,20,40.92,-3000
128.5,22,35.06,500
128.5,23,43.43,-500
128.5,24,35.69,2250
128.5,29,35.21,-1250
128.5,30,36.75,-3250
129.0,3,43.19,750
129.0,4,35.02,-3000
129.0,6,44.41,-500
129.0,7,44.25,1750
129.0,13,46.05,1750
129.0,16,41.64,-2750
129.0,19,40.52,2500
129.0,20,40.89,-3000
129.0,23,42.88,-500
129.0,28,35.08,1750
129.0,30,38.01,-3250
129.5,3,41.49,750
129.5,6,44.81,-500
129.5,7,43.35,1750
129.5,13,45.25,1750
129.5,16,41.95,-2750
129.5,19,40.49,2500
129.5,20,41.52,-3000
129.5,23,43.2,-500
129.5,25,35.29,-3000
129.5,27,35.26,4500
129.5,30,35.95,-3250
130.0,3,43.44,750
130.0,4,35.18,2750
130.0,6,44.37,-500
130.0,7,44.07,1750
130.0,13,45.04,1750
130.0,16,42.2,-2750
130.0,17,35.38,-4250
130.0,19,40.84,2500
130.0,20,40.32,-3000
130.0,21,35.11,-2250
130.0,23,42.62,-500
130.0,30,39.19,-3250
130.5,3,41.96,750
130.5,6,43.96,-500
130.5,7,44.02,1750
130.5,10,35.87,500
130.5,13,45.33,1750
130.5,16,42.02,-2750
130.5,19,40.26,2500
130.5,20,40.67,-3000
130.5,23,43.29,-500
130.5,25,35.2,2750
130.5,30,35.96,-3250
131.0,2,35.58,2000
131.0,3,41.91,750
131.0,6,44.25,-500
131.0,7,44.74,1750
131.0,13,45.53,1750
131.0,14,35.09,5500
131.0,15,35.06,-4250
131.0,16,42.4,-2750
131.0,19,40.12,2500
131.0,20,41.56,-3000
131.0,23,43.74,-500
131.0,24,35.08,-1500
131.0,30,37.33,-3250
131.5,3,40.82,750
131.5,6,45.17,-500
131.5,7,43.89,1750
131.5,8,35.27,-4000
131.5,10,35.61,500
131.5,13,46.2,1750
131.5,15,35.25,1750
131.5,16,43.39,-2750
131.5,19,40.14,2500
131.5,20,40.37,-3000
131.5,23,42.43,-500
131.5,30,39.29,-3250
132.0,3,42.52,750
132.0,6,45.22,-500
132.0,7,41.42,1750
132.0,12,35.09,2750
132.0,13,45.55,1750
132.0,16,42.28,-2750
132.0,19,39.73,2500
132.0,20,40.16,-3000
132.0,23,43.23,-500
132.0,26,35.16,500
132.0,28,35.02,5750
132.0,29,35.18,-250
132.0,30,36.72,-3250
132.5,3,41.54,750
132.5,6,45.01,-500
132.5,7,43.83,1750
132.5,13,46.28,1750
132.5,16,43.15,-2750
132.5,19,41.62,2500
132.5,20,40.07,-3000
132.5,21,35.11,0
132.5,23,42.78,-500
132.5,30,37.01,-3250
133.0,3,42.03,750
133.0,6,44.26,-500
133.0,7,43.72,1750
133.0,13,45.7,1750
133.0,16,42.28,-2750
133.0,19,41.2,2500
133.0,20,40.7,-3000
133.0,21,35.13,4750
133.0,23,43.45,-500
133.0,25,36.01,-500
133.0,30,38.74,-3250
133.5,3,42.21,750
133.5,5,35.88,-4750
133.5,6,44.1,-500
133.5,7,44.06,1750
133.5,11,35.37,-500
133.5,13,46.13,1750
133.5,16,42.85,-2750
133.5,19,40.28,2500
133.5,20,42.54,-3000
133.5,23,43.17,-500
133.5,30,36.88,-3250
134.0,2,35.02,-3750
134.0,3,41.51,750
134.0,6,43.27,-500
134.0,7,44.6,1750
134.0,10,35.5,500
134.0,13,45.13,1750
134.0,14,35.16,4500
134.0,16,42.12,-2750
134.0,19,38.85,2500
134.0,20,40.73,-3000
134.0,23,43.74,-500
134.0,25,35.24,-5250
134.0,30,38.45,-3250
134.5,3,41.83,750
134.5,6,44.73,-500
134.5,7,43.87,1750
134.5,12,35.02,1500
134.5,13,45.45,1750
134.5,16,41.55,-2750
134.5,19,39.84,2500
134.5,20,41.66,-3000
134.5,21,35.12,-5000
134.5,23,42.92,-500
134.5,30,36.92,-3250
135.0,1,35.01,-500
135.0,2,36.09,-1750
135.0,3,42.19,750
135.0,5,35.03,3500
135.0,6,43.9,-500
135.0,7,44.34,1750
135.0,10,36.22,500
135.0,13,46.3,1750
135.0,16,42.6,-2750
135.0,19,40.53,2500
135.0,20,40.72,-3000
135.0,23,43.79,-500
135.0,24,35.1,0
135.0,30,38.05,-3250
135.5,3,41.59,750
135.5,6,44.45,-500
135.5,7,43.77,1750
135.5,10,36.63,500
135.5,11,35.14,3000
135.5,13,46.08,1750
135.5,15,35.11,-3500
135.5,16,42.46,-2750
135.5,19,39.88,2500
135.5,20,40.0,-3000
135.5,22,35.2,5500
135.5,23,43.08,-500
135.5,28,35.23,1750
135.5,30,38.7,-3250
136.0,3,41.99,750
136.0,6,44.3,-500
136.0,7,43.55,1750
136.0,10,35.93,500
136.0,13,46.16,1750
136.0,15,35.09,2000
136.0,16,41.41,-2750
136.0,18,35.2,-2250
136.0,19,39.71,2500
136.0,20,40.53,-3000
136.0,22,35.21,-500
136.0,23,43.38,-500
136.0,29,35.85,-2500
136.0,30,37.39,-3250
136.0,31,35.61,5500
136.0,32,35.14,-6000
136.5,3,42.72,750
136.5,6,43.97,-500
136.5,7,43.61,1750
136.5,10,36.17,500
136.5,13,45.89,1750
136.5,16,40.96,-2750
136.5,19,39.88,2500
136.5,20,37.48,-3000
136.5,22,35.31,4500
136.5,23,42.83,-500
136.5,30,36.49,-3250
136.5,32,35.42,-1250
137.0,3,42.49,750
137.0,6,43.96,-500
137.0,7,44.32,1750
137.0,10,36.97,500
137.0,13,45.7,1750
137.0,16,40.66,-2750
137.0,19,41.2,2500
137.0,20,39.81,-3000
137.0,23,41.87,-500
137.0,30,37.34,-3250
137.5,3,41.78,750
137.5,5,35.93,3250
137.5,6,43.77,-500
137.5,7,43.46,1750
137.5,10,38.19,500
137.5,13,45.69,1750
137.5,16,40.41,-2750
137.5,19,42.11,2500
137.5,20,39.7,-3000
137.5,23,41.57,-500
137.5,26,35.09,-5250
137.5,30,38.22,-3250
138.0,1,35.14,-3250
138.0,3,41.97,750
138.0,6,44.0,-500
138.0,7,44.17,1750
138.0,10,35.27,500
138.0,11,35.14,2750
138.0,13,45.58,1750
138.0,16,42.43,-2750
138.0,19,43.04,2500
138.0,20,39.92,-3000
138.0,23,42.76,-500
138.0,27,36.0,4500
138.0,28,35.84,5000
138.0,30,37.82,-3250
138.5,2,35.06,-2250
138.5,3,40.74,750
138.5,4,35.77,-2500
138.5,6,44.06,-500
138.5,7,43.8,1750
138.5,10,36.78,500
138.5,13,45.7,1750
138.5,15,35.04,-1000
138.5,16,42.39,-2750
138.5,19,40.42,2500
138.5,20,40.35,-3000
138.5,22,35.4,-4250
138.5,23,42.44,-500
139.0,3,42.46,750
139.0,4,35.34,4250
139.0,6,44.47,-500
139.0,7,43.54,1750
139.0,10,36.85,500
139.0,13,45.8,1750
139.0,16,41.48,-2750
139.0,19,40.04,2500
139.0,20,41.08,-3000
139.0,23,42.49,-500
139.0,27,36.15,5750
139.0,30,37.72,-3250
139.5,3,42.44,750
139.5,6,43.82,-500
139.5,7,44.83,1750
139.5,10,37.16,500
139.5,13,45.12,1750
139.5,16,41.62,-2750
139.5,19,39.96,2500
139.5,20,39.97,-3000
139.5,23,43.39,-500
139.5,30,36.86,-3250
140.0,1,35.61,4500
140.0,3,42.4,750
140.0,6,44.82,-500
140.0,7,43.73,1750
140.0,9,35.03,4250
140.0,10,38.48,500
140.0,13,45.78,1750
140.0,16,42.6,-2750
140.0,19,40.8,2500
140.0,20,39.88,-3000
140.0,23,43.0,-500
140.0,30,38.09,-3250
140.0,32,35.55,-3000
140.5,3,41.74,750
140.5,6,44.59,-500
140.5,7,43.37,1750
140.5,10,37.33,500
140.5,13,45.53,1750
140.5,16,41.37,-2750
140.5,19,38.95,2500
140.5,20,40.58,-3000
140.5,23,43.11,-500
140.5,30,36.42,-3250
141.0,3,42.24,750
141.0,6,44.8,-500
141.0,7,43.9,1750
141.0,10,37.63,500
141.0,11,35.82,-1000
141.0,13,45.51,1750
141.0,16,40.32,-2750
141.0,19,38.64,2500
141.0,20,39.65,-3000
141.0,23,43.22,-500
141.0,25,35.74,0
141.0,27,35.07,1750
141.0,29,35.03,750
141.0,30,38.13,-3250
141.0,31,36.28,-1250
141.5,3,42.56,750
141.5,6,44.11,-500
141.5,7,44.19,1750
141.5,10,36.15,500
141.5,13,45.13,1750
141.5,16,41.1,-2750
141.5,19,39.25,2500
141.5,20,39.82,-3000
141.5,23,42.3,-500
141.5,30,38.76,-3250
142.0,1,35.44,-5250
142.0,3,41.6,750
142.0,6,44.51,-500
142.0,7,44.27,1750
142.0,10,36.97,500
142.0,11,35.19,5750
142.0,12,35.26,3500
142.0,13,45.22,1750
142.0,16,41.65,-2750
142.0,19,39.59,2500
142.0,20,41.59,-3000
142.0,23,42.28,-500
142.0,26,36.36,250
142.0,30,38.11,-3250
142.0,31,35.78,-1250
142.5,3,43.04,750
142.5,5,35.01,-1500
142.5,6,43.94,-500
142.5,7,43.92,1750
142.5,10,37.21,500
142.5,12,35.02,-250
142.5,13,45.0,1750
142.5,14,35.01,1000
142.5,16,41.99,-2750
142.5,19,41.81,2500
142.5,20,40.82,-3000
142.5,23,42.72,-500
142.5,26,35.23,4000
142.5,30,36.55,-3250
143.0,2,35.12,500
143.0,3,42.98,750
143.0,6,44.79,-500
143.0,7,43.46,1750
143.0,10,35.53,500
143.0,11,35.31,-4250
143.0,13,46.24,1750
143.0,16,40.75,-2750
143.0,19,42.29,2500
143.0,20,41.8,-3000
143.0,21,35.41,2000
143.0,23,42.19,-500
143.0,24,35.48,-500
143.0,26,35.17,5000
143.0,28,35.06,-250
143.0,30,38.77,-3250
143.5,2,35.07,750
143.5,3,42.03,750
143.5,6,44.58,-500
143.5,7,43.65,1750
143.5,9,35.21,-4250
143.5,10,35.76,500
143.5,13,45.65,1750
143.5,16,40.87,-2750
143.5,18,35.8,-3500
143.5,19,40.27,2500
143.5,20,40.69,-3000
143.5,23,42.95,-500
143.5,30,38.96,-3250
143.5,32,36.42,-3000
144.0,3,42.44,750
144.0,6,43.82,-500
144.0,7,43.26,1750
144.0,10,35.3,500
144.0,13,45.35,1750
144.0,15,35.28,-4500
144.0,16,41.32,-2750
144.0,17,35.18,-250
144.0,19,40.26,2500
144.0,20,39.24,-3000
144.0,23,41.94,-500
144.0,30,37.84,-3250
144.0,32,35.34,-500
144.5,2,35.71,-2000
144.5,3,39.92,750
144.5,6,43.52,-500
144.5,7,43.07,1750
144.5,9,35.23,-2000
144.5,10,36.79,500
144.5,11,35.54,-4250
144.5,13,45.35,1750
144.5,16,41.29,-2750
144.5,17,35.02,-1000
144.5,19,40.88,2500
144.5,20,40.26,-3000
144.5,22,35.1,-1500
144.5,23,42.96,-500
144.5,27,35.24,-2250
144.5,29,35.3,-250
144.5,30,37.73,-3250
145.0,3,41.8,750
145.0,6,43.92,-500
145.0,7,43.63,1750
145.0,13,45.77,1750
145.0,16,40.64,-2750
145.0,17,35.91,1000
145.0,19,42.17,2500
145.0,20,41.51,-3000
145.0,23,43.38,-500
145.0,30,35.14,-3250
145.0,31,35.45,5500
145.5,3,41.9,750
145.5,6,44.31,-500
145.5,7,43.65,1750
145.5,8,35.28,3500
145.5,10,35.34,500
145.5,13,45.8,1750
145.5,16,42.35,-2750
145.5,19,40.49,2500
145.5,20,40.53,-3000
145.5,23,42.41,-500
145.5,26,35.03,3000
145.5,27,35.89,500
145.5,30,35.52,-3250
145.5,32,35.22,3000
146.0,3,41.72,750
146.0,5,35.17,3750
146.0,6,43.52,-500
146.0,7,42.73,1750
146.0,8,35.03,5750
146.0,13,45.33,1750
146.0,16,41.77,-2750
146.0,19,42.08,2500
146.0,20,38.93,-3000
146.0,22,35.42,-3000
146.0,23,43.59,-500
146.0,30,37.97,-3250
146.5,3,42.31,750
146.5,6,44.29,-500
146.5,7,42.96,1750
146.5,10,36.59,500
146.5,13,45.39,1750
146.5,16,41.38,-2750
146.5,19,40.82,2500
146.5,20,40.74,-3000
146.5,23,42.52,-500
146.5,26,35.89,1250
146.5,30,35.17,-3250
147.0,3,42.28,750
147.0,6,44.12,-500
147.0,7,43.34,1750
147.0,13,45.58,1750
147.0,16,40.97,-2750
147.0,18,35.36,-3250
147.0,19,40.73,2500
147.0,20,40.39,-3000
147.0,23,43.99,-500
147.0,24,35.01,1750
147.0,28,35.51,3250
147.0,30,38.2,-3250
147.5,2,35.26,-1000
147.5,3,41.47,750
147.5,6,43.8,-500
147.5,7,43.02,1750
147.5,10,36.18,500
147.5,12,35.48,-1250
147.5,13,45.61,1750
147.5,16,42.63,-2750
147.5,19,39.94,2500
147.5,20,40.74,-3000
147.5,23,43.46,-500
147.5,24,35.31,-500
147.5,25,35.75,3500
147.5,29,35.1,-500
147.5,30,35.52,-3250
148.0,3,40.31,750
148.0,6,43.66,-500
148.0,7,43.86,1750
148.0,10,38.09,500
148.0,13,45.78,1750
148.0,15,35.41,-2500
148.0,16,41.83,-2750
148.0,19,42.02,2500
148.0,20,41.26,-3000
148.0,23,42.41,-500
148.0,27,35.2,-3750
148.0,30,40.32,-3250
148.0,31,35.0,3250
148.5,3,41.14,750
148.5,6,44.21,-500
148.5,7,42.9,1750
148.5,10,35.02,-2250
148.5,13,45.94,1750
148.5,16,41.17,-2750
148.5,19,40.51,2500
148.5,20,41.04,-3000
148.5,21,35.36,-1750
148.5,23,44.15,-500
148.5,28,35.33,-750
148.5,30,36.31,-3250
149.0,3,39.71,750
149.0,6,43.73,-500
149.0,7,43.03,1750
149.0,9,35.51,1750
149.0,10,36.43,500
149.0,13,46.17,1750
149.0,16,41.4,-2750
149.0,19,39.15,2500
149.0,20,41.92,-3000
149.0,21,35.81,3250
149.0,23,41.95,-500
149.0,30,36.76,-3250
149.0,32,35.5,5000
149.5,3,41.15,750
149.5,6,44.01,-500
149.5,7,42.82,1750
149.5,10,36.37,500
149.5,13,45.49,1750
149.5,16,42.23,-2750
149.5,19,39.47,2500
149.5,20,40.38,-3000
149.5,23,43.26,-500
149.5,29,35.78,2250
149.5,30,36.31,-3250
149.5,31,35.19,1250
150.0,3,42.59,750
150.0,6,43.54,-500
150.0,7,43.77,1750
150.0,9,35.07,-6000
150.0,13,45.42,1750
150.0,16,43.11,-2750
150.0,18,35.27,2750
150.0,19,41.51,2500
150.0,20,42.42,-3000
150.0,22,37.8,0
150.0,23,42.66,-500
150.0,30,36.1,-3250
150.5,3,42.6,750
150.5,6,43.79,-500
150.5,7,43.31,1750
150.5,10,35.36,2750
150.5,13,45.88,1750
150.5,15,35.05,1750
150.5,16,41.28,-2750
150.5,19,41.53,2500
150.5,20,40.7,-3000
150.5,23,43.15,-500
150.5,30,38.44,-3250
151.0,3,42.06,750
151.0,4,35.37,5750
151.0,6,44.36,-500
151.0,7,44.2,1750
151.0,10,36.89,500
151.0,12,35.0,3750
151.0,13,45.84,1750
151.0,16,42.07,-2750
151.0,19,40.73,2500
151.0,20,40.42,-3000
151.0,21,35.11,1750
151.0,22,35.12,2750
151.0,23,42.14,-500
151.0,25,35.53,-3000
151.0,30,39.12,-3250
151.5,3,41.02,750
151.5,5,35.06,-1250
151.5,6,44.77,-500
151.5,7,43.91,1750
151.5,9,35.54,-1500
151.5,10,36.7,500
151.5,13,45.66,1750
151.5,16,41.49,-2750
151.5,19,39.76,2500
151.5,20,40.88,-3000
151.5,22,35.29,-4250
151.5,23,42.5,-500
151.5,30,37.07,-3250
151.5,31,35.04,5750
152.0,3,41.32,750
152.0,6,44.15,-500
152.0,7,42.85,1750
152.0,8,35.11,1750
152.0,10,37.05,500
152.0,13,45.97,1750
152.0,16,42.02,-2750
152.0,19,41.16,2500
152.0,20,40.92,-3000
152.0,23,43.12,-500
152.0,24,35.08,-3000
152.0,28,35.79,-3250
152.0,30,36.15,-3250
152.5,3,41.87,750
152.5,6,42.94,-500
152.5,7,43.84,1750
152.5,13,45.79,1750
152.5,16,42.21,-2750
152.5,19,41.85,2500
152.5,20,38.79,-3000
152.5,22,35.69,0
152.5,23,43.1,-500
152.5,24,35.07,2750
152.5,29,35.04,-4250
152.5,30,38.29,-3250
152.5,32,35.02,1750
153.0,3,42.47,750
153.0,6,43.75,-500
153.0,7,43.1,1750
153.0,10,35.5,500
153.0,13,46.03,1750
153.0,16,42.49,-2750
153.0,18,35.64,-1250
153.0,19,39.38,2500
153.0,20,41.25,-3000
153.0,23,42.84,-500
153.0,28,35.13,-2750
153.0,30,38.2,-3250
153.5,3,41.99,750
153.5,6,44.03,-500
153.5,7,43.84,1750
153.5,8,35.39,0
153.5,10,36.5,500
153.5,13,45.88,1750
153.5,14,35.45,-250
153.5,15,35.1,-1250
153.5,16,42.89,-2750
153.5,19,41.3,2500
153.5,20,41.75,-3000
153.5,22,35.58,1000
153.5,23,43.3,-500
153.5,26,35.57,-750
153.5,30,38.88,-3250
154.0,3,40.75,750
154.0,6,43.9,-500
154.0,7,43.7,1750
154.0,13,45.78,1750
154.0,16,41.27,-2750
154.0,19,40.37,2500
154.0,20,41.68,-3000
154.0,21,35.14,-1500
154.0,23,42.3,-500
154.0,26,35.25,1250
154.5,3,40.17,750
154.5,6,43.94,-500
154.5,7,43.7,1750
154.5,10,38.41,500
154.5,13,46.36,1750
154.5,16,42.68,-2750
154.5,19,40.09,2500
154.5,20,40.01,-3000
154.5,21,35.39,0
154.5,23,42.64,-500
154.5,28,35.16,-2000
154.5,30,38.44,-3250
155.0,3,40.92,750
155.0,6,43.11,-500
155.0,7,43.48,1750
155.0,10,36.32,500
155.0,13,45.91,1750
155.0,16,40.49,-2750
155.0,18,35.52,1750
155.0,19,40.93,2500
155.0,20,40.87,-3000
155.0,23,42.96,-500
155.0,26,35.35,-4250
155.0,30,37.89,-3250
155.5,2,35.86,4500
155.5,3,41.8,750
155.5,6,43.73,-500
155.5,7,42.63,1750
155.5,10,37.1,500
155.5,11,35.6,-5250
155.5,13,46.38,1750
155.5,16,42.81,-2750
155.5,19,41.02,2500
155.5,20,42.23,-3000
155.5,22,35.03,-5000
155.5,23,43.31,-500
155.5,28,35.29,3000
155.5,29,35.27,-3750
155.5,30,37.07,-3250
156.0,3,42.35,750
156.0,6,44.19,-500
156.0,7,43.61,1750
156.0,8,36.0,4250
156.0,9,36.46,-1500
156.0,13,45.99,1750
156.0,16,42.79,-2750
156.0,19,41.84,2500
156.0,20,42.02,-3000
156.0,23,42.63,-500
156.0,30,36.59,-3250
156.5,1,35.02,-2250
156.5,3,41.42,750
156.5,6,43.07,-500
156.5,7,42.86,1750
156.5,10,36.13,500
156.5,12,35.47,-1500
156.5,13,46.24,1750
156.5,16,43.28,-2750
156.5,17,35.25,-5250
156.5,19,40.68,2500
156.5,20,41.97,-3000
156.5,23,42.71,-500
156.5,24,35.34,-2000
156.5,30,37.64,-3250
157.0,1,36.02,-250
157.0,3,41.0,750
157.0,6,44.31,-500
157.0,7,44.42,1750
157.0,12,35.07,1750
157.0,13,45.75,1750
157.0,16,42.64,-2750
157.0,19,41.5,2500
157.0,20,40.58,-3000
157.0,23,43.71,-500
157.0,26,35.25,-2000
157.0,30,37.79,-3250
157.0,32,35.3,-500
157.5,2,35.45,-5000
157.5,3,40.49,750
157.5,6,43.82,-500
157.5,7,42.76,1750
157.5,10,37.05,500
157.5,11,35.0,-4250
157.5,13,46.57,1750
157.5,16,42.34,-2750
157.5,19,41.02,2500
157.5,20,39.71,-3000
157.5,22,35.07,3750
157.5,23,42.02,-500
157.5,26,35.08,-250
157.5,32,35.54,5500
158.0,3,42.84,750
158.0,6,44.05,-500
158.0,7,43.35,1750
158.0,9,35.07,2500
158.0,10,38.42,500
158.0,13,45.86,1750
158.0,16,43.33,-2750
158.0,18,35.47,-2500
158.0,19,41.24,2500
158.0,20,40.37,-3000
158.0,23,42.71,-500
158.0,24,35.64,-750
158.0,27,35.2,4750
158.0,30,36.74,-3250
158.0,32,35.41,-500
158.5,3,41.01,750
158.5,6,44.5,-500
158.5,7,42.53,1750
158.5,10,35.92,500
158.5,13,46.47,1750
158.5,16,41.42,-2750
158.5,19,38.81,2500
158.5,20,40.98,-3000
158.5,23,42.68,-500
158.5,29,35.22,-250
158.5,30,35.6,-3250
159.0,3,41.23,750
159.0,6,44.05,-500
159.0,7,43.12,1750
159.0,8,35.55,4250
159.0,10,38.18,500
159.0,11,35.72,-1250
159.0,13,46.04,1750
159.0,16,42.89,-2750
159.0,19,40.94,2500
159.0,20,39.9,-3000
159.0,21,35.52,1000
159.0,23,42.03,-500
159.0,30,36.83,-3250
159.0,31,35.54,1250
159.5,1,35.65,-1250
159.5,3,41.76,750
159.5,6,43.66,-500
159.5,7,42.07,1750
159.5,10,36.19,500
159.5,13,46.17,1750
159.5,15,35.55,-4750
159.5,16,41.48,-2750
159.5,19,41.16,2500
159.5,20,40.0,-3000
159.5,22,36.47,1500
159.5,23,42.84,-500
159.5,24,35.55,250
159.5,26,35.66,-3500
159.5,30,39.54,-3250
160.0,3,42.26,750
160.0,6,44.15,-500
160.0,7,41.43,1750
160.0,12,35.22,5750
160.0,13,46.04,1750
160.0,15,35.04,-5500
160.0,16,42.95,-2750
160.0,19,40.47,2500
160.0,20,40.5,-3000
160.0,21,35.11,-5250
160.0,23,43.27,-500
160.0,30,37.01,-3250
160.0,31,35.54,4250
160.5,3,40.76,750
160.5,6,43.7,-500
160.5,7,41.86,1750
160.5,10,36.09,500
160.5,13,46.17,1750
160.5,16,41.99,-2750
160.5,18,35.3,-1000
160.5,19,40.8,2500
160.5,20,40.11,-3000
160.5,23,43.02,-500
160.5,24,35.58,2750
160.5,29,35.37,-500
160.5,30,37.8,-3250
161.0,3,40.94,750
161.0,6,43.23,-500
161.0,7,42.44,1750
161.0,9,35.94,4750
161.0,10,37.59,500
161.0,13,45.67,1750
161.0,16,41.6,-2750
161.0,19,40.68,2500
161.0,20,40.14,-3000
161.0,23,44.11,-500
161.0,26,35.02,2500
161.0,30,38.22,-3250
161.5,3,41.16,750
161.5,4,35.87,-3750
161.5,6,43.43,-500
161.5,7,42.58,1750
161.5,10,38.81,500
161.5,13,46.29,1750
161.5,16,42.7,-2750
161.5,19,40.69,2500
161.5,20,40.91,-3000
161.5,23,42.74,-500
161.5,27,35.5,4750
161.5,30,35.96,-3250
162.0,3,40.63,750
162.0,6,44.07,-500
162.0,7,42.54,1750
162.0,10,37.22,500
162.0,13,46.28,1750
162.0,15,35.87,-1500
162.0,16,41.52,-2750
162.0,19,41.41,2500
162.0,20,40.94,-3000
162.0,23,44.8,-500
162.0,26,35.36,1500
162.0,30,36.08,-3250
162.5,3,42.17,750
162.5,5,35.63,-2000
162.5,6,43.28,-500
162.5,7,43.62,1750
162.5,10,37.21,500
162.5,13,45.98,1750
162.5,15,35.25,-5000
162.5,16,42.0,-2750
162.5,19,40.96,2500
162.5,20,41.35,-3000
162.5,22,35.06,1750
162.5,23,43.5,-500
162.5,30,37.78,-3250
163.0,3,40.94,750
163.0,4,35.27,4500
163.0,6,44.08,-500
163.0,7,41.96,1750
163.0,10,35.03,-250
163.0,13,46.36,1750
163.0,15,35.58,5000
163.0,16,42.43,-2750
163.0,19,41.85,2500
163.0,20,38.98,-3000
163.0,23,42.39,-500
163.0,30,37.17,-3250
163.5,1,35.07,-3500
163.5,2,35.89,-3500
163.5,3,41.5,750
163.5,4,35.56,1250
163.5,6,43.34,-500
163.5,7,43.15,1750
163.5,10,37.06,500
163.5,12,35.19,-1000
163.5,13,46.5,1750
163.5,16,41.01,-2750
163.5,19,40.77,2500
163.5,20,40.15,-3000
163.5,23,43.69,-500
163.5,27,35.59,-250
163.5,30,38.46,-3250
164.0,3,40.65,750
164.0,6,44.03,-500
164.0,7,42.24,1750
164.0,10,37.44,500
164.0,13,45.65,1750
164.0,16,41.19,-2750
164.0,19,40.6,2500
164.0,20,38.8,-3000
164.0,21,35.11,-3500
164.0,23,43.0,-500
164.0,30,36.92,-3250
164.5,1,35.57,-4500
164.5,3,40.59,750
164.5,4,35.45,-750
164.5,6,43.13,-500
164.5,7,42.82,1750
164.5,10,36.95,500
164.5,11,35.4,-750
164.5,13,46.28,1750
164.5,16,43.15,-2750
164.5,19,42.65,2500
164.5,20,41.73,-3000
164.5,23,42.59,-500
164.5,25,35.06,3250
164.5,30,35.87,-3250
165.0,3,42.49,750
165.0,6,42.86,-500
165.0,7,43.09,1750
165.0,10,36.13,500
165.0,13,45.51,1750
165.0,16,40.59,-2750
165.0,19,40.52,2500
165.0,20,40.53,-3000
165.0,23,42.67,-500
165.0,26,35.61,-3000
165.0,28,35.77,750
165.0,30,37.13,-3250
165.0,31,35.42,2750
165.5,3,40.53,750
165.5,4,35.22,-2000
165.5,6,43.51,-500
165.5,7,42.29,1750
165.5,9,35.62,1750
165.5,10,36.57,500
165.5,11,35.53,500
165.5,12,35.07,5500
165.5,13,46.43,1750
165.5,16,43.28,-2750
165.5,19,39.06,2500
165.5,20,39.88,-3000
165.5,23,43.82,-500
165.5,30,35.07,-3250
166.0,3,41.7,750
166.0,6,43.06,-500
166.0,7,43.08,1750
166.0,10,36.03,500
166.0,12,35.43,-5500
166.0,13,45.88,1750
166.0,16,42.44,-2750
166.0,17,35.14,4750
166.0,19,40.62,2500
166.0,20,38.97,-3000
166.0,23,43.14,-500
166.0,30,38.4,-3250
166.5,3,42.6,750
166.5,6,43.31,-500
166.5,7,42.36,1750
166.5,9,35.12,-250
166.5,10,37.75,500
166.5,11,35.06,2000
166.5,13,46.73,1750
166.5,16,42.9,-2750
166.5,19,41.8,2500
166.5,20,38.97,-3000
166.5,23,43.17,-500
166.5,28,35.0,4750
166.5,30,38.09,-3250
167.0,3,40.76,750
167.0,6,43.15,-500
167.0,7,43.23,1750
167.0,13,45.86,1750
167.0,16,42.34,-2750
167.0,19,41.58,2500
167.0,20,38.81,-3000
167.0,23,42.47,-500
167.0,30,38.38,-3250
167.0,31,35.3,1500
167.5,3,41.22,750
167.5,6,42.25,-500
167.5,7,42.59,1750
167.5,13,46.35,1750
167.5,14,35.22,-4500
167.5,16,42.16,-2750
167.5,19,40.79,2500
167.5,20,40.21,-3000
167.5,23,43.74,-500
167.5,30,38.33,-3250
167.5,31,35.13,-1250
168.0,2,35.2,-2500
168.0,3,40.9,750
168.0,6,43.36,-500
168.0,7,43.4,1750
168.0,10,35.85,500
168.0,13,45.87,1750
168.0,15,35.66,3750
168.0,16,43.25,-2750
168.0,19,40.98,2500
168.0,20,40.12,-3000
168.0,23,43.06,-500
168.0,30,37.1,-3250
168.5,3,41.06,750
168.5,6,43.8,-500
168.5,7,42.87,1750
168.5,10,36.4,500
168.5,13,45.75,1750
168.5,16,41.62,-2750
168.5,19,40.88,2500
168.5,20,39.35,-3000
168.5,23,44.08,-500
168.5,29,35.01,5500
168.5,30,38.93,-3250
169.0,3,41.77,750
169.0,6,43.57,-500
169.0,7,41.98,1750
169.0,10,36.66,500
169.0,11,36.0,-5250
169.0,13,46.09,1750
169.0,16,42.28,-2750
169.0,19,39.92,2500
169.0,20,39.1,-3000
169.0,22,36.42,-3000
169.0,23,43.13,-500
169.0,26,35.25,4000
169.0,27,35.47,-1000
169.0,30,35.98,-3250
169.5,1,35.51,2000
169.5,3,41.19,750
169.5,5,35.12,4250
169.5,6,44.02,-500
169.5,7,44.36,1750
169.5,10,36.56,500
169.5,11,35.2,2000
169.5,13,46.18,1750
169.5,15,35.3,-3750
169.5,16,42.47,-2750
169.5,19,40.47,2500
169.5,20,39.76,-3000
169.5,23,42.45,-500
169.5,25,36.62,0
169.5,27,35.13,-1500
169.5,30,36.93,-3250
170.0,1,35.84,4000
170.0,3,41.35,750
170.0,6,43.09,-500
170.0,7,42.52,1750
170.0,10,36.02,500
170.0,11,35.11,5500
170.0,13,45.59,1750
170.0,16,40.07,-2750
170.0,19,40.3,2500
170.0,20,38.62,-3000
170.0,23,44.38,-500
170.0,29,36.14,-5000
170.0,30,35.78,-3250
170.5,2,35.31,-500
170.5,3,41.07,750
170.5,6,43.28,-500
170.5,7,42.94,1750
170.5,8,35.78,-2000
170.5,10,35.72,500
170.5,13,45.59,1750
170.5,14,35.95,-5500
170.5,16,42.26,-2750
170.5,19,41.68,2500
170.5,20,37.56,-3000
170.5,22,35.27,1750
170.5,23,43.71,-500
170.5,30,39.09,-3250
170.5,31,35.21,1750
170.5,32,35.19,-5250
171.0,3,40.69,750
171.0,4,35.29,5500
171.0,6,44.06,-500
171.0,7,43.33,1750
171.0,9,35.24,-500
171.0,13,46.58,1750
171.0,16,41.36,-2750
171.0,19,40.21,2500
171.0,20,38.6,-3000
171.0,23,43.18,-500
171.0,26,35.03,-3000
171.0,28,35.64,3500
171.0,30,37.6,-3250
171.5,1,35.23,2250
171.5,3,41.06,750
171.5,6,44.05,-500
171.5,7,44.26,1750
171.5,10,38.73,500
171.5,11,36.76,2000
171.5,13,44.91,1750
171.5,16,40.89,-2750
171.5,19,41.31,2500
171.5,20,37.53,-3000
171.5,21,35.06,-5000
171.5,23,43.49,-500
171.5,30,35.62,-3250
172.0,3,42.2,750
172.0,4,35.96,-3750
172.0,6,44.36,-500
172.0,7,43.36,1750
172.0,10,36.74,500
172.0,13,45.14,1750
172.0,16,41.25,-2750
172.0,19,41.92,2500
172.0,20,39.05,-3000
172.0,23,42.01,-500
172.0,26,35.47,-500
172.0,30,38.64,-3250
172.5,3,42.95,750
172.5,5,35.9,500
172.5,6,43.36,-500
172.5,7,42.5,1750
172.5,10,36.43,500
172.5,13,45.21,1750
172.5,15,35.06,-5500
172.5,16,41.2,-2750
172.5,18,35.51,-500
172.5,19,40.92,2500
172.5,20,38.94,-3000
172.5,21,35.16,4750
172.5,23,43.08,-500
172.5,26,35.17,-3250
172.5,27,35.15,-750
172.5,28,35.04,1750
172.5,30,37.62,-3250
173.0,3,40.84,750
173.0,4,35.07,3750
173.0,6,42.73,-500
173.0,7,43.13,1750
173.0,13,44.59,1750
173.0,15,35.23,-2250
173.0,16,42.41,-2750
173.0,18,35.14,4000
173.0,19,40.55,2500
173.0,20,38.04,-3000
173.0,23,43.9,-500
173.0,24,35.32,5250
173.0,28,35.29,-2250
173.0,30,37.46,-3250
173.5,3,40.11,750
173.5,5,35.02,1000
173.5,6,44.32,-500
173.5,7,43.91,1750
173.5,8,35.1,-5000
173.5,10,36.15,500
173.5,11,35.38,-5750
173.5,13,45.79,1750
173.5,15,35.17,4500
173.5,16,40.01,-2750
173.5,18,35.64,-1000
173.5,19,41.08,2500
173.5,20,37.74,-3000
173.5,23,43.48,-500
173.5,30,35.84,-3250
173.5,31,36.25,-3000
174.0,3,42.33,750
174.0,5,35.45,2500
174.0,6,43.05,-500
174.0,7,43.73,1750
174.0,10,36.74,500
174.0,13,44.77,1750
174.0,16,40.99,-2750
174.0,19,42.3,2500
174.0,20,40.96,-3000
174.0,23,42.86,-500
174.0,26,35.08,-1000
174.0,30,36.25,-3250
174.0,32,35.31,-1250
174.5,3,42.24,750
174.5,4,35.08,-1250
174.5,6,43.24,-500
174.5,7,42.61,1750
174.5,9,35.34,5000
174.5,10,38.27,500
174.5,13,44.42,1750
174.5,15,35.69,-250
174.5,16,41.79,-2750
174.5,18,35.13,-6000
174.5,19,41.68,2500
174.5,20,38.75,-3000
174.5,23,42.57,-500
174.5,27,35.48,-5000
174.5,30,37.25,-3250
175.0,1,35.42,5250
175.0,3,42.21,750
175.0,6,43.58,-500
175.0,7,43.9,1750
175.0,9,35.3,500
175.0,10,35.62,500
175.0,12,35.23,3750
175.0,13,44.94,1750
175.0,16,40.88,-2750
175.0,19,41.99,2500
175.0,20,39.15,-3000
175.0,21,35.23,1750
175.0,23,43.95,-500
175.0,26,35.34,-2500
175.0,30,37.19,-3250
175.0,31,35.06,1500
175.0,32,35.28,5750
175.5,1,35.12,-1000
175.5,2,35.05,-4000
175.5,3,42.26,750
175.5,6,43.24,-500
175.5,7,42.74,1750
175.5,10,35.24,500
175.5,13,45.52,1750
175.5,14,35.1,5500
175.5,16,40.57,-2750
175.5,19,41.38,2500
175.5,20,39.99,-3000
175.5,23,44.05,-500
175.5,28,35.4,4250
175.5,30,36.32,-3250
176.0,3,41.45,750
176.0,6,43.26,-500
176.0,7,42.44,1750
176.0,8,35.29,-5000
176.0,10,35.33,-5750
176.0,13,44.66,1750
176.0,14,35.06,-4000
176.0,16,40.04,-2750
176.0,19,41.82,2500
176.0,20,39.12,-3000
176.0,23,43.89,-500
176.0,28,35.15,-6000
176.0,30,37.03,-3250
176.5,3,41.62,750
176.5,6,43.69,-500
176.5,7,43.47,1750
176.5,10,36.66,500
176.5,13,45.12,1750
176.5,16,40.91,-2750
176.5,19,42.36,2500
176.5,20,39.6,-3000
176.5,23,43.75,-500
176.5,26,35.37,1750
176.5,30,38.6,-3250
177.0,3,42.09,750
177.0,6,43.38,-500
177.0,7,43.0,1750
177.0,8,35.33,-3000
177.0,10,35.53,500
177.0,13,44.32,1750
177.0,16,38.91,-2750
177.0,19,42.6,2500
177.0,20,38.79,-3000
177.0,21,35.31,0
177.0,23,43.47,-500
177.0,25,35.09,-5250
177.0,26,35.2,-3250
177.0,30,38.31,-3250
177.5,3,42.94,750
177.5,6,43.71,-500
177.5,7,43.29,1750
177.5,10,37.15,500
177.5,12,35.16,2000
177.5,13,45.67,1750
177.5,15,35.03,-1500
177.5,16,40.65,-2750
177.5,19,41.78,2500
177.5,20,39.51,-3000
177.5,21,35.11,4500
177.5,23,43.51,-500
177.5,26,35.3,1500
177.5,30,38.3,-3250
178.0,2,35.58,-1500
178.0,3,41.4,750
178.0,6,43.32,-500
178.0,7,43.37,1750
178.0,10,35.34,500
178.0,13,44.45,1750
178.0,16,39.35,-2750
178.0,19,42.09,2500
178.0,20,39.02,-3000
178.0,22,35.67,5750
178.0,23,44.53,-500
178.0,30,37.75,-3250
178.5,3,42.74,750
178.5,5,35.3,-750
178.5,6,43.77,-500
178.5,7,42.42,1750
178.5,9,35.09,4500
178.5,13,44.22,1750
178.5,15,35.53,-6000
178.5,16,38.86,-2750
178.5,19,41.56,2500
178.5,20,37.1,-3000
178.5,23,44.52,-500
178.5,24,35.49,-250
178.5,29,35.18,-2500
178.5,30,37.78,-3250
179.0,3,42.43,750
179.0,6,43.3,-750
179.0,7,42.27,1750
179.0,10,36.21,500
179.0,13,44.19,1750
179.0,16,38.44,-2750
179.0,17,35.37,1750
179.0,19,41.5,2500
179.0,20,40.2,-3000
179.0,23,44.2,-500
179.5,3,42.46,750
179.5,4,35.42,2500
179.5,6,42.42,-500
179.5,7,43.76,1750
179.5,12,35.15,5500
179.5,13,43.72,1750
179.5,16,38.15,-2750
179.5,19,43.83,2500
179.5,20,37.85,-3000
179.5,22,35.36,2250
179.5,23,44.59,-500
179.5,24,35.08,-1250
179.5,26,35.14,500
179.5,30,38.0,-3250
180.0,2,35.07,-2000
180.0,3,41.88,750
180.0,4,35.15,2750
180.0,5,35.61,-500
180.0,6,43.74,-500
180.0,7,43.61,1750
180.0,10,35.73,500
180.0,13,43.87,1750
180.0,16,37.33,-2750
180.0,19,40.68,2500
180.0,20,41.74,-3000
180.0,23,44.34,-500
180.0,24,35.33,750
180.0,25,35.58,0
180.0,30,35.39,-3250
180.5,3,42.91,750
180.5,6,43.39,-500
180.5,7,43.3,1750
180.5,11,35.15,0
180.5,12,35.2,-4000
180.5,13,44.25,1750
180.5,16,36.85,-2750
180.5,18,35.0,5500
180.5,19,41.16,2500
180.5,20,40.6,-3000
180.5,23,45.4,-500
180.5,28,35.58,-250
180.5,30,36.6,-3250
181.0,3,42.7,750
181.0,4,35.26,-5250
181.0,6,43.23,-500
181.0,7,44.15,1750
181.0,10,36.12,500
181.0,13,43.64,1750
181.0,19,42.41,2500
181.0,20,39.53,-3000
181.0,21,35.29,-3000
181.0,23,45.31,-500
181.0,24,35.06,-250
181.0,30,36.86,-3250
181.5,2,35.28,-3000
181.5,3,42.78,750
181.5,5,36.33,2000
181.5,6,43.07,-500
181.5,7,43.48,1750
181.5,10,35.79,500
181.5,11,35.04,5750
181.5,13,43.38,1750
181.5,14,35.19,-2250
181.5,16,37.31,-2750
181.5,17,35.05,-250
181.5,19,42.11,2500
181.5,20,39.37,-3000
181.5,23,44.67,-500
181.5,25,35.2,0
181.5,30,37.74,-3250
182.0,3,42.64,750
182.0,6,42.82,-500
182.0,7,43.15,1750
182.0,9,35.03,-1750
182.0,13,43.56,1750
182.0,19,40.28,2500
182.0,20,40.97,-3000
182.0,23,44.22,-500
182.0,24,35.19,5750
182.0,25,35.18,1750
182.0,26,35.1,-4500
182.0,30,36.12,-3250
182.5,1,35.48,-5500
182.5,2,35.46,-4000
182.5,3,42.8,750
182.5,6,42.98,-500
182.5,7,43.03,1750
182.5,11,36.37,2000
182.5,13,43.9,1750
182.5,19,42.22,2500
182.5,20,38.5,-3000
182.5,21,35.21,-3250
182.5,23,45.27,-500
182.5,24,35.71,1750
182.5,30,38.03,-3250
183.0,3,41.72,750
183.0,6,42.44,-500
183.0,7,43.41,1750
183.0,13,42.7,1750
183.0,16,35.09,-2750
183.0,19,41.91,2500
183.0,20,39.56,-3000
183.0,23,45.09,-500
183.0,30,38.68,-3250
183.5,3,43.36,750
183.5,6,43.04,-750
183.5,7,44.41,1750
183.5,13,42.49,1750
183.5,14,35.0,-2500
183.5,16,35.08,-1750
183.5,19,40.94,2500
183.5,20,40.55,-3000
183.5,23,45.06,-500
183.5,30,38.58,-3250
183.5,32,35.42,-3000
184.0,2,35.54,3500
184.0,3,42.91,750
184.0,6,41.84,-500
184.0,7,41.95,1750
184.0,10,35.15,500
184.0,13,43.09,1750
184.0,16,37.49,-2750
184.0,18,35.25,1750
184.0,19,42.03,2500
184.0,20,38.76,-3000
184.0,23,43.92,-500
184.0,24,35.06,1500
184.0,30,37.54,-3250
184.5,2,35.0,-4250
184.5,3,43.08,750
184.5,4,35.83,-4250
184.5,6,42.36,-500
184.5,7,42.55,1750
184.5,10,36.17,-500
184.5,11,35.22,2000
184.5,13,42.69,1750
184.5,19,42.15,2500
184.5,20,40.99,-3000
184.5,23,45.36,-500
184.5,28,35.77,-3250
184.5,29,35.24,1250
184.5,30,37.21,-3250
184.5,31,35.14,-2250
185.0,3,43.2,750
185.0,4,35.14,-4250
185.0,6,43.76,-750
185.0,7,44.23,1750
185.0,11,35.34,-6000
185.0,13,41.85,1750
185.0,16,36.16,-2750
185.0,19,42.22,2500
185.0,20,39.53,-3000
185.0,23,44.57,-500
185.0,30,40.09,-3250
185.0,32,35.25,1750
185.5,3,43.0,750
185.5,6,42.31,-750
185.5,7,42.94,1750
185.5,13,42.2,1750
185.5,18,35.62,5500
185.5,19,40.89,2500
185.5,20,39.18,-3000
185.5,22,35.04,-1250
185.5,23,45.2,-500
185.5,24,36.15,1250
185.5,30,37.46,-3250
185.5,31,36.45,-4500
186.0,3,42.95,750
186.0,6,43.42,-500
186.0,7,43.27,1750
186.0,13,41.03,1750
186.0,16,35.14,1750
186.0,17,35.05,1000
186.0,19,40.71,2500
186.0,20,41.36,-3000
186.0,21,35.35,-2000
186.0,23,44.37,-500
186.0,28,35.03,-1000
186.0,30,38.63,-3250
186.0,31,35.15,2000
186.5,3,43.11,750
186.5,4,35.03,-500
186.5,6,42.8,-750
186.5,7,41.84,1750
186.5,10,35.52,500
186.5,13,42.16,1750
186.5,14,35.25,1500
186.5,19,42.44,2500
186.5,20,41.01,-3000
186.5,23,45.43,-500
186.5,25,35.09,-1750
186.5,30,37.54,-3250
187.0,3,42.33,750
187.0,6,41.57,-500
187.0,7,43.18,1750
187.0,11,35.06,-5500
187.0,13,41.91,1750
187.0,19,41.4,2500
187.0,20,39.65,-3000
187.0,23,44.72,-500
187.0,28,35.08,4500
187.0,30,38.37,-3250
187.5,1,35.18,-750
187.5,3,44.07,750
187.5,6,42.7,-750
187.5,7,42.03,1750
187.5,8,35.14,-750
187.5,11,35.5,-5500
187.5,13,41.4,1750
187.5,17,35.74,1000
187.5,19,42.84,2500
187.5,20,41.0,-3000
187.5,23,45.01,-500
187.5,27,35.09,-2250
187.5,30,35.31,-3250
188.0,2,35.16,2500
188.0,3,42.89,750
188.0,6,41.57,-500
188.0,7,43.36,1750
188.0,13,40.45,1750
188.0,18,35.08,1500
188.0,19,41.52,2500
188.0,20,40.22,-3000
188.0,23,45.1,-500
188.0,24,35.4,4250
188.0,30,38.13,-3250
188.5,1,35.13,-250
188.5,3,43.66,750
188.5,6,42.32,-750
188.5,7,42.6,1750
188.5,8,35.32,0
188.5,12,35.65,1500
188.5,13,38.5,1750
188.5,16,35.03,-2000
188.5,19,43.0,2500
188.5,20,41.07,-3000
188.5,23,45.61,-500
188.5,26,35.06,2500
189.0,3,43.89,750
189.0,6,42.23,-500
189.0,7,42.33,1750
189.0,11,35.06,2750
189.0,13,40.12,1750
189.0,17,35.14,1000
189.0,18,35.78,5750
189.0,19,42.29,2500
189.0,20,39.79,-3000
189.0,21,35.36,5500
189.0,23,45.29,-500
189.0,30,40.23,-3250
189.5,3,44.18,750
189.5,6,42.35,-750
189.5,7,44.0,1750
189.5,13,38.38,1750
189.5,18,35.29,500
189.5,19,41.92,2500
189.5,20,40.06,-3000
189.5,21,35.33,-4750
189.5,22,35.74,500
189.5,23,45.25,-500
189.5,30,39.63,-3250
189.5,31,35.24,2750
190.0,3,43.57,750
190.0,6,42.41,-500
190.0,7,41.22,1750
190.0,13,39.44,1750
190.0,15,35.35,1750
190.0,16,35.08,-4250
190.0,18,35.52,0
190.0,19,42.27,2500
190.0,20,39.91,-3000
190.0,23,45.74,-500
190.0,29,35.26,2000
190.0,30,36.27,-3250
190.5,3,43.63,750
190.5,6,41.92,-750
190.5,7,43.47,1750
190.5,11,35.12,-500
190.5,12,35.17,-3250
190.5,13,37.5,1750
190.5,19,42.65,2500
190.5,20,41.67,-3000
190.5,23,45.91,-500
190.5,26,35.35,-1500
190.5,28,35.81,5500
190.5,30,37.74,-3250
190.5,31,35.12,3000
190.5,32,35.04,5250
191.0,3,43.5,750
191.0,6,41.53,-500
191.0,7,41.02,1750
191.0,10,35.2,-4000
191.0,11,35.13,250
191.0,13,36.74,1750
191.0,19,43.12,2500
191.0,20,39.44,-3000
191.0,22,35.08,3500
191.0,23,45.06,-500
191.0,30,37.7,-3250
191.5,3,42.76,750
191.5,6,41.79,-500
191.5,7,42.3,1750
191.5,13,39.55,1750
191.5,19,43.4,2500
191.5,20,41.06,-3000
191.5,21,35.7,-1750
191.5,23,45.63,-500
191.5,24,35.46,-750
191.5,26,35.09,-4750
191.5,30,38.29,-3250
192.0,3,43.32,750
192.0,5,35.02,-500
192.0,6,41.04,-500
192.0,7,43.94,1750
192.0,13,35.37,1750
192.0,19,41.7,2500
192.0,20,39.56,-3000
192.0,21,35.0,500
192.0,23,45.92,-500
192.0,30,38.55,-3250
192.5,3,42.88,750
192.5,6,41.2,-750
192.5,7,42.61,1750
192.5,12,35.41,5750
192.5,19,43.55,2500
192.5,20,39.19,-3000
192.5,23,45.11,-500
192.5,26,35.6,-500
192.5,30,38.53,-3250
193.0,3,43.37,750
193.0,6,40.96,-500
193.0,7,41.74,1750
193.0,13,36.92,1750
193.0,14,35.23,3000
193.0,19,43.3,2500
193.0,20,38.03,-3000
193.0,23,45.79,-500
193.0,26,35.52,4750
193.0,29,35.01,750
193.0,30,39.54,-3250
193.5,3,44.06,750
193.5,6,41.66,-750
193.5,7,42.95,1750
193.5,9,35.32,3500
193.5,11,35.25,1750
193.5,13,35.02,-2250
193.5,18,35.73,4000
193.5,19,41.83,2500
193.5,20,40.15,-3000
193.5,23,46.85,-500
193.5,29,35.14,2500
193.5,30,38.01,-3250
193.5,32,35.27,-5000
194.0,3,43.12,750
194.0,6,41.69,-750
194.0,7,42.53,1750
194.0,10,35.49,-1000
194.0,13,35.98,5250
194.0,16,35.07,5500
194.0,19,42.71,2500
194.0,20,41.28,-3000
194.0,23,46.11,-500
194.0,30,39.08,-3250
194.5,3,44.23,750
194.5,6,40.27,-500
194.5,7,41.71,1750
194.5,11,35.25,750
194.5,16,35.58,-6000
194.5,19,43.39,2500
194.5,20,40.87,-3000
194.5,23,46.34,-500
194.5,30,38.54,-3250
194.5,32,36.12,-500
195.0,1,35.19,-500
195.0,3,43.86,750
195.0,5,35.18,2500
195.0,6,41.94,-500
195.0,7,41.64,1750
195.0,19,43.38,2500
195.0,20,40.59,-3000
195.0,23,47.07,-500
195.0,30,39.59,-3250
195.0,31,35.03,-250
195.0,32,35.49,4500
195.5,3,43.6,750
195.5,6,43.11,-750
195.5,7,41.43,1750
195.5,8,35.6,-3750
195.5,18,35.29,-6000
195.5,19,43.75,2500
195.5,20,40.15,-3000
195.5,23,46.4,-500
195.5,25,37.5,-500
195.5,30,37.6,-3250
196.0,3,44.16,750
196.0,6,41.56,-500
196.0,7,41.21,1750
196.0,16,35.62,-3000
196.0,19,42.92,2500
196.0,20,40.16,-3000
196.0,23,46.35,-500
196.0,30,36.87,-3250
196.0,31,35.14,-2500
196.5,3,44.21,750
196.5,4,35.35,0
196.5,6,41.66,-750
196.5,7,40.25,1750
196.5,16,35.56,-500
196.5,19,43.19,2500
196.5,20,41.12,-3000
196.5,23,46.57,-500
196.5,29,35.51,1500
196.5,30,36.27,-3250
197.0,1,36.31,500
197.0,3,44.13,750
197.0,6,40.81,-500
197.0,7,40.29,1750
197.0,9,35.29,3500
197.0,14,35.41,-5750
197.0,16,36.03,-5000
197.0,19,43.31,2500
197.0,20,40.62,-3000
197.0,22,35.02,1250
197.0,23,46.04,-500
197.0,26,35.19,-5500
197.0,30,36.97,-3250
197.5,2,35.08,1500
197.5,3,44.68,750
197.5,4,35.15,-5500
197.5,6,40.65,-500
197.5,7,41.79,1750
197.5,10,36.06,1500
197.5,14,35.21,4500
197.5,16,37.26,-3000
197.5,19,42.65,2500
197.5,20,40.46,-3000
197.5,23,46.58,-500
197.5,26,35.63,3500
197.5,27,35.19,-500
197.5,28,35.35,-250
197.5,30,38.52,-3250
198.0,1,35.34,0
198.0,3,44.51,750
198.0,6,39.15,-500
198.0,7,40.79,1750
198.0,8,35.09,-1500
198.0,16,36.61,-3000
198.0,19,43.09,2500
198.0,20,40.77,-3000
198.0,23,46.36,-500
198.0,25,35.1,1500
198.0,30,36.33,-3250
198.5,3,44.35,750
198.5,6,40.22,-500
198.5,7,40.77,1750
198.5,16,37.14,-3000
198.5,18,35.13,-1500
198.5,19,42.44,2500
198.5,20,35.53,-3000
198.5,21,35.68,-500
198.5,23,46.65,-500
198.5,30,35.81,-3250
199.0,3,44.54,750
199.0,5,36.07,1500
199.0,6,41.16,-750
199.0,7,40.96,1750
199.0,9,35.61,3750
199.0,12,35.79,5000
199.0,13,35.56,2750
199.0,15,35.52,1750
199.0,16,36.18,-3000
199.0,19,42.71,2500
199.0,20,40.4,-3000
199.0,23,46.58,-500
199.0,27,35.49,-5000
199.0,30,38.36,-3250
199.5,3,44.2,750
199.5,4,35.43,-500
199.5,6,40.12,-500
199.5,7,40.56,1750
199.5,8,35.17,-3250
199.5,13,35.94,-1500
199.5,15,35.54,-2000
199.5,16,37.13,-2750
199.5,19,41.27,2500
199.5,20,39.2,-3000
199.5,22,35.08,1500
199.5,23,46.88,-500
199.5,30,37.13,-3250
200.0,1,35.16,1750
200.0,2,35.33,750
200.0,3,44.22,750
200.0,5,35.46,4750
200.0,6,39.96,-500
200.0,7,38.98,1750
200.0,13,36.8,1750
200.0,15,35.25,2500
200.0,16,37.3,-2750
200.0,17,35.51,-500
200.0,19,42.84,2500
200.0,20,38.13,-3000
200.0,21,35.82,4500
200.0,22,35.5,2250
200.0,23,46.92,-500
200.0,30,37.66,-3250
200.5,3,44.54,750
200.5,6,40.11,-500
200.5,7,39.9,1750
200.5,8,35.86,5000
200.5,13,37.83,1750
200.5,16,38.82,-2750
200.5,19,43.32,2500
200.5,20,37.87,-3000
200.5,23,46.72,-500
200.5,30,38.83,-3250
201.0,3,44.12,750
201.0,4,35.44,3000
201.0,6,40.25,-750
201.0,7,40.05,1750
201.0,8,35.02,-1500
201.0,10,35.57,4000
201.0,13,38.06,1750
201.0,16,38.09,-2750
201.0,19,42.67,2500
201.0,20,37.74,-3000
201.0,23,47.13,-500
201.0,24,35.11,-4250
201.0,30,37.45,-3250
201.0,31,35.48,5000
201.5,3,44.77,750
201.5,6,38.05,-500
201.5,7,39.03,1750
201.5,10,35.06,3000
201.5,11,35.14,1500
201.5,13,38.95,1750
201.5,15,35.61,3500
201.5,16,38.15,-3000
201.5,19,43.06,2500
201.5,20,38.28,-3000
201.5,23,46.19,-500
201.5,26,35.29,0
201.5,30,36.75,-3250
202.0,3,45.14,750
202.0,4,35.71,3000
202.0,6,38.74,-750
202.0,7,38.84,1750
202.0,10,35.48,-5250
202.0,13,37.35,1750
202.0,16,40.73,-3000
202.0,19,43.03,2500
202.0,20,39.82,-3000
202.0,23,47.03,-500
202.0,24,35.76,-5250
202.0,30,35.93,-3250
202.5,3,44.5,750
202.5,6,37.69,-500
202.5,7,37.09,1750
202.5,13,37.34,1750
202.5,16,40.84,-2750
202.5,18,35.06,4500
202.5,19,42.57,2500
202.5,20,38.07,-3000
202.5,23,47.22,-500
202.5,30,38.5,-3250
202.5,32,35.02,-250
203.0,3,44.49,750
203.0,6,37.67,-500
203.0,7,39.36,1750
203.0,13,39.52,1750
203.0,16,40.52,-2750
203.0,19,42.11,2500
203.0,20,39.76,-3000
203.0,23,46.26,-500
203.0,30,36.9,-3250
203.0,32,35.05,-5500
203.5,3,45.34,750
203.5,6,38.08,-750
203.5,7,35.87,1750
203.5,8,35.32,500
203.5,9,36.07,5750
203.5,13,39.75,1750
203.5,16,39.6,-3000
203.5,19,43.01,2500
203.5,20,37.99,-3000
203.5,23,46.54,-500
203.5,24,35.67,-1250
203.5,30,37.36,-3250
204.0,3,44.73,750
204.0,6,38.02,-500
204.0,7,37.7,1750
204.0,12,35.02,3750
204.0,13,41.4,1750
204.0,14,35.05,5750
204.0,16,40.66,-2750
204.0,18,35.87,4500
204.0,19,44.33,2500
204.0,20,39.48,-3000
204.0,23,47.09,-500
204.0,30,37.03,-3250
204.5,3,45.13,750
204.5,6,36.06,-500
204.5,7,37.47,2000
204.5,8,35.19,5250
204.5,13,41.19,1750
204.5,16,40.76,-2750
204.5,19,43.3,2500
204.5,20,38.18,-3000
204.5,21,35.2,250
204.5,22,35.35,-3250
204.5,23,47.21,-500
204.5,24,35.92,3250
204.5,28,35.17,-500
205.0,2,35.21,2000
205.0,3,44.78,750
205.0,6,37.45,-500
205.0,7,37.54,1750
205.0,13,41.95,1750
205.0,16,40.46,-2750
205.0,19,42.85,2500
205.0,20,39.88,-3000
205.0,23,46.95,-500
205.0,24,35.28,3500
205.5,2,35.08,-2500
205.5,3,44.86,750
205.5,4,35.11,-5500
205.5,6,37.98,-500
205.5,7,37.06,2000
205.5,13,41.87,1750
205.5,16,41.4,-2750
205.5,19,43.41,2500
205.5,20,37.34,-3000
205.5,23,47.43,-500
205.5,25,35.4,-4750
205.5,30,36.54,-3250
205.5,32,35.24,-5500
206.0,3,43.97,750
206.0,6,39.41,-500
206.0,7,35.55,1750
206.0,9,35.37,-3250
206.0,13,41.6,1750
206.0,16,41.37,-2750
206.0,19,43.59,2500
206.0,20,38.14,-3000
206.0,23,47.3,-500
206.0,26,35.56,3250
206.0,30,37.22,-3250
206.5,3,44.79,750
206.5,4,35.08,2000
206.5,6,37.17,-750
206.5,7,37.11,2000
206.5,13,43.59,1750
206.5,16,42.79,-2750
206.5,17,35.11,4000
206.5,19,43.68,2500
206.5,20,37.4,-3000
206.5,23,46.67,-500
206.5,30,35.52,-4000
207.0,3,44.23,750
207.0,12,35.16,3750
207.0,13,43.37,1750
207.0,16,41.66,-2750
207.0,19,43.46,2500
207.0,20,36.98,-3000
207.0,23,47.5,-500
207.0,25,35.14,750
207.0,29,35.12,1750
207.0,30,37.25,-3250
207.5,3,44.69,750
207.5,6,35.79,-500
207.5,7,35.15,2000
207.5,13,43.32,1750
207.5,16,42.37,-2750
207.5,19,43.49,2500
207.5,23,46.9,-500
207.5,25,35.48,2500
207.5,30,36.33,-3250
208.0,3,45.14,750
208.0,6,37.83,-500
208.0,11,35.73,3750
208.0,13,44.1,1750
208.0,16,41.33,-2750
208.0,19,43.29,2500
208.0,20,35.53,-3000
208.0,23,47.11,-500
208.0,27,36.0,4750
208.0,30,35.95,4500
208.5,3,44.92,750
208.5,5,35.05,3750
208.5,7,35.28,2000
208.5,13,43.69,1750
208.5,16,42.4,-2750
208.5,19,43.56,2500
208.5,20,37.61,-3000
208.5,23,47.03,-500
209.0,1,35.18,-2500
209.0,3,44.84,750
209.0,6,36.81,-500
209.0,8,35.26,500
209.0,10,37.47,500
209.0,13,44.74,1750
209.0,16,43.28,-2750
209.0,19,44.0,2500
209.0,20,35.18,-3250
209.0,23,46.56,-500
209.0,26,35.19,-3250
209.5,3,45.39,750
209.5,6,36.16,1750
209.5,10,36.16,500
209.5,13,44.35,1750
209.5,14,35.55,2000
209.5,16,43.01,-2750
209.5,19,43.55,2500
209.5,23,46.92,-500
209.5,30,35.74,-2500
210.0,2,35.08,-2750
210.0,3,43.96,500
210.0,4,35.84,-1500
210.0,7,37.05,1750
210.0,8,35.17,-1000
210.0,13,45.05,1750
210.0,16,43.97,-2750
210.0,18,35.6,-500
210.0,19,43.11,2500
210.0,23,47.43,-500
210.0,30,37.04,-3250
210.5,1,35.77,4500
210.5,3,44.57,750
210.5,5,35.22,2750
210.5,6,36.11,-500
210.5,8,35.14,-1250
210.5,9,35.13,-4500
210.5,13,44.53,1750
210.5,16,43.76,-2750
210.5,19,43.1,2500
210.5,20,35.89,-3000
210.5,22,35.93,1000
210.5,23,46.86,-500
210.5,27,36.27,-4500
211.0,2,35.06,-1500
211.0,3,45.13,750
211.0,13,45.38,1750
211.0,15,35.56,750
211.0,16,43.48,-2750
211.0,19,43.18,2500
211.0,21,35.07,1000
211.0,23,47.33,-500
211.0,24,35.06,4750
211.5,3,44.16,750
211.5,5,35.87,-500
211.5,6,35.51,0
211.5,7,35.37,500
211.5,10,35.13,750
211.5,13,45.53,1750
211.5,16,43.5,-2750
211.5,19,43.82,2500
211.5,20,36.78,-3000
211.5,23,47.11,-500
211.5,25,35.09,1750
211.5,28,35.38,-5250
212.0,3,44.44,750
212.0,10,36.38,500
212.0,13,46.02,1750
212.0,16,43.3,-2750
212.0,19,42.62,2500
212.0,20,35.4,-500
212.0,23,47.37,-500
212.0,25,35.31,3750
212.5,1,35.55,750
212.5,3,44.06,500
212.5,13,46.0,1750
212.5,14,35.4,-3500
212.5,16,42.89,-2750
212.5,19,43.27,2500
212.5,23,47.24,-500
212.5,24,35.72,0
212.5,30,36.11,-3250
213.0,3,44.67,750
213.0,7,35.09,750
213.0,10,36.0,500
213.0,11,35.58,2750
213.0,13,45.97,1750
213.0,16,43.69,-2750
213.0,19,43.58,2500
213.0,23,47.64,-500
213.5,3,43.66,500
213.5,4,35.02,3500
213.5,5,35.06,2750
213.5,10,36.83,500
213.5,13,46.67,1750
213.5,16,43.76,-2750
213.5,19,43.68,2500
213.5,23,47.33,-500
214.0,3,44.55,750
214.0,11,35.14,1500
214.0,12,35.29,2500
214.0,13,46.41,1750
214.0,15,35.05,-1250
214.0,16,44.48,-2750
214.0,19,43.2,2500
214.0,21,35.26,-3500
214.0,23,47.74,-500
214.5,3,44.93,750
214.5,8,35.25,1750
214.5,10,38.31,500
214.5,13,46.15,1750
214.5,16,44.74,-2750
214.5,19,43.24,2500
214.5,23,47.26,-500
215.0,3,44.53,750
215.0,6,35.51,-4500
215.0,10,37.17,500
215.0,13,46.17,1750
215.0,16,43.93,-2750
215.0,19,44.27,2500
215.0,23,47.0,-500
215.0,25,35.87,3750
215.0,26,35.33,-5750
215.0,31,35.17,-1250
215.5,3,45.02,750
215.5,6,35.38,5750
215.5,7,35.11,-1500
215.5,10,36.94,500
215.5,11,35.47,4500
215.5,13,47.41,1750
215.5,15,35.39,5750
215.5,16,43.39,-2750
215.5,19,43.37,2500
215.5,22,35.25,-2250
215.5,23,47.29,-500
215.5,24,35.44,750
216.0,3,44.18,750
216.0,10,38.07,500
216.0,13,46.09,1750
216.0,16,44.0,-2750
216.0,19,43.6,2500
216.0,23,47.17,-500
216.5,3,44.83,750
216.5,6,36.37,-1500
216.5,8,35.45,-5750
216.5,10,38.0,500
216.5,13,46.0,1750
216.5,16,44.96,-2750
216.5,19,42.87,2500
216.5,23,47.12,-500
217.0,3,44.6,750
217.0,10,39.47,500
217.0,13,46.45,1750
217.0,16,44.45,-2750
217.0,19,43.12,2500
217.0,23,47.23,-500
217.0,24,35.52,-3250
217.5,1,35.78,750
217.5,2,35.74,2500
217.5,3,44.45,750
217.5,9,35.08,-2500
217.5,10,37.9,500
217.5,13,46.99,1750
217.5,16,44.92,-2750
217.5,18,35.15,-5500
217.5,19,43.72,2500
217.5,22,35.83,-500
217.5,23,47.49,-500
217.5,26,35.07,-2500
217.5,32,35.29,5750
218.0,3,45.01,750
218.0,6,35.12,750
218.0,10,36.3,500
218.0,13,45.98,1750
218.0,16,44.52,-2750
218.0,19,43.78,2500
218.0,23,47.41,-500
218.0,26,35.49,750
218.0,28,35.35,750
218.5,3,44.35,750
218.5,7,35.61,1750
218.5,10,37.48,500
218.5,11,35.96,2000
218.5,13,46.77,1750
218.5,16,44.86,-2750
218.5,19,43.11,2500
218.5,23,47.51,-500
218.5,24,35.52,-1250
218.5,27,35.11,2500
218.5,30,35.12,5500
218.5,32,35.85,500
219.0,3,44.38,750
219.0,5,35.02,4500
219.0,7,37.39,1750
219.0,10,39.06,500
219.0,13,46.59,1750
219.0,16,44.26,-2750
219.0,19,43.39,2500
219.0,23,47.02,-500
219.0,25,36.24,-3500
219.0,31,35.31,1750
219.5,3,44.98,750
219.5,7,37.65,1750
219.5,10,39.02,500
219.5,11,35.72,-500
219.5,13,47.33,1750
219.5,16,43.86,-2750
219.5,18,35.23,3500
219.5,19,43.21,2500
219.5,23,47.59,-500
219.5,27,35.24,-5500
220.0,3,44.84,750
220.0,7,37.79,1750
220.0,9,35.74,-5000
220.0,10,38.08,500
220.0,12,35.31,-250
220.0,13,47.1,1750
220.0,16,45.22,-2750
220.0,19,44.2,2500
220.0,23,46.97,-500
220.0,28,35.56,-500
220.5,3,44.61,750
220.5,10,39.6,500
220.5,13,47.12,1750
220.5,16,43.39,-2750
220.5,19,43.83,2500
220.5,23,47.48,-500
220.5,26,35.13,-4500
220.5,29,36.81,3750
220.5,31,35.15,3500
220.5,32,35.06,-500
221.0,3,44.22,750
221.0,7,39.21,1750
221.0,10,39.64,500
221.0,11,35.08,1750
221.0,13,47.03,1750
221.0,16,43.61,-2750
221.0,19,44.09,2500
221.0,21,35.06,5750
221.0,23,47.03,-500
221.5,3,44.62,750
221.5,6,35.29,2750
221.5,7,39.12,1750
221.5,10,38.88,500
221.5,13,47.09,1750
221.5,16,44.78,-2750
221.5,19,43.09,2500
221.5,21,35.1,5750
221.5,23,47.04,-500
221.5,24,35.51,2750
221.5,29,35.59,500
221.5,32,35.02,-1500
222.0,3,44.45,750
222.0,5,35.15,1500
222.0,6,35.01,-3500
222.0,7,39.25,1750
222.0,10,39.87,500
222.0,11,35.2,750
222.0,13,47.23,1750
222.0,16,44.77,-2750
222.0,19,43.41,2500
222.0,23,47.14,-500
222.0,24,35.38,1750
222.0,30,35.19,500
222.5,3,44.36,500
222.5,7,38.76,1750
222.5,10,41.07,500
222.5,13,46.72,1750
222.5,16,43.54,-2750
222.5,19,44.14,2500
222.5,22,35.36,-1500
222.5,23,47.17,-500
223.0,3,44.17,500
223.0,6,35.72,-750
223.0,7,38.91,1750
223.0,10,38.88,500
223.0,13,47.39,1750
223.0,16,44.4,-2750
223.0,19,42.69,2500
223.0,23,47.31,-500
223.0,27,35.03,-1250
223.5,3,44.21,750
223.5,6,37.88,-750
223.5,7,38.75,1750
223.5,8,35.7,1750
223.5,10,40.08,500
223.5,12,35.48,-250
223.5,13,46.5,1750
223.5,16,43.62,-2750
223.5,17,35.42,2750
223.5,19,42.7,2500
223.5,23,47.22,-500
223.5,26,36.73,-4750
223.5,29,35.18,5500
224.0,2,36.23,-750
224.0,3,43.92,750
224.0,6,37.09,-750
224.0,7,39.54,1750
224.0,9,35.22,-750
224.0,10,39.74,500
224.0,11,35.25,1250
224.0,13,46.16,1750
224.0,14,35.22,750
224.0,16,44.14,-2750
224.0,19,43.03,2500
224.0,23,47.45,-500
224.0,24,35.3,-500
224.0,28,35.07,1750
224.0,32,35.05,2750
224.5,3,43.76,750
224.5,6,37.87,-750
224.5,7,40.75,1750
224.5,10,39.76,500
224.5,11,35.11,1750
224.5,13,46.69,1750
224.5,14,35.69,-4250
224.5,15,35.02,-5250
224.5,16,43.55,-2750
224.5,19,42.93,2500
224.5,23,47.02,-500
225.0,2,35.09,-1250
225.0,3,43.7,750
225.0,5,35.2,1750
225.0,6,39.17,-750
225.0,7,38.98,1750
225.0,10,39.51,500
225.0,13,45.89,1750
225.0,16,43.98,-2750
225.0,19,43.98,2500
225.0,23,46.99,-500
225.5,2,35.0,-3500
225.5,3,43.34,500
225.5,6,37.8,-750
225.5,7,39.92,1750
225.5,10,39.29,500
225.5,13,46.71,1750
225.5,16,43.46,-2750
225.5,18,35.03,1750
225.5,19,43.35,2500
225.5,23,47.21,-500
226.0,3,43.98,750
226.0,6,37.31,-750
226.0,7,39.42,1750
226.0,8,35.1,3500
226.0,9,35.05,-2500
226.0,10,40.06,500
226.0,13,46.06,1750
226.0,15,35.34,4750
226.0,16,44.24,-2750
226.0,19,43.37,2500
226.0,23,47.45,-500
226.0,26,35.1,4750
226.5,1,35.07,-5250
226.5,3,43.47,500
226.5,6,38.67,-750
226.5,7,40.1,1750
226.5,10,38.34,500
226.5,12,35.39,5750
226.5,13,46.26,1750
226.5,14,35.13,-2500
226.5,16,41.93,-2750
226.5,19,43.14,2500
226.5,20,36.02,-3000
226.5,23,47.29,-500
227.0,2,35.15,4500
227.0,3,43.15,500
227.0,6,37.78,-750
227.0,7,40.02,1750
227.0,9,35.57,-3250
227.0,10,40.46,500
227.0,13,45.94,1750
227.0,16,43.16,-2750
227.0,19,44.66,2500
227.0,23,46.9,-500
227.5,3,44.66,750
227.5,6,39.11,-750
227.5,7,39.69,1750
227.5,10,40.79,500
227.5,13,46.23,1750
227.5,16,43.16,-2750
227.5,18,35.13,1750
227.5,19,44.19,2500
227.5,23,47.36,-500
228.0,3,44.32,750
228.0,6,37.67,-750
228.0,7,42.8,1750
228.0,8,35.29,-1250
228.0,10,39.72,500
228.0,13,46.46,1750
228.0,16,42.03,-2750
228.0,19,43.83,2500
228.0,20,35.71,-5250
228.0,23,47.42,-500
228.0,28,35.01,-2250
228.5,2,36.21,2500
228.5,3,43.29,500
228.5,5,35.86,-1250
228.5,6,39.5,-750
228.5,7,41.26,1750
228.5,8,35.2,-4500
228.5,10,39.68,500
228.5,13,46.04,1750
228.5,15,35.13,5750
228.5,16,41.97,-2750
228.5,19,44.85,2500
228.5,23,47.02,-500
229.0,3,43.94,500
229.0,6,40.62,-750
229.0,7,41.25,1750
229.0,10,40.32,500
229.0,13,45.65,1750
229.0,16,42.37,-2750
229.0,19,45.14,2500
229.0,23,47.17,-500
229.0,27,35.91,1750
229.0,30,35.54,-5250
229.5,3,43.74,500
229.5,6,40.19,-750
229.5,7,42.14,1750
229.5,10,40.6,500
229.5,13,46.36,1750
229.5,16,41.82,-2750
229.5,19,44.04,2500
229.5,23,46.91,-500
230.0,2,35.7,250
230.0,3,43.94,750
230.0,6,39.71,-750
230.0,7,42.23,1750
230.0,8,35.08,750
230.0,10,38.73,500
230.0,13,45.7,1750
230.0,15,35.06,4500
230.0,16,41.9,-2750
230.0,19,44.3,2500
230.0,23,47.5,-500
230.5,3,44.53,750
230.5,6,40.66,-750
230.5,7,41.32,1750
230.5,10,39.73,500
230.5,13,45.13,1750
230.5,14,35.35,-1500
230.5,16,41.07,-2750
230.5,18,35.83,-5250
230.5,19,44.8,2500
230.5,23,46.86,-500
230.5,26,35.58,-3500
230.5,29,35.66,3750
231.0,3,44.53,750
231.0,6,42.22,-750
231.0,7,40.86,1750
231.0,10,39.85,500
231.0,13,45.78,1750
231.0,16,41.61,-2750
231.0,18,35.01,-5500
231.0,19,44.37,2500
231.0,23,46.86,-500
231.0,30,35.44,1750
231.5,3,44.46,750
231.5,4,35.22,-1000
231.5,6,41.28,-750
231.5,7,41.68,1750
231.5,10,39.42,500
231.5,13,45.27,1750
231.5,16,39.89,-2750
231.5,18,35.33,5750
231.5,19,44.65,2500
231.5,20,35.5,-500
231.5,23,46.88,-500
231.5,25,35.01,-1500
232.0,3,43.35,500
232.0,6,40.38,-750
232.0,7,41.63,1750
232.0,9,35.17,750
232.0,10,41.12,500
232.0,13,45.11,1750
232.0,16,40.66,-2750
232.0,19,44.25,2500
232.0,20,36.92,-3000
232.0,23,46.6,-500
232.0,29,35.32,2500
232.0,30,35.23,3500
232.5,3,44.8,750
232.5,4,35.5,-3250
232.5,6,41.9,-750
232.5,7,41.75,1750
232.5,10,40.65,500
232.5,13,44.58,1750
232.5,15,35.29,500
232.5,16,40.22,-2750
232.5,19,43.85,2500
232.5,23,46.64,-500
232.5,28,35.19,500
232.5,32,35.25,1500
233.0,2,35.56,-3250
233.0,3,44.58,750
233.0,5,35.48,4500
233.0,6,40.58,-750
233.0,7,41.88,1750
233.0,10,40.97,500
233.0,13,44.09,1750
233.0,15,35.01,1500
233.0,16,40.15,-2750
233.0,19,44.83,2500
233.0,23,46.54,-500
233.0,31,35.34,-2250
233.5,3,44.54,750
233.5,6,40.84,-750
233.5,7,42.96,1750
233.5,10,40.34,500
233.5,13,44.49,1750
233.5,16,40.44,-2750
233.5,18,35.24,-250
233.5,19,44.6,2500
233.5,20,35.64,-3000
233.5,23,46.58,-500
233.5,25,35.33,1500
234.0,3,43.86,500
234.0,6,41.09,-750
234.0,7,42.97,1750
234.0,10,41.34,500
234.0,11,35.23,1500
234.0,13,44.03,1750
234.0,16,39.9,-2750
234.0,17,35.09,4500
234.0,19,44.73,2500
234.0,20,36.01,-3000
234.0,23,46.68,-500
234.5,3,44.17,750
234.5,6,42.13,-750
234.5,7,43.4,1750
234.5,8,35.31,-5500
234.5,10,39.93,500
234.5,13,44.29,1750
234.5,14,35.4,2750
234.5,16,40.21,-2750
234.5,19,43.4,2500
234.5,23,46.46,-500
235.0,3,44.93,750
235.0,6,41.49,-750
235.0,7,42.19,1750
235.0,10,41.19,500
235.0,13,44.06,1750
235.0,16,39.83,-2750
235.0,19,44.65,2500
235.0,20,37.12,-3000
235.0,23,46.37,-500
235.0,28,35.45,-2500
235.0,29,35.22,4750
235.5,2,35.3,-4250
235.5,3,44.59,500
235.5,6,42.13,-750
235.5,7,43.3,1750
235.5,10,41.13,500
235.5,13,44.01,1750
235.5,16,39.78,-2750
235.5,19,44.51,2500
235.5,23,46.91,-500
235.5,24,35.15,-500
236.0,1,35.04,5500
236.0,3,44.85,750
236.0,6,41.68,-750
236.0,7,43.06,1750
236.0,10,40.8,500
236.0,13,43.49,1750
236.0,16,39.02,-2750
236.0,19,44.05,2500
236.0,20,37.63,-3000
236.0,23,45.88,-500
236.5,3,43.91,500
236.5,5,35.97,-3500
236.5,6,42.72,-750
236.5,7,43.73,1750
236.5,10,40.45,500
236.5,13,43.06,1750
236.5,14,36.28,-3250
236.5,16,39.09,-2750
236.5,17,35.29,5500
236.5,19,44.72,2500
236.5,20,35.08,-5500
236.5,23,46.29,-500
237.0,3,44.55,750
237.0,6,43.01,-750
237.0,7,42.65,1750
237.0,10,40.37,500
237.0,12,35.03,-250
237.0,13,42.67,1750
237.0,14,35.51,-500
237.0,15,35.13,-2250
237.0,16,39.44,-2750
237.0,17,35.09,1500
237.0,18,35.3,-4000
237.0,19,43.91,2500
237.0,20,37.48,-3000
237.0,22,35.54,-5250
237.0,23,46.41,-500
237.5,3,43.92,500
237.5,6,43.19,-750
237.5,7,42.05,1750
237.5,8,35.7,-5500
237.5,10,41.2,500
237.5,13,42.63,1750
237.5,16,39.98,-2750
237.5,19,43.91,2500
237.5,23,45.91,-500
237.5,30,35.14,-750
238.0,3,44.04,750
238.0,6,43.01,-750
238.0,7,42.89,1750
238.0,10,40.77,500
238.0,13,42.82,1750
238.0,15,35.02,-5250
238.0,16,40.97,-2750
238.0,18,35.18,-1500
238.0,19,43.77,2500
238.0,20,37.32,-3000
238.0,23,46.06,-500
238.0,30,35.16,-3250
238.0,31,35.33,2500
238.5,3,44.92,750
238.5,6,43.81,-750
238.5,7,43.41,1750
238.5,9,35.33,4000
238.5,10,40.78,500
238.5,13,41.92,1750
238.5,15,35.15,1750
238.5,16,37.53,-2750
238.5,18,35.5,3750
238.5,19,43.93,2500
238.5,21,36.26,-2750
238.5,23,46.19,-500
238.5,27,35.13,-4500
238.5,30,35.38,-5500
239.0,3,43.58,500
239.0,6,43.21,-750
239.0,7,42.87,1750
239.0,8,36.27,2250
239.0,9,35.07,2500
239.0,10,39.78,500
239.0,11,35.08,-500
239.0,13,42.56,1750
239.0,16,39.47,-2750
239.0,19,44.25,2500
239.0,20,38.78,-3000
239.0,23,46.69,-500
239.0,26,35.04,-4500
239.0,29,35.34,2500
239.5,3,44.07,750
239.5,4,35.14,-5750
239.5,6,43.35,-750
239.5,7,41.98,1750
239.5,10,39.05,500
239.5,13,43.09,1750
239.5,16,39.4,-2750
239.5,19,44.52,2500
239.5,23,45.73,-500
240.0,3,42.85,500
240.0,6,43.04,-750
240.0,7,43.13,1750
240.0,10,40.81,500
240.0,13,41.55,1750
240.0,16,38.94,-2750
240.0,19,44.13,2500
240.0,20,36.25,-3000
240.0,23,45.89,-500
240.0,29,35.44,-4500
240.0,30,36.33,-3250
240.5,3,43.46,500
240.5,5,35.11,1750
240.5,6,42.76,-750
240.5,7,42.34,1750
240.5,10,40.22,500
240.5,13,41.89,1750
240.5,14,35.5,2000
240.5,16,37.67,-2750
240.5,17,35.2,-1000
240.5,19,43.69,2500
240.5,20,39.0,-3000
240.5,23,45.54,-500
240.5,25,36.31,1500
240.5,30,35.76,-3250
241.0,3,44.09,750
241.0,6,43.22,-750
241.0,7,42.16,1750
241.0,10,40.53,500
241.0,11,35.38,-750
241.0,13,41.18,1750
241.0,16,39.9,-2750
241.0,18,35.42,-3500
241.0,19,45.25,2500
241.0,20,38.29,-3000
241.0,21,35.4,500
241.0,23,45.35,-500
241.0,30,36.28,-3250
241.5,1,35.11,2500
241.5,3,44.08,750
241.5,6,43.61,-750
241.5,7,42.21,1750
241.5,10,39.57,500
241.5,13,42.67,1750
241.5,16,38.07,-2750
241.5,19,43.88,2500
241.5,20,36.18,-3000
241.5,21,35.07,-2500
241.5,23,46.25,-500
241.5,28,35.84,-2500
241.5,30,35.8,-3250
242.0,3,43.9,750
242.0,4,35.14,4750
242.0,6,43.85,-750
242.0,7,41.03,1750
242.0,8,35.35,2250
242.0,10,39.69,500
242.0,13,41.7,1750
242.0,16,39.9,-2750
242.0,19,46.09,2500
242.0,20,37.7,-3000
242.0,21,35.13,-5250
242.0,23,45.43,-500
242.0,30,35.79,-3250
242.5,1,35.06,-250
242.5,3,42.71,500
242.5,6,44.23,-750
242.5,7,42.07,1750
242.5,9,35.65,4500
242.5,10,38.47,500
242.5,13,41.98,1750
242.5,16,40.34,-2750
242.5,19,45.87,2500
242.5,20,37.39,-3000
242.5,22,35.16,-5000
242.5,23,45.86,-500
242.5,30,35.98,-2500
243.0,2,35.0,-500
243.0,3,43.95,750
243.0,6,43.89,-750
243.0,7,41.99,1750
243.0,10,38.9,500
243.0,13,42.28,1750
243.0,16,39.43,-2750
243.0,19,44.27,2500
243.0,20,36.51,-3000
243.0,23,45.56,-500
243.0,31,35.14,-4250
243.5,3,42.77,500
243.5,6,42.56,-750
243.5,7,42.19,1750
243.5,8,35.87,5500
243.5,10,40.04,500
243.5,12,35.16,-5500
243.5,13,42.34,1750
243.5,16,38.99,-2750
243.5,19,45.21,2500
243.5,20,37.91,-3000
243.5,23,45.86,-500
243.5,24,35.48,-3000
244.0,3,44.47,750
244.0,6,43.22,-750
244.0,7,41.73,1750
244.0,10,41.9,500
244.0,13,41.79,1750
244.0,16,39.44,-2750
244.0,19,44.79,2500
244.0,20,39.76,-3000
244.0,23,45.74,-500
244.0,30,36.7,-3250
244.5,3,44.02,750
244.5,6,43.9,-750
244.5,7,41.57,1750
244.5,10,40.11,500
244.5,13,41.15,1750
244.5,16,38.67,-3000
244.5,19,44.97,2500
244.5,20,37.79,-3000
244.5,23,45.48,-500
244.5,25,35.72,5000
244.5,26,35.28,4750
244.5,27,35.17,-2500
244.5,30,36.2,-3250
245.0,3,43.85,750
245.0,6,44.1,-750
245.0,7,41.26,1750
245.0,10,39.22,500
245.0,13,41.94,1750
245.0,16,40.1,-2750
245.0,19,44.95,2500
245.0,20,38.18,-3000
245.0,23,45.26,-500
245.0,26,35.19,-5500
245.0,29,35.24,500
245.0,30,37.66,-3250
245.0,32,35.21,5500
245.5,1,35.19,-3000
245.5,3,42.55,750
245.5,6,43.68,-750
245.5,7,41.4,1750
245.5,10,40.04,500
245.5,11,35.26,1750
245.5,13,41.59,1750
245.5,14,35.2,-5500
245.5,16,39.59,-3000
245.5,18,35.22,-3500
245.5,19,45.17,2500
245.5,20,37.58,-3000
245.5,23,45.72,-500
245.5,24,35.05,-500
245.5,25,35.19,1500
245.5,30,36.11,4500
246.0,3,42.44,500
246.0,6,44.26,-750
246.0,7,40.13,1750
246.0,10,38.8,500
246.0,13,42.32,1750
246.0,16,39.45,-2750
246.0,17,35.17,-2250
246.0,19,43.95,2500
246.0,20,39.84,-3000
246.0,22,35.1,-1250
246.0,23,45.32,-500
246.0,30,36.27,-3250
246.5,3,43.79,750
246.5,5,35.03,-500
246.5,6,43.95,-750
246.5,7,40.52,1750
246.5,8,35.25,750
246.5,10,37.76,500
246.5,13,41.89,1750
246.5,16,40.55,-2750
246.5,18,35.4,-3500
246.5,19,45.43,2500
246.5,20,36.03,-3000
246.5,21,35.35,-6000
246.5,23,45.05,-500
246.5,27,35.04,5500
246.5,30,36.32,-3250
247.0,3,43.37,750
247.0,6,43.08,-750
247.0,7,40.78,1750
247.0,10,37.6,500
247.0,13,41.83,1750
247.0,16,38.56,-3000
247.0,17,35.08,-500
247.0,19,44.94,2500
247.0,20,38.17,-3000
247.0,23,45.34,-500
247.0,30,36.67,-3250
247.5,3,42.64,500
247.5,6,44.47,-750
247.5,7,40.99,2000
247.5,8,35.68,2250
247.5,10,38.91,500
247.5,11,35.06,-250
247.5,12,35.6,2500
247.5,13,41.97,1750
247.5,15,35.46,750
247.5,16,39.33,-2750
247.5,19,45.89,2500
247.5,20,37.18,-3000
247.5,23,44.96,-500
247.5,24,35.44,5750
247.5,30,37.52,-3250
248.0,3,42.97,750
248.0,6,44.46,-750
248.0,7,40.92,1750
248.0,10,37.94,500
248.0,13,42.78,1750
248.0,16,39.27,-2750
248.0,19,44.79,2500
248.0,20,39.09,-3000
248.0,23,44.56,-500
248.0,30,35.35,-3250
248.5,3,42.6,500
248.5,4,35.48,2750
248.5,6,44.23,-750
248.5,7,40.61,1750
248.5,8,35.01,-250
248.5,10,40.53,500
248.5,12,35.42,-1500
248.5,13,42.24,1750
248.5,16,40.16,-2750
248.5,18,35.05,1750
248.5,19,45.63,2500
248.5,20,37.49,-3000
248.5,23,45.32,-500
248.5,25,35.14,5000
248.5,30,36.38,-3250
249.0,3,41.77,500
249.0,6,44.4,-750
249.0,7,38.06,1750
249.0,10,37.69,500
249.0,13,40.94,1750
249.0,16,39.41,-3000
249.0,19,44.26,2500
249.0,20,38.86,-3000
249.0,21,35.75,3500
249.0,23,44.14,-500
249.0,26,35.6,-4750
249.0,28,35.16,1500
249.0,30,37.29,-3250
249.5,2,35.26,2500
249.5,3,43.56,750
249.5,6,44.09,-750
249.5,7,38.91,2000
249.5,9,35.12,-3000
249.5,10,36.8,500
249.5,13,42.35,1750
249.5,16,39.57,-2750
249.5,19,45.27,2500
249.5,20,37.65,-3000
249.5,21,35.25,-1500
249.5,23,45.58,-500
249.5,25,35.08,4500
250.0,3,41.79,500
250.0,6,44.1,-750
250.0,7,40.25,2000
250.0,10,38.6,500
250.0,11,35.2,-3250
250.0,13,42.45,1750
250.0,16,40.21,-2750
250.0,19,44.03,2500
250.0,20,40.52,-3000
250.0,21,35.75,3250
250.0,23,44.52,-500
250.0,27,35.05,1500
250.0,30,37.39,-3250
250.0,32,35.48,5250
250.5,3,41.33,500
250.5,6,45.08,-750
250.5,7,39.6,1750
250.5,10,37.99,500
250.5,12,35.08,-5500
250.5,13,42.5,1750
250.5,16,40.4,-2750
250.5,19,45.06,2500
250.5,20,37.86,-3000
250.5,21,35.35,4250
250.5,23,44.78,-500
250.5,30,36.63,-3250
250.5,32,35.1,-500
251.0,3,43.22,750
251.0,6,44.13,-750
251.0,7,39.73,1750
251.0,10,36.62,500
251.0,11,35.29,-750
251.0,13,42.88,1750
251.0,16,40.3,-2750
251.0,19,45.42,2500
251.0,20,38.26,-3000
251.0,21,35.04,1750
251.0,23,44.81,-500
251.0,24,35.27,-1750
251.0,28,35.26,-2250
251.0,29,35.04,-1750
251.0,30,35.64,-3250
251.0,32,35.6,3750
251.5,1,35.16,500
251.5,3,42.98,750
251.5,4,35.4,-250
251.5,6,43.87,-750
251.5,7,39.42,1750
251.5,10,39.35,500
251.5,13,42.49,1750
251.5,16,40.31,-2750
251.5,18,35.35,-5750
251.5,19,45.21,2500
251.5,20,39.15,-3000
251.5,22,35.38,-3250
251.5,23,44.76,-500
251.5,30,35.92,-3250
252.0,3,42.02,750
252.0,6,44.33,-750
252.0,7,40.21,1750
252.0,8,35.08,2000
252.0,10,37.97,500
252.0,13,42.96,1750
252.0,15,35.27,1750
252.0,16,39.32,-3000
252.0,18,35.23,-500
252.0,19,44.23,2500
252.0,20,40.6,-3000
252.0,23,44.09,-500
252.0,24,35.66,-5500
252.0,30,36.21,-3250
252.0,31,35.1,750
252.5,1,35.13,4500
252.5,3,43.49,500
252.5,5,36.06,-250
252.5,6,42.82,-750
252.5,7,37.39,2000
252.5,10,35.99,500
252.5,13,42.5,1750
252.5,16,39.46,-2750
252.5,19,45.3,2500
252.5,20,39.09,-3000
252.5,21,35.09,-2750
252.5,22,36.04,750
252.5,23,43.91,-500
252.5,29,35.08,5500
252.5,30,38.4,-3250
253.0,3,42.04,500
253.0,6,44.17,-750
253.0,7,38.43,2000
253.0,8,35.02,1000
253.0,9,35.27,4000
253.0,10,36.71,500
253.0,13,42.35,1750
253.0,16,39.9,-2750
253.0,19,44.47,2500
253.0,20,39.06,-3000
253.0,21,35.12,4500
253.0,23,44.6,-500
253.0,28,35.45,5250
253.0,29,35.11,1750
253.0,30,37.18,-3250
253.5,3,41.94,750
253.5,6,44.59,-750
253.5,7,39.35,1750
253.5,9,35.71,-1000
253.5,10,37.71,500
253.5,13,42.75,1750
253.5,16,40.91,-3000
253.5,19,44.9,2500
253.5,23,44.11,-500
253.5,26,35.23,0
253.5,30,37.27,-3250
253.5,31,36.36,-4500
254.0,3,42.09,750
254.0,6,42.87,-750
254.0,7,38.72,1750
254.0,10,36.52,500
254.0,13,42.18,1750
254.0,16,40.57,-2750
254.0,19,45.18,2500
254.0,20,38.68,-3000
254.0,22,35.23,2250
254.0,23,43.32,-500
254.0,27,35.21,250
254.0,29,35.13,-1500
254.0,30,35.61,-3250
254.5,3,41.94,750
254.5,6,43.85,-750
254.5,7,38.2,1750
254.5,9,35.34,-5250
254.5,10,35.02,3250
254.5,13,42.1,1750
254.5,14,35.29,-4500
254.5,16,39.81,-2750
254.5,19,45.23,2500
254.5,20,39.12,-3000
254.5,23,43.14,-500
254.5,30,37.97,-3250
255.0,3,43.17,750
255.0,4,35.12,-4250
255.0,6,43.9,-750
255.0,7,39.08,2000
255.0,8,35.04,750
255.0,10,36.3,500
255.0,13,42.8,1750
255.0,16,40.6,-2750
255.0,19,45.5,2500
255.0,20,36.26,-3000
255.0,21,35.48,-750
255.0,23,43.57,-500
255.0,30,39.24,-3250
255.5,1,35.01,5750
255.5,3,42.48,750
255.5,4,35.02,-250
255.5,5,35.19,-2500
255.5,6,44.11,-750
255.5,7,38.5,1750
255.5,11,36.8,-5750
255.5,13,43.05,1750
255.5,14,35.09,-2000
255.5,16,41.23,-2750
255.5,17,35.26,0
255.5,18,35.31,-750
255.5,19,45.02,2500
255.5,20,38.15,-3000
255.5,23,43.61,-500
255.5,26,35.28,2000
255.5,28,35.54,-3500
255.5,30,37.8,-3250
256.0,3,42.27,750
256.0,6,44.3,-750
256.0,7,40.04,1750
256.0,10,36.24,500
256.0,13,42.62,1750
256.0,16,40.65,-2750
256.0,18,35.41,-5750
256.0,19,44.87,2500
256.0,20,35.5,-3000
256.0,23,43.02,-500
256.0,30,35.49,-3250
256.5,3,42.06,500
256.5,6,44.24,-750
256.5,7,37.7,1750
256.5,9,35.43,-1500
256.5,10,36.47,500
256.5,13,42.1,1750
256.5,16,41.49,-2750
256.5,18,35.7,-5500
256.5,19,44.48,2500
256.5,20,37.99,-3000
256.5,23,42.64,-500
256.5,26,35.24,-1500
256.5,30,35.4,-3250
257.0,3,41.01,500
257.0,5,35.89,-2750
257.0,6,43.93,-750
257.0,7,38.59,1750
257.0,9,35.05,-5250
257.0,10,36.27,500
257.0,13,43.01,1750
257.0,16,40.77,-2750
257.0,17,35.11,5750
257.0,19,44.95,2500
257.0,20,38.26,-3000
257.0,21,35.03,-4750
257.0,23,43.93,-500
257.0,27,35.14,500
257.0,29,35.51,0
257.0,30,37.26,-3250
257.0,31,35.83,-750
257.0,32,35.02,4250
257.5,1,35.13,750
257.5,2,35.2,5000
257.5,3,42.73,750
257.5,6,43.4,-750
257.5,7,37.96,1750
257.5,10,35.44,500
257.5,11,35.61,2000
257.5,13,43.32,1750
257.5,14,35.18,2500
257.5,16,41.01,-2750
257.5,19,45.48,2500
257.5,20,38.66,-3000
257.5,23,43.68,-500
258.0,3,41.88,750
258.0,6,43.69,-750
258.0,7,37.86,1750
258.0,8,36.52,2250
258.0,9,35.88,-6000
258.0,10,35.04,500
258.0,13,42.56,1750
258.0,14,35.77,-4500
258.0,16,40.62,-2750
258.0,19,45.21,2500
258.0,20,37.83,-3000
258.0,23,43.3,-500
258.0,30,37.56,-3250
258.5,2,35.54,5750
258.5,3,41.91,750
258.5,5,35.52,-4250
258.5,6,44.07,-750
258.5,7,38.17,2000
258.5,10,36.05,500
258.5,13,42.28,1750
258.5,15,35.12,1500
258.5,16,40.53,-2750
258.5,17,35.31,-3500
258.5,19,45.11,2500
258.5,20,37.47,-3000
258.5,23,42.94,-500
258.5,29,35.71,2000
259.0,3,42.62,750
259.0,6,43.09,-750
259.0,7,38.53,1750
259.0,8,36.96,2250
259.0,10,36.03,500
259.0,11,35.1,5500
259.0,13,43.2,1750
259.0,16,39.85,-2750
259.0,17,35.17,0
259.0,19,45.41,2500
259.0,20,35.24,-3000
259.0,23,42.36,-500
259.0,25,35.64,-2500
259.0,30,38.26,-3250
259.0,32,35.52,250
259.5,3,41.04,750
259.5,6,43.46,-750
259.5,7,39.09,1750
259.5,8,36.86,2250
259.5,10,35.64,500
259.5,11,35.2,5750
259.5,13,42.77,1750
259.5,16,42.18,-2750
259.5,19,45.39,2500
259.5,20,37.67,-3000
259.5,23,41.65,-500
259.5,29,35.46,-4250
259.5,30,35.76,-3250
259.5,32,35.09,-1250
260.0,3,41.37,750
260.0,6,43.81,-750
260.0,7,38.08,1750
260.0,10,35.76,500
260.0,13,43.02,1750
260.0,14,35.14,-1000
260.0,16,40.98,-2750
260.0,19,44.75,2500
260.0,20,38.16,-3000
260.0,22,35.08,-3750
260.0,23,41.76,-500
260.0,30,35.37,-3250
260.5,3,40.76,750
260.5,6,43.49,-750
260.5,7,37.07,1750
260.5,10,36.95,500
260.5,13,43.8,1750
260.5,16,40.53,-2750
260.5,18,35.13,5500
260.5,19,45.12,2500
260.5,20,36.79,-3000
260.5,23,41.59,-500
260.5,27,35.9,-2000
260.5,30,35.22,-3250
260.5,31,35.14,5750
261.0,1,35.11,500
261.0,3,41.31,750
261.0,6,42.7,-750
261.0,7,37.01,2000
261.0,8,35.35,1000
261.0,10,35.56,500
261.0,13,42.67,1750
261.0,16,40.06,-2750
261.0,18,35.26,-2500
261.0,19,45.23,2500
261.0,20,39.31,-3000
261.0,23,40.91,-500
261.0,30,35.14,-3250
261.5,3,41.92,750
261.5,6,43.71,-750
261.5,7,38.27,1750
261.5,8,37.92,2250
261.5,9,35.19,4750
261.5,13,42.84,1750
261.5,16,40.74,-2750
261.5,19,45.82,2500
261.5,20,35.15,-3000
261.5,23,42.25,-500
261.5,25,35.01,3750
261.5,27,35.24,5250
261.5,29,35.32,2000
261.5,30,35.82,-3250
262.0,3,41.41,750
262.0,6,43.86,-750
262.0,7,36.69,1750
262.0,8,36.03,2250
262.0,9,35.74,-2750
262.0,11,35.42,750
262.0,13,43.13,1750
262.0,16,41.56,-2750
262.0,19,44.84,2500
262.0,20,38.05,-3000
262.0,23,41.92,-500
262.0,32,35.64,5000
262.5,2,35.63,-1500
262.5,3,40.73,750
262.5,6,43.07,-750
262.5,7,38.21,1750
262.5,8,35.11,2000
262.5,10,35.21,500
262.5,13,43.09,1750
262.5,16,42.14,-2750
262.5,19,44.87,2500
262.5,20,37.98,-3000
262.5,23,42.13,-500
262.5,26,35.16,2250
262.5,29,35.44,-4000
262.5,30,35.09,-3250
262.5,32,35.68,5750
263.0,3,39.2,750
263.0,6,42.24,-750
263.0,7,36.97,2000
263.0,10,36.16,500
263.0,13,42.63,1750
263.0,14,35.98,1500
263.0,16,40.28,-2750
263.0,17,35.87,-2000
263.0,18,35.03,-500
263.0,19,45.03,2500
263.0,20,38.05,-3000
263.0,23,40.37,-500
263.0,30,35.38,-3250
263.5,1,35.06,1750
263.5,2,35.06,0
263.5,3,41.35,750
263.5,5,35.36,2500
263.5,6,43.55,-750
263.5,7,36.5,1750
263.5,8,36.74,2000
263.5,10,35.2,-750
263.5,11,35.17,-1500
263.5,13,43.64,1750
263.5,16,40.94,-2750
263.5,19,45.55,2500
263.5,20,36.76,-3000
263.5,22,35.41,5500
263.5,23,40.74,-500
263.5,29,35.37,-5500
263.5,30,35.32,-250
263.5,31,35.3,4250
263.5,32,35.61,0
264.0,3,39.49,750
264.0,5,35.02,-5250
264.0,6,42.48,-750
264.0,7,38.71,1750
264.0,8,36.56,2250
264.0,13,44.13,1750
264.0,16,40.38,-2750
264.0,18,35.07,1500
264.0,19,44.88,2500
264.0,20,38.1,-3000
264.0,21,36.26,-2500
264.0,23,41.37,-500
264.0,29,35.16,-3250
264.0,31,35.35,2750
264.5,3,39.07,750
264.5,6,42.14,-750
264.5,7,38.77,1750
264.5,10,35.03,4750
264.5,12,35.19,-5500
264.5,13,43.27,1750
264.5,15,35.66,-2500
264.5,16,40.71,-2750
264.5,19,45.96,2500
264.5,20,36.77,-3000
264.5,23,39.66,-500
264.5,25,35.32,-750
264.5,28,35.19,-5750
264.5,30,36.9,-3250
265.0,3,40.64,750
265.0,5,35.84,-4000
265.0,6,43.53,-750
265.0,7,38.73,1750
265.0,8,35.53,2250
265.0,10,38.33,500
265.0,11,35.17,-3000
265.0,13,43.79,1750
265.0,16,41.1,-2750
265.0,18,35.11,-1000
265.0,19,45.5,2500
265.0,20,37.64,-3000
265.0,22,35.23,-750
265.0,23,43.04,-500
265.0,24,35.02,-250
265.0,28,36.1,-1750
265.0,31,35.28,-4500
265.5,3,39.76,750
265.5,6,41.86,-750
265.5,7,38.42,1750
265.5,8,38.66,2250
265.5,10,36.52,500
265.5,13,43.54,1750
265.5,16,42.33,-2750
265.5,19,45.51,2500
265.5,20,35.52,-3000
265.5,21,35.21,1750
265.5,23,41.1,-500
265.5,26,35.19,-750
265.5,28,35.54,-4000
265.5,30,35.74,-3250
266.0,3,38.57,750
266.0,4,35.77,2500
266.0,5,35.57,3000
266.0,6,42.58,-750
266.0,7,37.89,1750
266.0,8,35.65,2250
266.0,10,36.49,500
266.0,13,42.86,1750
266.0,15,36.41,2250
266.0,16,40.69,-2750
266.0,19,45.03,2500
266.0,20,35.2,2500
266.0,23,39.5,-500
266.5,3,38.58,750
266.5,6,41.58,-750
266.5,7,37.58,1750
266.5,8,35.36,2250
266.5,9,35.76,-2500
266.5,10,35.89,500
266.5,13,43.31,1750
266.5,16,41.21,-2750
266.5,19,45.63,2500
266.5,20,37.51,-3000
266.5,23,40.47,-500
266.5,27,35.66,-5250
266.5,32,36.03,-5250
267.0,3,40.13,750
267.0,6,41.59,-750
267.0,7,38.7,1750
267.0,10,35.38,500
267.0,13,43.83,1750
267.0,16,40.39,-2750
267.0,19,45.97,2500
267.0,20,35.53,-3000
267.0,23,38.9,-500
267.0,27,35.23,-2500
267.0,28,35.34,1750
267.0,32,35.08,-4000
267.5,1,35.44,2250
267.5,3,40.0,750
267.5,5,35.06,-500
267.5,6,41.53,-750
267.5,7,39.03,1750
267.5,8,35.67,2250
267.5,9,35.44,-2000
267.5,10,35.65,500
267.5,11,35.2,2000
267.5,13,43.76,1750
267.5,16,40.75,-2750
267.5,17,35.18,-2750
267.5,18,35.64,4750
267.5,19,45.9,2500
267.5,20,35.67,-3000
267.5,23,40.29,-500
267.5,25,35.4,-1750
267.5,32,35.64,-1250
268.0,3,39.12,750
268.0,6,41.66,-750
268.0,7,37.8,1750
268.0,8,35.89,2250
268.0,9,35.2,3250
268.0,10,35.06,500
268.0,13,43.46,1750
268.0,15,35.33,2750
268.0,16,41.21,-2750
268.0,17,35.08,-250
268.0,19,44.79,2500
268.0,20,35.95,-3000
268.0,23,38.69,-500
268.0,30,35.89,-3250
268.5,3,39.32,750
268.5,5,35.24,3750
268.5,6,41.85,-750
268.5,7,37.86,1750
268.5,8,35.29,2000
268.5,13,43.84,1750
268.5,14,35.31,-3500
268.5,16,40.16,-2750
268.5,19,45.27,2500
268.5,20,37.35,-3000
268.5,21,35.61,3250
268.5,22,35.54,-4250
268.5,23,39.81,-500
269.0,3,38.45,750
269.0,5,35.09,-750
269.0,6,43.18,-750
269.0,7,39.41,1750
269.0,8,38.33,2250
269.0,10,35.18,2250
269.0,13,43.66,1750
269.0,16,39.36,-2750
269.0,19,45.37,2500
269.0,20,36.23,-3000
269.0,22,35.13,-2500
269.0,23,38.63,-500
269.0,30,35.04,500
269.0,31,35.3,-5250
269.5,3,39.18,750
269.5,5,35.21,-250
269.5,6,41.47,-750
269.5,7,39.29,1750
269.5,8,37.35,2250
269.5,10,38.2,500
269.5,11,35.19,-1000
269.5,13,43.63,1750
269.5,16,40.77,-2750
269.5,18,35.09,1750
269.5,19,45.17,2500
269.5,20,35.01,250
269.5,22,35.71,-5000
269.5,23,39.45,-500
269.5,24,35.85,1000
269.5,26,35.09,-2250
269.5,28,35.4,3750
270.0,1,36.0,1750
270.0,3,38.81,750
270.0,5,36.15,1750
270.0,6,42.1,-750
270.0,7,38.85,1750
270.0,10,37.9,500
270.0,13,43.65,1750
270.0,14,36.03,3250
270.0,16,41.09,-2750
270.0,17,35.2,-5750
270.0,19,45.25,2500
270.0,20,36.57,-3000
270.0,23,39.52,-500
270.0,24,35.22,1750
270.0,27,35.86,-4000
270.0,30,35.66,-3250
270.5,1,35.38,-4000
270.5,3,38.43,750
270.5,5,35.18,-2750
270.5,6,41.19,-750
270.5,7,37.82,1750
270.5,10,37.69,500
270.5,13,43.46,1750
270.5,16,40.97,-2750
270.5,19,45.14,2500
270.5,20,35.87,-3000
270.5,23,38.98,-500
270.5,27,35.42,4500
270.5,30,35.41,-3250
270.5,31,35.05,1000
270.5,32,35.08,1750
271.0,2,35.38,4500
271.0,3,38.32,750
271.0,6,40.8,-750
271.0,7,39.76,1750
271.0,8,35.74,2250
271.0,10,35.13,1500
271.0,13,43.0,1750
271.0,14,35.55,1500
271.0,16,40.34,-2750
271.0,19,45.92,2500
271.0,20,35.33,1000
271.0,23,39.87,-500
271.0,25,35.14,2250
271.0,30,35.05,-3250
271.5,3,38.09,750
271.5,4,35.09,5750
271.5,6,41.63,-750
271.5,7,39.05,1750
271.5,8,35.78,500
271.5,10,36.52,500
271.5,11,35.11,5000
271.5,13,43.02,1750
271.5,15,35.07,5750
271.5,16,40.77,-2750
271.5,19,44.81,2500
271.5,20,36.13,-5500
271.5,21,35.18,-1250
271.5,23,38.85,-500
271.5,25,35.26,4500
271.5,26,35.33,-2000
271.5,28,35.3,-5000
272.0,3,38.01,750
272.0,6,40.8,-750
272.0,7,40.19,1750
272.0,8,36.64,2250
272.0,10,37.25,500
272.0,13,43.03,1750
272.0,14,35.17,1250
272.0,16,40.29,-2750
272.0,19,44.95,2500
272.0,20,37.76,-3000
272.0,23,38.15,-500
272.5,3,38.55,750
272.5,6,41.31,-750
272.5,7,38.81,1750
272.5,8,35.41,2250
272.5,10,35.83,500
272.5,13,42.8,1750
272.5,16,41.43,-2750
272.5,19,44.16,2500
272.5,20,36.05,-3000
272.5,23,39.42,-500
272.5,30,35.91,-3250
272.5,31,35.21,2500
273.0,3,38.63,750
273.0,5,35.3,2250
273.0,6,40.66,-750
273.0,7,38.96,1750
273.0,10,36.48,500
273.0,12,35.06,4500
273.0,13,42.24,1750
273.0,16,40.54,-2750
273.0,19,45.02,2500
273.0,20,36.77,-3000
273.0,22,35.22,2000
273.0,23,38.65,-500
273.0,25,35.03,1000
273.0,28,35.04,5250
273.5,2,35.09,500
273.5,3,39.27,750
273.5,6,40.64,-750
273.5,7,40.35,1750
273.5,8,37.8,2250
273.5,10,36.22,500
273.5,13,43.16,1750
273.5,14,35.07,-6000
273.5,16,40.67,-2750
273.5,19,45.04,2500
273.5,20,35.45,-500
273.5,22,35.05,4250
273.5,23,38.44,-500
273.5,27,35.26,-2500
273.5,30,35.24,-3250
273.5,31,35.03,-4500
274.0,3,39.14,750
274.0,6,40.45,-750
274.0,7,38.47,1750
274.0,8,35.95,2250
274.0,10,37.3,500
274.0,13,43.28,1750
274.0,16,40.59,-2750
274.0,19,44.52,2500
274.0,20,35.12,0
274.0,21,35.51,750
274.0,23,40.39,-500
274.0,25,35.55,-250
274.0,29,35.81,-4500
274.5,3,37.37,750
274.5,6,40.33,-750
274.5,7,39.48,1750
274.5,8,35.15,2250
274.5,10,36.43,500
274.5,12,36.03,250
274.5,13,43.4,1750
274.5,16,40.59,-2750
274.5,19,44.14,2500
274.5,20,35.54,2750
274.5,23,38.55,-500
274.5,25,35.8,-750
275.0,3,36.7,500
275.0,6,39.94,-750
275.0,7,38.75,1750
275.0,8,38.34,2250
275.0,9,35.02,-2250
275.0,10,35.51,500
275.0,11,35.07,-2250
275.0,13,43.43,1750
275.0,14,35.24,5250
275.0,15,35.49,-2750
275.0,16,41.1,-2750
275.0,19,44.97,2500
275.0,20,38.24,-3000
275.0,23,38.7,-500
275.0,28,35.34,5250
275.0,31,35.03,-1500
275.5,3,35.98,750
275.5,5,35.05,0
275.5,6,39.22,-500
275.5,7,38.46,1750
275.5,8,38.3,2250
275.5,9,35.36,-4500
275.5,10,38.45,500
275.5,11,35.07,2750
275.5,13,42.84,1750
275.5,14,35.58,5750
275.5,16,40.5,-2750
275.5,17,35.04,-1250
275.5,18,35.1,-4250
275.5,19,44.78,2500
275.5,20,36.52,-3000
275.5,23,39.38,-500
275.5,30,35.27,-250
276.0,3,38.07,500
276.0,6,40.5,-750
276.0,7,40.81,1750
276.0,8,36.17,2250
276.0,13,42.61,1750
276.0,16,41.38,-2750
276.0,19,44.94,2500
276.0,23,40.12,-500
276.0,32,35.28,-4250
276.5,3,35.27,750
276.5,4,35.41,5000
276.5,6,39.34,-750
276.5,7,40.39,1750
276.5,8,36.07,2250
276.5,10,36.95,500
276.5,13,43.17,1750
276.5,16,39.87,-2750
276.5,17,35.62,4250
276.5,19,44.43,2500
276.5,20,35.71,-3000
276.5,23,39.23,-500
276.5,30,36.19,250
276.5,32,35.31,-4500
277.0,3,38.29,750
277.0,6,40.53,-750
277.0,7,40.32,1750
277.0,8,38.82,2250
277.0,10,37.84,500
277.0,13,43.23,1750
277.0,16,41.25,-2750
277.0,19,44.63,2500
277.0,23,38.09,-500
277.5,3,38.44,500
277.5,6,40.18,-750
277.5,7,41.33,1750
277.5,8,36.0,2000
277.5,10,38.82,500
277.5,11,35.2,1500
277.5,12,35.44,-5000
277.5,13,43.03,1750
277.5,16,39.43,-2750
277.5,19,44.12,2500
277.5,20,35.57,1500
277.5,21,35.03,4500
277.5,23,38.76,-500
277.5,24,35.14,4750
277.5,29,35.31,250
278.0,3,36.67,500
278.0,5,35.3,-1000
278.0,6,38.96,-750
278.0,7,41.45,1750
278.0,10,37.1,500
278.0,13,42.96,1750
278.0,16,40.85,-2750
278.0,19,44.1,2500
278.0,23,39.08,-500
278.0,24,35.67,250
278.0,32,35.01,-1750
278.5,3,37.68,500
278.5,5,35.11,-3250
278.5,6,38.27,-500
278.5,7,39.18,1750
278.5,9,35.14,4000
278.5,10,38.98,500
278.5,13,43.42,1750
278.5,16,40.79,-2750
278.5,19,44.86,2500
278.5,20,35.77,-3000
278.5,23,38.73,-500
279.0,3,36.63,500
279.0,6,38.74,-750
279.0,7,40.52,1750
279.0,10,38.12,500
279.0,13,43.66,1750
279.0,14,35.65,4750
279.0,16,39.94,-2750
279.0,17,35.02,-3250
279.0,19,44.49,2500
279.0,23,39.5,-500
279.5,1,35.29,-5250
279.5,3,36.81,750
279.5,6,40.02,-750
279.5,7,38.96,1750
279.5,10,36.91,500
279.5,13,43.18,1750
279.5,16,41.41,-2750
279.5,18,35.22,-2000
279.5,19,44.7,2500
279.5,20,36.05,-3000
279.5,23,39.26,-500
279.5,24,35.4,-2500
279.5,25,35.18,-4750
279.5,26,35.14,2000
280.0,1,35.03,-2500
280.0,3,36.92,750
280.0,6,39.0,-750
280.0,7,41.97,1750
280.0,8,35.65,5750
280.0,10,37.13,500
280.0,13,43.15,1750
280.0,16,41.94,-2750
280.0,19,44.8,2500
280.0,21,35.3,750
280.0,23,39.7,-500
280.0,27,35.14,-5250
280.5,3,36.92,500
280.5,6,40.33,-750
280.5,7,40.39,1750
280.5,8,35.13,2000
280.5,10,37.49,500
280.5,13,43.21,1750
280.5,16,40.23,-2750
280.5,19,44.49,2500
280.5,20,35.5,-3000
280.5,22,35.52,-2750
280.5,23,39.12,-500
280.5,24,35.06,4750
281.0,3,37.15,500
281.0,4,35.05,-3750
281.0,5,35.77,-3250
281.0,6,38.38,-750
281.0,7,39.28,1750
281.0,8,35.42,2250
281.0,10,37.16,500
281.0,11,35.29,2750
281.0,13,42.48,1750
281.0,16,41.07,-2750
281.0,19,43.85,2500
281.0,20,37.13,-3000
281.0,23,39.33,-500
281.0,27,35.38,-4500
281.0,30,35.82,-3250
281.0,32,36.34,4500
281.5,3,36.85,500
281.5,6,38.34,-750
281.5,7,39.4,1750
281.5,8,36.31,2000
281.5,10,37.46,500
281.5,12,35.15,-2000
281.5,13,42.87,1750
281.5,16,39.63,-2750
281.5,17,35.46,1750
281.5,19,44.63,2500
281.5,23,39.95,-500
281.5,24,35.13,-1250
281.5,26,35.13,1000
281.5,28,36.67,2500
282.0,3,36.69,750
282.0,5,35.69,-5500
282.0,6,39.21,-750
282.0,7,39.29,1750
282.0,9,35.24,1250
282.0,10,37.8,500
282.0,13,43.29,1750
282.0,15,35.8,1750
282.0,16,41.02,-2750
282.0,19,44.4,2500
282.0,20,36.64,-3000
282.0,23,39.59,-500
282.0,30,35.12,-3250
282.5,4,35.6,-2750
282.5,6,39.4,-750
282.5,7,40.18,1750
282.5,13,43.84,1750
282.5,15,35.59,1250
282.5,16,39.48,-2750
282.5,18,35.06,-3250
282.5,19,44.59,2500
282.5,20,36.48,-6000
282.5,23,39.04,-500
282.5,28,35.03,-4000
282.5,29,35.16,2500
282.5,30,36.96,-3250
283.0,3,37.49,500
283.0,6,39.78,-750
283.0,7,41.02,1750
283.0,10,37.38,500
283.0,11,35.3,750
283.0,13,43.23,1750
283.0,14,35.22,4500
283.0,15,35.07,2000
283.0,16,40.07,-2750
283.0,18,35.01,0
283.0,19,43.55,2500
283.0,20,36.17,-3000
283.0,23,38.14,-500
283.5,1,35.0,-6000
283.5,2,35.14,-2250
283.5,3,38.47,500
283.5,6,39.72,-750
283.5,7,41.58,1750
283.5,8,35.48,2250
283.5,9,35.36,250
283.5,10,36.69,500
283.5,13,42.86,1750
283.5,16,40.33,-2750
283.5,19,43.75,2500
283.5,20,36.34,-3000
283.5,22,35.4,-1250
283.5,23,38.78,-500
283.5,24,35.2,-1000
283.5,25,35.04,5000
283.5,30,35.02,-5250
284.0,1,35.25,-3500
284.0,3,37.46,500
284.0,4,35.39,-1250
284.0,6,38.88,-750
284.0,7,41.13,1750
284.0,10,36.73,500
284.0,11,35.53,2000
284.0,13,43.51,1750
284.0,16,39.67,-2750
284.0,19,44.34,2500
284.0,20,35.32,-3750
284.0,22,35.06,1000
284.0,23,39.63,-500
284.0,30,36.32,-3250
284.0,32,35.7,1500
284.5,3,37.44,500
284.5,6,40.44,-750
284.5,7,39.5,1750
284.5,10,38.01,500
284.5,13,42.83,1750
284.5,16,39.08,-3000
284.5,18,35.44,0
284.5,19,43.48,2500
284.5,23,38.64,-500
284.5,25,35.54,250
284.5,28,35.13,2250
285.0,3,38.12,500
285.0,4,35.6,5250
285.0,6,38.22,-750
285.0,7,39.76,1750
285.0,9,35.06,5250
285.0,10,37.12,500
285.0,13,43.33,1750
285.0,14,35.77,500
285.0,16,40.4,-2750
285.0,19,43.93,2500
285.0,20,35.49,4500
285.0,23,40.09,-500
285.0,29,35.34,-4500
285.5,3,38.83,500
285.5,6,41.09,-750
285.5,7,39.42,1750
285.5,8,35.1,-2000
285.5,10,36.55,500
285.5,13,44.28,1750
285.5,16,40.29,-2750
285.5,17,35.48,-1750
285.5,19,44.78,2500
285.5,20,36.65,-3000
285.5,22,35.1,-5000
285.5,23,40.63,-500
285.5,32,35.82,-250
286.0,3,37.17,500
286.0,6,39.87,-750
286.0,7,39.77,1750
286.0,10,37.13,500
286.0,13,42.89,1750
286.0,16,41.98,-2750
286.0,19,44.16,2500
286.0,20,35.14,-2000
286.0,22,35.15,5000
286.0,23,39.8,-500
286.0,24,35.08,750
286.0,25,35.05,-1750
286.0,26,36.82,3750
286.5,3,37.56,500
286.5,6,39.69,-750
286.5,7,40.55,1750
286.5,9,35.03,-4750
286.5,10,37.5,500
286.5,13,44.51,1750
286.5,16,38.86,-2750
286.5,18,35.55,-1500
286.5,19,44.78,2500
286.5,20,37.48,-3000
286.5,23,41.31,-750
286.5,24,35.59,3500
286.5,28,35.04,-2750
287.0,3,39.21,500
287.0,5,35.97,5000
287.0,6,39.99,-750
287.0,7,38.61,1750
287.0,8,35.69,-4500
287.0,9,36.0,3750
287.0,10,36.18,500
287.0,12,35.02,-5750
287.0,13,43.01,1750
287.0,14,35.03,5250
287.0,16,39.77,-2750
287.0,19,44.55,2500
287.0,20,35.22,-3000
287.0,23,40.22,-500
287.0,31,35.46,4250
287.5,1,35.09,4500
287.5,3,37.72,500
287.5,6,39.97,-750
287.5,7,41.14,1750
287.5,8,35.66,2250
287.5,10,39.81,500
287.5,13,43.33,1750
287.5,16,40.89,-2750
287.5,19,44.21,2500
287.5,23,39.8,-750
287.5,30,35.55,2750
288.0,3,38.18,500
288.0,6,38.42,-750
288.0,7,40.81,1750
288.0,10,36.3,500
288.0,11,35.07,-750
288.0,13,42.08,1750
288.0,16,40.88,-2750
288.0,19,44.33,2500
288.0,21,35.11,2250
288.0,23,40.58,-500
288.0,24,35.29,-2750
288.5,3,38.92,500
288.5,4,35.01,2250
288.5,5,35.16,4750
288.5,6,40.43,-750
288.5,7,41.33,1750
288.5,10,37.18,500
288.5,13,43.61,1750
288.5,15,35.64,-2000
288.5,16,39.57,-2750
288.5,19,44.16,2500
288.5,20,35.04,-3000
288.5,23,39.04,-500
288.5,27,35.21,-2000
288.5,31,35.63,-2500
289.0,3,38.44,500
289.0,6,40.58,-750
289.0,7,38.59,1750
289.0,8,35.68,2000
289.0,10,36.79,500
289.0,13,43.58,1750
289.0,16,40.72,-2750
289.0,19,43.05,2500
289.0,20,36.87,-3000
289.0,23,40.41,-500
289.0,24,35.2,2000
289.5,3,38.48,500
289.5,6,39.59,-750
289.5,7,40.15,1750
289.5,8,38.1,2250
289.5,9,35.63,-1750
289.5,10,37.51,500
289.5,12,35.1,-750
289.5,13,42.95,1750
289.5,16,40.4,-2750
289.5,18,35.27,1250
289.5,19,43.58,2500
289.5,20,36.8,-3000
289.5,23,39.7,-750
289.5,25,35.07,4750
289.5,28,35.18,5500
289.5,29,35.08,2500
290.0,3,39.32,500
290.0,6,39.8,-750
290.0,7,40.65,1750
290.0,10,36.85,500
290.0,13,42.46,1750
290.0,14,35.51,-750
290.0,16,40.38,-2750
290.0,19,43.37,2500
290.0,21,35.21,2500
290.0,23,40.92,-750
290.0,26,35.06,-500
290.0,27,35.39,-500
290.5,3,39.32,500
290.5,4,35.65,2000
290.5,6,40.1,-750
290.5,7,39.0,1750
290.5,8,36.55,2250
290.5,10,37.67,500
290.5,13,43.19,1750
290.5,14,35.38,-4750
290.5,16,41.01,-2750
290.5,19,44.05,2500
290.5,21,36.01,3000
290.5,23,39.7,-500
290.5,24,35.41,-1500
290.5,26,35.01,5000
290.5,28,35.11,-4250
290.5,30,36.27,-3250
291.0,3,39.23,500
291.0,6,40.2,-750
291.0,7,40.02,1750
291.0,10,37.62,500
291.0,13,42.8,1750
291.0,15,35.11,1750
291.0,16,40.12,-2750
291.0,19,43.78,2500
291.0,20,35.63,4250
291.0,23,40.77,-750
291.0,29,35.21,4000
291.5,3,38.11,500
291.5,6,40.26,-750
291.5,7,40.89,1750
291.5,9,35.17,-1750
291.5,10,37.19,500
291.5,13,42.52,1750
291.5,16,40.22,-2750
291.5,19,44.44,2500
291.5,20,37.45,-3000
291.5,23,39.81,-750
291.5,25,35.59,0
291.5,28,35.16,-500
291.5,30,35.89,-3250
291.5,32,35.07,-1750
292.0,3,38.98,500
292.0,6,40.43,-750
292.0,7,40.03,1750
292.0,8,36.45,2250
292.0,10,37.19,500
292.0,13,43.15,1750
292.0,16,40.18,-2750
292.0,19,43.95,2500
292.0,20,37.27,-3000
292.0,23,41.34,-750
292.0,24,35.02,-6000
292.0,31,35.51,1250
292.5,2,35.65,1750
292.5,3,39.93,500
292.5,5,35.16,-3250
292.5,6,39.54,-750
292.5,7,39.62,1750
292.5,10,37.7,500
292.5,13,42.79,1750
292.5,14,35.63,1500
292.5,16,40.02,-2750
292.5,19,43.09,2500
292.5,20,35.16,-3000
292.5,23,41.3,-750
292.5,27,35.01,1750
292.5,30,35.44,-3250
293.0,2,35.57,-4750
293.0,3,39.73,500
293.0,6,40.11,-750
293.0,7,38.95,1750
293.0,8,36.48,2250
293.0,10,37.62,500
293.0,13,43.64,1750
293.0,14,35.51,500
293.0,16,39.78,-2750
293.0,18,35.2,5500
293.0,19,44.13,2500
293.0,20,36.52,-3000
293.0,23,41.76,-750
293.0,30,35.62,-3250
293.0,31,35.23,1250
293.5,3,39.26,500
293.5,6,40.65,-750
293.5,7,39.61,1750
293.5,8,36.1,2250
293.5,10,37.73,500
293.5,11,35.16,3750
293.5,13,43.34,1750
293.5,16,41.25,-2750
293.5,19,43.1,2500
293.5,21,35.5,3250
293.5,23,41.09,-750
294.0,3,39.73,500
294.0,6,39.43,-750
294.0,7,40.48,1750
294.0,8,35.46,750
294.0,10,36.89,500
294.0,13,43.2,1750
294.0,14,35.01,2750
294.0,16,39.97,-2750
294.0,19,43.56,2500
294.0,20,38.59,-3000
294.0,21,35.42,250
294.0,23,40.61,-750
294.0,25,36.07,-4750
294.0,28,36.13,250
294.5,3,39.39,500
294.5,5,35.33,-4500
294.5,6,40.95,-750
294.5,7,38.99,1750
294.5,10,39.81,500
294.5,13,42.68,1750
294.5,16,40.74,-2750
294.5,17,35.44,-5250
294.5,19,43.03,2500
294.5,23,40.36,-500
294.5,30,35.0,4250
295.0,2,35.01,-1500
295.0,3,39.4,500
295.0,6,38.3,-750
295.0,7,38.83,1750
295.0,8,36.68,2250
295.0,9,35.32,4750
295.0,10,37.85,500
295.0,13,42.66,1750
295.0,15,35.31,-500
295.0,16,40.22,-2750
295.0,19,42.45,2500
295.0,20,36.43,-3000
295.0,23,41.0,-750
295.0,25,35.06,5000
295.0,28,35.2,4500
295.0,31,35.45,-2000
295.5,1,35.16,-2250
295.5,3,39.34,500
295.5,5,35.32,-1500
295.5,6,40.3,-750
295.5,7,39.27,1750
295.5,10,38.99,500
295.5,13,43.13,1750
295.5,16,40.16,-2750
295.5,19,42.04,2500
295.5,20,36.51,-3000
295.5,23,42.96,-750
295.5,29,35.87,1750
295.5,32,35.06,-1250
296.0,3,40.3,500
296.0,6,39.99,-750
296.0,7,40.53,1750
296.0,10,37.18,500
296.0,12,35.03,-4500
296.0,13,43.28,1750
296.0,14,35.02,5750
296.0,16,39.97,-2750
296.0,19,43.11,2500
296.0,20,35.61,-3000
296.0,23,41.06,-750
296.0,24,35.06,4750
296.0,29,35.03,-1250
296.0,30,35.21,-5000
296.5,1,35.28,4000
296.5,3,38.51,500
296.5,6,40.36,-750
296.5,7,38.7,1750
296.5,10,37.22,500
296.5,12,35.03,500
296.5,13,43.6,1750
296.5,14,35.54,1750
296.5,16,39.49,-2750
296.5,19,43.35,2500
296.5,23,41.63,-750
296.5,30,35.23,1750
297.0,3,40.05,500
297.0,6,40.78,-750
297.0,7,39.96,1750
297.0,10,36.91,500
297.0,13,43.02,1750
297.0,16,40.18,-2750
297.0,17,35.22,-2250
297.0,19,42.99,2500
297.0,20,36.78,-3000
297.0,23,42.5,-750
297.0,30,35.34,-3250
297.5,3,38.43,500
297.5,6,40.24,-750
297.5,7,39.62,1750
297.5,8,36.25,2250
297.5,9,36.12,-500
297.5,10,38.23,500
297.5,13,42.76,1750
297.5,14,35.99,1750
297.5,16,39.59,-2750
297.5,19,43.73,2500
297.5,20,35.29,-3000
297.5,22,35.13,1750
297.5,23,40.66,-750
297.5,25,35.6,5250
297.5,26,35.18,-500
297.5,27,35.06,-2750
297.5,29,35.56,-4000
298.0,3,40.63,500
298.0,5,35.58,-4250
298.0,6,38.54,-750
298.0,7,39.73,1750
298.0,8,35.69,2250
298.0,10,37.91,500
298.0,13,42.76,1750
298.0,16,39.46,-2750
298.0,17,35.61,-1750
298.0,18,35.61,2750
298.0,19,42.79,2500
298.0,20,35.26,-3000
298.0,23,41.07,-750
298.0,24,35.75,2000
298.0,27,35.3,-2000
298.5,3,41.27,500
298.5,6,40.0,-750
298.5,7,38.31,1750
298.5,10,38.74,500
298.5,11,35.17,0
298.5,13,43.72,1750
298.5,16,39.42,-2750
298.5,19,42.84,2500
298.5,20,36.47,-3000
298.5,21,35.88,-1500
298.5,23,41.05,-500
298.5,26,35.13,5500
299.0,3,39.83,500
299.0,6,39.39,-750
299.0,7,39.58,1750
299.0,10,39.17,500
299.0,13,43.12,1750
299.0,16,40.52,-2750
299.0,19,42.96,2500
299.0,20,35.04,-3000
299.0,23,41.81,-750
299.0,27,35.21,1750
299.0,29,35.15,-2750
299.5,1,35.28,-1500
299.5,3,40.06,500
299.5,6,41.52,-750
299.5,7,39.69,1750
299.5,8,36.83,2250
299.5,10,36.08,500
299.5,13,43.26,1750
299.5,16,40.99,-2750
299.5,19,42.93,2500
299.5,20,37.49,-3000
299.5,23,42.14,-750
299.5,27,35.13,-5000
299.5,32,35.24,500
300.0,3,39.33,500
300.0,6,41.3,-750
300.0,7,38.33,1750
300.0,9,35.16,-250
300.0,10,37.19,500
300.0,11,35.07,-250
300.0,13,43.1,1750
300.0,16,40.46,-2750
300.0,19,43.12,2500
300.0,23,41.71,-750
300.0,30,36.16,-3250
300.5,3,40.13,500
300.5,6,41.11,-750
300.5,7,40.68,1750
300.5,8,35.29,250
300.5,10,37.49,500
300.5,11,35.21,-6000
300.5,13,42.66,1750
300.5,14,35.09,-2750
300.5,15,35.28,1500
300.5,16,39.2,-2750
300.5,19,42.87,2500
300.5,20,35.23,-2750
300.5,23,40.49,-750
300.5,30,35.54,-1000
300.5,32,35.19,-5000
301.0,3,40.35,500
301.0,6,40.13,-750
301.0,7,39.61,1750
301.0,8,35.08,-2500
301.0,10,38.65,500
301.0,13,42.83,1750
301.0,16,39.63,-2750
301.0,18,35.23,-5750
301.0,19,41.84,2500
301.0,20,37.06,-3000
301.0,23,42.98,-750
301.0,27,35.1,-5000
301.0,30,35.39,-3250
301.5,1,36.29,-2250
301.5,3,41.01,500
301.5,6,41.64,-750
301.5,7,40.72,1750
301.5,8,35.95,2250
301.5,10,39.32,500
301.5,13,43.2,1750
301.5,16,39.93,-2750
301.5,19,42.46,2500
301.5,20,35.86,-3000
301.5,23,41.46,-750
301.5,25,35.51,3750
301.5,27,35.06,3250
301.5,30,36.74,-3250
301.5,32,35.31,-250
302.0,3,40.95,500
302.0,6,39.63,-750
302.0,7,38.65,1750
302.0,10,38.73,500
302.0,12,35.25,1750
302.0,13,43.06,1750
302.0,16,40.33,-2750
302.0,19,43.39,2500
302.0,20,36.59,-3000
302.0,23,42.04,-750
302.0,30,35.2,-3250
302.0,32,36.15,-3000
302.5,1,35.45,750
302.5,3,41.52,500
302.5,6,40.75,-750
302.5,7,38.7,1750
302.5,10,38.29,500
302.5,11,35.02,-2000
302.5,13,43.4,1750
302.5,15,35.28,1500
302.5,16,40.8,-2750
302.5,17,35.25,1500
302.5,18,35.46,-4250
302.5,19,43.54,2500
302.5,23,42.58,-750
302.5,25,35.2,5250
302.5,26,35.14,-4500
302.5,28,35.98,1750
302.5,31,35.41,-1750
302.5,32,35.01,500
303.0,3,40.39,500
303.0,4,35.43,-3000
303.0,6,39.03,-750
303.0,7,40.15,1750
303.0,10,37.31,500
303.0,13,43.9,1750
303.0,16,40.27,-2750
303.0,19,42.63,2500
303.0,20,35.9,-5000
303.0,22,35.26,-4750
303.0,23,42.64,-750
303.0,29,35.35,1750
303.5,3,40.64,500
303.5,6,40.05,-750
303.5,7,39.3,1750
303.5,10,38.31,500
303.5,13,43.17,1750
303.5,16,40.59,-2750
303.5,19,42.39,2500
303.5,20,36.48,-3000
303.5,23,42.03,-750
303.5,25,35.04,-1750
303.5,27,35.18,-5750
303.5,30,36.04,-3250
304.0,1,35.28,4000
304.0,3,41.45,500
304.0,5,35.02,5500
304.0,6,40.92,-750
304.0,7,39.42,1750
304.0,8,37.32,2250
304.0,10,38.34,500
304.0,13,43.06,1750
304.0,15,35.26,4500
304.0,16,40.32,-2750
304.0,17,35.54,-4000
304.0,19,41.98,2500
304.0,23,42.92,-750
304.0,24,35.67,-2500
304.0,31,35.16,-3250
304.0,32,35.42,4250
304.5,3,40.91,500
304.5,6,40.78,-750
304.5,7,38.7,1750
304.5,8,35.06,-1750
304.5,9,35.03,2500
304.5,10,37.44,500
304.5,12,35.56,750
304.5,13,43.62,1750
304.5,16,38.84,-2750
304.5,19,43.61,2500
304.5,20,36.27,-3000
304.5,23,42.8,-750
304.5,26,35.18,5750
304.5,27,35.08,250
305.0,2,35.38,-4500
305.0,3,42.05,500
305.0,6,41.55,-750
305.0,7,38.68,1750
305.0,10,38.32,500
305.0,11,35.37,1500
305.0,13,43.02,1750
305.0,16,39.11,-2750
305.0,18,35.2,5250
305.0,19,43.03,2500
305.0,20,35.83,-3000
305.0,23,42.03,-750
305.0,25,35.03,-3250
305.0,32,35.05,4250
305.5,1,35.45,3500
305.5,3,41.2,500
305.5,6,40.73,-750
305.5,7,38.77,1750
305.5,8,35.18,2250
305.5,10,37.06,500
305.5,13,43.15,1750
305.5,16,40.47,-2750
305.5,19,42.0,2500
305.5,23,42.97,-750
305.5,30,36.71,-3250
305.5,31,35.78,0
306.0,2,35.65,1250
306.0,3,41.45,500
306.0,6,40.58,-750
306.0,7,39.74,1750
306.0,8,35.33,2250
306.0,10,38.36,500
306.0,13,43.71,1750
306.0,16,39.5,-2750
306.0,19,42.21,2500
306.0,20,35.04,-3000
306.0,22,35.42,1750
306.0,23,42.19,-750
306.0,25,35.35,-250
306.0,32,35.16,4750
306.5,3,40.8,500
306.5,6,40.96,-750
306.5,7,37.24,1750
306.5,10,37.87,500
306.5,11,35.16,-4000
306.5,13,42.27,1750
306.5,16,39.93,-2750
306.5,17,35.03,-2500
306.5,19,42.65,2500
306.5,23,41.7,-750
306.5,25,36.13,2250
306.5,27,35.32,250
306.5,29,35.35,3500
306.5,30,35.57,-3250
307.0,3,42.27,500
307.0,4,36.58,3250
307.0,6,41.51,-750
307.0,7,40.44,1750
307.0,10,38.5,500
307.0,13,42.83,1750
307.0,16,39.92,-2750
307.0,19,41.14,2500
307.0,20,35.43,-3000
307.0,22,36.04,-4250
307.0,23,42.5,-750
307.0,27,35.07,0
307.5,3,41.73,500
307.5,6,41.5,-750
307.5,7,39.51,1750
307.5,10,37.11,500
307.5,12,35.29,750
307.5,13,42.53,1750
307.5,16,40.45,-2750
307.5,19,43.16,2500
307.5,20,35.23,-3000
307.5,23,41.7,-750
307.5,27,35.02,-4750
307.5,30,36.07,-3250
307.5,31,35.11,0
308.0,3,41.66,500
308.0,5,35.44,-500
308.0,6,40.26,-750
308.0,7,38.41,1750
308.0,10,38.6,500
308.0,13,43.4,1750
308.0,16,40.59,-2750
308.0,19,41.82,2500
308.0,20,36.22,-3000
308.0,23,42.84,-750
308.0,27,35.27,-6000
308.5,3,41.16,500
308.5,6,41.22,-750
308.5,7,37.57,1750
308.5,10,37.83,500
308.5,12,35.55,-250
308.5,13,42.46,1750
308.5,16,39.19,-2750
308.5,17,35.08,1750
308.5,19,42.59,2500
308.5,20,36.03,-3000
308.5,23,43.16,-750
308.5,27,35.29,-250
308.5,28,35.63,4250
308.5,32,35.23,2750
309.0,2,35.05,3500
309.0,3,41.91,500
309.0,4,35.34,-2250
309.0,6,40.26,-750
309.0,7,38.34,1750
309.0,9,35.24,-750
309.0,10,37.63,500
309.0,13,42.7,1750
309.0,16,40.21,-2750
309.0,17,35.17,5750
309.0,18,35.09,-5250
309.0,19,42.58,2500
309.0,20,35.58,-3000
309.0,23,42.03,-750
309.0,25,35.46,5500
309.0,29,35.03,1500
309.0,30,35.39,5500
309.0,31,35.02,-5750
309.5,3,42.76,500
309.5,5,35.11,5000
309.5,6,40.68,-750
309.5,7,38.86,1750
309.5,8,35.36,2000
309.5,10,38.16,500
309.5,13,43.44,1750
309.5,16,39.63,-2750
309.5,19,41.74,2500
309.5,20,35.15,-4250
309.5,22,35.36,-4750
309.5,23,41.68,-750
309.5,31,35.75,-4750
310.0,2,35.25,-4250
310.0,3,40.89,500
310.0,6,40.97,-750
310.0,7,38.32,1750
310.0,10,37.13,500
310.0,13,43.39,1750
310.0,14,35.57,-2500
310.0,16,39.15,-2750
310.0,17,35.49,-1500
310.0,19,41.51,2500
310.0,20,37.26,-3000
310.0,23,42.37,-750
310.0,27,35.04,-4500
310.0,30,35.21,1750
310.0,31,35.2,-5500
310.5,3,43.08,500
310.5,6,40.7,-750
310.5,7,38.21,1750
310.5,10,37.94,500
310.5,13,42.56,1750
310.5,16,40.03,-2750
310.5,19,41.61,2500
310.5,20,35.12,-3000
310.5,22,35.06,4750
310.5,23,41.78,-750
310.5,27,35.04,2500
310.5,30,35.24,-3250
311.0,1,35.48,-4500
311.0,2,35.19,4750
311.0,3,42.23,500
311.0,6,42.55,-750
311.0,7,35.79,1750
311.0,10,38.85,500
311.0,11,35.04,-4250
311.0,13,42.45,1750
311.0,15,35.08,1500
311.0,16,39.44,-2750
311.0,19,41.67,2500
311.0,20,36.3,-3000
311.0,23,42.89,-750
311.0,27,35.79,-250
311.5,1,36.04,2750
311.5,2,35.07,0
311.5,3,41.85,500
311.5,6,42.01,-750
311.5,7,38.88,1750
311.5,10,37.79,500
311.5,13,43.59,1750
311.5,16,39.68,-2750
311.5,18,35.34,-5750
311.5,19,41.6,2500
311.5,20,37.96,-3000
311.5,23,42.79,-750
311.5,30,35.66,2500
312.0,1,35.36,2500
312.0,3,42.5,500
312.0,6,40.67,-750
312.0,7,37.98,1750
312.0,8,35.17,1000
312.0,10,37.55,500
312.0,11,35.35,-5500
312.0,13,42.85,1750
312.0,16,38.83,-2750
312.0,19,41.29,2500
312.0,20,35.84,-3000
312.0,23,43.58,-750
312.0,24,35.25,5750
312.0,27,35.08,-3500
312.0,31,35.19,-5500
312.5,3,43.23,500
312.5,6,40.72,-750
312.5,7,36.96,1750
312.5,10,37.1,500
312.5,13,43.64,1750
312.5,14,35.1,2000
312.5,16,39.4,-2750
312.5,19,40.65,2500
312.5,23,42.59,-750
312.5,28,35.95,5750
312.5,29,35.25,-2000
313.0,1,35.46,5000
313.0,3,42.35,500
313.0,6,40.9,-750
313.0,7,37.86,1750
313.0,10,37.81,500
313.0,13,43.07,1750
313.0,16,40.14,-2750
313.0,19,41.15,2500
313.0,20,36.38,-3000
313.0,23,43.07,-750
313.0,25,35.01,0
313.0,29,35.05,5500
313.0,30,35.18,-4000
313.5,3,42.87,500
313.5,6,41.48,-750
313.5,7,39.03,1750
313.5,8,35.21,1250
313.5,10,38.01,500
313.5,11,35.23,3750
313.5,13,42.52,1750
313.5,16,39.6,-2750
313.5,19,43.0,2500
313.5,20,36.78,-3000
313.5,21,35.2,5500
313.5,22,35.85,-1750
313.5,23,41.41,-750
313.5,26,35.16,-5750
313.5,30,35.34,250
313.5,32,35.47,1500
314.0,3,43.03,500
314.0,6,40.74,-750
314.0,7,39.54,1750
314.0,8,35.67,1000
314.0,10,39.06,500
314.0,12,35.6,2000
314.0,13,42.2,1750
314.0,16,40.01,-2750
314.0,19,40.65,2500
314.0,20,35.85,-3000
314.0,23,43.11,-750
314.0,27,35.47,-3750
314.0,32,35.1,-2500
314.5,3,42.63,500
314.5,4,35.42,250
314.5,5,35.8,2250
314.5,6,41.92,-750
314.5,7,38.84,1750
314.5,10,37.33,500
314.5,13,43.08,1750
314.5,16,38.85,-2750
314.5,19,41.41,2500
314.5,20,38.44,-3000
314.5,23,43.19,-750
314.5,30,35.36,-3250
314.5,31,35.33,-6000
315.0,2,35.04,-4000
315.0,3,43.21,500
315.0,6,41.19,-750
315.0,7,37.98,1750
315.0,10,38.4,500
315.0,13,43.26,1750
315.0,16,39.82,-2750
315.0,18,35.48,1000
315.0,19,42.19,2500
315.0,20,35.23,-3000
315.0,23,43.01,-750
315.0,24,35.17,-4000
315.5,3,43.47,500
315.5,6,41.38,-750
315.5,7,37.87,1750
315.5,10,37.18,500
315.5,13,43.37,1750
315.5,15,35.12,5250
315.5,16,40.56,-2750
315.5,17,35.6,3250
315.5,19,41.6,2500
315.5,20,35.38,-3000
315.5,23,43.46,-750
315.5,26,35.19,-750
315.5,29,35.09,-5500
316.0,3,42.33,500
316.0,5,35.08,-3250
316.0,6,41.29,-750
316.0,7,36.81,1750
316.0,10,37.72,500
316.0,12,35.09,-750
316.0,13,43.49,1750
316.0,16,40.11,-2750
316.0,19,41.37,2500
316.0,20,35.61,-3000
316.0,23,42.64,-750
316.5,3,42.72,500
316.5,4,35.08,1500
316.5,6,41.02,-750
316.5,7,38.67,1750
316.5,9,35.68,3000
316.5,10,39.53,500
316.5,13,43.6,1750
316.5,16,39.12,-2750
316.5,19,40.83,2500
316.5,20,35.85,-3000
316.5,22,35.18,1500
316.5,23,43.04,-750
316.5,26,35.13,1500
316.5,28,35.05,5500
317.0,2,35.5,-2750
317.0,3,42.93,500
317.0,6,41.25,-750
317.0,7,36.41,1750
317.0,8,35.2,2250
317.0,9,35.46,-5250
317.0,10,36.8,500
317.0,13,43.81,1750
317.0,16,40.82,-2750
317.0,19,42.48,2500
317.0,20,37.92,-3000
317.0,23,42.85,-750
317.0,24,35.26,1750
317.0,28,36.04,-3750
317.5,2,35.0,1250
317.5,3,42.65,500
317.5,6,41.28,-750
317.5,7,38.62,1750
317.5,9,35.2,-2750
317.5,10,38.08,500
317.5,12,35.06,2250
317.5,13,42.76,1750
317.5,15,35.03,-1500
317.5,16,39.87,-2750
317.5,19,41.84,2500
317.5,20,35.98,-3000
317.5,21,35.44,750
317.5,22,35.95,-1250
317.5,23,42.35,-750
317.5,24,35.09,1000
317.5,30,35.85,2500
317.5,32,35.16,-3500
318.0,3,42.81,500
318.0,5,35.49,3250
318.0,6,40.5,-750
318.0,7,37.98,1750
318.0,9,35.19,-5750
318.0,10,36.59,500
318.0,13,43.57,1750
318.0,16,38.73,-2750
318.0,18,35.42,-1000
318.0,19,41.5,2500
318.0,21,35.07,-4250
318.0,23,43.32,-750
318.0,28,35.96,-4500
318.0,32,35.49,3500
318.5,2,35.15,-250
318.5,3,42.22,500
318.5,5,35.46,-2750
318.5,6,40.05,-750
318.5,7,37.7,1750
318.5,10,36.41,500
318.5,11,35.21,3750
318.5,13,43.22,1750
318.5,16,40.02,-2750
318.5,19,42.15,2500
318.5,20,35.29,3000
318.5,23,41.81,-750
318.5,31,35.76,1000
319.0,2,35.09,3250
319.0,3,42.59,500
319.0,5,35.48,-2750
319.0,6,40.5,-750
319.0,7,38.86,1750
319.0,10,37.5,500
319.0,13,42.35,1750
319.0,14,35.5,-2000
319.0,16,39.46,-2750
319.0,19,40.6,2500
319.0,20,36.77,-3000
319.0,23,43.14,-750
319.0,26,35.2,-1500
319.0,32,37.03,-3000
319.5,3,42.95,500
319.5,6,42.33,-750
319.5,7,37.83,1750
319.5,10,36.59,500
319.5,13,42.84,1750
319.5,16,37.84,-2750
319.5,19,42.18,2500
319.5,23,43.04,-750
319.5,25,35.46,2000
319.5,28,35.63,3250
320.0,3,43.3,500
320.0,5,35.23,2000
320.0,6,41.09,-750
320.0,7,39.16,1750
320.0,10,36.74,500
320.0,13,42.46,1750
320.0,16,40.24,-2750
320.0,19,43.07,2500
320.0,20,36.51,-3000
320.0,23,43.31,-750
320.0,26,35.01,4000
320.0,30,35.23,2500
320.5,3,43.49,500
320.5,6,42.12,-750
320.5,7,39.81,1750
320.5,9,35.03,2500
320.5,10,38.56,500
320.5,13,42.78,1750
320.5,16,38.89,-3000
320.5,19,41.28,2500
320.5,20,37.35,-3000
320.5,21,35.6,-4750
320.5,23,43.12,-750
320.5,26,35.13,-3250
321.0,3,41.78,500
321.0,4,35.1,-5000
321.0,6,41.98,-750
321.0,7,37.2,1750
321.0,9,35.38,1250
321.0,10,37.49,500
321.0,12,35.84,-5250
321.0,13,42.79,1750
321.0,16,39.49,-2750
321.0,17,35.44,0
321.0,19,41.7,2500
321.0,23,44.38,-750
321.5,3,43.04,500
321.5,6,41.93,-750
321.5,7,37.0,1750
321.5,9,35.16,-5750
321.5,10,36.89,500
321.5,13,42.39,1750
321.5,16,41.2,-2750
321.5,17,35.0,-2000
321.5,19,42.12,2500
321.5,20,36.68,-3000
321.5,23,43.32,-750
322.0,2,35.21,5250
322.0,3,43.1,500
322.0,6,41.53,-750
322.0,7,37.17,1750
322.0,10,36.87,500
322.0,12,35.04,-2250
322.0,13,43.27,1750
322.0,16,40.48,-2750
322.0,19,41.63,2500
322.0,23,43.63,-750
322.0,29,35.12,5500
322.0,30,35.19,-2500
322.5,3,43.0,500
322.5,6,40.23,-750
322.5,7,38.37,1750
322.5,9,35.39,-2500
322.5,10,37.56,500
322.5,13,43.43,1750
322.5,16,39.37,-2750
322.5,17,35.35,-3500
322.5,19,41.49,2500
322.5,20,35.99,-3000
322.5,23,42.95,-750
322.5,27,35.04,-3000
322.5,28,35.29,1000
322.5,29,35.26,3000
323.0,1,35.0,-1750
323.0,3,42.42,500
323.0,6,41.99,-750
323.0,7,39.2,1750
323.0,8,35.07,-1500
323.0,9,35.1,-2500
323.0,10,36.97,500
323.0,12,35.54,-5500
323.0,13,42.95,1750
323.0,16,39.55,-2750
323.0,18,35.41,1000
323.0,19,41.8,2500
323.0,20,35.49,2000
323.0,22,35.58,-6000
323.0,23,42.14,-750
323.0,32,35.21,-4750
323.5,1,35.17,-1000
323.5,3,43.32,500
323.5,4,35.07,4500
323.5,6,41.35,-750
323.5,7,39.32,1750
323.5,10,38.45,500
323.5,11,35.29,500
323.5,13,42.49,1750
323.5,15,35.25,-6000
323.5,16,39.11,-2750
323.5,17,35.31,5750
323.5,19,42.44,2500
323.5,20,36.14,-3000
323.5,23,42.49,-750
324.0,2,35.28,-2250
324.0,3,42.57,500
324.0,6,40.25,-750
324.0,7,39.04,1750
324.0,10,37.59,500
324.0,13,43.33,1750
324.0,15,35.46,500
324.0,16,39.72,-2750
324.0,17,35.46,750
324.0,18,35.56,-4000
324.0,19,42.18,2500
324.0,20,35.39,-3000
324.0,21,35.38,-500
324.0,23,43.45,-750
324.0,25,35.09,-500
324.0,27,35.2,0
324.0,32,35.28,1500
324.5,3,43.27,500
324.5,6,41.13,-750
324.5,7,37.36,1750
324.5,10,36.91,500
324.5,13,42.77,1750
324.5,15,35.51,5000
324.5,16,38.98,-2750
324.5,19,42.49,2500
324.5,20,37.99,-3000
324.5,23,42.31,-750
324.5,25,35.44,-1750
324.5,28,35.76,-3000
324.5,30,35.4,3750
324.5,32,35.36,4250
325.0,3,43.49,500
325.0,6,40.61,-750
325.0,7,39.17,1750
325.0,9,35.05,-5250
325.0,10,37.64,500
325.0,13,42.91,1750
325.0,16,39.59,-2750
325.0,18,35.07,1250
325.0,19,40.74,2500
325.0,20,37.2,-3000
325.0,23,43.08,-750
325.0,31,35.27,-4500
325.5,3,43.0,500
325.5,6,42.26,-750
325.5,7,39.64,1750
325.5,9,35.95,-1750
325.5,10,38.14,500
325.5,13,42.77,1750
325.5,16,39.48,-2750
325.5,19,40.78,2500
325.5,20,36.31,-3000
325.5,23,42.01,-750
325.5,30,35.75,-3250
326.0,3,43.52,500
326.0,6,41.15,-750
326.0,7,39.25,1750
326.0,9,35.03,4500
326.0,10,37.24,500
326.0,12,35.38,5000
326.0,13,42.45,1750
326.0,15,35.45,-4250
326.0,16,40.33,-2750
326.0,19,41.07,2500
326.0,20,37.38,-3000
326.0,22,35.02,-3750
326.0,23,43.22,-750
326.0,25,35.38,-3750
326.0,30,35.23,-3250
326.0,32,35.35,-3250
326.5,3,43.13,500
326.5,6,41.52,-750
326.5,7,41.36,1750
326.5,10,36.48,500
326.5,13,43.22,1750
326.5,16,39.76,-2750
326.5,19,41.92,2500
326.5,20,37.15,-3000
326.5,23,43.57,-750
326.5,29,35.34,250
327.0,3,42.13,500
327.0,6,40.3,-750
327.0,7,39.54,1750
327.0,10,36.84,500
327.0,13,43.07,1750
327.0,15,35.05,-5000
327.0,16,39.59,-2750
327.0,19,42.46,2500
327.0,20,36.21,-3750
327.0,21,35.31,2500
327.0,23,42.37,-750
327.5,3,42.83,500
327.5,6,41.51,-750
327.5,7,38.13,1750
327.5,8,35.51,2250
327.5,10,36.95,500
327.5,13,42.63,1750
327.5,16,38.82,-2750
327.5,19,41.63,2500
327.5,20,35.79,-3000
327.5,22,35.94,3750
327.5,23,42.93,-750
327.5,29,35.44,-5000
327.5,31,35.41,-500
328.0,3,43.09,500
328.0,4,35.39,0
328.0,5,35.66,1250
328.0,6,41.97,-750
328.0,7,39.42,1750
328.0,8,35.18,2250
328.0,10,36.23,500
328.0,13,43.59,1750
328.0,15,35.11,-2500
328.0,16,40.77,-2750
328.0,19,40.85,2500
328.0,20,37.1,-3000
328.0,22,35.05,-1500
328.0,23,42.87,-750
328.0,26,35.06,4500
328.5,3,43.5,500
328.5,6,41.83,-750
328.5,7,39.58,1750
328.5,10,36.78,500
328.5,12,35.24,1500
328.5,13,43.58,1750
328.5,16,39.84,-2750
328.5,19,41.82,2500
328.5,20,35.4,-3000
328.5,21,35.14,-2000
328.5,23,43.83,-750
328.5,25,35.18,3000
328.5,30,35.43,0
329.0,3,42.3,500
329.0,6,40.82,-750
329.0,7,40.45,1750
329.0,12,36.14,250
329.0,13,42.66,1750
329.0,16,38.03,-2750
329.0,19,41.25,2500
329.0,20,35.23,-3000
329.0,23,43.54,-750
329.0,32,35.07,-1500
329.5,2,35.14,2500
329.5,3,43.93,500
329.5,5,35.34,-2500
329.5,6,40.14,-750
329.5,7,36.97,1750
329.5,9,35.57,-2500
329.5,10,36.96,500
329.5,13,43.48,1750
329.5,15,35.22,4250
329.5,16,37.86,-2750
329.5,19,42.35,2500
329.5,20,35.16,-3000
329.5,23,43.36,-750
329.5,26,35.24,500
330.0,1,35.45,2750
330.0,3,43.19,500
330.0,5,35.57,2500
330.0,6,41.67,-750
330.0,7,39.08,1750
330.0,10,35.54,500
330.0,13,42.3,1750
330.0,16,38.58,-2750
330.0,19,41.65,2500
330.0,20,35.59,-3000
330.0,21,35.08,4000
330.0,23,43.08,-750
330.0,30,35.71,2500
330.5,3,42.65,500
330.5,4,35.44,0
330.5,6,41.78,-750
330.5,7,39.08,1750
330.5,10,36.57,500
330.5,12,35.3,3000
330.5,13,42.87,1750
330.5,16,38.75,-2750
330.5,19,42.32,2500
330.5,22,37.42,-4000
330.5,23,44.12,-750
330.5,26,35.38,3000
330.5,30,35.18,3000
331.0,1,35.26,1500
331.0,3,43.37,500
331.0,6,41.34,-750
331.0,7,35.68,2000
331.0,8,35.68,3000
331.0,9,35.2,1500
331.0,10,36.29,500
331.0,11,35.06,5250
331.0,12,35.32,2500
331.0,13,43.35,1750
331.0,14,35.9,1750
331.0,16,39.18,-2750
331.0,19,41.97,2500
331.0,20,36.09,-3000
331.0,23,42.92,-750
331.0,30,35.14,4500
331.5,3,41.66,500
331.5,6,40.71,-750
331.5,7,38.46,1750
331.5,9,35.11,-5250
331.5,13,43.31,1750
331.5,14,35.83,-2750
331.5,15,35.41,-6000
331.5,16,38.96,-2750
331.5,17,36.4,-1750
331.5,19,42.18,2500
331.5,22,35.04,-4250
331.5,23,42.84,-750
331.5,26,36.44,1000
332.0,3,42.3,500
332.0,4,35.23,-4250
332.0,5,35.31,5750
332.0,6,40.61,-750
332.0,7,39.1,1750
332.0,8,35.02,4500
332.0,10,37.76,500
332.0,13,42.03,1750
332.0,16,38.83,-2750
332.0,19,41.8,2500
332.0,21,35.55,2750
332.0,23,42.54,-750
332.0,31,35.21,5750
332.0,32,35.27,-3000
332.5,3,43.04,500
332.5,6,39.53,-750
332.5,7,38.33,1750
332.5,10,36.83,500
332.5,13,43.09,1750
332.5,14,35.1,0
332.5,16,39.3,-2750
332.5,18,35.02,-250
332.5,19,40.13,2500
332.5,20,35.33,-3000
332.5,21,35.04,0
332.5,23,42.52,-750
332.5,31,35.13,0
333.0,1,35.4,-1500
333.0,2,35.69,-3250
333.0,3,43.56,500
333.0,5,36.11,4750
333.0,6,42.06,-750
333.0,7,38.73,1750
333.0,10,38.73,500
333.0,11,35.15,-5000
333.0,13,43.35,1750
333.0,14,35.58,3750
333.0,16,38.55,-2750
333.0,19,42.16,2500
333.0,20,35.44,-3000
333.0,23,43.99,-750
333.0,29,35.15,-1500
333.5,1,35.06,3000
333.5,3,43.07,500
333.5,5,35.31,4750
333.5,6,41.7,-750
333.5,7,39.65,1750
333.5,10,35.99,500
333.5,11,35.13,-2000
333.5,12,35.47,-750
333.5,13,42.61,1750
333.5,14,35.3,3500
333.5,16,39.21,-2750
333.5,19,40.99,2500
333.5,20,37.39,-3000
333.5,23,42.84,-750
333.5,30,35.54,-3250
334.0,1,35.85,3000
334.0,3,43.42,500
334.0,6,40.88,-750
334.0,7,38.76,1750
334.0,10,37.5,500
334.0,13,42.8,1750
334.0,16,39.86,-2750
334.0,17,35.01,-2500
334.0,19,41.0,2500
334.0,23,42.93,-750
334.0,27,36.11,2500
334.0,30,36.05,-3250
334.0,32,35.75,0
334.5,3,43.91,500
334.5,6,40.72,-750
334.5,7,38.56,1750
334.5,10,36.63,500
334.5,13,42.97,1750
334.5,16,38.61,-3000
334.5,19,41.29,2500
334.5,20,36.35,-3000
334.5,22,35.75,2750
334.5,23,43.11,-750
334.5,32,35.09,2000
335.0,3,42.46,500
335.0,5,35.92,-3000
335.0,6,41.25,-750
335.0,7,38.69,1750
335.0,10,36.84,500
335.0,13,42.85,1750
335.0,16,39.39,-2750
335.0,17,35.83,1000
335.0,19,40.8,2500
335.0,20,35.54,-3000
335.0,23,43.68,-750
335.0,24,35.58,-4250
335.0,27,35.49,2750
335.5,2,35.86,2000
335.5,3,43.72,500
335.5,6,41.01,-750
335.5,7,39.17,1750
335.5,10,37.19,500
335.5,11,35.43,5000
335.5,13,43.47,1750
335.5,16,39.81,-2750
335.5,18,35.15,2000
335.5,19,41.35,2500
335.5,23,43.38,-750
335.5,30,36.13,-3250
336.0,2,35.24,500
336.0,3,42.99,500
336.0,6,40.6,-750
336.0,7,38.54,1750
336.0,8,35.84,2250
336.0,10,37.71,500
336.0,13,43.07,1750
336.0,16,37.48,-2750
336.0,19,41.62,2500
336.0,20,37.56,-3000
336.0,23,43.85,-750
336.0,25,35.13,-2000
336.0,30,36.39,-3250
336.0,32,35.93,-3000
336.5,3,43.64,500
336.5,4,35.1,-1750
336.5,5,35.22,0
336.5,6,43.26,-750
336.5,7,39.31,1750
336.5,10,37.69,500
336.5,13,43.69,1750
336.5,15,35.74,3500
336.5,16,37.59,-3000
336.5,19,41.32,2500
336.5,20,36.37,-3000
336.5,23,43.39,-750
337.0,3,43.43,500
337.0,4,35.14,-3000
337.0,5,35.01,-500
337.0,6,40.56,-750
337.0,7,38.74,1750
337.0,9,35.06,750
337.0,10,35.16,500
337.0,13,43.18,1750
337.0,16,39.17,-2750
337.0,19,41.45,2500
337.0,20,36.2,-3000
337.0,23,43.14,-750
337.0,27,35.62,250
337.0,32,37.4,-3000
337.5,3,43.54,500
337.5,6,40.59,-750
337.5,7,38.29,1750
337.5,10,35.92,500
337.5,13,42.09,1750
337.5,16,38.62,-2750
337.5,19,41.19,2500
337.5,20,35.75,3500
337.5,22,35.21,3500
337.5,23,43.18,-750
337.5,31,35.09,5000
338.0,2,35.15,3750
338.0,3,43.4,500
338.0,6,40.49,-750
338.0,7,39.09,1750
338.0,8,35.94,2250
338.0,10,37.01,500
338.0,11,35.21,2750
338.0,13,42.7,1750
338.0,16,38.33,-2750
338.0,19,41.07,2500
338.0,20,37.18,-3000
338.0,22,35.66,2250
338.0,23,43.32,-750
338.0,26,35.15,4750
338.0,28,35.12,-1250
338.5,3,42.87,500
338.5,5,35.28,-4000
338.5,6,40.01,-750
338.5,7,39.64,1750
338.5,10,36.58,500
338.5,13,43.01,1750
338.5,16,37.72,-2750
338.5,19,41.57,2500
338.5,20,35.61,-3000
338.5,23,43.53,-750
338.5,27,35.71,250
339.0,2,35.29,2250
339.0,3,42.47,500
339.0,6,40.52,-750
339.0,7,39.06,1750
339.0,10,37.64,500
339.0,13,43.07,1750
339.0,16,38.91,-2750
339.0,18,35.21,-250
339.0,19,41.1,2500
339.0,20,36.23,-3000
339.0,22,35.36,2250
339.0,23,43.83,-750
339.0,27,35.03,3500
339.0,29,35.23,-250
339.5,3,43.33,500
339.5,5,35.2,2000
339.5,6,39.54,-750
339.5,7,38.97,1750
339.5,10,39.8,500
339.5,12,35.06,-5250
339.5,13,43.39,1750
339.5,16,38.08,-2750
339.5,19,41.66,2500
339.5,20,36.41,-3000
339.5,23,42.53,-750
339.5,24,35.27,-4500
339.5,29,35.49,-250
340.0,3,43.09,500
340.0,6,40.93,-750
340.0,7,38.25,1750
340.0,10,35.3,500
340.0,11,35.08,-5000
340.0,12,35.31,-500
340.0,13,43.0,1750
340.0,16,38.13,-2750
340.0,19,41.16,2500
340.0,23,43.76,-750
340.0,28,35.44,-2750
340.0,32,36.16,-3000
340.5,1,35.51,2250
340.5,3,43.75,500
340.5,5,35.16,2000
340.5,6,41.14,-750
340.5,7,38.46,1750
340.5,9,35.65,-3750
340.5,10,36.44,500
340.5,11,35.33,2000
340.5,13,42.82,1750
340.5,14,35.01,-2750
340.5,16,38.56,-3000
340.5,19,41.81,2500
340.5,22,35.38,1750
340.5,23,42.5,-750
340.5,28,35.03,-1000
340.5,29,35.19,-3750
341.0,1,35.1,2500
341.0,3,43.76,500
341.0,6,41.81,-750
341.0,7,39.53,1750
341.0,10,37.21,500
341.0,13,42.73,1750
341.0,16,40.04,-2750
341.0,19,40.74,2500
341.0,20,35.86,-3000
341.0,22,35.31,-2500
341.0,23,43.36,-750
341.0,25,35.13,1000
341.0,29,35.48,2250
341.0,30,36.24,-3250
341.5,3,43.81,500
341.5,4,35.17,3750
341.5,5,35.14,-3500
341.5,6,42.12,-750
341.5,7,39.0,1750
341.5,9,35.19,4250
341.5,10,35.96,500
341.5,11,35.12,1500
341.5,13,42.06,1750
341.5,14,35.34,500
341.5,15,35.96,2000
341.5,16,39.36,-2750
341.5,19,42.11,2500
341.5,20,36.79,-3000
341.5,22,35.03,3750
341.5,23,42.96,-750
341.5,28,35.7,-3750
341.5,31,35.12,1500
342.0,2,35.12,3500
342.0,3,42.73,500
342.0,4,35.36,-750
342.0,5,35.34,-1750
342.0,6,42.38,-750
342.0,7,39.68,1750
342.0,10,35.06,500
342.0,11,35.23,-4750
342.0,13,42.48,1750
342.0,16,40.05,-2750
342.0,17,35.74,4750
342.0,19,42.36,2500
342.0,20,35.05,-3000
342.0,23,43.65,-750
342.0,24,35.26,1500
342.0,25,35.7,5500
342.0,32,35.68,-3000
342.5,3,43.49,500
342.5,5,35.0,4500
342.5,6,41.64,-750
342.5,7,39.18,1750
342.5,9,35.47,3250
342.5,10,37.94,500
342.5,13,43.11,1750
342.5,15,36.16,-1250
342.5,16,38.46,-3000
342.5,18,35.39,5500
342.5,19,41.4,2500
342.5,20,38.42,-3000
342.5,23,43.77,-750
343.0,3,42.41,500
343.0,6,41.14,-750
343.0,7,38.63,1750
343.0,8,35.04,-2750
343.0,10,37.03,500
343.0,13,43.87,1750
343.0,16,37.23,-2750
343.0,19,42.3,2500
343.0,23,44.4,-750
343.5,2,35.24,-750
343.5,3,42.74,500
343.5,6,41.59,-750
343.5,7,39.17,1750
343.5,8,35.28,-6000
343.5,10,37.18,500
343.5,13,43.85,1750
343.5,15,35.51,500
343.5,16,38.45,-2750
343.5,18,35.5,-5500
343.5,19,41.96,2500
343.5,20,35.37,-3000
343.5,21,35.2,-1750
343.5,23,44.35,-750
343.5,30,35.27,-2750
344.0,3,42.95,500
344.0,4,35.4,-4500
344.0,5,35.29,-4750
344.0,6,41.04,-750
344.0,7,39.48,1750
344.0,9,35.32,-5500
344.0,10,37.41,500
344.0,12,35.08,3000
344.0,13,42.62,1750
344.0,16,37.5,-2750
344.0,17,35.3,-500
344.0,19,42.3,2500
344.0,20,36.17,-3000
344.0,22,35.03,-5250
344.0,23,42.4,-750
344.5,2,35.93,2250
344.5,3,43.14,500
344.5,4,35.39,4250
344.5,6,40.9,-750
344.5,7,38.47,1750
344.5,10,36.21,500
344.5,11,35.4,-1500
344.5,13,43.63,1750
344.5,16,38.07,-2750
344.5,19,41.0,2500
344.5,20,35.66,-3000
344.5,23,44.15,-750
345.0,2,35.47,4250
345.0,3,43.7,500
345.0,6,41.85,-750
345.0,7,38.68,1750
345.0,9,35.05,-2250
345.0,10,35.65,500
345.0,11,35.18,2500
345.0,12,35.06,-1750
345.0,13,42.58,1750
345.0,16,39.04,-2750
345.0,19,41.15,2500
345.0,20,36.54,-3000
345.0,22,35.05,-4750
345.0,23,44.08,-750
345.0,26,35.15,4250
345.0,31,36.64,-1000
345.5,3,43.83,500
345.5,5,35.3,-2000
345.5,6,41.57,-750
345.5,7,40.42,1750
345.5,10,35.58,500
345.5,13,43.02,1750
345.5,16,38.71,-2750
345.5,17,35.07,500
345.5,19,42.63,2500
345.5,20,35.84,-3000
345.5,23,43.96,-750
345.5,31,35.03,3250
346.0,1,35.42,0
346.0,3,43.34,500
346.0,5,35.0,-1500
346.0,6,40.59,-750
346.0,7,40.81,1750
346.0,8,35.41,500
346.0,9,35.63,-4750
346.0,10,36.78,500
346.0,13,42.33,1750
346.0,16,38.66,-3000
346.0,19,41.65,2500
346.0,21,35.39,-5250
346.0,22,35.25,2500
346.0,23,44.04,-750
346.0,24,35.34,-3500
346.0,30,35.18,-5750
346.5,1,35.43,500
346.5,3,44.21,500
346.5,6,42.25,-750
346.5,7,38.85,1750
346.5,10,37.15,500
346.5,11,36.04,-5250
346.5,13,42.88,1750
346.5,14,35.19,-1500
346.5,16,39.19,-2750
346.5,19,41.72,2500
346.5,20,36.95,-3000
346.5,23,43.45,-750
346.5,27,35.52,-4500
347.0,3,42.85,500
347.0,4,36.25,500
347.0,5,35.13,1250
347.0,6,40.78,-750
347.0,7,39.54,1750
347.0,10,36.32,500
347.0,13,41.97,1750
347.0,16,38.18,-2750
347.0,19,41.98,2500
347.0,20,35.49,-3000
347.0,23,42.7,-750
347.5,2,35.11,2000
347.5,3,43.85,500
347.5,6,39.96,-750
347.5,7,38.67,1750
347.5,10,36.97,500
347.5,13,43.42,1750
347.5,16,37.99,-2750
347.5,17,35.03,-750
347.5,19,41.57,2500
347.5,20,36.61,-3000
347.5,23,43.64,-750
347.5,30,35.28,-3250
348.0,2,35.13,1000
348.0,3,43.25,500
348.0,6,40.98,-750
348.0,7,39.02,1750
348.0,10,38.65,500
348.0,13,42.61,1750
348.0,16,38.04,-2750
348.0,19,41.45,2500
348.0,22,35.0,-2250
348.0,23,43.43,-750
348.0,24,36.33,-2250
348.5,3,43.09,500
348.5,6,40.63,-750
348.5,7,39.97,1750
348.5,9,35.24,-3000
348.5,10,36.96,500
348.5,13,43.02,1750
348.5,16,40.01,-2750
348.5,19,41.43,2500
348.5,23,42.7,-750
348.5,24,35.0,-2750
348.5,27,35.78,2750
348.5,30,35.01,5000
349.0,3,43.67,500
349.0,6,40.62,-750
349.0,7,40.14,1750
349.0,10,36.88,500
349.0,13,42.15,1750
349.0,16,38.37,-2750
349.0,18,35.0,2500
349.0,19,42.53,2500
349.0,23,42.88,-750
349.0,27,35.71,-1500
349.5,3,43.36,500
349.5,6,40.52,-750
349.5,7,39.64,1750
349.5,13,43.25,1750
349.5,16,39.53,-2750
349.5,19,42.39,2500
349.5,20,35.87,-3000
349.5,23,44.35,-750
349.5,25,35.02,0
349.5,28,35.25,-4500
349.5,29,35.36,-2000
350.0,2,35.37,4500
350.0,3,43.62,500
350.0,4,35.26,3500
350.0,6,40.47,-750
350.0,7,38.66,1750
350.0,8,35.14,-4000
350.0,10,36.17,500
350.0,13,42.75,1750
350.0,16,38.04,-2750
350.0,19,41.62,2500
350.0,20,36.04,-3000
350.0,23,42.88,-750
350.0,30,36.01,-3250
350.0,31,35.19,500
350.5,3,43.57,500
350.5,4,35.31,-1500
350.5,6,40.76,-750
350.5,7,39.59,1750
350.5,13,42.74,1750
350.5,14,35.27,-4750
350.5,16,38.86,-2750
350.5,19,41.37,2500
350.5,21,35.29,-750
350.5,22,36.65,-4500
350.5,23,42.94,-750
350.5,24,35.12,1250
350.5,30,36.06,-3250
351.0,3,43.01,500
351.0,6,41.17,-750
351.0,7,39.34,1750
351.0,12,35.11,-3250
351.0,13,43.1,1750
351.0,16,38.63,-2750
351.0,17,35.22,-4750
351.0,19,41.55,2500
351.0,20,35.27,-3000
351.0,23,43.67,-750
351.0,25,35.65,-2250
351.0,28,35.29,-4000
351.0,32,35.14,0
351.5,2,35.38,2250
351.5,3,42.87,500
351.5,6,41.63,-750
351.5,7,38.77,1750
351.5,10,36.61,500
351.5,13,42.11,1750
351.5,16,38.0,-3000
351.5,18,35.19,1750
351.5,19,41.82,2500
351.5,22,35.43,2250
351.5,23,44.22,-750
351.5,25,35.27,1250
351.5,30,35.65,-3250
352.0,2,35.19,-250
352.0,3,43.55,500
352.0,6,40.69,-750
352.0,7,38.74,1750
352.0,9,35.03,-3750
352.0,10,36.48,500
352.0,11,35.22,-2250
352.0,13,43.64,1750
352.0,16,38.73,-2750
352.0,19,41.88,2500
352.0,20,36.62,-3000
352.0,22,35.81,-1750
352.0,23,43.44,-750
352.0,25,35.3,-1250
352.5,3,43.85,500
352.5,6,39.91,-750
352.5,7,38.93,1750
352.5,9,35.17,-2500
352.5,10,36.51,500
352.5,13,42.34,1750
352.5,16,40.03,-2750
352.5,19,42.86,2500
352.5,20,36.35,-3000
352.5,23,43.52,-750
352.5,26,35.39,-2250
352.5,28,35.12,-2500
352.5,30,36.6,-3250
352.5,32,35.16,5250
353.0,1,35.03,500
353.0,3,43.56,500
353.0,6,41.89,-750
353.0,7,39.08,1750
353.0,10,36.26,500
353.0,13,42.78,1750
353.0,16,38.8,-2750
353.0,19,41.91,2500
353.0,23,43.9,-750
353.0,30,36.94,-3250
353.0,31,35.28,1500
353.5,3,43.83,500
353.5,6,41.89,-750
353.5,7,39.14,1750
353.5,10,36.24,500
353.5,13,42.6,1750
353.5,16,36.98,-2750
353.5,19,41.7,2500
353.5,20,35.77,-3000
353.5,23,43.41,-750
353.5,25,35.27,1750
353.5,30,35.84,-3250
354.0,3,43.43,500
354.0,6,40.52,-750
354.0,7,38.59,1750
354.0,8,35.29,2250
354.0,10,35.93,500
354.0,13,43.1,1750
354.0,16,37.26,-3000
354.0,19,41.97,2500
354.0,20,36.57,-3000
354.0,22,35.32,-3000
354.0,23,43.4,-750
354.0,30,37.31,-3250
354.5,2,35.12,250
354.5,3,43.22,500
354.5,4,35.65,-5000
354.5,6,40.7,-750
354.5,7,38.28,1750
354.5,9,35.1,-4500
354.5,10,36.05,500
354.5,13,43.23,1750
354.5,16,39.81,-2750
354.5,17,35.36,1500
354.5,19,41.76,2500
354.5,20,36.14,-3000
354.5,22,35.46,-4000
354.5,23,43.53,-750
354.5,27,35.53,-5500
354.5,30,37.05,-3250
355.0,1,35.56,-2000
355.0,3,43.29,500
355.0,6,40.74,-750
355.0,7,38.0,1750
355.0,10,36.15,500
355.0,13,42.85,1750
355.0,16,39.6,-2750
355.0,17,35.29,-1750
355.0,19,41.49,2500
355.0,20,36.63,-3000
355.0,23,42.96,-750
355.0,25,35.18,0
355.0,28,35.44,5250
355.0,30,36.15,-3250
355.5,3,42.45,500
355.5,6,40.28,-750
355.5,7,39.31,1750
355.5,8,35.15,3250
355.5,10,35.92,500
355.5,11,35.47,2000
355.5,13,43.16,1750
355.5,16,38.86,-2750
355.5,17,35.83,3000
355.5,18,35.09,5000
355.5,19,42.78,2500
355.5,20,36.67,-3000
355.5,23,43.85,-750
355.5,25,35.21,-4500
355.5,26,35.19,-3000
355.5,27,35.73,-3250
355.5,30,35.29,-3250
355.5,31,35.31,2250
356.0,1,35.16,-4500
356.0,3,43.65,500
356.0,6,40.08,-750
356.0,7,40.16,1750
356.0,8,36.18,2250
356.0,10,36.0,500
356.0,13,42.7,1750
356.0,15,35.61,-1500
356.0,16,38.94,-3000
356.0,19,41.3,2500
356.0,20,36.0,-3000
356.0,23,43.61,-750
356.0,24,35.23,-1000
356.0,28,35.99,4750
356.0,30,36.64,-3250
356.0,31,35.13,4500
356.5,3,44.0,500
356.5,5,35.25,-5000
356.5,6,40.34,-750
356.5,7,38.85,1750
356.5,13,42.83,1750
356.5,15,35.1,-4500
356.5,16,39.63,-2750
356.5,18,35.08,-2750
356.5,19,42.21,2500
356.5,23,43.41,-750
356.5,30,36.0,-3250
357.0,3,42.77,500
357.0,6,40.72,-750
357.0,7,40.79,1750
357.0,10,38.39,500
357.0,12,35.02,-3500
357.0,13,43.16,1750
357.0,16,39.7,-2750
357.0,19,42.72,2500
357.0,20,37.29,-3000
357.0,23,43.62,-750
357.0,24,35.19,-3500
357.0,25,36.0,-5000
357.0,28,35.23,-6000
357.0,30,35.34,-4250
357.5,3,44.05,500
357.5,6,41.49,-750
357.5,7,39.74,1750
357.5,8,35.26,750
357.5,10,36.5,500
357.5,13,42.37,1750
357.5,16,38.54,-2750
357.5,19,41.77,2500
357.5,20,37.19,-3000
357.5,21,35.11,5000
357.5,23,44.27,-750
357.5,25,35.23,5750
357.5,26,35.79,-6000
357.5,29,35.2,500
357.5,30,35.76,500
358.0,1,35.03,-2000
358.0,3,43.75,500
358.0,6,40.71,-750
358.0,7,39.48,1750
358.0,10,36.09,500
358.0,13,43.01,1750
358.0,16,39.04,-2750
358.0,17,35.28,-750
358.0,19,42.38,2500
358.0,20,36.03,-3000
358.0,23,43.68,-750
358.0,26,35.17,-3500
358.0,27,35.08,4000
358.0,32,35.04,2750
358.5,2,35.45,1250
358.5,3,44.05,500
358.5,6,40.94,-750
358.5,7,39.94,1750
358.5,10,37.88,500
358.5,13,43.08,1750
358.5,16,39.93,-2750
358.5,17,36.03,5750
358.5,19,41.62,2500
358.5,20,35.25,1750
358.5,22,35.18,-500
358.5,23,43.41,-750
358.5,24,35.34,-2500
358.5,26,35.36,-2750
358.5,30,35.67,-3250
359.0,3,43.84,500
359.0,6,40.17,-750
359.0,7,39.69,1750
359.0,8,35.75,2250
359.0,10,37.28,500
359.0,11,35.04,1500
359.0,13,43.12,1750
359.0,16,40.2,-2750
359.0,17,35.07,-5250
359.0,18,35.44,-750
359.0,19,42.08,2500
359.0,20,37.8,-3000
359.0,23,44.29,-750
359.5,3,43.64,500
359.5,4,35.12,-5250
359.5,6,40.9,-750
359.5,7,39.03,1750
359.5,10,36.27,500
359.5,13,43.77,1750
359.5,16,39.38,-2750
359.5,19,41.2,2500
359.5,20,36.59,-3000
359.5,23,43.06,-750
359.5,25,35.52,-2250
359.5,30,35.52,-3250
359.5,32,35.1,250
360.0,1,35.21,0
360.0,3,43.59,500
360.0,6,40.68,-750
360.0,7,38.78,1750
360.0,11,35.27,4250
360.0,13,43.23,1750
360.0,16,38.99,-2750
360.0,17,35.26,4500
360.0,19,42.56,2500
360.0,20,37.43,-3000
360.0,23,43.66,-750
360.0,25,35.32,-2750
360.0,27,35.49,-250
360.0,30,36.69,-3250
360.5,3,43.58,500
360.5,6,40.98,-750
360.5,7,38.62,1750
360.5,10,35.53,500
360.5,12,35.28,-3250
360.5,13,42.08,1750
360.5,15,35.05,500
360.5,16,38.93,-2750
360.5,19,41.81,2500
360.5,20,36.14,-3000
360.5,23,43.05,-750
360.5,28,35.21,-4500
360.5,30,36.21,-3250
360.5,32,35.29,2500
361.0,3,43.2,500
361.0,4,35.35,2000
361.0,6,42.1,-750
361.0,7,40.67,1750
361.0,10,35.33,500
361.0,13,42.82,1750
361.0,15,35.04,500
361.0,16,38.45,-2750
361.0,19,41.39,2500
361.0,20,35.83,-3000
361.0,22,36.06,1000
361.0,23,43.51,-750
361.0,24,35.5,3250
361.0,28,35.13,4750
361.0,30,35.53,-3250
361.5,3,43.17,500
361.5,4,35.49,-6000
361.5,6,40.89,-750
361.5,7,40.49,1750
361.5,9,36.1,5500
361.5,10,36.82,500
361.5,13,42.5,1750
361.5,16,39.86,-2750
361.5,19,42.28,2500
361.5,20,37.41,-3000
361.5,23,43.32,-750
361.5,30,36.57,-3250
361.5,32,35.18,-2000
362.0,3,43.74,500
362.0,6,41.73,-750
362.0,7,40.24,1750
362.0,8,35.16,-4500
362.0,10,36.53,500
362.0,13,42.19,1750
362.0,16,39.05,-2750
362.0,19,42.38,2500
362.0,20,35.55,-3000
362.0,23,43.88,-750
362.0,25,35.34,250
362.0,30,37.93,-3250
362.0,32,35.9,4750
362.5,3,42.7,500
362.5,5,35.07,-1000
362.5,6,41.44,-750
362.5,7,39.45,1750
362.5,10,35.57,500
362.5,13,42.25,1750
362.5,14,35.14,3500
362.5,15,35.21,-1000
362.5,16,38.22,-2750
362.5,18,36.45,2000
362.5,19,39.84,2500
362.5,20,37.19,-3000
362.5,23,44.06,-750
362.5,25,35.6,-5000
362.5,27,35.06,-2750
362.5,28,35.08,5750
362.5,30,35.07,-1500
362.5,31,35.37,250
362.5,32,35.99,750
363.0,3,43.86,500
363.0,6,41.18,-750
363.0,7,40.02,1750
363.0,10,36.78,500
363.0,13,42.36,1750
363.0,16,40.41,-2750
363.0,19,42.41,2500
363.0,20,37.15,-3000
363.0,22,35.57,5500
363.0,23,43.04,-750
363.0,24,35.18,500
363.0,25,35.07,-1000
363.0,29,36.02,-2500
363.0,32,36.54,-3000
363.5,3,43.54,500
363.5,5,35.3,-1500
363.5,6,40.94,-750
363.5,7,40.37,1750
363.5,10,37.8,500
363.5,11,35.18,2000
363.5,13,43.08,1750
363.5,16,39.25,-2750
363.5,19,41.8,2500
363.5,20,36.78,-3000
363.5,21,35.6,3250
363.5,23,43.37,-750
363.5,30,36.51,-3250
363.5,32,35.44,-3000
364.0,3,43.43,500
364.0,6,40.05,-750
364.0,7,40.29,1750
364.0,8,35.77,2250
364.0,10,35.34,500
364.0,11,35.33,-5750
364.0,13,43.3,1750
364.0,15,35.28,2500
364.0,16,39.12,-2750
364.0,17,35.55,-1750
364.0,19,41.23,2500
364.0,20,36.04,-3000
364.0,21,35.17,2750
364.0,23,43.71,-750
364.0,28,35.25,-1250
364.5,3,43.79,500
364.5,6,41.18,-750
364.5,7,41.38,1750
364.5,10,35.12,4250
364.5,13,42.9,1750
364.5,14,35.18,-5500
364.5,16,39.32,-2750
364.5,19,40.99,2500
364.5,20,37.36,-3000
364.5,23,43.88,-750
364.5,29,35.85,-4500
364.5,30,35.94,-3250
365.0,3,43.93,500
365.0,4,35.4,-3000
365.0,6,40.1,-750
365.0,7,38.81,1750
365.0,12,35.68,2250
365.0,13,42.3,1750
365.0,15,35.23,-3000
365.0,16,39.34,-2750
365.0,19,41.43,2500
365.0,20,38.64,-3000
365.0,21,35.08,-5500
365.0,22,35.13,750
365.0,23,42.35,-750
365.0,30,35.48,-3250
365.0,32,35.56,-3000
365.5,3,44.33,500
365.5,6,41.02,-750
365.5,7,39.43,1750
365.5,10,36.15,500
365.5,13,42.47,1750
365.5,16,39.05,-2750
365.5,18,35.95,0
365.5,19,41.01,2500
365.5,20,38.43,-3000
365.5,23,43.94,-750
365.5,30,36.66,-3250
365.5,32,35.06,-2500
366.0,2,35.34,-500
366.0,3,44.35,500
366.0,5,35.31,4250
366.0,6,40.82,-750
366.0,7,39.24,1750
366.0,8,35.11,2250
366.0,9,35.12,-5250
366.0,10,35.33,500
366.0,11,36.05,5750
366.0,13,42.92,1750
366.0,16,39.11,-2750
366.0,19,41.66,2500
366.0,20,36.93,-3000
366.0,23,43.43,-750
366.0,26,35.05,-750
366.0,27,35.13,4750
366.0,32,35.86,5500
366.5,2,35.77,-2500
366.5,3,42.88,500
366.5,6,41.01,-750
366.5,7,39.97,1750
366.5,9,35.13,3750
366.5,10,35.3,500
366.5,13,42.4,1750
366.5,16,38.24,-3000
366.5,19,41.63,2500
366.5,20,36.79,-3000
366.5,23,43.48,-750
366.5,24,35.46,-6000
366.5,30,37.9,-3250
367.0,1,35.14,-4250
367.0,3,42.67,500
367.0,5,35.1,-1000
367.0,6,41.46,-750
367.0,7,39.42,1750
367.0,8,35.17,-3500
367.0,10,35.68,500
367.0,12,35.8,3500
367.0,13,41.9,1750
367.0,16,39.83,-3000
367.0,19,41.45,2500
367.0,20,36.24,-3000
367.0,23,43.05,-750
367.0,29,35.2,4250
367.0,30,38.52,-3250
367.5,3,43.58,500
367.5,6,39.61,-750
367.5,7,39.31,1750
367.5,13,42.42,1750
367.5,16,37.88,-2750
367.5,19,42.44,2500
367.5,20,35.84,-3000
367.5,21,35.22,5000
367.5,22,35.36,3250
367.5,23,44.31,-750
367.5,25,35.83,-4000
367.5,30,36.08,-3250
368.0,3,42.35,500
368.0,6,40.26,-750
368.0,7,40.19,1750
368.0,10,35.41,500
368.0,13,42.61,1750
368.0,16,37.92,-2750
368.0,19,40.89,2500
368.0,23,43.47,-750
368.0,24,35.09,5750
368.5,1,36.0,4250
368.5,3,43.09,500
368.5,6,42.33,-750
368.5,7,40.68,1750
368.5,9,35.23,-4750
368.5,10,35.25,500
368.5,13,42.74,1750
368.5,16,40.02,-3000
368.5,19,41.7,2500
368.5,20,36.24,-3000
368.5,23,44.17,-750
368.5,31,35.12,2000
369.0,3,43.47,500
369.0,6,41.17,-750
369.0,7,39.9,1750
369.0,8,35.84,2250
369.0,9,35.29,1000
369.0,10,35.3,500
369.0,12,35.23,1250
369.0,13,42.06,1750
369.0,16,38.35,-3000
369.0,19,41.31,2500
369.0,20,35.07,-3000
369.0,23,44.27,-750
369.0,24,35.69,750
369.0,28,35.35,4500
369.0,30,36.44,-3250
369.0,32,35.7,-1750
369.5,3,43.29,500
369.5,6,41.76,-750
369.5,7,39.37,1750
369.5,13,42.83,1750
369.5,14,35.18,-2750
369.5,16,38.89,-2750
369.5,17,35.67,250
369.5,18,35.08,-2500
369.5,19,41.35,2500
369.5,20,35.66,-3000
369.5,23,44.09,-750
369.5,29,35.12,500
369.5,30,35.71,-3250
369.5,31,35.61,-5750
369.5,32,36.45,-750
370.0,1,35.01,-4500
370.0,3,43.52,500
370.0,6,40.96,-750
370.0,7,39.58,1750
370.0,10,37.4,500
370.0,12,35.57,3500
370.0,13,42.8,1750
370.0,16,39.57,-2750
370.0,19,42.52,2500
370.0,21,36.15,-4000
370.0,23,43.46,-750
370.5,1,35.11,-250
370.5,2,35.36,-4750
370.5,3,43.15,500
370.5,6,41.32,-750
370.5,7,39.76,1750
370.5,10,37.13,500
370.5,13,41.95,1750
370.5,16,38.3,-2750
370.5,19,41.24,2500
370.5,20,35.31,2500
370.5,23,44.55,-750
370.5,30,36.4,-3250
371.0,1,35.2,-2250
371.0,2,35.63,-2750
371.0,3,43.2,500
371.0,4,35.05,1500
371.0,6,41.33,-750
371.0,7,40.89,1750
371.0,10,35.09,1500
371.0,13,42.31,1750
371.0,14,35.36,-3000
371.0,16,38.62,-3000
371.0,19,42.05,2500
371.0,20,35.52,-3000
371.0,23,44.24,-750
371.0,25,35.14,750
371.0,26,35.55,-1500
371.0,27,35.27,1750
371.0,30,35.29,4250
371.5,3,43.88,500
371.5,4,35.39,3250
371.5,6,41.36,-750
371.5,7,39.73,1750
371.5,8,36.31,2250
371.5,9,35.4,5750
371.5,10,35.81,500
371.5,13,42.16,1750
371.5,16,39.06,-2750
371.5,17,35.11,-1750
371.5,19,41.89,2500
371.5,21,35.11,2000
371.5,23,44.05,-750
371.5,30,35.24,-3250
372.0,3,43.13,500
372.0,5,35.37,1250
372.0,6,41.22,-750
372.0,7,39.78,1750
372.0,9,35.07,-3750
372.0,13,42.87,1750
372.0,16,38.49,-2750
372.0,17,35.91,-4500
372.0,19,42.15,2500
372.0,20,37.93,-3000
372.0,21,35.12,5250
372.0,23,43.28,-750
372.0,25,35.16,2000
372.0,26,35.1,250
372.0,30,35.08,-3250
372.0,32,35.05,750
372.5,3,43.64,500
372.5,6,41.19,-750
372.5,7,39.84,1750
372.5,11,35.12,3250
372.5,13,42.41,1750
372.5,14,35.07,-3750
372.5,15,35.03,750
372.5,16,39.28,-2750
372.5,19,42.06,2500
372.5,20,37.47,-3000
372.5,22,35.02,-2500
372.5,23,43.71,-750
372.5,27,35.4,-5000
373.0,3,43.45,500
373.0,6,41.04,-750
373.0,7,39.73,1750
373.0,10,37.6,500
373.0,13,43.07,1750
373.0,16,37.79,-2750
373.0,19,42.08,2500
373.0,20,35.08,-3000
373.0,23,43.9,-750
373.0,25,35.08,250
373.0,27,35.59,3000
373.0,29,35.38,-4000
373.0,31,35.58,-5000
373.5,3,43.71,500
373.5,6,41.51,-750
373.5,7,39.09,1750
373.5,9,35.24,-1000
373.5,10,36.58,500
373.5,13,42.55,1750
373.5,14,35.17,0
373.5,16,39.52,-2750
373.5,19,43.22,2500
373.5,20,37.51,-3000
373.5,23,43.18,-750
373.5,28,35.18,5000
373.5,29,35.18,5000
373.5,30,35.27,-3250
374.0,1,35.7,3250
374.0,3,43.93,500
374.0,6,40.26,-750
374.0,7,39.89,1750
374.0,10,36.51,500
374.0,13,42.91,1750
374.0,14,35.63,-5500
374.0,16,38.22,-2750
374.0,19,43.12,2500
374.0,20,35.28,3250
374.0,23,43.67,-750
374.0,29,35.36,3250
374.0,30,35.6,-5250
374.5,1,35.31,-4500
374.5,3,43.83,500
374.5,6,41.2,-750
374.5,7,38.83,1750
374.5,13,42.6,1750
374.5,16,39.71,-2750
374.5,17,35.02,2000
374.5,19,42.32,2500
374.5,20,38.26,-3000
374.5,23,43.53,-750
374.5,26,35.64,-4500
374.5,28,35.33,-3750
374.5,30,35.4,-3250
374.5,31,35.19,250
375.0,2,35.09,3500
375.0,3,43.76,500
375.0,5,35.43,-500
375.0,6,41.62,-750
375.0,7,38.71,1750
375.0,10,37.28,500
375.0,13,43.57,1750
375.0,16,38.25,-3000
375.0,19,42.9,2500
375.0,20,36.76,-3000
375.0,23,44.1,-750
375.0,25,35.61,3000
375.0,30,36.17,-3250
375.0,31,35.12,-3500
375.0,32,35.85,4750
375.5,1,35.14,1000
375.5,3,43.46,500
375.5,6,40.56,-750
375.5,7,39.12,1750
375.5,13,42.68,1750
375.5,14,35.07,5750
375.5,16,38.29,-2750
375.5,19,42.81,2500
375.5,20,38.54,-3000
375.5,22,35.16,-1500
375.5,23,43.7,-750
375.5,31,35.33,1250
376.0,1,35.11,-4500
376.0,2,35.06,-1000
376.0,3,42.9,500
376.0,6,40.7,-750
376.0,7,38.32,1750
376.0,10,37.06,500
376.0,13,42.1,1750
376.0,16,40.63,-2750
376.0,19,42.77,2500
376.0,20,35.24,-3000
376.0,23,44.36,-750
376.0,27,35.31,1000
376.0,29,35.29,2500
376.5,3,43.66,500
376.5,6,40.97,-750
376.5,7,39.07,1750
376.5,8,35.53,2250
376.5,10,36.24,500
376.5,13,43.18,1750
376.5,15,35.08,500
376.5,16,37.81,-2750
376.5,19,42.74,2500
376.5,23,44.1,-750
376.5,29,35.11,2500
376.5,30,36.12,-3250
376.5,32,35.34,-500
377.0,3,43.61,500
377.0,6,41.15,-750
377.0,7,39.29,1750
377.0,10,36.36,500
377.0,11,35.08,500
377.0,13,42.54,1750
377.0,14,35.31,5750
377.0,16,39.23,-2750
377.0,17,35.27,-1500
377.0,19,42.26,2500
377.0,20,35.48,-3000
377.0,23,43.93,-750
377.0,26,35.4,5250
377.0,27,36.14,-250
377.0,31,35.34,3750
377.5,2,35.18,-3500
377.5,3,42.31,500
377.5,4,35.33,-1750
377.5,6,40.43,-750
377.5,7,39.45,1750
377.5,10,39.55,500
377.5,12,35.01,-4750
377.5,13,42.67,1750
377.5,16,38.65,-2750
377.5,19,42.24,2500
377.5,20,36.49,-3000
377.5,21,35.94,-3000
377.5,23,43.68,-750
377.5,28,35.11,-5250
377.5,30,35.15,-3250
377.5,31,35.41,5750
378.0,3,43.61,500
378.0,5,35.42,-3500
378.0,6,40.76,-750
378.0,7,39.59,1750
378.0,10,35.29,500
378.0,13,42.92,1750
378.0,15,35.55,-4750
378.0,16,41.14,-2750
378.0,17,35.32,5750
378.0,19,40.82,2500
378.0,20,37.76,-3000
378.0,23,44.14,-750
378.0,24,35.13,-6000
378.0,27,35.42,-2500
378.5,3,44.4,500
378.5,4,35.37,-3500
378.5,6,41.52,-750
378.5,7,38.59,1750
378.5,9,35.03,3750
378.5,10,35.62,500
378.5,13,42.34,1750
378.5,16,39.39,-3000
378.5,17,35.54,1250
378.5,19,42.02,2500
378.5,20,36.47,-3000
378.5,23,43.7,-750
379.0,2,35.89,2750
379.0,3,43.04,500
379.0,6,40.66,-750
379.0,7,40.69,1750
379.0,10,37.64,500
379.0,12,35.05,-3500
379.0,13,43.35,1750
379.0,16,40.53,-2750
379.0,17,35.01,-1750
379.0,19,43.29,2500
379.0,23,44.15,-750
379.0,27,35.11,5250
379.0,30,35.94,-3250
379.0,32,35.13,-3000
379.5,3,44.4,500
379.5,4,35.32,500
379.5,6,41.71,-750
379.5,7,39.88,1750
379.5,10,36.51,500
379.5,13,42.87,1750
379.5,16,39.16,-2750
379.5,17,35.43,-2750
379.5,19,43.07,2500
379.5,20,36.36,-3000
379.5,22,35.14,-5750
379.5,23,43.4,-750
379.5,24,35.03,2500
379.5,26,35.44,3000
379.5,31,35.51,3750
379.5,32,35.81,-3000
380.0,3,43.5,500
380.0,6,40.05,-750
380.0,7,38.44,1750
380.0,13,42.48,1750
380.0,14,35.17,-1500
380.0,15,35.16,4250
380.0,16,40.64,-2750
380.0,19,42.32,2500
380.0,21,35.6,-2750
380.0,23,43.35,-750
380.0,24,35.14,5750
380.0,30,35.82,-3250
380.5,3,44.67,500
380.5,6,41.46,-750
380.5,7,38.31,1750
380.5,8,35.0,-3750
380.5,10,36.4,500
380.5,13,42.74,1750
380.5,14,35.38,4500
380.5,16,40.69,-2750
380.5,19,42.16,2500
380.5,20,35.56,-3000
380.5,23,43.41,-750
381.0,3,43.63,500
381.0,6,40.86,-750
381.0,7,37.96,1750
381.0,10,36.35,500
381.0,13,42.85,1750
381.0,15,35.01,2000
381.0,16,38.19,-2750
381.0,18,35.87,-4000
381.0,19,42.74,2500
381.0,20,37.93,-3000
381.0,23,44.37,-750
381.0,29,35.07,-500
381.0,30,35.17,-5750
381.0,32,35.05,4500
381.5,2,35.65,5250
381.5,3,44.08,500
381.5,4,35.05,0
381.5,6,41.35,-750
381.5,7,40.17,1750
381.5,8,35.72,2000
381.5,9,35.1,3250
381.5,10,35.1,500
381.5,11,35.79,-4500
381.5,13,42.99,1750
381.5,16,38.3,-2750
381.5,19,42.39,2500
381.5,20,35.42,-5750
381.5,23,44.45,-750
381.5,27,35.61,-3000
381.5,30,36.44,-3250
381.5,31,35.21,-3750
381.5,32,35.04,3750
382.0,3,42.92,500
382.0,5,35.39,3500
382.0,6,40.72,-750
382.0,7,38.47,1750
382.0,10,35.48,500
382.0,13,42.12,1750
382.0,16,38.21,-2750
382.0,18,35.05,-750
382.0,19,42.74,2500
382.0,20,35.17,-3000
382.0,23,44.2,-750
382.0,30,35.16,4000
382.5,1,35.58,-750
382.5,3,43.89,500
382.5,6,40.24,-750
382.5,7,39.4,1750
382.5,10,36.6,500
382.5,13,42.31,1750
382.5,15,35.04,-3750
382.5,16,39.56,-3000
382.5,18,35.06,4250
382.5,19,42.01,2500
382.5,20,36.82,-3000
382.5,23,44.25,-750
382.5,25,35.55,1250
382.5,28,35.02,-1750
383.0,3,43.61,500
383.0,6,39.88,-750
383.0,7,40.5,1750
383.0,8,35.38,-4500
383.0,13,42.88,1750
383.0,16,38.84,-2750
383.0,19,42.97,2500
383.0,20,35.51,-3000
383.0,21,35.1,-3500
383.0,23,43.65,-750
383.0,25,35.32,-1750
383.0,32,35.74,-5750
383.5,2,35.28,-5250
383.5,3,43.97,500
383.5,6,41.09,-750
383.5,7,38.15,1750
383.5,8,35.55,2250
383.5,9,35.1,5000
383.5,10,37.32,500
383.5,11,35.2,4250
383.5,13,43.36,1750
383.5,16,38.78,-3000
383.5,19,41.76,2500
383.5,20,35.27,-3000
383.5,23,44.53,-750
384.0,1,35.22,-1750
384.0,2,35.08,2750
384.0,3,43.69,500
384.0,6,40.99,-750
384.0,7,39.08,1750
384.0,8,35.67,-3250
384.0,10,37.1,500
384.0,11,35.96,2000
384.0,13,42.79,1750
384.0,15,35.3,-1500
384.0,16,37.38,-3000
384.0,19,41.19,2500
384.0,20,37.62,-3000
384.0,23,43.88,-750
384.5,3,43.6,500
384.5,4,35.24,1250
384.5,6,40.92,-750
384.5,7,40.56,1750
384.5,10,35.97,500
384.5,13,42.18,1750
384.5,14,35.54,3750
384.5,16,39.77,-3000
384.5,18,35.18,500
384.5,19,42.4,2500
384.5,20,35.23,750
384.5,23,43.98,-750
384.5,29,35.23,5250
385.0,3,43.55,500
385.0,6,40.79,-750
385.0,7,39.71,1750
385.0,9,35.02,-750
385.0,10,35.14,500
385.0,13,43.18,1750
385.0,16,38.85,-2750
385.0,19,43.54,2500
385.0,23,44.1,-750
385.0,30,36.68,-3250
385.0,31,35.4,2000
385.5,3,43.75,500
385.5,6,39.89,-750
385.5,7,40.04,1750
385.5,8,35.55,2500
385.5,9,35.14,-2500
385.5,10,35.01,500
385.5,13,42.23,1750
385.5,14,35.03,-2750
385.5,16,39.33,-2750
385.5,19,42.51,2500
385.5,20,35.11,-3000
385.5,23,43.2,-750
385.5,25,35.4,-4500
385.5,30,35.08,-3250
385.5,31,35.08,-1500
386.0,2,35.13,-2500
386.0,3,43.78,500
386.0,6,41.42,-750
386.0,7,39.16,1750
386.0,8,35.11,-2250
386.0,11,35.21,4500
386.0,13,42.71,1750
386.0,16,40.16,-3000
386.0,19,43.57,2500
386.0,20,37.59,-3000
386.0,22,35.44,-2250
386.0,23,43.38,-750
386.5,3,43.42,500
386.5,6,40.51,-750
386.5,7,40.19,1750
386.5,10,35.97,500
386.5,13,42.55,1750
386.5,15,36.0,-250
386.5,16,39.54,-3000
386.5,19,43.19,2500
386.5,20,35.83,-3000
386.5,23,43.45,-750
386.5,26,35.7,-2250
386.5,28,35.9,250
387.0,3,44.19,500
387.0,5,35.04,-3250
387.0,6,40.68,-750
387.0,7,40.98,1750
387.0,8,35.24,2250
387.0,13,41.7,1750
387.0,14,35.06,2000
387.0,16,39.48,-2750
387.0,18,35.27,1000
387.0,19,42.19,2500
387.0,20,35.69,-3000
387.0,22,35.34,-5500
387.0,23,43.73,-750
387.0,30,35.05,-1750
387.5,3,44.25,500
387.5,6,40.61,-750
387.5,7,39.5,1750
387.5,9,35.22,4500
387.5,10,35.75,500
387.5,13,42.1,1750
387.5,16,39.09,-3000
387.5,19,43.17,2500
387.5,22,35.11,-1750
387.5,23,44.27,-750
388.0,3,43.43,500
388.0,6,41.73,-750
388.0,7,38.3,1750
388.0,11,35.25,-750
388.0,12,36.2,-250
388.0,13,42.26,1750
388.0,16,40.08,-3000
388.0,19,42.57,2500
388.0,23,44.59,-750
388.0,26,35.31,500
388.0,30,36.28,-3250
388.5,3,43.03,500
388.5,4,35.8,0
388.5,6,41.43,-750
388.5,7,39.5,1750
388.5,10,37.64,500
388.5,13,42.13,1750
388.5,16,37.78,-3000
388.5,19,41.66,2500
388.5,20,36.33,-3000
388.5,23,43.51,-750
388.5,30,35.38,-3250
389.0,3,43.47,500
389.0,4,35.04,5750
389.0,6,41.13,-750
389.0,7,40.56,1750
389.0,10,36.28,500
389.0,11,35.01,250
389.0,13,42.17,1750
389.0,14,35.05,2750
389.0,16,37.61,-2750
389.0,19,41.36,2500
389.0,20,37.44,-3000
389.0,23,43.64,-750
389.0,24,35.29,-3500
389.0,29,35.2,2250
389.0,30,35.64,250
389.5,3,43.83,500
389.5,6,41.35,-750
389.5,7,39.99,1750
389.5,8,35.83,2250
389.5,10,36.6,500
389.5,13,41.93,1750
389.5,15,35.1,-2000
389.5,16,38.81,-3000
389.5,19,41.96,2500
389.5,20,36.43,-3000
389.5,21,35.61,3500
389.5,22,35.1,-750
389.5,23,43.84,-750
389.5,30,37.39,-3250
389.5,32,35.38,4250
390.0,3,43.6,500
390.0,6,40.73,-750
390.0,7,40.0,1750
390.0,10,37.19,500
390.0,13,42.55,1750
390.0,16,37.73,-2750
390.0,19,42.14,2500
390.0,20,36.5,-3000
390.0,23,44.28,-750
390.0,25,35.14,1500
390.0,30,35.12,5500
390.5,2,35.03,1750
390.5,3,43.86,500
390.5,5,35.05,250
390.5,6,40.55,-750
390.5,7,39.76,1750
390.5,10,36.08,500
390.5,13,42.07,1750
390.5,16,37.59,-2750
390.5,19,43.62,2500
390.5,20,36.14,-3000
390.5,23,43.82,-750
390.5,25,35.66,2000
390.5,28,36.21,500
391.0,3,43.27,500
391.0,6,40.36,-750
391.0,7,40.08,1750
391.0,10,38.49,500
391.0,13,42.59,1750
391.0,16,38.49,-3000
391.0,18,35.13,4500
391.0,19,43.44,2500
391.0,23,44.13,-750
391.0,25,35.28,-5500
391.5,3,43.41,500
391.5,5,35.39,500
391.5,6,40.14,-750
391.5,7,39.76,1750
391.5,8,36.5,2250
391.5,10,36.96,500
391.5,13,42.12,1750
391.5,16,38.83,-2750
391.5,19,42.26,2500
391.5,20,35.01,250
391.5,23,43.62,-750
391.5,30,35.59,-3250
392.0,3,43.02,500
392.0,6,39.75,-750
392.0,7,40.11,1750
392.0,10,37.09,500
392.0,13,41.82,1750
392.0,16,39.58,-3000
392.0,17,35.27,2750
392.0,18,35.09,-4250
392.0,19,42.98,2500
392.0,20,37.97,-3000
392.0,23,44.04,-750
392.0,30,35.34,-3250
392.5,1,35.12,-750
392.5,3,43.33,500
392.5,6,41.01,-750
392.5,7,40.17,1750
392.5,11,35.66,-4250
392.5,13,42.38,1750
392.5,16,40.05,-3000
392.5,18,35.36,-4750
392.5,19,42.52,2500
392.5,20,35.39,-3000
392.5,23,44.24,-750
392.5,31,35.14,1250
393.0,1,35.35,-5250
393.0,2,35.05,2250
393.0,3,44.01,500
393.0,6,40.92,-750
393.0,7,40.14,1750
393.0,10,35.62,500
393.0,13,42.49,1750
393.0,16,38.55,-2750
393.0,19,42.69,2500
393.0,21,35.95,1000
393.0,23,44.41,-750
393.0,30,36.11,4500
393.0,31,35.85,-750
393.5,2,35.93,-2750
393.5,3,44.22,500
393.5,4,35.38,5750
393.5,6,40.48,-750
393.5,7,39.56,1750
393.5,11,35.21,-4000
393.5,13,42.27,1750
393.5,16,37.95,-2750
393.5,17,35.16,-1000
393.5,19,42.07,2500
393.5,20,36.4,-3000
393.5,23,44.64,-750
393.5,25,36.15,250
393.5,27,35.02,250
393.5,29,35.06,4250
393.5,30,36.7,-3250
394.0,3,42.87,500
394.0,5,35.14,-4000
394.0,6,40.14,-750
394.0,7,40.43,1750
394.0,9,35.32,3000
394.0,10,36.36,500
394.0,13,41.83,1750
394.0,14,36.09,-750
394.0,16,39.16,-3000
394.0,19,42.72,2500
394.0,23,43.59,-750
394.0,30,36.98,-3250
394.5,3,44.47,500
394.5,6,40.47,-750
394.5,7,39.54,1750
394.5,11,35.06,-5750
394.5,13,41.66,1750
394.5,15,35.26,-3500
394.5,16,39.1,-2750
394.5,19,42.11,2500
394.5,23,43.91,-750
394.5,30,35.69,-3250
395.0,3,44.27,500
395.0,5,35.07,-500
395.0,6,40.25,-750
395.0,7,39.76,1750
395.0,13,41.68,1750
395.0,16,38.33,-2750
395.0,19,42.15,2500
395.0,20,36.14,-5000
395.0,23,44.3,-750
395.0,31,35.35,-3750
395.0,32,35.23,-2250
395.5,3,43.77,500
395.5,6,40.25,-750
395.5,7,40.33,1750
395.5,13,42.74,1750
395.5,14,35.28,-3500
395.5,16,38.69,-3000
395.5,17,35.21,2250
395.5,19,43.35,2500
395.5,20,38.53,-3000
395.5,23,44.18,-750
396.0,3,43.6,500
396.0,6,41.74,-750
396.0,7,38.64,1750
396.0,10,35.92,500
396.0,13,42.11,1750
396.0,16,38.42,-3000
396.0,19,43.12,2500
396.0,20,38.12,-3000
396.0,23,44.26,-750
396.5,3,42.91,500
396.5,6,38.73,-750
396.5,7,39.08,1750
396.5,11,35.67,-1000
396.5,13,42.14,1750
396.5,14,35.01,3500
396.5,16,38.33,-3000
396.5,19,41.9,2500
396.5,20,35.44,-4250
396.5,23,44.26,-750
396.5,26,35.54,5750
397.0,2,35.26,-4000
397.0,3,43.44,500
397.0,6,40.35,-750
397.0,7,38.5,1750
397.0,13,42.92,1750
397.0,14,35.41,-1250
397.0,16,39.99,-3000
397.0,19,41.77,2500
397.0,20,35.43,-3000
397.0,23,43.93,-750
397.0,25,35.28,1250
397.0,30,35.74,-3250
397.5,1,35.02,-1500
397.5,3,44.03,500
397.5,6,41.42,-750
397.5,7,40.32,1750
397.5,8,36.06,2250
397.5,9,35.87,-1000
397.5,10,38.4,500
397.5,13,43.27,1750
397.5,16,39.09,-3000
397.5,19,40.79,2500
397.5,20,35.29,-3000
397.5,23,44.14,-750
397.5,25,35.08,4000
397.5,26,35.05,5000
398.0,3,44.17,500
398.0,6,39.27,-750
398.0,7,39.71,1750
398.0,10,38.19,500
398.0,12,35.06,3750
398.0,13,42.01,1750
398.0,16,39.55,-3000
398.0,19,41.92,2500
398.0,20,37.85,-3000
398.0,23,43.79,-750
398.0,30,36.28,-3250
398.5,3,43.38,500
398.5,6,40.74,-750
398.5,7,40.39,1750
398.5,10,36.86,500
398.5,13,41.72,1750
398.5,14,35.71,-2250
398.5,16,38.01,-2750
398.5,19,43.21,2500
398.5,20,37.01,-3000
398.5,23,44.32,-750
398.5,30,36.16,-3250
399.0,3,43.25,500
399.0,6,39.85,-750
399.0,7,40.52,1750
399.0,8,35.73,2250
399.0,10,37.21,500
399.0,13,42.26,1750
399.0,14,35.19,4000
399.0,16,37.9,-2750
399.0,19,42.66,2500
399.0,23,43.9,-750
399.0,27,35.03,-4500
399.5,3,42.99,500
399.5,6,39.25,-750
399.5,7,40.2,1750
399.5,10,38.69,500
399.5,13,42.97,1750
399.5,15,35.42,3250
399.5,16,39.82,-2750
399.5,19,43.13,2500
399.5,20,37.71,-3000
399.5,23,44.97,-750
399.5,26,35.13,1250
399.5,29,35.08,5750
400.0,3,43.18,500
400.0,4,35.03,-2500
400.0,5,35.31,1750
400.0,6,40.55,-750
400.0,7,39.7,1750
400.0,8,35.29,2000
400.0,10,37.65,500
400.0,11,35.37,-5000
400.0,12,35.41,3500
400.0,13,42.16,1750
400.0,16,37.56,-3000
400.0,19,41.1,2500
400.0,20,36.07,-3000
400.0,22,35.12,-4750
400.0,23,43.49,-750
400.0,29,35.16,1500
400.0,30,37.06,-3250
400.5,3,43.19,500
400.5,6,39.51,-750
400.5,7,38.74,1750
400.5,10,37.51,500
400.5,13,42.06,1750
400.5,16,38.5,-2750
400.5,19,42.4,2500
400.5,20,36.14,-3000
400.5,23,44.01,-750
400.5,24,35.17,-4750
400.5,25,35.22,-6000
400.5,26,35.38,-1000
400.5,30,35.58,-3250
401.0,2,35.07,-1500
401.0,3,43.73,500
401.0,6,40.98,-750
401.0,7,40.01,1750
401.0,8,35.03,4250
401.0,10,35.91,500
401.0,13,42.67,1750
401.0,16,39.24,-2750
401.0,19,41.86,2500
401.0,20,38.26,-3000
401.0,22,35.31,-4000
401.0,23,44.21,-750
401.0,28,35.65,-250
401.0,30,35.56,-2500
401.5,3,42.71,500
401.5,6,40.82,-750
401.5,7,39.82,1750
401.5,8,35.22,-5750
401.5,10,35.18,-2500
401.5,13,42.53,1750
401.5,16,38.34,-2750
401.5,17,35.7,4500
401.5,19,42.25,2500
401.5,20,36.92,-3000
401.5,23,43.72,-750
401.5,27,35.12,2250
401.5,29,36.01,-4000
401.5,30,36.81,-3250
401.5,31,35.13,-1750
401.5,32,35.56,-2750
402.0,3,43.22,500
402.0,6,40.69,-750
402.0,7,40.89,1750
402.0,10,36.86,500
402.0,13,42.39,1750
402.0,16,38.9,-2750
402.0,19,42.38,2500
402.0,20,35.91,-3000
402.0,23,44.65,-750
402.0,30,35.59,-3250
402.0,31,35.46,5500
402.5,3,42.99,500
402.5,6,41.08,-750
402.5,7,40.62,1750
402.5,10,36.7,500
402.5,13,42.01,1750
402.5,16,39.07,-3000
402.5,18,35.46,-2250
402.5,19,43.19,2500
402.5,20,37.87,-3000
402.5,23,42.65,-750
402.5,24,35.04,-1500
402.5,28,35.64,5750
402.5,31,35.28,-5500
403.0,3,43.43,500
403.0,4,35.09,-1000
403.0,6,40.53,-750
403.0,7,40.3,1750
403.0,8,35.76,2250
403.0,9,35.07,-1000
403.0,10,38.26,500
403.0,13,41.47,1750
403.0,14,35.69,4750
403.0,16,37.79,-2750
403.0,19,42.28,2500
403.0,23,44.16,-750
403.0,26,35.3,-4750
403.5,1,35.35,750
403.5,3,42.94,500
403.5,4,35.16,500
403.5,6,40.32,-750
403.5,7,40.28,1750
403.5,10,36.67,500
403.5,11,35.48,4250
403.5,13,41.67,1750
403.5,14,35.12,750
403.5,16,39.62,-2750
403.5,19,42.06,2500
403.5,20,38.32,-3000
403.5,22,35.23,-1000
403.5,23,44.07,-750
403.5,28,35.51,-1000
403.5,31,35.11,1750
404.0,3,43.36,500
404.0,6,41.11,-750
404.0,7,39.01,1750
404.0,10,35.89,-2500
404.0,11,35.34,2000
404.0,13,42.34,1750
404.0,15,35.62,-1500
404.0,16,39.92,-3000
404.0,19,41.9,2500
404.0,20,35.88,-3000
404.0,22,35.47,-5000
404.0,23,43.62,-750
404.0,25,35.64,1500
404.0,27,35.03,-5250
404.0,30,37.42,-3250
404.5,3,42.26,500
404.5,5,35.14,-750
404.5,6,39.83,-750
404.5,7,40.96,1750
404.5,10,35.7,500
404.5,11,35.07,250
404.5,13,42.54,1750
404.5,14,35.34,-5250
404.5,16,39.29,-3000
404.5,19,42.63,2500
404.5,22,35.75,4250
404.5,23,43.68,-750
404.5,26,35.16,-3750
404.5,31,35.06,-1250
405.0,2,35.04,-750
405.0,3,43.86,500
405.0,6,40.03,-750
405.0,7,40.92,1750
405.0,10,37.21,500
405.0,13,42.04,1750
405.0,15,35.22,5500
405.0,16,38.58,-2750
405.0,19,42.25,2500
405.0,20,36.17,-3000
405.0,21,35.32,-2250
405.0,23,44.19,-750
405.0,24,35.46,2250
405.0,25,35.67,2750
405.0,27,35.17,2500
405.0,30,35.47,-3250
405.5,3,42.94,500
405.5,6,40.02,-750
405.5,7,39.39,1750
405.5,8,35.32,-2000
405.5,10,36.0,500
405.5,13,43.19,1750
405.5,14,35.3,5250
405.5,16,38.52,-3000
405.5,18,35.77,-4500
405.5,19,42.49,2500
405.5,20,36.52,-3000
405.5,21,35.03,-1750
405.5,23,44.14,-750
405.5,30,35.87,-3250
406.0,3,43.72,500
406.0,5,35.12,-1250
406.0,6,41.63,-750
406.0,7,38.4,1750
406.0,10,37.07,500
406.0,13,42.4,1750
406.0,14,35.11,-4750
406.0,16,37.11,-2750
406.0,19,42.66,2500
406.0,23,44.22,-750
406.0,28,35.06,1750
406.0,30,35.9,-3250
406.5,1,36.03,5000
406.5,3,43.33,500
406.5,6,40.58,-750
406.5,7,38.61,1750
406.5,8,35.05,3250
406.5,10,36.13,-4000
406.5,13,41.93,1750
406.5,16,38.33,-3000
406.5,19,42.27,2500
406.5,20,36.19,-3000
406.5,23,44.0,-750
407.0,3,43.19,500
407.0,4,35.12,3500
407.0,6,40.51,-750
407.0,7,39.51,1750
407.0,10,36.74,500
407.0,11,35.59,-750
407.0,13,42.37,1750
407.0,16,37.81,-2750
407.0,19,41.77,2500
407.0,20,35.88,-3000
407.0,23,44.15,-750
407.0,25,35.03,-750
407.5,3,42.77,500
407.5,6,41.37,-750
407.5,7,39.43,1750
407.5,8,35.51,2250
407.5,10,35.98,500
407.5,12,35.14,4000
407.5,13,41.97,1750
407.5,16,37.73,-3000
407.5,19,42.29,2500
407.5,23,43.96,-750
407.5,24,35.42,3250
407.5,26,35.45,750
407.5,30,36.01,-3250
407.5,32,35.19,4000
408.0,1,35.13,-750
408.0,3,42.68,500
408.0,6,41.54,-750
408.0,7,39.65,1750
408.0,10,35.99,500
408.0,13,41.65,1750
408.0,16,38.85,-3000
408.0,19,43.81,2500
408.0,20,35.01,-3000
408.0,23,44.03,-750
408.0,30,35.56,-3250
408.5,1,35.47,-2500
408.5,3,43.37,500
408.5,6,40.77,-750
408.5,7,39.1,1750
408.5,9,35.11,-750
408.5,10,36.69,500
408.5,12,35.55,1250
408.5,13,42.01,1750
408.5,15,35.22,1750
408.5,16,39.31,-3000
408.5,19,43.31,2500
408.5,20,37.22,-3000
408.5,23,43.82,-750
408.5,32,35.18,-6000
409.0,3,44.17,500
409.0,5,35.08,-3750
409.0,6,40.31,-750
409.0,7,40.44,1750
409.0,9,35.28,-2000
409.0,10,38.01,500
409.0,13,42.54,1750
409.0,15,35.05,-3250
409.0,16,38.45,-2750
409.0,19,41.35,2500
409.0,20,36.47,-3000
409.0,23,44.67,-750
409.0,30,36.61,-3250
409.5,1,35.12,-2750
409.5,3,42.88,500
409.5,4,35.0,5500
409.5,6,41.26,-750
409.5,7,39.01,1750
409.5,10,36.46,500
409.5,13,42.74,1750
409.5,16,37.79,-2750
409.5,19,42.43,2500
409.5,20,36.8,-3000
409.5,21,35.06,250
409.5,23,43.55,-750
409.5,30,35.54,-3250
409.5,31,35.09,3750
410.0,2,35.01,3250
410.0,3,43.87,500
410.0,6,40.44,-750
410.0,7,39.11,1750
410.0,10,36.47,500
410.0,13,42.44,1750
410.0,16,38.68,-3000
410.0,19,41.86,2500
410.0,23,44.11,-750
410.0,30,35.49,2250
410.0,31,35.28,5250
410.5,3,43.59,500
410.5,6,40.53,-750
410.5,7,38.54,1750
410.5,10,36.23,500
410.5,11,35.32,2000
410.5,13,42.02,1750
410.5,16,38.99,-3000
410.5,19,43.14,2500
410.5,22,35.19,3250
410.5,23,44.07,-750
410.5,25,35.54,-1750
410.5,30,37.22,-3250
411.0,2,35.18,-3000
411.0,3,43.45,500
411.0,6,39.13,-750
411.0,7,37.96,1750
411.0,13,42.38,1750
411.0,14,35.55,-3500
411.0,16,37.93,-2750
411.0,19,41.86,2500
411.0,20,37.33,-3000
411.0,21,35.77,-4500
411.0,23,44.48,-750
411.0,26,35.04,-3250
411.0,31,35.41,750
411.5,2,35.65,4750
411.5,3,43.69,500
411.5,5,35.01,4000
411.5,6,40.49,-750
411.5,7,39.42,1750
411.5,10,35.45,500
411.5,13,41.04,1750
411.5,16,38.67,-3000
411.5,18,35.19,3500
411.5,19,42.0,2500
411.5,20,37.57,-3000
411.5,22,35.98,-5750
411.5,23,43.28,-750
411.5,27,35.16,500
411.5,29,35.18,-5500
411.5,31,35.04,5750
412.0,3,43.29,500
412.0,6,40.3,-750
412.0,7,38.93,1750
412.0,8,35.5,2250
412.0,11,36.96,2000
412.0,13,42.86,1750
412.0,16,39.45,-3000
412.0,19,43.24,2500
412.0,20,37.1,-3000
412.0,23,44.32,-750
412.0,24,35.23,5500
412.0,26,35.01,2500
412.5,1,35.4,-1750
412.5,2,36.36,2750
412.5,3,43.32,500
412.5,6,40.71,-750
412.5,7,38.62,1750
412.5,10,38.18,500
412.5,13,42.88,1750
412.5,14,35.51,1000
412.5,16,38.75,-3000
412.5,19,43.01,2500
412.5,20,36.32,-3000
412.5,21,35.63,5000
412.5,23,43.49,-750
412.5,26,35.44,3000
412.5,27,35.15,2000
412.5,30,35.64,-3250
413.0,3,43.24,500
413.0,6,38.26,-750
413.0,7,38.98,1750
413.0,8,36.13,2250
413.0,9,35.4,-4500
413.0,10,35.92,500
413.0,13,42.14,1750
413.0,15,35.44,4750
413.0,16,39.26,-2750
413.0,19,43.56,2500
413.0,23,44.07,-750
413.0,28,35.85,1000
413.0,31,36.17,-5750
413.5,3,43.81,500
413.5,6,40.86,-750
413.5,7,40.74,1750
413.5,10,37.42,500
413.5,13,42.1,1750
413.5,16,39.29,-2750
413.5,19,43.55,2500
413.5,20,36.1,-3000
413.5,22,35.14,-4250
413.5,23,44.01,-750
413.5,30,35.09,-3250
413.5,32,37.46,-3000
414.0,1,35.21,-3750
414.0,3,43.25,500
414.0,6,38.78,-750
414.0,7,39.68,1750
414.0,11,35.08,-500
414.0,13,43.37,1750
414.0,15,35.29,-5000
414.0,16,39.35,-3000
414.0,19,43.91,2500
414.0,21,35.23,4000
414.0,23,43.63,-750
414.0,28,35.05,4750
414.0,30,36.0,-3250
414.0,32,35.15,5000
414.5,3,43.78,500
414.5,6,39.63,-750
414.5,7,39.79,1750
414.5,10,35.56,500
414.5,12,35.24,-2500
414.5,13,40.92,1750
414.5,15,35.11,-750
414.5,16,37.4,-3000
414.5,18,35.04,2500
414.5,19,43.25,2500
414.5,20,35.4,-3000
414.5,23,43.58,-750
415.0,3,42.64,500
415.0,6,40.18,-750
415.0,7,40.11,1750
415.0,8,36.31,2250
415.0,10,36.14,500
415.0,13,41.57,1750
415.0,16,38.02,-3000
415.0,19,42.57,2500
415.0,20,36.7,-3000
415.0,23,43.6,-750
415.0,26,35.27,-250
415.0,30,36.51,-3250
415.5,3,42.82,500
415.5,6,39.82,-750
415.5,7,40.73,1750
415.5,8,35.79,2250
415.5,9,35.08,-250
415.5,13,41.08,1750
415.5,16,38.08,-2750
415.5,19,41.89,2500
415.5,23,44.16,-750
415.5,29,35.04,500
415.5,30,37.82,-3250
416.0,3,42.63,500
416.0,6,40.86,-750
416.0,7,39.42,1750
416.0,10,35.22,500
416.0,13,42.78,1750
416.0,16,37.11,-2750
416.0,19,43.09,2500
416.0,20,37.01,-3000
416.0,23,43.8,-750
416.0,26,35.15,1000
416.0,27,35.61,-3750
416.0,30,36.57,-3250
416.5,3,43.28,500
416.5,5,35.19,-6000
416.5,6,39.78,-750
416.5,7,38.92,1750
416.5,10,35.83,3500
416.5,13,41.91,1750
416.5,16,39.03,-3000
416.5,19,43.82,2500
416.5,20,36.37,-3000
416.5,22,35.11,-1000
416.5,23,44.45,-750
417.0,3,43.21,500
417.0,6,40.06,-750
417.0,7,38.59,1750
417.0,8,35.14,-2000
417.0,10,35.45,-3250
417.0,11,35.41,-4500
417.0,13,41.6,1750
417.0,16,39.18,-2750
417.0,18,35.69,-3000
417.0,19,42.7,2500
417.0,20,35.39,-3000
417.0,23,43.57,-750
417.0,29,35.45,3500
417.0,31,35.35,-500
417.5,2,35.29,-4500
417.5,3,43.98,500
417.5,6,40.89,-750
417.5,7,39.27,1750
417.5,10,35.62,500
417.5,13,41.94,1750
417.5,14,35.3,500
417.5,15,35.15,4500
417.5,16,39.06,-2750
417.5,19,42.67,2500
417.5,20,35.56,-3000
417.5,23,44.04,-750
417.5,30,36.9,-3250
418.0,1,35.58,4250
418.0,3,43.46,500
418.0,4,35.34,4250
418.0,6,40.5,-750
418.0,7,39.64,1750
418.0,10,36.86,500
418.0,13,40.43,1750
418.0,16,38.65,-2750
418.0,19,43.34,2500
418.0,20,35.98,-3000
418.0,23,44.71,-750
418.0,27,35.19,250
418.5,3,44.02,500
418.5,6,40.63,-750
418.5,7,38.01,1750
418.5,10,37.15,500
418.5,13,41.67,1750
418.5,16,37.04,-2750
418.5,19,42.41,2500
418.5,20,39.07,-3000
418.5,23,43.15,-750
418.5,24,35.49,2500
418.5,25,35.05,-2750
418.5,30,36.13,-3250
419.0,2,35.26,-5750
419.0,3,44.0,500
419.0,4,35.1,-5250
419.0,6,39.84,-750
419.0,7,38.69,1750
419.0,8,35.46,2250
419.0,10,36.2,500
419.0,13,41.83,1750
419.0,15,35.86,1250
419.0,16,39.44,-3000
419.0,19,43.3,2500
419.0,20,35.15,-3000
419.0,23,44.15,-750
419.0,30,36.27,-3250
419.5,3,43.58,500
419.5,6,40.51,-750
419.5,7,38.89,1750
419.5,8,35.89,2250
419.5,10,37.02,500
419.5,13,40.91,1750
419.5,16,38.71,-2750
419.5,19,42.58,2500
419.5,23,43.4,-750
419.5,26,35.19,5000
419.5,29,35.3,-750
419.5,30,35.53,-3250
419.5,31,35.51,-4500
420.0,3,43.4,500
420.0,6,40.31,-750
420.0,7,38.84,1750
420.0,10,36.97,500
420.0,11,35.65,-1750
420.0,13,41.99,1750
420.0,15,35.01,-500
420.0,16,38.92,-3000
420.0,19,42.5,2500
420.0,20,38.26,-3000
420.0,23,44.18,-750
420.0,28,36.75,-1500
420.5,3,42.18,500
420.5,4,35.06,2500
420.5,5,35.04,4000
420.5,6,40.75,-750
420.5,7,38.67,1750
420.5,10,37.16,500
420.5,13,42.33,1750
420.5,14,35.21,-3000
420.5,16,38.86,-2750
420.5,19,43.15,2500
420.5,23,43.98,-750
420.5,28,35.06,3000
420.5,30,38.24,-3250
421.0,3,43.32,500
421.0,6,41.11,-750
421.0,7,40.61,1750
421.0,10,35.62,-2250
421.0,13,41.26,1750
421.0,16,38.42,-2750
421.0,17,35.4,-3750
421.0,19,43.12,2500
421.0,21,37.07,0
421.0,23,44.18,-750
421.0,28,35.27,0
421.0,29,35.01,-750
421.0,30,35.91,-3250
421.5,3,43.34,500
421.5,4,35.87,5500
421.5,6,39.53,-750
421.5,7,39.36,1750
421.5,8,35.32,0
421.5,13,41.82,1750
421.5,15,35.21,-3750
421.5,16,39.27,-3000
421.5,19,43.44,2500
421.5,21,35.75,2000
421.5,23,44.52,-750
421.5,25,35.31,-2000
421.5,29,35.01,-2750
422.0,3,43.59,500
422.0,4,36.02,-5750
422.0,5,35.31,5750
422.0,6,39.7,-750
422.0,7,38.68,1750
422.0,10,37.07,500
422.0,11,35.27,-4500
422.0,13,42.62,1750
422.0,16,38.6,-3000
422.0,19,42.59,2500
422.0,23,43.58,-750
422.0,26,35.49,2750
422.0,30,35.74,1250
422.0,32,35.46,3250
422.5,3,43.52,500
422.5,6,39.17,-750
422.5,7,39.02,1750
422.5,13,41.75,1750
422.5,14,35.08,-1250
422.5,16,39.02,-3000
422.5,19,42.67,2500
422.5,23,44.29,-750
422.5,29,35.42,-2750
422.5,30,36.77,-3250
423.0,3,43.83,500
423.0,6,39.57,-750
423.0,7,39.25,1750
423.0,8,35.24,2000
423.0,10,38.17,500
423.0,13,42.28,1750
423.0,16,39.36,-3000
423.0,18,35.68,5000
423.0,19,43.32,2500
423.0,20,36.95,-3000
423.0,21,35.31,3250
423.0,23,43.7,-750
423.0,30,36.82,-3250
423.0,32,35.04,1000
423.5,3,43.36,500
423.5,6,40.03,-750
423.5,7,39.76,1750
423.5,9,35.53,5000
423.5,10,37.5,500
423.5,13,41.15,1750
423.5,16,38.91,-2750
423.5,19,43.48,2500
423.5,20,35.87,-3000
423.5,23,44.29,-750
423.5,29,35.31,5750
423.5,31,35.61,-2500
424.0,1,35.01,-4000
424.0,3,43.09,500
424.0,6,39.44,-750
424.0,7,39.04,1750
424.0,8,35.68,2250
424.0,10,38.14,500
424.0,12,35.4,-750
424.0,13,40.57,1750
424.0,16,38.76,-3000
424.0,19,42.06,2500
424.0,20,35.19,1000
424.0,23,43.96,-750
424.0,29,35.8,5750
424.0,30,35.91,-3250
424.5,3,44.02,500
424.5,4,35.36,-3500
424.5,6,39.45,-750
424.5,7,39.66,1750
424.5,9,35.38,1500
424.5,12,35.19,-6000
424.5,13,41.8,1750
424.5,16,38.97,-2750
424.5,19,43.93,2500
424.5,20,36.76,-3000
424.5,23,43.73,-750
424.5,29,35.04,3000
425.0,3,43.94,500
425.0,6,40.26,-750
425.0,7,38.89,1750
425.0,10,35.05,500
425.0,13,41.46,1750
425.0,16,38.93,-3000
425.0,19,42.44,2500
425.0,20,36.24,-3000
425.0,23,43.95,-750
425.0,32,35.43,-3000
425.5,2,35.16,2000
425.5,3,43.26,500
425.5,4,35.38,1500
425.5,5,35.19,250
425.5,6,39.98,-750
425.5,7,39.57,1750
425.5,8,36.32,2250
425.5,10,35.26,500
425.5,11,35.26,3000
425.5,13,41.25,1750
425.5,16,38.6,-2750
425.5,18,35.29,-3250
425.5,19,42.71,2500
425.5,21,36.15,750
425.5,23,43.86,-750
425.5,27,35.03,5250
426.0,3,43.86,500
426.0,6,39.76,-750
426.0,7,40.41,1750
426.0,8,35.33,2250
426.0,13,41.93,1750
426.0,16,39.03,-3000
426.0,19,42.14,2500
426.0,23,44.63,-750
426.0,30,36.2,-3250
426.5,3,43.12,500
426.5,6,40.18,-750
426.5,7,38.89,1750
426.5,10,37.75,500
426.5,11,35.08,2500
426.5,13,42.09,1750
426.5,16,38.42,-3000
426.5,19,42.48,2500
426.5,20,37.94,-3000
426.5,22,35.3,-5250
426.5,23,44.19,-750
427.0,3,43.36,500
427.0,6,40.17,-750
427.0,7,39.82,1750
427.0,8,37.07,2250
427.0,10,36.96,500
427.0,11,35.1,5500
427.0,13,41.31,1750
427.0,16,38.57,-2750
427.0,19,42.93,2500
427.0,20,35.27,-3000
427.0,22,35.51,-3000
427.0,23,44.58,-750
427.0,29,35.02,1250
427.0,32,36.36,-3000
427.5,3,42.77,500
427.5,6,39.01,-750
427.5,7,37.89,1750
427.5,9,35.85,1250
427.5,13,41.8,1750
427.5,16,38.28,-2750
427.5,17,35.2,-500
427.5,19,42.82,2500
427.5,20,35.35,-3000
427.5,21,35.13,5000
427.5,22,35.17,-5750
427.5,23,44.14,-750
427.5,28,35.08,-3750
427.5,31,35.5,-5250
427.5,32,36.55,-3250
428.0,3,43.62,500
428.0,6,40.32,-750
428.0,7,40.24,1750
428.0,10,36.13,500
428.0,11,35.56,-4250
428.0,13,42.1,1750
428.0,16,39.7,-3000
428.0,19,43.46,2500
428.0,20,35.05,-3000
428.0,21,35.35,-2500
428.0,23,44.21,-750
428.0,25,35.16,4000
428.0,27,35.61,-6000
428.0,30,35.21,-1500
428.5,3,43.26,500
428.5,6,40.24,-750
428.5,7,39.34,1750
428.5,10,37.04,500
428.5,13,41.54,1750
428.5,16,38.9,-3000
428.5,19,42.14,2500
428.5,20,36.71,-3000
428.5,22,35.32,-3750
428.5,23,43.81,-750
428.5,25,35.07,-3500
428.5,30,35.26,-3250
428.5,32,35.28,500
429.0,3,43.08,500
429.0,6,37.77,-750
429.0,7,40.49,1750
429.0,9,35.07,500
429.0,10,35.88,500
429.0,12,35.33,2000
429.0,13,41.45,1750
429.0,16,38.56,-3000
429.0,19,42.56,2500
429.0,20,35.09,5750
429.0,21,35.4,3750
429.0,23,44.27,-750
429.0,27,36.14,500
429.5,3,43.94,500
429.5,6,40.15,-750
429.5,7,38.23,1750
429.5,12,35.34,-1500
429.5,13,41.47,1750
429.5,14,35.26,-5500
429.5,16,37.45,-3000
429.5,19,42.83,2500
429.5,20,36.23,-3000
429.5,21,35.11,-3750
429.5,23,44.62,-750
429.5,28,35.04,5500
430.0,3,43.91,500
430.0,6,39.45,-750
430.0,7,38.91,1750
430.0,10,35.38,500
430.0,12,35.17,750
430.0,13,41.31,1750
430.0,15,35.82,-5750
430.0,16,38.86,-3000
430.0,17,35.66,0
430.0,19,42.85,2500
430.0,20,35.53,-3000
430.0,21,35.15,250
430.0,23,43.96,-750
430.5,1,35.56,-5250
430.5,3,42.97,500
430.5,6,39.72,-750
430.5,7,38.83,1750
430.5,10,35.23,500
430.5,12,35.05,1250
430.5,13,41.53,1750
430.5,14,35.21,-3250
430.5,15,35.11,5500
430.5,16,38.04,-2750
430.5,19,43.15,2500
430.5,23,44.27,-750
430.5,27,35.36,-5000
430.5,32,35.77,-3000
431.0,3,43.75,500
431.0,5,35.5,-5000
431.0,6,40.61,-750
431.0,7,39.69,1750
431.0,13,42.01,1750
431.0,16,39.98,-3000
431.0,19,43.54,2500
431.0,20,35.43,2500
431.0,22,35.26,-1500
431.0,23,44.29,-750
431.0,24,35.41,3500
431.0,25,35.14,-1750
431.0,31,36.24,-3250
431.5,3,42.91,500
431.5,6,39.13,-750
431.5,7,38.61,1750
431.5,13,41.8,1750
431.5,16,38.44,-2750
431.5,19,42.6,2500
431.5,22,35.35,-2500
431.5,23,44.6,-750
431.5,27,35.14,2250
431.5,30,35.72,2500
432.0,3,43.23,500
432.0,6,41.07,-750
432.0,7,38.92,1750
432.0,11,35.52,-750
432.0,13,41.15,1750
432.0,16,39.3,-3000
432.0,19,42.77,2500
432.0,21,35.44,750
432.0,23,44.78,-750
432.0,28,35.08,2500
432.0,29,35.82,-5500
432.0,30,36.78,-3250
432.5,1,35.22,2000
432.5,3,42.86,500
432.5,6,39.47,-750
432.5,7,39.38,1750
432.5,13,42.08,1750
432.5,16,39.74,-3000
432.5,19,41.11,2500
432.5,20,37.88,-3000
432.5,23,43.76,-750
432.5,25,35.24,4750
432.5,27,35.34,-750
432.5,28,35.51,1750
432.5,32,36.18,750
433.0,3,43.39,500
433.0,6,40.8,-750
433.0,7,38.53,1750
433.0,10,35.37,500
433.0,11,35.05,-2750
433.0,12,35.59,-2000
433.0,13,41.49,1750
433.0,15,35.01,-750
433.0,16,37.88,-2750
433.0,19,43.22,2500
433.0,23,44.09,-750
433.0,30,36.14,-3250
433.5,1,35.02,3750
433.5,3,43.71,500
433.5,6,40.72,-750
433.5,7,39.27,1750
433.5,10,37.15,500
433.5,13,41.53,1750
433.5,16,37.99,-3000
433.5,19,42.89,2500
433.5,20,35.19,-3000
433.5,23,44.42,-750
434.0,3,43.71,500
434.0,6,39.12,-750
434.0,7,37.89,1750
434.0,10,38.99,500
434.0,13,41.6,1750
434.0,16,39.2,-3000
434.0,18,35.22,250
434.0,19,42.59,2500
434.0,20,37.88,-3000
434.0,23,43.97,-750
434.0,25,35.16,2250
434.0,27,35.92,2500
434.5,3,42.66,500
434.5,4,35.14,-5750
434.5,6,39.78,-750
434.5,7,40.04,1750
434.5,8,35.12,-2750
434.5,10,37.95,500
434.5,13,42.66,1750
434.5,15,35.32,0
434.5,16,38.65,-3000
434.5,17,35.27,4750
434.5,19,42.48,2500
434.5,20,35.97,-3000
434.5,22,35.13,-2000
434.5,23,43.44,-750
434.5,25,35.77,-500
434.5,26,35.1,5500
434.5,28,35.17,-3500
435.0,3,44.01,500
435.0,4,35.07,2000
435.0,6,38.96,-750
435.0,7,38.52,1750
435.0,9,35.62,-6000
435.0,10,35.26,500
435.0,13,41.05,1750
435.0,16,38.54,-2750
435.0,18,35.39,5250
435.0,19,42.45,2500
435.0,20,35.69,-3000
435.0,23,43.81,-750
435.0,24,35.83,3250
435.0,30,35.69,3250
435.0,31,35.45,5750
435.0,32,35.29,-3250
435.5,3,42.58,500
435.5,6,38.57,-750
435.5,7,38.74,1750
435.5,10,35.31,500
435.5,13,41.23,1750
435.5,16,38.35,-2750
435.5,19,42.17,2500
435.5,20,37.09,-3000
435.5,22,35.37,3750
435.5,23,44.16,-750
435.5,24,35.36,4750
435.5,26,36.33,3000
435.5,28,35.08,500
436.0,3,43.84,500
436.0,6,40.26,-750
436.0,7,39.13,1750
436.0,10,36.46,500
436.0,13,41.51,1750
436.0,16,38.77,-3000
436.0,19,43.14,2500
436.0,20,35.19,-3000
436.0,23,43.56,-750
436.0,27,35.44,0
436.0,30,36.78,-3250
436.5,1,35.15,-4750
436.5,2,35.21,-4500
436.5,3,43.03,500
436.5,4,35.54,2750
436.5,6,41.11,-750
436.5,7,39.2,1750
436.5,8,36.7,2250
436.5,10,35.59,500
436.5,13,42.65,1750
436.5,14,35.11,4500
436.5,16,39.28,-3000
436.5,19,42.88,2500
436.5,20,36.54,-3000
436.5,23,43.66,-750
437.0,3,43.36,500
437.0,6,40.01,-750
437.0,7,39.7,1750
437.0,13,41.76,1750
437.0,16,38.82,-3000
437.0,19,43.9,2500
437.0,20,38.22,-3000
437.0,23,43.85,-750
437.5,1,35.36,-2000
437.5,3,43.71,500
437.5,6,39.97,-750
437.5,7,37.81,1750
437.5,8,36.25,2250
437.5,10,36.71,500
437.5,12,35.5,-6000
437.5,13,41.05,1750
437.5,16,38.57,-3000
437.5,19,42.77,2500
437.5,21,35.66,500
437.5,23,44.17,-750
437.5,31,35.21,2500
438.0,3,43.38,500
438.0,6,40.61,-750
438.0,7,38.12,1750
438.0,10,37.91,500
438.0,13,41.43,1750
438.0,15,35.13,5750
438.0,16,38.34,-3000
438.0,17,35.21,1250
438.0,19,42.92,2500
438.0,20,37.23,-3000
438.0,21,35.57,4250
438.0,23,43.85,-750
438.0,25,35.56,-5500
438.0,30,36.27,-3250
438.5,1,35.03,5000
438.5,3,42.58,500
438.5,6,40.3,-750
438.5,7,39.65,1750
438.5,10,35.21,500
438.5,13,41.09,1750
438.5,16,38.92,-2750
438.5,19,42.57,2500
438.5,20,35.19,-3000
438.5,23,43.71,-750
438.5,25,35.58,-5750
438.5,28,36.02,1500
438.5,32,37.01,250
439.0,3,43.5,500
439.0,6,41.17,-750
439.0,7,37.83,1750
439.0,10,37.1,500
439.0,13,41.79,1750
439.0,16,37.45,-2750
439.0,19,42.62,2500
439.0,20,36.18,-3000
439.0,23,44.22,-750
439.0,25,35.33,5250
439.0,27,35.25,5500
439.5,2,35.37,1500
439.5,3,43.88,500
439.5,6,40.15,-750
439.5,7,39.01,1750
439.5,8,35.14,2250
439.5,9,35.23,-750
439.5,10,35.78,3500
439.5,13,41.2,1750
439.5,16,37.16,-2750
439.5,19,42.95,2500
439.5,20,36.98,-3000
439.5,23,43.04,-750
439.5,30,35.13,500
439.5,31,35.38,250
440.0,3,42.7,500
440.0,6,39.64,-750
440.0,7,38.0,1750
440.0,10,37.51,500
440.0,13,40.79,1750
440.0,16,38.7,-2750
440.0,19,42.39,2500
440.0,20,38.97,-3000
440.0,23,44.35,-750
440.0,30,36.28,-3250
440.0,32,35.39,-2750
440.5,1,35.94,0
440.5,3,43.83,500
440.5,6,41.01,-750
440.5,7,40.66,1750
440.5,12,35.53,-5500
440.5,13,41.82,1750
440.5,16,38.0,-2750
440.5,19,41.75,2500
440.5,20,35.72,-3000
440.5,23,44.81,-750
440.5,32,35.71,-3000
441.0,3,43.69,500
441.0,6,39.82,-750
441.0,7,38.7,1750
441.0,9,35.09,3750
441.0,10,35.62,500
441.0,13,40.79,1750
441.0,16,38.24,-3000
441.0,18,35.74,-2000
441.0,19,43.19,2500
441.0,20,35.42,-3000
441.0,23,44.28,-750
441.0,30,35.3,-3250
441.5,3,43.2,500
441.5,6,39.98,-750
441.5,7,39.21,1750
441.5,10,35.34,250
441.5,13,42.14,1750
441.5,16,38.4,-3000
441.5,19,42.33,2500
441.5,20,35.25,-3000
441.5,23,44.35,-750
441.5,29,35.28,-6000
441.5,30,36.05,-3250
442.0,1,36.03,5750
442.0,3,43.5,500
442.0,6,39.12,-750
442.0,7,39.38,1750
442.0,8,35.17,2250
442.0,10,37.58,500
442.0,11,35.12,5250
442.0,13,41.34,1750
442.0,16,40.54,-3000
442.0,19,42.71,2500
442.0,20,36.11,-3000
442.0,23,42.88,-750
442.0,28,35.37,3500
442.5,1,35.33,-1500
442.5,3,44.03,500
442.5,6,40.78,-750
442.5,7,38.77,1750
442.5,8,35.31,3500
442.5,10,36.88,500
442.5,13,39.69,1500
442.5,16,40.25,-3000
442.5,19,42.49,2500
442.5,23,43.87,-750
442.5,24,35.18,3250
442.5,25,35.12,500
443.0,3,42.58,500
443.0,4,35.02,-2500
443.0,6,39.48,-750
443.0,7,38.65,1750
443.0,10,35.09,500
443.0,13,40.84,1750
443.0,16,36.4,-2750
443.0,19,43.15,2500
443.0,20,36.8,-3000
443.0,21,35.18,5000
443.0,23,44.12,-750
443.0,29,35.14,-1000
443.5,3,44.2,500
443.5,6,40.02,-750
443.5,7,38.34,1750
443.5,13,40.49,1750
443.5,16,37.88,-3000
443.5,19,43.29,2500
443.5,22,35.03,-5750
443.5,23,44.39,-750
443.5,29,35.06,250
443.5,30,37.69,-3250
444.0,1,35.22,-4250
444.0,3,43.19,500
444.0,6,39.93,-750
444.0,7,39.07,1750
444.0,13,39.16,1500
444.0,16,37.79,-2750
444.0,18,35.0,-3250
444.0,19,42.64,2500
444.0,20,37.39,-3000
444.0,23,43.96,-750
444.0,30,37.15,-3250
444.0,32,35.14,-6000
444.5,3,43.75,500
444.5,6,39.29,-750
444.5,7,39.54,1750
444.5,10,36.69,500
444.5,13,41.18,1750
444.5,16,40.06,-3000
444.5,19,43.47,2500
444.5,20,36.92,-3000
444.5,23,44.06,-750
445.0,3,43.33,500
445.0,5,35.01,2000
445.0,6,38.68,-750
445.0,7,39.49,1750
445.0,10,37.8,500
445.0,13,42.04,1750
445.0,14,35.9,-5000
445.0,16,37.79,-3000
445.0,19,43.08,2500
445.0,20,35.5,5000
445.0,23,44.06,-750
445.0,27,35.02,-1250
445.5,3,43.96,500
445.5,6,40.24,-750
445.5,7,39.51,1750
445.5,9,36.29,500
445.5,13,41.82,1750
445.5,14,35.07,4500
445.5,16,38.53,-3000
445.5,17,35.63,1500
445.5,19,43.6,2500
445.5,20,36.79,-3000
445.5,23,44.1,-750
445.5,29,35.01,2500
445.5,32,35.09,3250
446.0,2,35.41,-1500
446.0,3,42.64,500
446.0,6,39.82,-750
446.0,7,40.47,1750
446.0,10,35.2,-3500
446.0,13,40.61,1750
446.0,16,37.95,-3000
446.0,19,43.26,2500
446.0,20,36.09,-3000
446.0,23,44.24,-750
446.0,30,35.16,-3250
446.5,3,42.57,500
446.5,6,39.67,-750
446.5,7,40.31,1750
446.5,10,35.33,250
446.5,13,41.46,1750
446.5,16,38.88,-3000
446.5,19,43.04,2500
446.5,20,35.51,-3000
446.5,23,44.54,-750
446.5,26,35.22,-500
446.5,28,35.24,2250
446.5,30,35.65,-3250
447.0,3,43.04,500
447.0,6,40.1,-750
447.0,7,39.09,1750
447.0,10,36.17,500
447.0,13,41.25,1750
447.0,16,38.01,-3000
447.0,19,42.93,2500
447.0,20,35.6,1500
447.0,23,43.9,-750
447.5,1,35.44,-4000
447.5,3,42.54,500
447.5,6,39.43,-750
447.5,7,39.63,1750
447.5,8,35.24,250
447.5,9,35.25,3000
447.5,13,40.38,1750
447.5,16,40.22,-3000
447.5,19,42.7,2500
447.5,23,43.8,-750
447.5,25,35.04,2500
447.5,32,35.42,-4500
448.0,3,43.74,500
448.0,6,40.1,-750
448.0,7,38.44,1750
448.0,12,35.23,-5500
448.0,13,41.2,1750
448.0,16,39.47,-3000
448.0,19,43.76,2500
448.0,20,36.57,-3000
448.0,23,43.43,-750
448.0,26,35.17,-4000
448.0,31,35.6,5500
448.5,3,43.08,500
448.5,6,39.84,-750
448.5,7,38.6,1750
448.5,10,36.11,250
448.5,11,35.02,-1750
448.5,13,40.4,1750
448.5,14,35.7,-5000
448.5,16,37.98,-3000
448.5,19,42.73,2500
448.5,20,35.35,-3000
448.5,21,35.16,3000
448.5,23,44.05,-750
448.5,30,35.94,-3250
449.0,1,35.18,-2500
449.0,3,43.37,500
449.0,6,39.68,-750
449.0,7,38.53,1750
449.0,10,35.49,500
449.0,12,35.69,0
449.0,13,40.27,1750
449.0,14,35.1,1500
449.0,16,39.55,-3000
449.0,19,43.81,2500
449.0,23,43.33,-750
449.5,3,42.13,500
449.5,6,39.81,-750
449.5,7,39.9,1750
449.5,10,36.42,2500
449.5,12,35.26,-5750
449.5,13,41.37,1750
449.5,16,38.84,-3000
449.5,17,35.73,-2500
449.5,19,43.92,2500
449.5,20,38.52,-3000
449.5,23,43.86,-750
449.5,30,36.49,-3250
449.5,32,35.06,-1500
450.0,2,35.43,-1500
450.0,3,43.26,500
450.0,4,35.48,2750
450.0,5,35.28,3250
450.0,6,40.25,-750
450.0,7,40.18,1750
450.0,12,35.01,-500
450.0,13,41.22,1750
450.0,16,37.57,-3000
450.0,19,42.83,2500
450.0,23,43.58,-750
450.0,26,35.24,2750
450.0,30,36.65,-3250
450.0,31,35.18,1250
450.5,3,43.74,500
450.5,4,35.77,5750
450.5,5,35.06,2750
450.5,6,38.19,-750
450.5,7,38.81,1750
450.5,8,35.11,2750
450.5,9,35.13,500
450.5,10,36.18,500
450.5,11,35.54,-4750
450.5,13,41.79,1750
450.5,16,38.16,-3000
450.5,19,42.91,2500
450.5,20,36.32,-3000
450.5,23,43.47,-750
451.0,3,43.79,500
451.0,6,41.31,-750
451.0,7,39.46,1750
451.0,10,35.87,500
451.0,13,41.3,1750
451.0,15,35.05,1250
451.0,16,39.72,-3000
451.0,19,43.66,2500
451.0,23,44.62,-750
451.0,29,35.81,-2250
451.5,3,42.77,500
451.5,5,35.26,-6000
451.5,6,40.7,-750
451.5,7,38.46,1750
451.5,9,35.95,1500
451.5,10,37.33,500
451.5,11,35.24,-1000
451.5,13,41.18,1750
451.5,16,39.36,-3000
451.5,19,43.1,2500
451.5,20,37.92,-3000
451.5,23,44.16,-750
452.0,3,43.06,500
452.0,6,40.14,-750
452.0,7,40.39,1750
452.0,8,35.68,2250
452.0,9,35.39,4500
452.0,10,37.25,500
452.0,11,35.39,5500
452.0,13,40.8,1750
452.0,16,39.94,-3000
452.0,19,42.91,2500
452.0,20,35.39,-3000
452.0,23,43.97,-750
452.0,28,35.34,250
452.0,30,35.63,-3250
452.5,3,43.59,500
452.5,6,41.11,-750
452.5,7,39.24,1750
452.5,10,36.45,500
452.5,13,41.29,1750
452.5,14,35.87,-2500
452.5,16,37.16,-2750
452.5,19,43.4,2500
452.5,20,35.28,-3000
452.5,21,35.47,2750
452.5,23,44.15,-750
452.5,25,35.74,-4000
452.5,27,35.06,-3500
452.5,29,35.11,-500
452.5,30,35.35,-3250
452.5,31,35.15,-250
453.0,3,43.02,500
453.0,6,41.1,-750
453.0,7,40.69,1750
453.0,13,41.56,1750
453.0,16,39.41,-3000
453.0,18,35.2,-250
453.0,19,43.68,2500
453.0,23,43.23,-750
453.0,30,36.21,-3250
453.5,3,43.46,500
453.5,6,40.7,-750
453.5,7,39.87,1750
453.5,13,42.01,1750
453.5,16,38.82,-3000
453.5,17,35.09,500
453.5,19,43.28,2500
453.5,20,35.11,-3000
453.5,23,44.13,-750
453.5,27,35.37,-3750
454.0,1,35.07,-3750
454.0,3,42.99,500
454.0,6,38.47,-750
454.0,7,39.52,1750
454.0,8,36.1,2250
454.0,13,41.52,1750
454.0,16,39.53,-3000
454.0,18,35.1,-5750
454.0,19,42.25,2500
454.0,20,35.51,1500
454.0,23,43.85,-750
454.0,30,35.62,-500
454.5,3,42.93,500
454.5,5,35.57,5000
454.5,6,39.17,-750
454.5,7,39.85,1750
454.5,10,35.39,-2000
454.5,13,41.52,1750
454.5,14,35.36,5000
454.5,16,39.14,-3000
454.5,19,42.79,2500
454.5,20,35.88,-3000
454.5,23,43.43,-750
454.5,30,36.8,-3250
455.0,3,43.23,500
455.0,6,39.63,-750
455.0,7,39.93,1750
455.0,13,41.07,1750
455.0,16,38.5,-3000
455.0,19,42.86,2500
455.0,20,38.3,-3000
455.0,23,43.31,-750
455.0,30,37.24,-3250
455.5,1,35.32,4250
455.5,3,44.0,500
455.5,6,39.35,-750
455.5,7,38.26,1750
455.5,8,35.17,2250
455.5,10,35.73,250
455.5,13,39.87,1500
455.5,15,35.55,1500
455.5,16,39.49,-2750
455.5,18,35.15,500
455.5,19,43.65,2500
455.5,20,36.88,-3000
455.5,23,44.53,-750
455.5,26,35.74,3250
455.5,29,35.27,-2500
455.5,30,36.07,-3250
456.0,3,43.01,500
456.0,4,35.32,-1750
456.0,6,40.24,-750
456.0,7,38.62,1750
456.0,8,35.28,2250
456.0,10,37.05,500
456.0,13,41.4,1750
456.0,16,38.32,-2750
456.0,19,43.41,2500
456.0,20,37.48,-3000
456.0,21,35.37,-3250
456.0,23,44.05,-750
456.0,24,35.18,5250
456.0,30,38.58,-3250
456.0,31,35.23,-500
456.5,3,43.59,500
456.5,6,38.45,-750
456.5,7,38.5,1750
456.5,9,35.25,3250
456.5,10,36.36,250
456.5,13,40.94,1500
456.5,16,39.36,-3000
456.5,18,35.48,-4500
456.5,19,43.17,2500
456.5,20,37.91,-3000
456.5,21,35.2,1500
456.5,23,42.94,-750
456.5,26,35.16,-1000
457.0,3,43.64,500
457.0,6,40.56,-750
457.0,7,37.17,1750
457.0,13,38.87,1500
457.0,16,38.85,-3000
457.0,17,35.71,-6000
457.0,19,43.69,2500
457.0,20,38.18,-3000
457.0,23,43.98,-750
457.0,26,35.33,5000
457.0,30,35.82,-3250
457.5,2,35.89,3750
457.5,3,42.92,500
457.5,6,38.75,-750
457.5,7,41.14,1750
457.5,8,36.72,2250
457.5,10,36.31,500
457.5,13,41.98,1750
457.5,14,35.69,-1500
457.5,16,39.27,-3000
457.5,19,43.01,2500
457.5,20,37.89,-3000
457.5,23,44.23,-750
457.5,32,35.53,-3000
