Time,PRN,CN0_dBHz,Doppler
0.0,6,38.71,1250
0.0,9,39.9,2000
0.0,10,35.07,-250
0.0,13,35.08,5000
0.0,14,37.77,3250
0.0,15,42.91,-2750
0.0,16,35.21,-2500
0.0,18,39.69,500
0.0,21,39.54,250
0.0,22,43.18,1500
0.0,27,36.97,0
0.0,29,35.62,-3500
0.5,3,36.44,1500
0.5,6,38.35,1250
0.5,8,35.16,-5000
0.5,9,39.77,2000
0.5,14,35.49,3250
0.5,15,41.98,-2750
0.5,18,42.82,250
0.5,21,37.33,250
0.5,22,43.21,1500
0.5,27,36.97,0
0.5,29,35.56,-5000
1.0,3,37.44,1500
1.0,6,39.24,1250
1.0,9,38.49,2000
1.0,14,35.08,3250
1.0,15,41.8,-2750
1.0,18,42.2,250
1.0,21,39.8,250
1.0,22,42.05,1500
1.0,23,35.69,-3000
1.0,27,37.71,0
1.0,29,37.51,-3500
1.5,3,38.15,1500
1.5,6,39.02,1250
1.5,9,39.41,2000
1.5,10,35.18,-750
1.5,13,35.4,3000
1.5,15,41.85,-2750
1.5,18,41.86,250
1.5,21,39.56,250
1.5,22,42.43,1500
1.5,27,39.95,0
1.5,29,37.55,-3500
1.5,30,35.59,1750
1.5,32,35.38,4250
2.0,6,39.66,1250
2.0,9,37.74,2000
2.0,14,36.11,3250
2.0,15,42.47,-2750
2.0,16,35.46,-5000
2.0,18,39.65,0
2.0,21,39.84,250
2.0,22,41.91,1500
2.0,23,35.12,4000
2.0,27,39.29,0
2.0,31,35.05,3750
2.5,3,37.4,1500
2.5,6,37.24,1250
2.5,9,39.32,2000
2.5,15,42.13,-2750
2.5,18,39.72,500
2.5,19,35.12,-4750
2.5,21,40.61,250
2.5,22,42.86,1500
2.5,23,35.6,-1750
2.5,27,38.55,0
2.5,29,35.97,3000
3.0,3,37.21,1500
3.0,6,37.72,1250
3.0,9,38.04,2000
3.0,14,35.54,3250
3.0,15,42.84,-2750
3.0,18,42.43,250
3.0,21,36.97,250
3.0,22,42.23,1500
3.0,27,35.7,0
3.0,29,38.59,-3500
3.5,3,35.66,1500
3.5,6,39.18,1250
3.5,9,38.31,2000
3.5,14,35.02,3000
3.5,15,42.49,-2750
3.5,18,43.4,250
3.5,21,38.38,250
3.5,22,42.4,1500
3.5,27,39.09,0
3.5,29,35.39,-3500
3.5,30,35.25,-1500
4.0,3,36.58,1500
4.0,4,35.27,-3000
4.0,6,37.87,1250
4.0,9,38.44,2000
4.0,15,42.94,-2750
4.0,18,42.86,250
4.0,21,38.55,250
4.0,22,42.4,1500
4.0,27,37.39,0
4.0,29,35.33,-3500
4.5,3,36.41,1500
4.5,6,38.07,1250
4.5,9,36.72,2000
4.5,12,35.4,-250
4.5,14,37.3,3250
4.5,15,43.22,-2750
4.5,17,35.02,-2000
4.5,18,39.02,500
4.5,20,35.04,250
4.5,21,39.18,250
4.5,22,42.12,1500
4.5,26,35.38,4250
4.5,27,38.33,0
4.5,29,35.15,-3500
5.0,3,36.48,1500
5.0,6,38.84,1250
5.0,9,40.44,2000
5.0,13,35.25,1000
5.0,14,35.58,1500
5.0,15,42.66,-2750
5.0,17,35.24,5500
5.0,18,42.07,250
5.0,19,35.09,1750
5.0,21,38.75,250
5.0,22,42.73,1500
5.0,24,35.56,-4750
5.0,26,35.47,4250
5.0,27,38.52,0
5.0,32,35.08,-3750
5.5,1,35.13,5250
5.5,3,37.1,1500
5.5,4,35.17,2000
5.5,6,37.1,1250
5.5,8,35.06,4250
5.5,9,37.68,2000
5.5,10,35.04,-750
5.5,14,36.84,3250
5.5,15,43.67,-2750
5.5,18,40.47,500
5.5,21,39.12,250
5.5,22,42.63,1500
5.5,24,35.1,3250
5.5,27,38.86,0
5.5,29,35.02,-3500
5.5,30,35.53,-1500
6.0,1,35.53,0
6.0,3,36.44,1500
6.0,6,36.23,1250
6.0,9,39.07,2000
6.0,15,42.82,-2750
6.0,18,40.32,500
6.0,21,39.22,250
6.0,22,42.24,1500
6.0,27,39.74,0
6.0,29,36.65,-3500
6.0,30,35.14,-5750
6.0,32,35.68,5750
6.5,3,36.43,1500
6.5,5,35.25,2250
6.5,6,37.63,1250
6.5,9,39.45,2000
6.5,12,35.21,-6000
6.5,15,42.86,-2750
6.5,18,39.17,0
6.5,21,40.89,250
6.5,22,42.24,1500
6.5,24,35.09,-3000
6.5,27,38.12,0
6.5,28,35.16,-500
6.5,29,35.31,-3500
7.0,3,36.27,1500
7.0,6,37.05,1250
7.0,9,39.05,2000
7.0,14,35.29,-4750
7.0,15,42.81,-2750
7.0,16,35.54,-2250
7.0,18,40.68,500
7.0,21,38.94,250
7.0,22,43.17,1500
7.0,27,39.3,0
7.5,2,35.03,-4000
7.5,3,37.62,1500
7.5,6,37.22,1250
7.5,9,38.99,2000
7.5,15,41.92,-2750
7.5,18,42.4,250
7.5,21,37.49,250
7.5,22,43.78,1500
7.5,27,40.36,0
7.5,29,37.0,-3500
8.0,3,37.99,1500
8.0,6,37.35,1250
8.0,8,35.72,3000
8.0,9,38.48,2000
8.0,10,35.95,-5500
8.0,14,36.72,3250
8.0,15,42.68,-2750
8.0,16,35.07,-3000
8.0,18,42.99,250
8.0,20,35.41,3500
8.0,21,38.75,250
8.0,22,42.91,1500
8.0,27,39.65,0
8.0,29,35.72,-3500
8.5,3,37.21,1500
8.5,6,38.94,1250
8.5,9,38.06,2000
8.5,13,35.02,1250
8.5,14,35.32,3250
8.5,15,42.88,-2750
8.5,18,39.58,500
8.5,21,39.62,250
8.5,22,42.27,1500
8.5,27,38.44,0
8.5,29,36.62,-3500
9.0,6,36.1,1250
9.0,8,35.36,2000
9.0,9,37.87,2000
9.0,12,35.41,4750
9.0,15,42.86,-2750
9.0,18,43.2,250
9.0,19,35.82,4750
9.0,21,39.15,250
9.0,22,41.74,1500
9.0,27,38.15,0
9.0,28,35.27,-3000
9.0,31,35.67,4500
9.5,1,35.15,2250
9.5,6,36.44,1250
9.5,9,39.79,2000
9.5,10,35.22,-500
9.5,15,43.45,-2750
9.5,18,38.86,500
9.5,21,38.48,250
9.5,22,42.21,1500
9.5,27,38.9,0
9.5,29,37.96,-3500
9.5,32,35.32,4000
10.0,1,35.65,5500
10.0,6,38.44,1250
10.0,9,39.67,2000
10.0,15,41.75,-2750
10.0,18,42.6,250
10.0,21,38.76,250
10.0,22,42.79,1500
10.0,24,35.09,-4500
10.0,27,37.5,0
10.0,29,36.82,-3500
10.0,31,35.36,-500
10.5,2,35.65,4000
10.5,3,35.16,-2000
10.5,6,37.79,1250
10.5,7,35.05,-3500
10.5,9,39.17,2000
10.5,11,35.32,-1250
10.5,14,35.04,-2000
10.5,15,42.15,-2750
10.5,18,42.2,250
10.5,21,38.61,250
10.5,22,43.62,1500
10.5,27,37.91,0
10.5,29,39.73,-3500
10.5,32,35.17,-2750
11.0,2,35.07,-3250
11.0,3,36.4,1500
11.0,6,37.52,1250
11.0,8,35.71,2000
11.0,9,38.59,2000
11.0,14,35.6,3250
11.0,15,43.01,-2750
11.0,18,40.39,500
11.0,19,35.49,-4250
11.0,21,40.24,250
11.0,22,42.35,1500
11.0,23,35.23,5000
11.0,24,35.43,-5750
11.0,27,38.47,0
11.0,29,36.59,-3500
11.5,3,36.27,1500
11.5,6,37.22,1250
11.5,9,38.48,2000
11.5,10,36.12,3250
11.5,14,35.52,3250
11.5,15,43.0,-2750
11.5,18,41.05,500
11.5,19,35.28,5000
11.5,20,35.62,-3750
11.5,21,38.64,250
11.5,22,43.12,1500
11.5,24,35.08,1500
11.5,27,39.76,0
11.5,29,36.6,-3500
12.0,6,35.41,-3750
12.0,9,39.5,2000
12.0,13,35.6,5250
12.0,15,42.2,-2750
12.0,17,35.65,1750
12.0,18,43.25,250
12.0,20,35.33,3750
12.0,21,38.85,250
12.0,22,41.39,1500
12.0,25,35.64,4000
12.0,27,39.1,0
12.0,29,35.04,-3500
12.0,30,35.01,-6000
12.5,6,38.7,1250
12.5,9,39.54,2000
12.5,12,35.52,1250
12.5,15,43.16,-2750
12.5,18,41.95,250
12.5,21,35.96,250
12.5,22,42.41,1500
12.5,26,35.09,-4250
12.5,27,39.48,0
13.0,6,38.87,1250
13.0,9,38.44,2000
13.0,14,35.76,3250
13.0,15,41.65,-2750
13.0,18,38.92,500
13.0,21,39.42,250
13.0,22,42.6,1500
13.0,27,38.95,0
13.0,29,37.29,-3500
13.5,6,37.67,1250
13.5,8,35.04,-3750
13.5,9,40.1,2000
13.5,11,35.03,-1750
13.5,15,42.74,-2750
13.5,16,35.06,1000
13.5,18,43.18,250
13.5,20,35.48,-3750
13.5,21,39.1,250
13.5,22,43.52,1500
13.5,26,35.44,-6000
13.5,27,37.61,0
13.5,30,35.28,500
14.0,1,35.32,-5500
14.0,6,37.08,1250
14.0,9,37.81,2000
14.0,10,35.2,-2750
14.0,14,35.4,3250
14.0,15,42.39,-2750
14.0,18,43.15,250
14.0,21,39.44,250
14.0,22,43.66,1500
14.0,27,37.42,0
14.0,32,35.17,-6000
14.5,1,35.29,3250
14.5,6,36.74,1250
14.5,9,38.17,2000
14.5,14,35.09,4000
14.5,15,41.54,-2750
14.5,18,43.17,250
14.5,21,38.37,250
14.5,22,43.51,1500
14.5,24,35.05,4250
14.5,27,40.39,0
14.5,29,35.97,-3500
15.0,1,35.2,500
15.0,2,35.04,3250
15.0,3,35.51,-1000
15.0,6,37.53,1250
15.0,9,39.79,2000
15.0,15,43.03,-2750
15.0,18,39.43,0
15.0,19,35.33,-3000
15.0,21,40.26,250
15.0,22,42.24,1500
15.0,27,39.5,0
15.0,28,35.12,500
15.0,29,37.55,-3500
15.5,6,36.15,1250
15.5,7,35.3,4000
15.5,9,37.54,2000
15.5,15,41.81,-2750
15.5,18,42.68,250
15.5,21,39.18,250
15.5,22,44.03,1500
15.5,27,40.5,0
15.5,29,35.28,-3500
15.5,30,35.07,1500
16.0,3,36.0,1500
16.0,6,37.03,1250
16.0,7,35.53,-3000
16.0,9,38.71,2000
16.0,10,35.26,-4500
16.0,14,35.18,3250
16.0,15,42.49,-2750
16.0,18,43.24,250
16.0,20,35.17,5000
16.0,21,37.56,250
16.0,22,42.36,1500
16.0,24,35.58,-2750
16.0,27,37.81,0
16.0,29,37.78,-3500
16.0,31,35.36,-500
16.5,3,35.87,1500
16.5,6,36.67,1250
16.5,9,38.35,2000
16.5,11,35.19,-4750
16.5,13,35.02,2000
16.5,14,35.05,3250
16.5,15,40.92,-2750
16.5,18,41.7,250
16.5,21,39.24,250
16.5,22,43.32,1500
16.5,26,35.47,-5500
16.5,27,38.77,0
16.5,29,35.65,-3500
17.0,5,35.2,-2750
17.0,6,37.54,1250
17.0,9,38.74,2000
17.0,15,41.23,-2750
17.0,18,40.76,500
17.0,20,35.08,-6000
17.0,21,37.97,250
17.0,22,43.03,1500
17.0,23,35.68,-2750
17.0,25,35.12,750
17.0,26,35.14,-1500
17.0,27,38.66,0
17.0,29,35.92,1500
17.5,3,36.4,1500
17.5,6,37.27,1250
17.5,9,38.66,2000
17.5,14,35.45,3250
17.5,15,40.21,-2750
17.5,16,35.4,-500
17.5,18,41.26,500
17.5,21,39.7,250
17.5,22,42.62,1500
17.5,27,38.4,0
17.5,29,35.51,-3500
17.5,31,35.1,-2500
18.0,3,36.04,-3500
18.0,6,36.82,1250
18.0,9,36.68,2000
18.0,15,41.95,-2750
18.0,16,35.59,250
18.0,18,42.77,250
18.0,21,39.88,250
18.0,22,41.83,1500
18.0,27,38.86,0
18.0,28,35.05,1250
18.0,29,38.13,-3500
18.5,6,38.32,1250
18.5,9,39.51,2000
18.5,15,41.66,-2750
18.5,18,37.94,500
18.5,19,35.37,500
18.5,20,35.35,-3750
18.5,21,40.8,250
18.5,22,43.13,1500
18.5,25,35.13,3250
18.5,27,40.0,0
18.5,29,36.4,-3500
18.5,30,35.62,1000
19.0,2,35.02,-750
19.0,6,35.78,1250
19.0,8,35.17,750
19.0,9,38.64,2000
19.0,15,40.91,-2750
19.0,18,42.72,250
19.0,21,39.81,250
19.0,22,41.93,1500
19.0,23,35.12,3250
19.0,25,35.58,4750
19.0,27,37.19,0
19.0,29,38.12,-3500
19.5,3,36.82,1500
19.5,6,37.28,1250
19.5,9,35.68,2000
19.5,14,37.57,3250
19.5,15,42.03,-2750
19.5,17,35.42,1500
19.5,18,42.17,250
19.5,21,39.53,250
19.5,22,42.68,1500
19.5,25,35.72,-1000
19.5,26,35.19,2500
19.5,27,39.46,0
19.5,29,36.24,-3500
20.0,1,35.0,-3500
20.0,3,36.3,1500
20.0,4,35.01,-5500
20.0,6,36.11,1250
20.0,9,39.96,2000
20.0,15,42.0,-2750
20.0,17,35.73,3750
20.0,18,41.03,250
20.0,21,39.8,250
20.0,22,42.83,1500
20.0,23,35.25,-1750
20.0,27,40.33,0
20.0,29,37.27,-3500
20.0,32,35.52,1750
20.5,3,35.96,1500
20.5,6,39.02,1250
20.5,9,38.56,2000
20.5,12,35.16,-1500
20.5,15,42.08,-2750
20.5,18,39.77,0
20.5,20,35.29,-2000
20.5,21,40.35,250
20.5,22,42.45,1500
20.5,23,35.08,3000
20.5,27,37.95,0
20.5,29,37.47,-3500
21.0,3,36.85,1500
21.0,6,35.75,1250
21.0,9,40.09,2000
21.0,14,36.13,3250
21.0,15,42.43,-2750
21.0,18,42.13,250
21.0,21,39.36,250
21.0,22,42.46,1500
21.0,28,35.03,750
21.0,32,35.07,2000
21.5,2,35.0,-250
21.5,3,36.95,1500
21.5,5,36.61,5250
21.5,9,39.57,2000
21.5,15,41.35,-2750
21.5,18,39.67,0
21.5,21,41.11,250
21.5,22,42.42,1500
21.5,27,40.44,0
21.5,29,36.09,-3500
22.0,1,35.24,3000
22.0,3,35.92,1500
22.0,5,36.16,-5000
22.0,6,37.22,1250
22.0,9,37.82,2000
22.0,14,36.15,3250
22.0,15,42.98,-2750
22.0,17,35.41,1250
22.0,18,38.7,500
22.0,21,40.16,250
22.0,22,42.43,1500
22.0,27,41.25,0
22.0,29,37.11,-3500
22.0,30,35.21,3250
22.5,3,37.59,1500
22.5,5,35.42,250
22.5,6,37.76,1250
22.5,9,38.78,2000
22.5,11,35.08,500
22.5,14,35.04,3250
22.5,15,42.56,-2750
22.5,18,42.94,250
22.5,21,38.02,250
22.5,22,42.41,1500
22.5,27,38.84,0
22.5,28,35.48,-1000
22.5,29,35.46,-3500
23.0,3,38.42,1500
23.0,4,35.91,2500
23.0,6,38.45,1250
23.0,8,35.09,-2500
23.0,9,37.87,2000
23.0,12,36.57,2250
23.0,15,42.45,-2750
23.0,18,43.13,250
23.0,19,35.31,-3750
23.0,21,39.99,250
23.0,22,42.85,1500
23.0,27,38.13,0
23.5,2,35.18,-4750
23.5,3,35.37,1500
23.5,5,35.08,-1000
23.5,6,35.86,1250
23.5,7,35.26,-5000
23.5,9,37.7,2000
23.5,11,35.23,-1750
23.5,14,35.39,3000
23.5,15,40.27,-2750
23.5,18,38.5,500
23.5,21,38.98,250
23.5,22,42.88,1500
23.5,25,36.8,1500
23.5,27,39.84,0
23.5,29,35.42,-3500
23.5,32,35.28,1250
24.0,3,35.32,1500
24.0,6,38.13,1250
24.0,9,37.25,2000
24.0,15,41.86,-2750
24.0,17,35.51,5000
24.0,18,39.86,500
24.0,21,40.0,250
24.0,22,42.92,1500
24.0,27,41.68,0
24.0,29,38.6,-3500
24.5,3,37.2,1500
24.5,4,35.13,2250
24.5,6,35.87,1250
24.5,9,38.22,2000
24.5,15,42.31,-2750
24.5,18,39.27,500
24.5,19,35.64,5750
24.5,21,40.16,250
24.5,22,41.84,1500
24.5,27,35.83,0
24.5,28,35.27,-4000
24.5,29,35.43,-3500
25.0,3,36.14,1500
25.0,5,35.07,-2750
25.0,6,38.57,1250
25.0,9,36.73,2000
25.0,13,35.65,-3000
25.0,14,35.47,3250
25.0,15,40.65,-2750
25.0,18,40.91,250
25.0,21,35.86,250
25.0,22,42.64,1500
25.0,27,38.42,0
25.0,28,35.03,5250
25.0,29,37.83,-3500
25.5,3,36.28,1500
25.5,6,37.16,1250
25.5,9,37.7,2000
25.5,14,35.19,3250
25.5,15,42.4,-2750
25.5,17,35.02,-4000
25.5,18,42.55,250
25.5,21,39.66,250
25.5,22,44.14,1500
25.5,23,35.31,0
25.5,24,35.56,-4000
25.5,27,41.44,0
25.5,29,35.49,-3500
26.0,6,37.0,1250
26.0,7,35.05,5000
26.0,9,37.4,2000
26.0,15,40.56,-2750
26.0,18,42.88,250
26.0,19,35.31,-750
26.0,20,35.12,500
26.0,21,38.61,250
26.0,22,43.25,1500
26.0,23,35.01,-6000
26.0,27,37.11,0
26.0,29,37.67,-3500
26.5,2,35.04,-250
26.5,3,36.26,1500
26.5,6,37.14,1250
26.5,9,38.42,2000
26.5,15,41.69,-2750
26.5,16,36.11,-1750
26.5,18,41.7,250
26.5,21,39.67,250
26.5,22,42.28,1500
26.5,24,35.7,-4750
26.5,26,35.44,5250
26.5,27,37.6,0
26.5,28,35.37,-3750
26.5,29,36.8,-3500
27.0,6,37.22,1250
27.0,9,37.4,2000
27.0,10,35.68,1500
27.0,15,42.01,-2750
27.0,18,41.9,250
27.0,20,35.11,-4500
27.0,21,39.51,250
27.0,22,41.5,1500
27.0,23,35.07,-1750
27.0,24,35.1,250
27.0,27,40.36,0
27.0,31,35.44,2500
27.0,32,35.21,2250
27.5,3,35.8,1500
27.5,4,36.1,2000
27.5,6,37.02,1250
27.5,8,35.2,-5750
27.5,9,40.03,2000
27.5,12,35.59,-5000
27.5,15,42.26,-2750
27.5,18,37.61,500
27.5,21,40.47,250
27.5,22,42.28,1500
27.5,27,39.89,0
27.5,29,36.3,-3500
28.0,4,35.03,1250
28.0,6,38.31,1250
28.0,7,35.1,-500
28.0,9,37.94,2000
28.0,12,35.61,-3500
28.0,15,40.7,-2750
28.0,16,35.44,4250
28.0,18,42.14,250
28.0,21,40.34,250
28.0,22,44.0,1500
28.0,27,39.52,0
28.0,28,35.54,2750
28.5,3,36.71,1500
28.5,4,35.02,-2750
28.5,6,35.45,1250
28.5,9,37.33,2000
28.5,14,36.73,4750
28.5,15,40.61,-2750
28.5,17,35.02,-500
28.5,18,41.87,250
28.5,21,39.23,250
28.5,22,43.9,1500
28.5,25,35.13,-4000
28.5,26,35.43,250
28.5,27,40.65,0
28.5,28,36.11,4750
28.5,29,37.4,-3500
28.5,32,35.2,-3250
29.0,2,35.0,-6000
29.0,3,35.74,1500
29.0,6,36.87,1250
29.0,9,39.25,2000
29.0,10,35.22,-1500
29.0,15,42.46,-2750
29.0,18,40.89,250
29.0,19,35.3,-1000
29.0,21,37.62,250
29.0,22,43.45,1500
29.0,25,35.16,3000
29.0,26,35.52,-1750
29.0,27,37.59,0
29.0,32,35.32,5750
29.5,1,35.32,2000
29.5,3,36.13,1500
29.5,6,36.38,1250
29.5,9,36.7,2000
29.5,10,35.08,1500
29.5,11,35.5,-1750
29.5,14,35.04,-4750
29.5,15,40.51,-2750
29.5,18,39.5,0
29.5,21,38.83,250
29.5,22,43.14,1500
29.5,23,35.32,-3000
29.5,25,35.28,-5250
29.5,27,38.7,0
29.5,29,35.34,-3500
30.0,1,35.43,-500
30.0,3,37.49,1500
30.0,5,35.57,4250
30.0,6,37.12,1250
30.0,9,38.91,2000
30.0,10,35.06,-4000
30.0,14,35.17,3250
30.0,15,41.54,-2750
30.0,17,35.13,1000
30.0,18,37.51,500
30.0,21,39.19,250
30.0,22,42.98,1500
30.0,27,39.36,0
30.0,29,35.84,-3500
30.5,2,35.69,-5500
30.5,6,36.17,1250
30.5,9,37.79,2000
30.5,10,35.28,-2250
30.5,15,40.08,-2750
30.5,18,43.38,250
30.5,21,39.84,250
30.5,22,43.18,1500
30.5,27,38.25,0
30.5,29,36.7,-3500
30.5,32,35.88,3000
31.0,3,37.36,1500
31.0,6,37.23,1250
31.0,9,38.88,2000
31.0,10,35.45,-2750
31.0,12,35.14,250
31.0,14,35.72,-5750
31.0,15,42.18,-2750
31.0,18,42.63,250
31.0,20,35.14,1500
31.0,21,39.99,250
31.0,22,44.16,1500
31.0,27,40.36,0
31.0,31,35.27,-3000
31.5,6,37.94,1250
31.5,9,36.48,2000
31.5,13,35.19,1500
31.5,15,42.25,-2750
31.5,18,41.43,250
31.5,21,40.28,250
31.5,22,44.14,1500
31.5,24,35.48,-4000
31.5,26,35.31,-2750
31.5,27,39.18,0
31.5,32,35.22,-3750
32.0,3,35.94,1500
32.0,5,35.5,-4750
32.0,6,39.21,1250
32.0,9,37.9,2000
32.0,10,35.39,1750
32.0,15,41.61,-2750
32.0,18,39.06,500
32.0,21,40.31,250
32.0,22,43.55,1500
32.0,27,36.85,0
32.0,29,35.59,-3500
32.0,31,35.11,-1000
32.0,32,35.04,2500
32.5,3,35.94,1500
32.5,6,38.72,1250
32.5,9,38.39,2000
32.5,10,35.23,5000
32.5,11,36.08,-1250
32.5,15,41.34,-2750
32.5,18,39.29,500
32.5,20,35.12,-3000
32.5,21,40.36,250
32.5,22,43.67,1500
32.5,23,35.38,5250
32.5,26,35.08,-2750
32.5,27,36.74,0
33.0,2,35.07,-750
33.0,3,37.4,1500
33.0,6,40.7,1250
33.0,8,35.23,500
33.0,9,36.75,2000
33.0,12,35.49,-3000
33.0,15,42.16,-2750
33.0,17,35.01,1750
33.0,18,41.17,250
33.0,19,35.65,2250
33.0,21,40.84,250
33.0,22,43.85,1500
33.0,27,37.22,0
33.0,29,35.64,-3500
33.0,30,35.86,-2000
33.5,3,36.37,1500
33.5,6,36.97,1250
33.5,9,40.41,2000
33.5,14,35.18,3250
33.5,15,41.34,-2750
33.5,18,41.85,250
33.5,21,39.36,250
33.5,22,43.64,1500
33.5,25,35.05,3250
33.5,27,39.67,0
34.0,3,37.46,1500
34.0,6,36.31,1250
34.0,9,36.57,2000
34.0,13,35.52,-2250
34.0,14,36.79,3250
34.0,15,40.89,-2750
34.0,18,42.72,250
34.0,20,35.02,-3000
34.0,21,39.59,250
34.0,22,42.55,1500
34.0,27,39.22,0
34.0,29,36.01,-3500
34.5,3,35.09,1500
34.5,4,35.06,-4000
34.5,5,35.12,2750
34.5,6,36.81,1250
34.5,9,39.53,2000
34.5,15,42.18,-2750
34.5,18,38.46,500
34.5,21,40.06,250
34.5,22,42.82,1500
34.5,27,36.06,0
34.5,29,36.69,-3500
35.0,3,35.35,1500
35.0,4,35.73,4500
35.0,6,36.88,1250
35.0,8,35.15,-3750
35.0,9,39.68,2000
35.0,15,40.97,-2750
35.0,17,35.72,-2750
35.0,18,41.64,250
35.0,19,35.04,750
35.0,21,39.09,250
35.0,22,43.32,1500
35.0,27,39.62,0
35.0,29,35.23,-3500
35.0,30,35.48,-3250
35.0,31,35.29,2000
35.5,3,37.45,1500
35.5,6,36.9,1250
35.5,7,35.06,4500
35.5,9,38.66,2000
35.5,11,36.03,4750
35.5,12,35.7,-4750
35.5,14,35.74,3250
35.5,15,40.7,-2750
35.5,16,35.65,-3000
35.5,17,35.09,3250
35.5,18,39.26,500
35.5,21,40.1,250
35.5,22,42.98,1500
35.5,27,38.83,0
35.5,29,36.23,-3500
36.0,3,36.68,1500
36.0,6,38.86,1250
36.0,9,37.98,2000
36.0,12,37.07,-5500
36.0,15,40.42,-2750
36.0,18,41.1,250
36.0,21,40.59,250
36.0,22,44.02,1500
36.0,26,35.1,2250
36.0,27,39.12,0
36.0,29,36.36,-3500
36.5,1,35.06,1750
36.5,3,35.12,-4500
36.5,6,38.92,1250
36.5,8,35.61,5500
36.5,9,38.62,2000
36.5,11,35.02,-500
36.5,13,35.04,-750
36.5,15,41.27,-2750
36.5,18,39.48,0
36.5,21,38.51,250
36.5,22,43.42,1500
36.5,27,37.6,0
36.5,29,35.17,4750
37.0,3,35.59,-5250
37.0,6,37.13,1250
37.0,9,37.6,2000
37.0,10,35.3,4500
37.0,14,35.93,3500
37.0,15,41.14,-2750
37.0,18,39.66,500
37.0,20,35.35,4000
37.0,21,40.39,250
37.0,22,43.56,1500
37.0,27,38.84,0
37.0,32,35.54,3750
37.5,3,35.41,1500
37.5,5,35.39,5500
37.5,6,38.92,1250
37.5,8,35.1,4000
37.5,14,35.56,3250
37.5,15,42.22,-2750
37.5,18,42.03,250
37.5,21,39.87,250
37.5,22,43.24,1500
37.5,23,35.11,-4000
37.5,27,37.58,0
37.5,29,37.97,-3500
37.5,32,35.61,1000
38.0,3,35.55,1500
38.0,6,36.18,1250
38.0,9,37.49,2000
38.0,15,41.31,-2750
38.0,18,42.4,250
38.0,21,41.12,250
38.0,22,42.07,1500
38.0,27,38.46,0
38.0,29,35.82,-3500
38.0,30,35.13,2000
38.5,3,36.91,1500
38.5,5,35.05,-3750
38.5,6,37.57,1250
38.5,9,38.17,2000
38.5,12,35.06,-2500
38.5,13,36.63,1750
38.5,15,42.75,-2750
38.5,16,35.26,-3250
38.5,18,39.17,500
38.5,21,40.03,250
38.5,22,43.71,1500
38.5,24,35.58,-3000
38.5,27,37.69,0
38.5,28,35.07,-1000
38.5,29,35.41,-3500
39.0,3,37.31,1500
39.0,6,36.5,1250
39.0,7,35.34,-5500
39.0,9,39.05,2000
39.0,15,42.97,-2750
39.0,18,41.2,250
39.0,19,35.07,5250
39.0,21,39.28,250
39.0,22,43.51,1500
39.0,27,37.16,0
39.0,28,35.14,1500
39.5,2,35.52,2500
39.5,3,36.11,5750
39.5,5,35.29,-5250
39.5,6,39.0,1250
39.5,9,38.69,2000
39.5,15,41.53,-2750
39.5,18,39.42,0
39.5,21,41.17,250
39.5,22,42.65,1500
39.5,23,35.09,-4750
39.5,24,35.18,5750
39.5,27,39.21,0
39.5,30,35.82,250
39.5,31,35.52,4000
39.5,32,35.32,2000
40.0,3,38.05,1500
40.0,4,35.26,0
40.0,5,35.26,-5750
40.0,6,35.06,1250
40.0,9,40.43,2000
40.0,12,35.26,3250
40.0,15,40.25,-2750
40.0,18,42.95,250
40.0,21,40.05,250
40.0,22,43.47,1500
40.0,25,35.54,1000
40.0,27,38.47,0
40.0,28,35.04,4750
40.0,30,35.88,-6000
40.5,3,36.23,1500
40.5,6,37.95,1250
40.5,9,40.19,2000
40.5,15,41.33,-2750
40.5,18,42.57,250
40.5,19,35.43,4000
40.5,21,39.78,250
40.5,22,44.0,1500
40.5,27,38.22,0
40.5,29,36.8,-3500
40.5,30,35.77,4250
41.0,1,35.79,-3250
41.0,3,35.4,1500
41.0,5,35.33,2500
41.0,6,39.08,1250
41.0,9,39.86,2000
41.0,12,35.56,-5250
41.0,14,36.44,3250
41.0,15,41.89,-2750
41.0,18,38.94,500
41.0,21,40.76,250
41.0,22,41.65,1500
41.0,27,37.26,0
41.5,2,35.67,-2750
41.5,3,37.46,1500
41.5,5,35.62,-5250
41.5,6,38.57,1250
41.5,8,35.61,1500
41.5,9,38.17,2000
41.5,15,43.17,-2750
41.5,17,35.35,-5000
41.5,18,38.24,500
41.5,21,40.14,250
41.5,22,42.54,1500
41.5,26,35.11,4000
41.5,27,36.4,0
41.5,29,35.79,-3500
41.5,30,35.21,-3000
42.0,6,36.53,1250
42.0,9,40.07,2000
42.0,14,35.6,3250
42.0,15,42.46,-2750
42.0,18,41.79,250
42.0,21,38.97,250
42.0,22,44.06,1500
42.0,28,35.04,250
42.0,29,35.14,-3500
42.5,3,37.51,1500
42.5,6,37.62,1250
42.5,9,40.17,2000
42.5,15,41.79,-2750
42.5,18,41.42,250
42.5,21,39.51,250
42.5,22,43.12,1500
42.5,27,39.95,0
43.0,6,37.33,1250
43.0,9,38.79,2000
43.0,15,41.28,-2750
43.0,17,36.04,1750
43.0,18,41.21,250
43.0,21,40.37,250
43.0,22,43.28,1500
43.0,24,35.9,4500
43.0,26,36.09,-1750
43.0,27,35.34,-1750
43.0,28,35.06,-1750
43.0,29,36.87,-3500
43.5,1,35.14,2750
43.5,2,35.82,5500
43.5,5,35.19,5000
43.5,6,36.32,1250
43.5,9,38.33,2000
43.5,12,35.3,1500
43.5,15,42.75,-2750
43.5,18,40.22,500
43.5,19,35.49,-4000
43.5,21,38.17,250
43.5,22,41.67,1500
43.5,26,35.65,5000
43.5,27,36.95,0
43.5,28,35.25,5250
43.5,29,37.58,-3500
44.0,3,36.1,1500
44.0,4,35.14,5500
44.0,6,36.42,1250
44.0,9,41.03,2000
44.0,14,36.69,3250
44.0,15,43.58,-2750
44.0,18,42.2,250
44.0,21,36.97,250
44.0,22,41.68,1500
44.0,24,36.02,-3750
44.0,27,35.06,0
44.0,29,36.9,-3500
44.5,6,39.34,1250
44.5,9,40.98,2000
44.5,14,35.23,3250
44.5,15,41.5,-2750
44.5,18,39.45,500
44.5,21,39.84,250
44.5,22,43.46,1500
44.5,24,35.42,4500
44.5,27,37.7,0
44.5,28,35.1,3250
44.5,29,36.5,-3500
45.0,3,36.36,1500
45.0,6,35.75,1250
45.0,9,40.01,2000
45.0,15,42.16,-2750
45.0,17,35.27,-4750
45.0,18,38.45,500
45.0,21,40.31,250
45.0,22,42.68,1500
45.0,27,37.75,0
45.0,29,38.23,-3500
45.0,31,35.02,-5500
45.0,32,35.39,-5750
45.5,6,36.83,1250
45.5,9,40.39,2000
45.5,11,35.11,2250
45.5,15,37.81,-2750
45.5,18,42.89,250
45.5,21,40.65,250
45.5,22,42.06,1500
45.5,27,39.3,0
45.5,28,35.33,-5000
45.5,29,35.25,-3500
46.0,1,35.96,750
46.0,2,35.07,-5500
46.0,3,37.18,1500
46.0,6,37.81,1250
46.0,9,39.83,2000
46.0,11,35.22,-5250
46.0,13,35.07,3000
46.0,15,39.71,-2750
46.0,18,43.36,250
46.0,21,41.51,250
46.0,22,42.4,1500
46.0,25,35.29,-3500
46.0,29,38.04,-3500
46.0,31,35.6,2500
46.5,3,36.19,1500
46.5,4,35.56,4500
46.5,6,40.63,1250
46.5,16,35.64,-4500
46.5,18,35.81,500
46.5,21,37.99,250
46.5,22,42.64,1500
46.5,29,35.05,-3500
46.5,32,35.26,-4750
47.0,3,38.22,1500
47.0,5,35.19,0
47.0,6,38.4,1250
47.0,9,36.6,2000
47.0,15,37.56,-2750
47.0,18,37.09,500
47.0,22,43.95,1500
47.0,25,35.47,5000
47.0,28,35.41,3750
47.5,6,37.16,1250
47.5,9,35.62,2000
47.5,11,35.04,1500
47.5,15,35.15,2750
47.5,19,35.08,-5000
47.5,21,37.38,250
47.5,22,43.69,1500
47.5,26,35.13,3000
47.5,29,38.2,-3500
47.5,32,35.27,-500
48.0,3,35.54,1500
48.0,6,36.85,1250
48.0,14,35.62,3250
48.0,15,38.63,-2750
48.0,16,35.08,-3000
48.0,17,35.4,2500
48.0,18,38.01,500
48.0,21,36.83,250
48.0,22,42.41,1500
48.0,25,35.38,-4000
48.0,28,36.4,5250
48.0,29,36.29,-3500
48.5,1,35.5,-5000
48.5,6,35.01,-2500
48.5,10,35.15,1000
48.5,11,35.07,-3000
48.5,15,35.82,-2750
48.5,17,35.2,-5500
48.5,18,43.18,250
48.5,19,35.85,-6000
48.5,20,35.1,500
48.5,21,38.57,250
48.5,22,42.48,1500
48.5,28,35.33,-4750
48.5,29,37.25,-3500
49.0,3,36.89,1500
49.0,4,35.53,-4500
49.0,6,36.98,1250
49.0,14,36.05,3250
49.0,18,39.0,250
49.0,21,38.86,250
49.0,22,42.87,1500
49.0,28,35.61,-2000
49.0,31,35.08,1500
49.5,3,39.85,1500
49.5,6,38.4,1250
49.5,11,35.49,-3750
49.5,15,39.19,-2750
49.5,18,44.22,250
49.5,19,35.18,-5750
49.5,20,35.37,250
49.5,22,43.11,1500
49.5,29,39.62,-3500
50.0,6,35.35,1250
50.0,7,35.06,3750
50.0,8,35.08,0
50.0,12,35.06,-1750
50.0,15,37.16,-2750
50.0,18,42.18,250
50.0,21,38.54,250
50.0,22,42.81,1500
50.0,29,37.72,-3500
50.0,30,35.42,-4750
50.5,2,35.58,2250
50.5,3,37.95,1500
50.5,6,40.6,1250
50.5,8,35.02,-4750
50.5,9,37.23,2000
50.5,14,35.74,3250
50.5,15,35.0,250
50.5,18,43.54,250
50.5,21,36.71,250
50.5,22,42.66,1500
51.0,3,37.32,1500
51.0,6,39.43,1250
51.0,9,35.67,4750
51.0,15,36.82,-2750
51.0,17,35.1,-4500
51.0,18,38.68,500
51.0,21,38.95,250
51.0,22,42.15,1500
51.0,30,35.78,3000
51.5,6,38.82,1250
51.5,9,36.67,2000
51.5,15,38.81,-2750
51.5,18,40.44,500
51.5,21,38.23,250
51.5,22,43.34,1500
51.5,26,35.92,-500
51.5,27,37.0,0
52.0,5,35.14,5750
52.0,6,38.27,1250
52.0,13,35.33,500
52.0,15,41.74,-2750
52.0,17,35.43,1750
52.0,18,39.84,0
52.0,21,39.0,250
52.0,22,43.31,1500
52.0,27,36.41,0
52.5,2,35.77,-1250
52.5,4,35.05,-750
52.5,6,37.69,1250
52.5,9,37.44,2000
52.5,14,35.48,5000
52.5,15,39.24,-2750
52.5,18,42.46,250
52.5,20,35.05,-3250
52.5,21,40.57,250
52.5,22,43.72,1500
52.5,27,36.1,0
52.5,28,35.25,500
52.5,29,37.01,-3500
53.0,2,35.35,-5250
53.0,3,35.25,4500
53.0,5,36.04,-4500
53.0,6,36.54,1250
53.0,7,35.08,5250
53.0,8,35.23,-4500
53.0,9,41.25,2000
53.0,12,35.75,2000
53.0,14,35.19,-3000
53.0,15,40.02,-2750
53.0,18,42.74,250
53.0,21,40.94,250
53.0,22,42.45,1500
53.0,24,35.21,-750
53.0,27,37.62,0
53.0,28,35.33,-3250
53.0,32,35.04,-5000
53.5,5,35.12,-2500
53.5,9,40.52,2000
53.5,13,35.39,-500
53.5,14,35.26,3000
53.5,15,35.13,-2000
53.5,16,36.05,-5250
53.5,18,40.33,500
53.5,21,39.28,250
53.5,22,40.65,1500
53.5,27,36.51,0
53.5,29,35.71,-3500
53.5,32,35.47,-750
54.0,5,35.1,-4500
54.0,9,38.15,2000
54.0,12,37.17,0
54.0,15,39.96,-2750
54.0,18,41.87,500
54.0,21,36.89,250
54.0,22,39.04,1500
54.0,24,35.5,-5250
54.0,25,35.66,1000
54.5,6,36.55,1250
54.5,11,35.07,-6000
54.5,13,35.84,-250
54.5,15,41.38,-2750
54.5,17,35.2,0
54.5,18,39.15,0
54.5,19,36.38,4750
54.5,20,35.15,-2250
54.5,21,38.6,250
54.5,22,41.89,1500
54.5,24,35.15,4000
54.5,25,35.18,-2750
54.5,29,36.3,-3500
55.0,1,35.34,3500
55.0,6,37.7,1250
55.0,14,35.09,-1750
55.0,15,42.04,-2750
55.0,16,35.38,4500
55.0,18,42.33,250
55.0,21,38.04,250
55.0,22,42.0,1500
55.0,24,35.51,-1500
55.0,25,35.71,-4000
55.0,31,35.38,-2250
55.0,32,35.66,1250
55.5,3,35.55,1500
55.5,9,38.89,2000
55.5,15,37.95,-2750
55.5,18,42.99,250
55.5,20,35.05,-3500
55.5,21,40.84,250
55.5,22,39.55,1500
55.5,27,35.6,0
56.0,1,35.39,1000
56.0,2,35.06,-5500
56.0,9,35.21,2500
56.0,15,39.68,-2750
56.0,18,42.2,250
56.0,21,40.5,250
56.0,22,41.01,1500
56.0,23,35.38,2750
56.0,29,37.58,-3500
56.5,3,38.7,1500
56.5,6,35.09,1250
56.5,10,36.14,250
56.5,11,35.37,3000
56.5,15,42.24,-2750
56.5,18,40.97,250
56.5,21,39.15,250
56.5,22,40.5,1500
56.5,23,35.19,-2000
57.0,2,35.33,-1000
57.0,4,35.45,250
57.0,5,35.4,-250
57.0,6,37.74,1250
57.0,15,42.16,-2750
57.0,18,43.44,250
57.0,20,35.32,-2000
57.0,21,38.01,250
57.0,22,44.29,1500
57.0,24,35.27,1500
57.0,27,36.77,0
57.0,29,37.01,-3500
57.0,32,35.32,-1000
57.5,3,35.98,1500
57.5,6,38.66,1250
57.5,9,39.13,2000
57.5,12,35.03,4000
57.5,15,39.92,-2750
57.5,18,41.28,500
57.5,21,39.13,250
57.5,22,42.85,1500
57.5,29,38.21,-3500
58.0,4,35.24,-3750
58.0,9,40.37,2000
58.0,15,36.52,-2750
58.0,18,42.19,250
58.0,21,40.22,250
58.0,22,43.8,1500
58.0,23,35.09,-1500
58.0,25,36.36,3250
58.0,26,35.06,5000
58.0,27,36.12,0
58.0,30,35.02,-2750
58.5,6,39.22,1250
58.5,9,38.9,2000
58.5,15,38.75,-2750
58.5,18,41.38,250
58.5,20,36.06,-4000
58.5,21,39.66,250
58.5,22,43.45,1500
58.5,24,35.55,500
58.5,26,35.21,250
58.5,27,35.42,1000
58.5,28,36.24,-5250
58.5,29,35.16,4000
59.0,6,36.93,1250
59.0,15,41.67,-2750
59.0,18,40.9,250
59.0,20,35.41,500
59.0,21,40.16,250
59.0,22,43.72,1500
59.0,29,35.6,-3500
59.0,30,35.47,-6000
59.5,2,35.9,-3500
59.5,6,35.11,-1500
59.5,8,35.74,-4500
59.5,9,38.03,2000
59.5,11,35.5,-6000
59.5,14,35.6,250
59.5,15,42.27,-2750
59.5,18,39.15,500
59.5,21,39.89,250
59.5,22,42.55,1500
59.5,27,38.37,0
59.5,32,35.62,3250
60.0,4,35.19,-5750
60.0,9,38.31,2000
60.0,11,35.14,-500
60.0,12,36.33,-1250
60.0,15,40.75,-2750
60.0,18,43.14,250
60.0,21,39.36,250
60.0,22,43.28,1500
60.0,24,35.54,-4000
60.0,26,35.07,-1250
60.0,27,37.12,0
60.0,29,35.05,-3500
60.5,2,35.65,-6000
60.5,6,37.62,1250
60.5,9,39.85,2000
60.5,13,35.25,4250
60.5,15,39.39,-2750
60.5,17,35.3,3500
60.5,18,41.74,250
60.5,21,40.15,250
60.5,22,43.69,1500
60.5,24,35.56,-3500
60.5,27,38.02,0
60.5,29,35.66,-3500
60.5,31,35.27,2250
60.5,32,35.05,1250
61.0,3,35.1,-1250
61.0,4,35.21,-4250
61.0,9,39.34,2000
61.0,10,35.21,2250
61.0,14,35.13,-750
61.0,15,36.81,-2750
61.0,18,41.24,250
61.0,21,40.35,250
61.0,22,43.02,1500
61.0,26,35.34,4750
61.0,27,39.65,0
61.0,29,36.35,-3500
61.5,1,35.18,-3750
61.5,6,35.47,1250
61.5,8,35.15,-5500
61.5,9,38.51,2000
61.5,10,35.0,-1250
61.5,14,35.07,3250
61.5,15,42.24,-2750
61.5,18,41.04,250
61.5,20,35.15,-3500
61.5,21,38.02,250
61.5,22,43.85,1500
61.5,27,35.78,4250
61.5,29,35.09,-3500
62.0,2,35.12,2500
62.0,5,35.15,-2750
62.0,6,36.23,1250
62.0,7,35.06,-3000
62.0,9,36.79,2000
62.0,14,37.49,3250
62.0,15,40.29,-2750
62.0,18,40.18,500
62.0,21,40.15,250
62.0,22,42.75,1500
62.0,28,35.2,4500
62.0,29,36.96,-3500
62.0,31,35.01,-3000
62.5,6,39.73,1250
62.5,9,37.59,2000
62.5,10,35.01,3250
62.5,13,35.01,-3250
62.5,15,38.81,-2750
62.5,18,37.07,500
62.5,21,39.5,250
62.5,22,41.97,1500
62.5,23,35.2,500
62.5,29,37.52,-3500
63.0,1,35.6,-4750
63.0,3,38.17,1500
63.0,6,35.76,1250
63.0,9,36.8,2000
63.0,14,35.33,500
63.0,15,41.28,-2750
63.0,17,35.16,4000
63.0,18,42.67,250
63.0,19,35.46,-5750
63.0,21,40.5,250
63.0,22,43.08,1500
63.0,25,35.22,-1500
63.0,27,36.52,0
63.0,29,37.81,-3500
63.0,31,35.03,-1500
63.5,6,37.78,1250
63.5,9,39.22,2000
63.5,14,35.56,3250
63.5,15,40.07,-2750
63.5,17,35.37,5250
63.5,18,42.03,250
63.5,21,35.4,250
63.5,22,42.46,1500
63.5,23,35.37,-2500
63.5,27,36.91,0
64.0,2,35.66,-5250
64.0,3,38.1,1500
64.0,4,35.15,-5000
64.0,6,39.24,1250
64.0,7,35.09,-2250
64.0,9,37.44,2000
64.0,10,35.12,5250
64.0,15,42.77,-2750
64.0,18,41.71,250
64.0,21,40.75,250
64.0,22,40.87,1500
64.0,23,35.18,-3500
64.0,27,35.26,0
64.0,29,35.25,2500
64.5,3,38.58,1500
64.5,5,35.22,1250
64.5,6,35.98,1250
64.5,9,36.45,2000
64.5,13,35.91,1500
64.5,15,43.89,-2750
64.5,18,38.62,500
64.5,21,36.74,250
64.5,22,43.11,1500
64.5,27,39.31,0
65.0,2,35.0,-5500
65.0,3,38.9,1500
65.0,6,37.05,1250
65.0,7,35.91,5500
65.0,8,35.46,3500
65.0,14,35.0,500
65.0,15,42.2,-2750
65.0,17,35.17,-3750
65.0,18,43.36,250
65.0,21,37.68,250
65.0,22,42.2,1500
65.0,24,35.3,4250
65.0,27,36.57,0
65.5,1,35.21,2250
65.5,3,38.88,1500
65.5,6,39.17,1250
65.5,9,35.54,2000
65.5,15,43.27,-2750
65.5,18,39.61,500
65.5,19,35.11,1250
65.5,21,36.43,250
65.5,22,43.68,1500
65.5,28,35.09,-3500
65.5,30,35.03,4500
66.0,3,39.22,1500
66.0,6,39.56,1250
66.0,9,36.81,2000
66.0,10,35.34,0
66.0,15,43.17,-2750
66.0,18,42.84,250
66.0,21,36.81,250
66.0,22,43.23,1500
66.0,26,35.9,-2750
66.0,27,37.33,0
66.0,29,35.26,2500
66.5,2,35.66,-5750
66.5,3,38.0,1500
66.5,4,35.05,-2500
66.5,6,37.71,1250
66.5,9,35.17,2500
66.5,15,43.97,-2750
66.5,18,39.43,500
66.5,21,37.1,250
66.5,22,43.33,1500
66.5,23,35.2,-4250
66.5,24,35.02,250
67.0,3,39.05,1500
67.0,6,38.91,1250
67.0,8,35.15,-1000
67.0,9,35.07,-2750
67.0,15,43.72,-2750
67.0,17,35.09,5750
67.0,18,39.12,0
67.0,21,38.18,250
67.0,22,43.95,1500
67.0,23,35.59,3000
67.0,27,37.12,0
67.5,3,37.2,1500
67.5,5,35.08,-5000
67.5,6,35.76,1250
67.5,9,38.13,2000
67.5,15,43.38,-2750
67.5,18,40.84,250
67.5,21,38.37,250
67.5,22,43.93,1500
67.5,29,35.99,-3500
68.0,2,35.42,-4500
68.0,3,37.73,1500
68.0,9,35.67,2000
68.0,15,41.99,-2750
68.0,18,41.45,250
68.0,21,39.85,250
68.0,22,43.48,1500
68.0,26,35.67,-2750
68.0,27,39.38,0
68.0,28,35.19,-2500
68.5,3,36.84,1500
68.5,5,35.79,250
68.5,6,35.85,1250
68.5,7,35.08,750
68.5,14,35.33,3250
68.5,15,40.82,-2750
68.5,18,38.84,0
68.5,21,38.02,250
68.5,22,42.72,1500
68.5,27,40.29,0
69.0,3,35.08,750
69.0,5,35.07,3750
69.0,6,35.47,1250
69.0,9,40.41,2000
69.0,15,37.24,-2750
69.0,18,42.33,250
69.0,21,39.78,250
69.0,22,42.23,1500
69.0,25,35.09,-6000
69.0,27,38.7,0
69.0,28,35.8,-4000
69.0,29,37.67,-3500
69.0,30,35.07,-2000
69.0,31,35.26,-5750
69.5,3,36.94,1500
69.5,6,39.34,1250
69.5,9,38.34,2000
69.5,18,39.13,500
69.5,21,40.19,250
69.5,22,41.39,1500
69.5,27,39.68,0
69.5,29,38.62,-3500
70.0,3,35.89,1500
70.0,6,36.71,1250
70.0,8,35.05,-2750
70.0,9,39.76,2000
70.0,11,35.02,1500
70.0,14,35.41,3250
70.0,16,35.17,-3750
70.0,18,43.5,250
70.0,21,40.89,250
70.0,22,42.88,1500
70.0,26,35.34,-5250
70.0,27,36.46,0
70.5,2,36.11,2250
70.5,4,35.7,5500
70.5,6,38.42,1250
70.5,7,35.57,3250
70.5,10,35.29,4750
70.5,14,35.52,5000
70.5,15,35.11,2500
70.5,18,41.75,250
70.5,21,41.26,250
70.5,22,42.27,1500
70.5,29,37.55,-3500
70.5,32,35.61,2750
71.0,3,38.74,1500
71.0,6,40.07,1250
71.0,11,35.03,3250
71.0,14,35.15,3250
71.0,17,35.46,2250
71.0,18,38.71,0
71.0,19,35.38,1250
71.0,22,41.99,1500
71.0,23,35.69,-1750
71.0,27,35.02,2500
71.5,3,35.19,5250
71.5,8,35.98,-3000
71.5,9,35.02,-1500
71.5,14,35.35,3750
71.5,15,39.86,-2750
71.5,16,35.15,1250
71.5,18,38.93,500
71.5,21,35.09,250
71.5,22,40.98,1500
71.5,26,36.21,-2750
71.5,30,35.05,1750
71.5,31,35.77,2000
72.0,1,35.66,750
72.0,3,37.56,1500
72.0,4,35.25,750
72.0,6,37.28,1250
72.0,9,39.36,2000
72.0,10,35.24,3750
72.0,11,36.23,5500
72.0,15,41.05,-2750
72.0,18,39.21,500
72.0,20,35.23,-5750
72.0,21,38.38,250
72.0,22,40.93,1500
72.0,25,35.13,-3000
72.0,27,39.79,0
72.0,28,36.08,3750
72.0,29,36.22,-3500
72.5,1,35.48,1500
72.5,3,35.37,-5500
72.5,6,35.91,1250
72.5,8,35.48,-2000
72.5,9,41.15,2000
72.5,11,35.16,-2250
72.5,15,37.44,-2750
72.5,18,42.61,250
72.5,20,35.29,-1500
72.5,21,37.79,250
72.5,22,42.39,1500
72.5,25,35.17,2000
72.5,27,38.15,0
73.0,3,35.56,0
73.0,4,36.27,-5000
73.0,5,35.2,4250
73.0,6,36.39,1250
73.0,13,36.15,-5250
73.0,14,35.85,3250
73.0,15,38.5,-2750
73.0,18,41.52,250
73.0,21,38.16,250
73.0,22,40.31,1500
73.0,27,37.99,0
73.0,29,35.18,1250
73.5,6,39.35,1250
73.5,9,41.58,2000
73.5,13,36.26,5750
73.5,15,40.57,-2750
73.5,18,43.55,250
73.5,21,38.69,250
73.5,22,41.78,1500
73.5,23,35.87,250
73.5,27,38.0,0
73.5,32,36.35,-3250
74.0,5,35.76,1250
74.0,6,37.11,1250
74.0,9,39.43,2000
74.0,15,41.7,-2750
74.0,16,35.89,1000
74.0,18,43.38,250
74.0,21,39.4,250
74.0,22,42.75,1500
74.0,23,35.21,1250
74.0,24,35.43,5250
74.0,27,36.77,0
74.0,31,35.76,-4000
74.5,9,40.56,2000
74.5,11,35.32,1250
74.5,12,35.2,-750
74.5,15,39.91,-2750
74.5,18,42.88,250
74.5,19,35.42,5750
74.5,21,37.93,250
74.5,22,41.17,1500
74.5,23,35.94,-3750
74.5,26,35.5,250
74.5,27,37.46,0
74.5,29,35.24,-500
75.0,3,35.91,1500
75.0,4,35.11,2000
75.0,6,35.36,1250
75.0,9,36.92,2000
75.0,13,35.28,-2000
75.0,15,39.89,-2750
75.0,18,38.58,500
75.0,19,35.32,0
75.0,21,37.88,250
75.0,22,40.09,1500
75.0,23,35.44,1500
75.0,29,35.06,-3000
75.0,31,35.27,-4500
75.5,4,35.1,-3250
75.5,9,35.2,-3250
75.5,13,35.51,-3000
75.5,15,39.16,-2750
75.5,16,35.12,-4500
75.5,18,41.61,250
75.5,21,39.93,250
75.5,22,40.11,1500
75.5,24,35.23,3250
75.5,27,38.99,0
75.5,28,35.16,2000
75.5,29,35.73,-3500
75.5,30,35.23,5000
75.5,32,37.11,1000
76.0,3,39.06,1500
76.0,6,35.55,1250
76.0,9,35.01,4250
76.0,13,35.05,-500
76.0,15,40.13,-2750
76.0,18,38.78,0
76.0,21,38.26,250
76.0,22,40.72,1500
76.0,28,35.17,250
76.5,2,35.86,-5750
76.5,6,36.5,1250
76.5,9,38.49,2000
76.5,15,41.0,-2750
76.5,18,39.47,0
76.5,19,35.54,1500
76.5,21,40.06,250
76.5,22,40.16,1500
76.5,29,35.01,250
76.5,31,35.34,-3000
76.5,32,35.24,-5250
77.0,2,35.68,0
77.0,3,37.15,1500
77.0,6,35.75,1250
77.0,9,35.02,250
77.0,13,35.47,3750
77.0,15,40.1,-2750
77.0,18,42.06,250
77.0,21,39.86,250
77.0,22,41.61,1500
77.0,29,36.62,-3500
77.0,31,35.47,-2750
77.5,3,36.24,4500
77.5,6,36.41,1250
77.5,9,39.22,2000
77.5,14,35.64,-250
77.5,15,41.68,-2750
77.5,18,37.45,0
77.5,21,37.76,250
77.5,22,40.94,1500
77.5,27,38.26,0
77.5,29,35.65,-3500
78.0,3,35.23,-750
78.0,7,35.22,-4500
78.0,9,40.5,2000
78.0,11,35.26,2750
78.0,15,39.96,-2750
78.0,18,40.07,500
78.0,21,39.26,250
78.0,22,39.71,1500
78.0,23,35.03,2000
78.0,27,40.6,0
78.5,2,35.15,-2250
78.5,7,35.21,-5500
78.5,9,37.63,2000
78.5,12,35.24,-4000
78.5,14,35.23,3000
78.5,15,42.13,-2750
78.5,18,39.16,0
78.5,21,38.23,250
78.5,22,38.49,1500
78.5,26,35.61,-5250
78.5,27,39.3,0
78.5,29,37.28,-3500
78.5,30,35.16,1250
79.0,4,35.09,-5500
79.0,6,36.54,1250
79.0,7,35.53,-1250
79.0,9,40.77,2000
79.0,10,35.46,3250
79.0,12,35.37,-2250
79.0,15,39.68,-2750
79.0,18,42.24,250
79.0,21,38.11,250
79.0,22,40.12,1500
79.0,27,37.25,0
79.0,29,35.72,-3500
79.5,5,35.52,-1000
79.5,9,41.39,2000
79.5,14,35.24,3250
79.5,15,40.67,-2750
79.5,18,43.57,250
79.5,21,39.54,250
79.5,22,40.69,1500
79.5,27,40.58,0
79.5,29,37.42,-3500
80.0,5,35.17,-4500
80.0,8,35.42,-3000
80.0,9,40.1,2000
80.0,12,35.01,2500
80.0,15,39.88,-2750
80.0,18,42.3,250
80.0,21,37.74,250
80.0,22,40.98,1500
80.0,24,35.09,-4500
80.0,27,37.31,0
80.0,29,35.59,-3500
80.0,32,35.3,3000
80.5,3,35.41,-4250
80.5,6,35.01,-5250
80.5,8,35.33,-4500
80.5,9,39.04,2000
80.5,14,36.12,3000
80.5,15,39.89,-2500
80.5,16,35.01,1250
80.5,18,42.94,250
80.5,21,40.46,250
80.5,22,40.74,1500
80.5,27,39.47,0
80.5,29,35.02,-4750
81.0,2,35.5,-5250
81.0,6,37.29,1250
81.0,9,38.64,2000
81.0,12,35.71,-1750
81.0,14,35.97,3000
81.0,15,40.22,-2750
81.0,18,39.53,500
81.0,20,35.57,-2000
81.0,21,38.51,250
81.0,22,40.62,1500
81.0,27,38.27,0
81.0,31,35.25,1750
81.5,2,35.15,-4000
81.5,4,35.95,-250
81.5,9,40.13,2000
81.5,11,35.32,3250
81.5,14,35.94,3000
81.5,15,41.35,-2750
81.5,18,42.75,250
81.5,20,35.01,-5750
81.5,21,38.91,250
81.5,22,40.83,1500
81.5,25,35.06,5750
81.5,27,39.69,0
81.5,28,35.36,-2750
82.0,2,35.71,-750
82.0,3,35.47,5000
82.0,6,36.46,1250
82.0,9,40.7,2000
82.0,15,38.63,-2750
82.0,18,42.75,250
82.0,21,38.64,250
82.0,22,41.41,1500
82.0,27,39.57,0
82.0,28,35.07,1500
82.0,30,35.39,-3500
82.5,2,35.34,1250
82.5,9,39.52,2000
82.5,11,35.77,750
82.5,15,41.14,-2750
82.5,16,35.88,-3750
82.5,18,42.06,250
82.5,19,35.05,-2000
82.5,21,38.27,250
82.5,22,40.24,1500
82.5,27,38.6,0
82.5,31,35.41,-1750
83.0,3,36.13,1250
83.0,6,35.46,-500
83.0,9,40.73,2000
83.0,11,35.54,2750
83.0,13,35.47,-6000
83.0,15,39.79,-2500
83.0,17,36.22,4250
83.0,18,42.35,250
83.0,19,35.1,-5500
83.0,20,35.16,-6000
83.0,21,37.91,250
83.0,22,41.2,1500
83.0,24,35.43,-750
83.0,27,39.39,0
83.0,32,35.4,-1750
83.5,1,35.01,-3500
83.5,3,35.44,500
83.5,6,35.15,2000
83.5,9,38.83,2000
83.5,11,35.17,4750
83.5,15,39.62,-2750
83.5,18,38.94,500
83.5,21,37.89,250
83.5,22,41.1,1500
83.5,25,35.25,-1750
83.5,27,39.32,0
83.5,31,35.35,-4750
84.0,6,36.89,1250
84.0,9,35.66,2000
84.0,14,35.01,-3250
84.0,15,41.48,-2750
84.0,18,43.72,250
84.0,21,37.99,250
84.0,22,40.68,1500
84.0,27,36.41,0
84.0,28,35.22,-3750
84.0,32,35.33,2750
84.5,1,35.54,0
84.5,3,35.13,1250
84.5,6,35.41,1250
84.5,9,40.61,2000
84.5,15,41.05,-2750
84.5,18,40.18,500
84.5,21,38.84,250
84.5,22,39.05,1500
84.5,26,35.84,-1750
84.5,27,38.04,0
85.0,1,35.13,4500
85.0,3,36.48,1500
85.0,6,36.15,1250
85.0,7,35.62,-5750
85.0,9,39.69,2000
85.0,11,35.18,750
85.0,13,35.77,-6000
85.0,15,40.16,-2750
85.0,18,41.77,250
85.0,21,38.82,250
85.0,22,41.42,1500
85.0,25,35.6,1250
85.0,27,40.97,0
85.5,6,35.57,1250
85.5,9,40.99,2000
85.5,11,35.06,0
85.5,14,35.11,-4750
85.5,15,41.35,-2750
85.5,18,42.41,250
85.5,20,35.34,4000
85.5,21,37.49,250
85.5,22,41.26,1500
85.5,27,41.32,0
85.5,29,35.37,-3500
86.0,6,36.97,1250
86.0,9,39.74,2000
86.0,12,35.19,-2250
86.0,15,41.16,-2750
86.0,18,43.04,250
86.0,19,35.16,-1750
86.0,21,39.11,250
86.0,22,42.44,1500
86.0,23,35.17,250
86.0,26,35.27,0
86.0,27,38.34,0
86.0,29,35.81,-3500
86.5,2,35.09,-5500
86.5,6,38.59,1250
86.5,7,35.14,-4000
86.5,9,38.07,2000
86.5,14,37.08,3000
86.5,15,42.01,-2750
86.5,18,44.24,250
86.5,21,36.72,250
86.5,22,42.88,1500
86.5,24,35.15,3500
86.5,26,36.07,1750
86.5,27,39.71,0
86.5,30,35.93,-2250
87.0,9,41.22,2000
87.0,14,35.74,3000
87.0,15,41.02,-2750
87.0,18,42.63,250
87.0,21,39.54,250
87.0,22,42.36,1500
87.0,25,35.4,250
87.0,27,40.4,0
87.0,28,35.18,-6000
87.0,29,35.46,-4750
87.0,31,35.44,-6000
87.5,2,35.05,1500
87.5,6,35.25,2000
87.5,7,35.06,2750
87.5,9,40.82,2000
87.5,13,35.25,2250
87.5,15,40.53,-2750
87.5,17,35.87,-6000
87.5,18,39.41,0
87.5,19,35.38,3750
87.5,20,35.02,4750
87.5,21,39.58,250
87.5,22,40.87,1500
87.5,27,40.07,0
87.5,30,35.04,4250
87.5,31,35.48,3750
88.0,3,35.89,1250
88.0,6,35.45,-250
88.0,9,41.19,2000
88.0,15,41.49,-2750
88.0,17,35.04,-1000
88.0,18,42.22,250
88.0,21,38.69,250
88.0,22,41.49,1500
88.0,23,35.17,-4250
88.0,27,41.14,0
88.0,29,36.23,-3500
88.0,30,35.01,1000
88.0,32,35.03,0
88.5,9,41.58,2000
88.5,15,42.19,-2750
88.5,16,35.63,2250
88.5,18,42.62,250
88.5,21,36.8,250
88.5,22,41.39,1500
88.5,27,40.44,0
88.5,29,35.4,-3500
89.0,6,35.78,1250
89.0,9,40.15,2000
89.0,11,35.86,3750
89.0,12,35.34,-3750
89.0,14,35.26,3000
89.0,15,40.62,-2750
89.0,18,42.37,250
89.0,19,35.07,-2750
89.0,21,38.84,250
89.0,22,41.72,1500
89.0,24,35.12,1250
89.0,25,35.32,5500
89.0,27,40.12,0
89.0,29,35.39,-3500
89.5,2,35.55,-6000
89.5,3,35.3,4500
89.5,5,35.36,-3750
89.5,9,38.94,2000
89.5,13,35.23,-2250
89.5,15,41.62,-2750
89.5,18,39.22,500
89.5,21,38.39,250
89.5,22,40.79,1500
89.5,27,41.89,0
89.5,28,35.73,1250
90.0,3,36.77,1500
90.0,5,35.54,250
90.0,8,35.15,-750
90.0,9,40.53,2000
90.0,14,35.19,-3000
90.0,15,41.43,-2750
90.0,16,35.42,3500
90.0,18,42.75,250
90.0,21,38.84,250
90.0,22,41.64,1500
90.0,27,39.73,0
90.0,29,35.76,-3500
90.5,3,35.3,1250
90.5,6,36.85,1000
90.5,7,35.52,-2500
90.5,9,40.09,2000
90.5,14,36.5,3000
90.5,15,41.81,-2750
90.5,18,42.75,250
90.5,21,39.38,250
90.5,22,42.62,1500
90.5,24,35.18,0
90.5,27,39.66,0
91.0,6,35.77,1250
91.0,9,36.64,2000
91.0,15,42.08,-2750
91.0,18,42.94,250
91.0,19,35.19,4500
91.0,21,39.6,250
91.0,22,39.36,1500
91.0,27,40.4,0
91.0,29,35.61,-3500
91.5,4,35.12,5250
91.5,9,40.74,2000
91.5,15,41.28,-2750
91.5,18,43.34,250
91.5,21,38.94,250
91.5,22,40.97,1500
91.5,26,35.96,500
91.5,27,37.78,0
91.5,29,35.63,-3500
92.0,2,35.05,-5000
92.0,9,39.85,2000
92.0,15,41.57,-2750
92.0,18,39.88,500
92.0,21,40.03,250
92.0,22,39.72,1500
92.0,27,38.46,0
92.0,31,35.03,3250
92.5,6,35.72,5250
92.5,9,36.26,2000
92.5,15,42.55,-2750
92.5,18,41.23,0
92.5,19,35.56,-3500
92.5,21,40.42,250
92.5,22,39.99,1500
92.5,24,35.21,-1250
92.5,27,39.59,0
92.5,29,38.54,-3500
92.5,31,35.1,4000
92.5,32,35.14,5000
93.0,4,35.07,1500
93.0,8,36.24,-1500
93.0,9,40.57,2000
93.0,12,35.5,0
93.0,15,40.91,-2750
93.0,16,35.13,-1500
93.0,18,43.1,250
93.0,21,39.54,250
93.0,22,41.76,1500
93.0,26,35.89,-750
93.0,27,39.49,0
93.0,29,36.11,-3500
93.0,30,35.04,4500
93.0,31,35.98,2500
93.5,9,38.06,2000
93.5,14,36.57,3000
93.5,15,40.87,-2750
93.5,17,35.09,0
93.5,18,42.95,250
93.5,21,37.72,250
93.5,22,38.63,1500
93.5,27,41.06,0
93.5,29,38.48,-3500
94.0,9,38.93,2000
94.0,10,35.25,5500
94.0,13,35.86,-1750
94.0,15,41.74,-2750
94.0,18,43.25,250
94.0,21,36.2,250
94.0,22,41.52,1500
94.0,25,35.06,0
94.0,26,35.22,-1000
94.0,27,38.37,0
94.0,28,35.16,-2750
94.5,3,35.65,1250
94.5,9,40.76,2000
94.5,14,35.44,4750
94.5,15,40.13,-2750
94.5,18,40.93,500
94.5,20,35.53,2000
94.5,21,38.54,250
94.5,22,40.69,1500
94.5,27,38.99,0
94.5,29,35.87,-3500
95.0,6,36.48,1250
95.0,9,41.03,2000
95.0,10,35.7,-2500
95.0,11,35.19,4750
95.0,15,41.54,-2750
95.0,18,44.34,250
95.0,21,39.81,250
95.0,22,42.11,1500
95.0,25,35.1,4500
95.0,27,38.28,0
95.0,28,35.66,-5750
95.0,29,37.29,-3500
95.5,9,40.41,2000
95.5,13,35.43,5000
95.5,15,41.22,-2750
95.5,18,40.28,500
95.5,21,40.62,250
95.5,22,37.88,1500
95.5,25,35.5,4250
95.5,27,38.12,0
96.0,1,35.09,-750
96.0,3,36.51,1250
96.0,4,35.07,3750
96.0,6,35.47,1250
96.0,7,35.21,-4750
96.0,9,39.18,2000
96.0,15,42.3,-2750
96.0,16,35.72,2750
96.0,17,35.32,-5000
96.0,18,38.85,500
96.0,21,39.94,250
96.0,22,40.82,1500
96.0,24,35.31,750
96.0,27,38.52,0
96.0,31,35.49,-4000
96.5,2,35.2,-4000
96.5,4,35.05,1000
96.5,8,35.04,3000
96.5,9,40.18,2000
96.5,15,41.26,-2750
96.5,17,35.24,-500
96.5,18,38.89,500
96.5,19,35.28,3250
96.5,21,40.32,250
96.5,22,40.04,1500
96.5,24,35.13,-2500
96.5,27,39.84,0
96.5,29,35.59,-3500
96.5,31,35.57,-2000
96.5,32,35.18,4250
97.0,9,38.88,2000
97.0,15,42.07,-2750
97.0,18,39.27,500
97.0,21,39.18,250
97.0,22,40.36,1500
97.0,24,35.26,-2250
97.0,26,35.24,1000
97.0,27,38.52,0
97.0,32,35.65,-6000
97.5,8,35.14,-3000
97.5,9,41.48,2000
97.5,11,35.03,-250
97.5,15,41.31,-2750
97.5,16,35.18,4250
97.5,18,42.92,250
97.5,21,38.8,250
97.5,22,40.82,1500
97.5,23,35.45,3000
97.5,27,39.8,0
98.0,2,35.28,3750
98.0,9,42.79,2000
98.0,14,35.05,3000
98.0,15,41.38,-2750
98.0,18,43.45,250
98.0,21,39.48,250
98.0,22,40.24,1500
98.0,25,35.2,-1000
98.0,27,40.29,0
98.0,31,35.29,1500
98.5,9,39.69,2000
98.5,13,35.12,-4750
98.5,15,42.39,-2750
98.5,18,39.34,500
98.5,20,35.08,0
98.5,21,38.13,250
98.5,22,39.61,1500
98.5,27,38.51,0
99.0,6,38.0,1250
99.0,9,41.48,2000
99.0,11,35.48,250
99.0,12,36.28,-4250
99.0,13,35.05,500
99.0,15,41.52,-2750
99.0,18,42.56,250
99.0,21,39.87,250
99.0,22,39.11,1500
99.0,27,39.6,0
99.0,29,36.49,-3500
99.0,30,35.37,-1000
99.0,31,35.34,4250
99.0,32,35.01,4250
99.5,9,41.06,2000
99.5,13,35.22,-4000
99.5,15,42.79,-2750
99.5,17,36.03,-2750
99.5,18,41.36,500
99.5,21,40.13,250
99.5,22,40.34,1500
99.5,23,35.81,5500
99.5,27,37.68,0
99.5,29,36.73,-3500
99.5,31,35.39,4250
100.0,6,35.97,1250
100.0,9,40.52,2000
100.0,14,35.59,3000
100.0,15,39.97,-2750
100.0,18,42.61,250
100.0,21,36.47,250
100.0,22,40.49,1500
100.0,25,35.0,5250
100.0,27,40.91,0
100.0,29,36.24,-3500
100.0,31,35.37,3000
100.5,3,35.05,-3250
100.5,4,35.18,5250
100.5,9,42.5,2000
100.5,15,38.52,-2750
100.5,18,42.79,250
100.5,21,38.27,250
100.5,22,39.62,1500
100.5,26,35.58,-4000
100.5,27,40.45,0
100.5,29,38.85,-3500
101.0,4,35.6,-5000
101.0,9,42.94,2000
101.0,13,35.35,-5250
101.0,15,41.08,-2750
101.0,18,39.31,0
101.0,21,37.04,250
101.0,22,39.75,1500
101.0,25,35.32,-1000
101.0,27,38.15,0
101.0,29,39.08,-3500
101.0,32,35.57,-2500
101.5,2,35.12,-3750
101.5,5,35.59,-3500
101.5,9,43.61,2000
101.5,12,35.95,-5750
101.5,15,39.85,-2750
101.5,18,40.9,500
101.5,21,38.68,250
101.5,22,38.08,1500
101.5,24,35.08,-2000
101.5,27,41.28,0
101.5,28,35.12,2250
102.0,4,35.19,-1500
102.0,6,35.4,1000
102.0,9,41.09,2000
102.0,10,35.21,-250
102.0,14,35.15,5000
102.0,15,39.2,-2750
102.0,18,38.71,0
102.0,21,36.64,250
102.0,22,39.12,1500
102.0,25,35.4,3750
102.0,27,40.0,0
102.5,6,38.05,1250
102.5,9,47.61,2000
102.5,14,38.0,3000
102.5,15,44.66,-2750
102.5,18,47.34,250
102.5,21,41.11,250
102.5,22,45.18,1500
102.5,29,42.28,-3500
103.0,1,35.16,-5750
103.0,3,37.56,1250
103.0,6,38.01,1000
103.0,9,47.25,2000
103.0,10,35.14,-750
103.0,11,35.01,-1750
103.0,12,35.03,5000
103.0,13,35.15,-2750
103.0,15,45.62,-2750
103.0,18,44.2,0
103.0,21,43.65,250
103.0,22,43.53,1500
103.0,23,35.57,1500
103.0,27,35.78,0
103.0,29,41.47,-3500
103.5,3,37.26,1250
103.5,5,35.07,-3750
103.5,6,39.15,1000
103.5,9,44.44,2000
103.5,14,40.04,3000
103.5,15,44.7,-2750
103.5,18,47.26,250
103.5,21,41.7,250
103.5,22,45.86,1500
103.5,27,38.52,0
103.5,29,42.4,-3500
104.0,3,36.88,1250
104.0,6,40.28,1250
104.0,9,46.03,2000
104.0,14,36.73,3000
104.0,15,44.61,-2750
104.0,18,45.16,500
104.0,21,43.0,250
104.0,22,45.23,1500
104.0,27,36.31,0
104.0,28,35.16,250
104.0,31,35.0,5500
104.5,3,37.04,1250
104.5,4,35.35,-3500
104.5,6,40.18,1250
104.5,9,42.36,2000
104.5,14,40.12,3000
104.5,15,44.49,-2750
104.5,18,46.78,250
104.5,21,43.65,250
104.5,22,44.3,1500
104.5,27,38.07,0
104.5,29,46.4,-3500
105.0,3,35.71,1250
105.0,6,42.21,1000
105.0,9,46.59,2000
105.0,14,41.08,3000
105.0,15,43.89,-2750
105.0,18,46.48,250
105.0,21,42.31,250
105.0,22,45.73,1500
105.0,29,36.76,-3500
105.5,3,38.32,1250
105.5,6,42.46,1000
105.5,9,46.09,2000
105.5,15,43.32,-2750
105.5,18,46.57,250
105.5,21,43.43,250
105.5,22,44.55,1500
105.5,27,44.6,0
105.5,29,42.61,-3500
106.0,1,35.38,5000
106.0,3,37.04,1250
106.0,4,35.03,1000
106.0,6,41.66,1000
106.0,9,44.62,2000
106.0,14,36.6,3000
106.0,15,45.4,-2750
106.0,18,45.2,500
106.0,21,41.97,250
106.0,22,44.99,1500
106.0,23,35.13,4250
106.0,27,44.27,0
106.0,29,44.04,-3500
106.5,2,35.0,-2750
106.5,6,38.07,1250
106.5,9,44.02,2000
106.5,13,35.16,0
106.5,14,37.48,3000
106.5,15,45.02,-2750
106.5,17,35.05,1500
106.5,18,43.66,500
106.5,20,35.41,-5750
106.5,21,44.28,250
106.5,22,44.79,1500
106.5,26,36.45,-750
106.5,27,44.0,0
106.5,29,45.97,-3500
107.0,3,39.88,1250
107.0,6,39.7,1250
107.0,7,35.72,-2500
107.0,9,44.78,2000
107.0,14,38.44,3000
107.0,15,43.96,-2750
107.0,18,44.63,500
107.0,21,43.63,250
107.0,22,44.92,1500
107.0,27,41.9,0
107.0,28,35.77,-500
107.0,29,44.03,-3500
107.0,31,35.41,2250
107.5,1,35.01,-5000
107.5,3,41.98,1250
107.5,6,41.11,1000
107.5,8,35.29,5250
107.5,9,42.66,2000
107.5,14,38.56,3000
107.5,15,44.94,-2750
107.5,18,44.06,0
107.5,21,42.2,250
107.5,22,46.4,1500
107.5,27,47.21,0
107.5,29,43.03,-3500
108.0,2,35.19,250
108.0,3,35.23,1250
108.0,6,42.1,1000
108.0,9,44.68,2000
108.0,14,38.17,3000
108.0,15,44.22,-2750
108.0,18,46.73,250
108.0,21,41.56,250
108.0,22,46.49,1500
108.0,27,43.27,0
108.0,29,37.77,-3500
108.5,3,35.42,1250
108.5,6,40.45,1000
108.5,9,44.38,2000
108.5,13,35.25,250
108.5,14,40.0,3000
108.5,15,43.59,-2750
108.5,18,47.16,250
108.5,21,41.64,250
108.5,22,45.77,1500
108.5,24,36.02,2500
108.5,27,43.53,0
108.5,29,39.4,-3500
109.0,3,35.94,1250
109.0,6,41.13,1000
109.0,9,43.51,2000
109.0,15,43.26,-2750
109.0,18,48.2,250
109.0,21,41.41,250
109.0,22,46.38,1500
109.0,27,43.84,0
109.0,29,41.96,-3500
109.5,3,36.59,1250
109.5,6,41.51,1000
109.5,9,44.81,2000
109.5,14,39.63,3000
109.5,15,43.37,-2750
109.5,17,35.14,-5750
109.5,18,48.24,250
109.5,21,42.29,250
109.5,22,46.4,1500
109.5,26,35.11,-2750
109.5,27,42.55,0
109.5,29,42.43,-3500
110.0,3,39.1,1250
110.0,6,42.03,1000
110.0,9,44.33,2000
110.0,14,38.97,3000
110.0,15,42.77,-2750
110.0,18,47.79,250
110.0,21,41.47,250
110.0,22,46.39,1500
110.0,27,42.67,0
110.0,29,42.43,-3500
110.5,1,35.53,1250
110.5,3,38.1,1250
110.5,6,42.09,1000
110.5,8,35.45,3250
110.5,9,44.3,2000
110.5,14,38.54,3000
110.5,15,44.36,-2750
110.5,18,48.17,250
110.5,21,40.8,250
110.5,22,46.28,1500
110.5,27,44.13,0
110.5,29,43.02,-3500
110.5,32,35.03,-750
111.0,3,40.13,1250
111.0,6,38.82,1250
111.0,9,42.36,2000
111.0,12,35.09,3250
111.0,14,37.83,3250
111.0,15,45.1,-2750
111.0,18,46.07,500
111.0,21,43.68,250
111.0,22,45.95,1500
111.0,27,42.82,0
111.0,29,41.73,-3500
111.5,1,35.64,-1500
111.5,3,40.5,1250
111.5,4,35.6,-2500
111.5,6,40.77,1000
111.5,9,44.73,2000
111.5,14,38.28,3000
111.5,15,45.18,-2750
111.5,18,46.53,0
111.5,21,42.94,250
111.5,22,45.37,1500
111.5,25,35.41,-5000
111.5,27,42.11,0
111.5,29,42.95,-3500
111.5,32,35.07,-750
112.0,3,37.97,1250
112.0,6,40.11,1000
112.0,9,43.29,2000
112.0,13,35.28,-2750
112.0,14,39.82,3000
112.0,15,44.58,-2750
112.0,18,47.78,250
112.0,21,40.16,250
112.0,22,46.95,1500
112.0,27,44.97,0
112.0,29,42.44,-3500
112.5,3,40.15,1250
112.5,6,40.6,1000
112.5,9,44.52,2000
112.5,12,35.19,-5750
112.5,14,41.87,3000
112.5,15,44.34,-2750
112.5,18,47.96,250
112.5,21,38.58,250
112.5,22,46.45,1500
112.5,27,43.84,0
112.5,29,41.61,-3500
113.0,3,38.54,1250
113.0,6,41.61,1000
113.0,9,43.96,2000
113.0,14,38.77,3000
113.0,15,43.86,-2750
113.0,18,47.54,250
113.0,21,42.35,250
113.0,22,46.37,1500
113.0,26,35.19,-5750
113.0,27,44.32,0
113.0,29,42.03,-3500
113.5,3,39.86,1250
113.5,6,40.61,1000
113.5,9,42.4,2000
113.5,14,37.44,3000
113.5,15,46.52,-2750
113.5,17,35.09,-4750
113.5,18,45.86,0
113.5,21,39.91,250
113.5,22,46.8,1500
113.5,27,46.36,0
113.5,29,40.58,-3500
113.5,31,35.59,0
114.0,3,41.96,1250
114.0,6,41.4,1000
114.0,9,43.83,2000
114.0,14,39.8,3000
114.0,15,45.35,-2750
114.0,18,48.06,250
114.0,21,39.29,250
114.0,22,46.52,1500
114.0,27,43.99,0
114.0,29,40.17,-3500
114.5,3,41.05,1250
114.5,5,35.05,5500
114.5,6,39.57,1000
114.5,9,42.61,2000
114.5,14,37.24,3000
114.5,15,46.87,-2750
114.5,16,35.53,2250
114.5,17,35.03,-3500
114.5,18,46.75,0
114.5,21,40.38,250
114.5,22,45.35,1500
114.5,25,36.13,1250
114.5,27,43.99,0
114.5,29,44.04,-3500
115.0,3,39.51,1250
115.0,6,41.62,1000
115.0,9,44.01,2000
115.0,14,38.57,3000
115.0,15,46.3,-2750
115.0,18,47.93,250
115.0,21,40.27,250
115.0,22,46.09,1500
115.0,27,44.35,0
115.0,29,41.19,-3500
115.0,31,35.58,-2750
115.5,3,40.1,1250
115.5,6,40.0,1000
115.5,9,43.75,2000
115.5,14,35.46,3250
115.5,15,46.35,-2750
115.5,18,47.75,250
115.5,21,41.59,250
115.5,22,45.46,1500
115.5,25,35.53,-4750
115.5,27,45.22,0
115.5,29,40.25,-3500
116.0,3,41.66,1250
116.0,6,39.46,1000
116.0,9,43.63,2000
116.0,14,40.06,3000
116.0,15,46.75,-2750
116.0,18,47.37,250
116.0,21,40.06,250
116.0,22,46.05,1500
116.0,23,35.42,-1750
116.0,25,35.92,1250
116.0,26,36.49,250
116.0,27,45.58,0
116.0,29,40.0,-3500
116.5,3,41.2,1250
116.5,6,40.08,1000
116.5,9,45.08,2000
116.5,11,35.06,1250
116.5,14,40.01,3000
116.5,15,45.66,-2750
116.5,16,35.03,-2750
116.5,18,47.75,250
116.5,21,40.25,250
116.5,22,46.09,1500
116.5,27,43.69,0
116.5,29,39.52,-3500
117.0,3,41.45,1250
117.0,4,35.22,-750
117.0,6,40.56,1000
117.0,9,45.22,2000
117.0,14,40.53,3000
117.0,15,46.06,-2750
117.0,16,35.67,3250
117.0,18,47.57,250
117.0,21,37.99,250
117.0,22,45.42,1500
117.0,23,35.73,250
117.0,27,44.2,0
117.0,29,41.23,-3500
117.5,3,40.73,1250
117.5,6,38.67,1000
117.5,9,44.48,2000
117.5,12,35.35,0
117.5,13,35.22,-1000
117.5,14,39.73,3000
117.5,15,47.76,-2750
117.5,18,46.71,0
117.5,20,35.19,-2750
117.5,21,40.78,250
117.5,22,43.38,1250
117.5,27,43.82,0
117.5,29,39.24,-3500
117.5,32,35.07,250
118.0,3,40.47,1250
118.0,6,41.72,1000
118.0,9,44.09,2000
118.0,12,35.04,-2750
118.0,14,40.19,3000
118.0,15,47.99,-2750
118.0,18,46.4,250
118.0,21,39.34,250
118.0,22,45.5,1500
118.0,27,45.45,0
118.0,29,41.38,-3500
118.5,3,40.68,1250
118.5,6,40.47,1000
118.5,9,44.38,2000
118.5,14,41.46,3000
118.5,15,47.12,-2750
118.5,18,47.21,250
118.5,21,40.54,250
118.5,22,45.57,1500
118.5,27,45.01,0
118.5,29,38.89,-3500
119.0,1,35.03,-4750
119.0,3,40.57,1250
119.0,6,39.97,1000
119.0,9,43.56,2000
119.0,14,39.03,3000
119.0,15,47.75,-2750
119.0,17,35.33,2250
119.0,18,46.87,250
119.0,21,41.16,250
119.0,22,46.08,1500
119.0,26,35.65,250
119.0,27,45.79,0
119.5,3,40.71,1250
119.5,6,36.8,1000
119.5,9,43.77,2000
119.5,14,39.51,3000
119.5,15,47.83,-2750
119.5,16,35.17,-5000
119.5,18,45.92,0
119.5,21,42.28,250
119.5,22,45.31,1500
119.5,27,45.54,0
119.5,29,39.29,-3500
119.5,30,35.31,-750
119.5,31,35.51,-3750
120.0,3,42.36,1250
120.0,4,35.75,-1750
120.0,6,36.88,1000
120.0,9,42.8,2000
120.0,12,35.08,-2750
120.0,14,38.44,3000
120.0,15,47.66,-2750
120.0,18,46.16,0
120.0,21,40.77,250
120.0,22,45.11,1500
120.0,27,45.34,0
120.0,29,39.91,-3500
120.0,32,35.37,-2750
120.5,3,38.49,1250
120.5,6,38.26,1000
120.5,9,44.39,2000
120.5,10,35.49,4250
120.5,14,40.64,3000
120.5,15,47.9,-2750
120.5,18,46.32,250
120.5,21,41.16,250
120.5,22,46.6,1500
120.5,25,35.46,-2750
120.5,27,46.42,0
120.5,29,42.78,-3500
121.0,3,39.59,1250
121.0,9,44.73,2000
121.0,14,38.74,3000
121.0,15,48.16,-2750
121.0,17,35.08,1250
121.0,18,45.85,250
121.0,20,35.54,5250
121.0,21,38.89,250
121.0,22,45.54,1500
121.0,27,45.77,0
121.0,29,42.6,-3500
121.5,3,40.71,1250
121.5,6,38.47,1000
121.5,9,43.5,2000
121.5,14,36.37,3250
121.5,15,47.7,-2750
121.5,18,46.49,250
121.5,21,41.37,250
121.5,22,45.5,1500
121.5,27,45.74,0
121.5,29,39.5,-3500
122.0,3,39.95,1250
122.0,6,35.78,1000
122.0,9,43.03,2000
122.0,12,35.17,-4500
122.0,14,38.02,3250
122.0,15,48.2,-2750
122.0,18,46.0,0
122.0,21,42.34,250
122.0,22,44.8,1500
122.0,27,45.93,0
122.0,29,39.0,-3500
122.5,3,38.28,1250
122.5,6,38.67,1000
122.5,9,44.53,2000
122.5,12,35.1,-1750
122.5,14,41.08,3000
122.5,15,48.54,-2750
122.5,18,44.79,0
122.5,21,41.72,250
122.5,22,44.9,1500
122.5,26,35.57,-3750
122.5,27,45.44,0
122.5,29,40.0,-3500
122.5,32,35.18,250
123.0,3,37.83,1250
123.0,6,39.02,1000
123.0,7,35.73,-750
123.0,9,44.35,2000
123.0,14,37.88,3000
123.0,15,48.07,-2750
123.0,18,45.69,250
123.0,21,39.84,250
123.0,22,45.81,1500
123.0,27,46.92,0
123.5,3,38.33,1250
123.5,6,39.68,1000
123.5,9,45.0,2000
123.5,14,36.74,3000
123.5,15,47.51,-2750
123.5,18,45.7,250
123.5,21,40.63,250
123.5,22,43.76,1500
123.5,27,46.34,0
124.0,3,39.06,1250
124.0,6,38.67,1000
124.0,9,44.35,2000
124.0,15,47.63,-2750
124.0,18,46.11,250
124.0,21,41.36,250
124.0,22,43.87,1500
124.0,27,46.83,0
124.5,1,35.46,-2000
124.5,3,39.69,1250
124.5,6,37.05,1000
124.5,9,43.99,2000
124.5,12,35.06,5250
124.5,14,37.33,3000
124.5,15,48.76,-2750
124.5,18,45.37,0
124.5,21,42.41,250
124.5,22,44.75,1500
124.5,27,45.59,0
124.5,29,37.59,-3500
125.0,1,35.3,-1750
125.0,3,35.31,1250
125.0,9,44.69,2000
125.0,14,35.92,3250
125.0,15,48.14,-2750
125.0,18,46.19,250
125.0,21,41.58,250
125.0,22,42.77,1250
125.0,24,35.26,-2750
125.0,27,46.86,0
125.0,29,37.64,-3500
125.5,3,38.43,1250
125.5,6,39.45,1000
125.5,9,44.0,2000
125.5,14,37.34,3000
125.5,15,48.54,-2750
125.5,18,45.94,0
125.5,21,40.72,250
125.5,22,45.8,1500
125.5,27,45.56,0
125.5,29,39.6,-3500
126.0,3,38.94,1250
126.0,5,35.9,4250
126.0,9,44.38,2000
126.0,14,37.54,3000
126.0,15,48.26,-2750
126.0,18,45.05,0
126.0,21,43.02,250
126.0,22,44.64,1500
126.0,25,35.2,-750
126.0,27,45.98,0
126.0,29,41.23,-3500
126.5,3,40.13,1250
126.5,6,37.0,1000
126.5,7,35.3,-1750
126.5,9,44.53,2000
126.5,10,35.23,4250
126.5,14,39.04,3000
126.5,15,48.4,-2750
126.5,18,44.91,0
126.5,21,40.17,250
126.5,22,43.92,1250
126.5,27,44.79,0
126.5,29,38.56,-3500
127.0,3,37.69,1250
127.0,6,36.4,1000
127.0,9,42.84,2000
127.0,14,36.85,3000
127.0,15,48.48,-2750
127.0,18,46.82,0
127.0,21,41.91,250
127.0,22,43.93,1250
127.0,23,35.07,5250
127.0,25,35.31,1250
127.0,27,46.25,0
127.5,3,39.36,1250
127.5,8,35.28,-750
127.5,9,44.29,2000
127.5,15,48.0,-2750
127.5,18,46.11,250
127.5,21,38.76,250
127.5,22,45.93,1500
127.5,27,45.88,0
128.0,3,39.53,1250
128.0,9,45.12,2000
128.0,14,35.09,1250
128.0,15,47.51,-2750
128.0,18,46.79,250
128.0,19,35.09,-3750
128.0,21,39.0,250
128.0,22,46.9,1500
128.0,23,35.14,-3750
128.0,27,45.58,0
128.0,28,35.15,4250
128.5,3,39.84,1250
128.5,6,38.5,1000
128.5,9,44.39,2000
128.5,11,35.68,-3000
128.5,15,48.01,-2750
128.5,18,46.16,0
128.5,20,35.77,-3000
128.5,21,42.35,250
128.5,22,45.02,1500
128.5,27,45.18,0
129.0,3,39.84,1250
129.0,5,35.27,-4750
129.0,6,39.4,1000
129.0,9,44.12,2000
129.0,13,35.16,1250
129.0,15,47.04,-2750
129.0,18,47.35,250
129.0,21,41.1,250
129.0,22,46.13,1500
129.0,27,45.77,0
129.5,3,41.38,1250
129.5,5,35.43,500
129.5,6,37.17,1000
129.5,9,43.53,2000
129.5,14,37.98,3000
129.5,15,47.05,-2750
129.5,18,46.72,0
129.5,21,41.43,250
129.5,22,44.63,1250
129.5,27,45.2,0
129.5,29,37.43,-3500
129.5,31,35.01,-2500
130.0,3,38.67,1250
130.0,4,35.0,250
130.0,9,44.18,2000
130.0,14,37.1,3000
130.0,15,45.72,-2750
130.0,18,48.4,250
130.0,21,40.53,250
130.0,22,45.85,1500
130.0,27,46.72,0
130.5,3,38.6,1250
130.5,6,38.52,1000
130.5,9,45.61,2000
130.5,10,35.46,-3750
130.5,14,35.36,3250
130.5,15,46.27,-2750
130.5,18,47.9,250
130.5,20,35.49,2250
130.5,21,38.18,250
130.5,22,46.0,1500
130.5,27,44.06,0
131.0,1,35.32,5250
131.0,3,42.06,1250
131.0,6,37.83,1000
131.0,7,35.24,-1750
131.0,9,42.64,2000
131.0,14,40.61,3000
131.0,15,46.32,-2750
131.0,18,46.98,0
131.0,19,35.6,-3500
131.0,21,42.72,250
131.0,22,45.98,1500
131.0,25,35.73,-1500
131.0,27,43.01,0
131.0,29,38.87,-3500
131.0,32,35.42,-5000
131.5,3,41.56,1250
131.5,6,40.34,1000
131.5,7,35.58,500
131.5,9,42.45,2000
131.5,10,36.93,-3500
131.5,15,46.2,-2750
131.5,16,35.04,5250
131.5,17,35.19,2250
131.5,18,46.4,0
131.5,21,42.24,250
131.5,22,46.96,1500
131.5,27,43.78,0
131.5,30,35.13,1000
132.0,1,35.48,5250
132.0,3,39.4,1250
132.0,6,41.71,1000
132.0,9,43.74,2000
132.0,15,45.1,-2750
132.0,18,47.98,250
132.0,21,38.24,250
132.0,22,47.24,1500
132.0,27,44.81,0
132.5,3,40.87,1250
132.5,6,41.06,1000
132.5,9,43.88,2000
132.5,15,44.2,-2750
132.5,17,35.07,250
132.5,18,48.11,250
132.5,20,35.09,-5750
132.5,21,40.74,250
132.5,22,47.01,1500
132.5,27,45.08,0
133.0,2,35.13,-500
133.0,3,42.21,1250
133.0,6,39.92,1000
133.0,7,35.65,1000
133.0,9,44.38,2000
133.0,15,45.19,-2750
133.0,17,35.01,-3500
133.0,18,46.79,0
133.0,21,42.53,250
133.0,22,45.57,1500
133.0,27,43.75,0
133.0,29,35.16,-3500
133.5,3,40.66,1250
133.5,6,40.08,1000
133.5,9,45.29,2000
133.5,15,44.32,-2750
133.5,16,35.46,4250
133.5,18,48.65,250
133.5,21,41.03,250
133.5,22,47.12,1500
133.5,27,44.98,0
134.0,3,41.5,1250
134.0,6,42.48,1000
134.0,9,46.26,2000
134.0,15,42.64,-2750
134.0,16,35.18,-750
134.0,18,47.68,250
134.0,21,38.66,250
134.0,22,47.04,1500
134.0,27,45.89,0
134.5,3,41.74,1250
134.5,6,42.66,1000
134.5,9,45.65,2000
134.5,15,44.83,-2750
134.5,18,46.0,0
134.5,20,35.41,1250
134.5,21,42.81,250
134.5,22,46.44,1500
134.5,25,35.29,2250
134.5,27,44.4,0
135.0,3,41.7,1250
135.0,6,41.22,1000
135.0,9,45.88,2000
135.0,15,43.4,-2750
135.0,18,47.45,250
135.0,19,35.12,5250
135.0,21,41.97,250
135.0,22,47.5,1500
135.0,27,44.71,0
135.0,28,36.15,2250
135.5,3,39.87,1250
135.5,6,43.01,1000
135.5,9,46.41,2000
135.5,15,43.75,-2750
135.5,18,47.04,250
135.5,21,42.27,250
135.5,22,46.6,1500
135.5,27,44.94,0
136.0,3,39.95,1250
136.0,6,41.3,1000
136.0,9,46.45,2000
136.0,15,44.83,-2750
136.0,18,45.93,250
136.0,19,35.31,2250
136.0,21,39.6,250
136.0,22,46.86,1500
136.0,26,35.4,4250
136.0,27,43.99,0
136.5,3,41.46,1250
136.5,6,42.07,1000
136.5,9,46.96,2000
136.5,15,44.41,-2750
136.5,17,35.05,-4000
136.5,18,44.33,0
136.5,19,35.25,4000
136.5,21,42.61,250
136.5,22,47.13,1500
136.5,25,35.02,500
136.5,27,45.4,0
136.5,31,35.25,-3500
137.0,3,39.59,1250
137.0,6,41.0,1000
137.0,9,46.67,2000
137.0,15,45.25,-2750
137.0,18,44.77,500
137.0,20,35.43,-750
137.0,21,43.05,250
137.0,22,46.04,1500
137.0,26,35.13,-5000
137.0,27,43.85,0
137.0,32,35.45,3250
137.5,3,38.44,1250
137.5,6,40.85,1000
137.5,9,47.68,2000
137.5,14,35.01,5000
137.5,15,44.55,-2750
137.5,16,35.45,-5750
137.5,18,43.72,0
137.5,19,35.92,3500
137.5,21,43.25,250
137.5,22,45.98,1500
137.5,24,35.55,1000
137.5,26,35.19,0
137.5,27,45.01,0
138.0,3,37.42,1250
138.0,6,40.81,1000
138.0,7,35.52,0
138.0,9,47.92,2000
138.0,15,44.26,-2750
138.0,16,35.63,1250
138.0,18,46.8,250
138.0,21,42.92,250
138.0,22,45.9,1500
138.0,27,45.39,0
138.5,3,37.0,1250
138.5,4,35.22,-3000
138.5,6,42.08,1250
138.5,9,47.78,2000
138.5,15,43.67,-2750
138.5,16,35.21,-5000
138.5,18,43.76,500
138.5,21,42.89,250
138.5,22,45.67,1500
138.5,27,45.73,0
138.5,29,35.07,5250
138.5,30,35.01,-5000
139.0,3,37.57,1250
139.0,6,41.24,1000
139.0,7,35.41,5250
139.0,9,47.68,2000
139.0,11,35.77,2000
139.0,15,44.33,-2750
139.0,18,45.43,250
139.0,21,43.74,250
139.0,22,45.32,1500
139.0,27,45.71,0
139.5,6,41.35,1250
139.5,9,48.17,2000
139.5,14,35.08,2000
139.5,15,44.8,-2750
139.5,18,44.82,250
139.5,19,35.1,-2000
139.5,21,43.0,250
139.5,22,44.33,1500
139.5,26,35.1,2000
139.5,27,46.09,0
140.0,3,37.12,1250
140.0,5,35.95,4500
140.0,6,37.94,1000
140.0,9,47.52,2000
140.0,14,35.42,4500
140.0,15,45.6,-2750
140.0,16,35.57,4500
140.0,18,44.22,500
140.0,21,45.16,250
140.0,22,44.2,1500
140.0,24,35.61,0
140.0,27,46.39,0
140.5,3,37.99,1250
140.5,6,41.37,1250
140.5,9,46.97,2000
140.5,15,44.94,-2750
140.5,18,44.23,500
140.5,21,42.88,250
140.5,22,45.03,1500
140.5,27,46.67,0
141.0,2,35.8,2500
141.0,3,37.81,1250
141.0,6,39.23,1250
141.0,9,46.19,2000
141.0,10,35.84,-5500
141.0,15,45.71,-2750
141.0,18,44.11,500
141.0,21,44.2,250
141.0,22,44.15,1500
141.0,27,46.8,0
141.0,28,35.4,-3750
141.0,31,35.31,-3500
141.5,1,35.23,-3750
141.5,2,35.02,1250
141.5,3,39.05,1250
141.5,5,35.64,0
141.5,6,39.43,1250
141.5,9,47.44,2000
141.5,15,44.85,-2750
141.5,18,45.98,250
141.5,21,44.39,250
141.5,22,46.05,1500
141.5,27,45.97,0
142.0,3,38.84,1250
142.0,4,35.01,-4750
142.0,6,36.61,1000
142.0,7,35.25,-3500
142.0,9,47.24,2000
142.0,15,45.82,-2750
142.0,18,45.82,250
142.0,21,42.94,250
142.0,22,47.31,1500
142.0,23,35.12,-3750
142.0,27,46.15,0
142.5,3,38.2,1250
142.5,6,38.77,1250
142.5,8,35.46,-1750
142.5,9,47.72,2000
142.5,15,46.62,-2750
142.5,18,47.98,250
142.5,21,41.15,250
142.5,22,46.86,1500
142.5,27,44.61,0
142.5,31,35.15,250
143.0,3,36.17,1500
143.0,6,40.51,1250
143.0,9,47.35,2000
143.0,15,45.88,-2750
143.0,18,46.99,250
143.0,21,44.61,250
143.0,22,46.59,1500
143.0,27,41.5,0
143.0,28,35.16,250
143.5,3,40.2,1250
143.5,6,40.56,1250
143.5,9,45.66,2000
143.5,15,46.36,-2750
143.5,18,44.9,500
143.5,20,35.94,2000
143.5,21,42.49,250
143.5,22,47.47,1500
143.5,26,35.33,-3000
143.5,27,46.44,0
143.5,29,35.15,-3500
143.5,32,35.23,3000
144.0,3,36.71,1500
144.0,6,40.22,1250
144.0,9,46.94,2000
144.0,15,46.43,-2750
144.0,18,44.51,500
144.0,21,46.42,250
144.0,22,45.12,1500
144.0,27,40.88,0
144.0,28,35.56,-1750
144.5,3,37.81,1250
144.5,6,40.15,1250
144.5,9,46.91,2000
144.5,11,35.33,0
144.5,13,35.94,-2000
144.5,14,41.81,3000
144.5,15,46.5,-2750
144.5,18,45.07,500
144.5,19,35.53,-3500
144.5,21,44.39,250
144.5,22,46.69,1500
144.5,25,35.11,4500
144.5,26,35.85,-750
144.5,27,41.4,0
144.5,29,42.4,-3500
144.5,32,35.62,250
145.0,3,36.53,1500
145.0,6,39.07,1250
145.0,9,42.21,2000
145.0,14,41.03,3000
145.0,15,46.16,-2750
145.0,18,47.91,250
145.0,21,41.9,250
145.0,22,47.83,1500
145.0,27,44.28,0
145.0,29,40.86,-3500
145.5,3,38.79,1500
145.5,6,41.71,1250
145.5,9,47.02,2000
145.5,14,40.14,3000
145.5,15,45.56,-2750
145.5,18,47.48,250
145.5,21,41.12,250
145.5,22,47.16,1500
145.5,27,46.14,0
145.5,29,38.25,-3500
145.5,31,35.17,-1750
146.0,2,35.67,-1750
146.0,6,39.75,1250
146.0,9,45.19,2000
146.0,14,42.59,3000
146.0,15,46.62,-2750
146.0,18,47.29,250
146.0,21,43.46,250
146.0,22,46.58,1500
146.0,27,44.53,0
146.0,32,35.03,1250
146.5,3,39.87,1500
146.5,9,39.05,2000
146.5,14,42.53,3000
146.5,15,47.33,-2750
146.5,18,45.32,250
146.5,20,35.4,1250
146.5,21,45.9,250
146.5,22,47.73,1500
146.5,27,41.45,0
147.0,1,35.16,-5750
147.0,3,38.8,1500
147.0,6,40.98,1250
147.0,8,35.05,-3750
147.0,9,45.24,2000
147.0,15,42.37,-2750
147.0,18,48.13,250
147.0,21,44.6,250
147.0,22,48.92,1500
147.0,27,40.0,0
147.0,29,40.12,-3500
147.5,3,40.16,1500
147.5,6,38.84,1250
147.5,9,45.96,2000
147.5,14,41.64,3000
147.5,15,47.6,-2750
147.5,18,44.47,500
147.5,19,35.22,5000
147.5,21,45.62,250
147.5,22,46.89,1500
147.5,27,44.64,0
147.5,29,38.91,-3500
148.0,3,38.85,1500
148.0,6,41.61,1250
148.0,9,44.16,2000
148.0,12,35.17,2250
148.0,14,43.36,3000
148.0,15,45.72,-2750
148.0,18,48.33,250
148.0,21,43.17,250
148.0,22,46.89,1500
148.0,27,35.84,250
148.0,29,43.97,-3500
148.5,3,39.33,1500
148.5,6,43.95,1250
148.5,9,42.18,2000
148.5,14,42.69,3000
148.5,15,40.14,-2750
148.5,16,35.21,-2500
148.5,18,47.54,250
148.5,21,45.03,250
148.5,22,49.0,1500
148.5,27,41.9,0
148.5,29,40.42,-3500
148.5,31,35.2,-1750
149.0,3,38.9,1500
149.0,6,42.73,1250
149.0,9,42.34,2000
149.0,14,38.63,3000
149.0,15,45.27,-2750
149.0,18,46.36,250
149.0,21,45.16,250
149.0,22,48.22,1500
149.0,27,43.28,0
149.0,29,40.1,-3500
149.5,3,39.27,1500
149.5,6,43.42,1250
149.5,9,44.97,2000
149.5,13,35.04,-750
149.5,14,42.05,3000
149.5,15,45.3,-2750
149.5,18,46.86,500
149.5,21,46.41,250
149.5,22,46.64,1500
149.5,27,42.22,0
149.5,29,38.17,-3500
150.0,3,40.91,1500
150.0,6,43.45,1250
150.0,9,45.98,2000
150.0,14,42.31,3000
150.0,15,45.48,-2750
150.0,18,46.87,500
150.0,21,43.74,250
150.0,22,45.78,1500
150.0,24,35.02,2250
150.0,27,38.09,0
150.0,29,37.32,-3500
150.5,3,41.71,1500
150.5,6,41.83,1250
150.5,9,39.85,2000
150.5,14,43.51,3000
150.5,15,46.41,-2750
150.5,18,45.93,250
150.5,21,42.02,250
150.5,22,48.85,1500
150.5,27,43.86,0
150.5,29,40.51,-3500
151.0,3,37.88,1500
151.0,6,41.79,1250
151.0,9,46.06,2000
151.0,14,42.14,3000
151.0,15,47.16,-2750
151.0,18,46.69,250
151.0,20,36.19,2250
151.0,21,44.13,250
151.0,22,47.15,1500
151.0,27,41.18,0
151.0,29,40.91,-3500
151.5,3,42.68,1500
151.5,6,40.39,1250
151.5,9,46.74,2000
151.5,10,35.09,250
151.5,14,40.96,3000
151.5,15,44.01,-2750
151.5,18,45.68,250
151.5,21,42.38,250
151.5,22,49.47,1500
151.5,27,43.4,0
151.5,28,35.07,2500
151.5,29,38.1,-3500
152.0,1,35.1,3500
152.0,3,40.36,1500
152.0,6,40.87,1250
152.0,7,35.44,1500
152.0,9,39.87,2000
152.0,14,43.98,3000
152.0,15,46.27,-2750
152.0,18,45.74,500
152.0,21,44.92,250
152.0,22,45.98,1500
152.0,24,35.03,-500
152.0,27,40.55,0
152.0,29,42.69,-3500
152.0,31,35.35,-2000
152.5,1,35.03,-6000
152.5,3,40.04,1500
152.5,6,41.81,1250
152.5,8,35.13,1250
152.5,9,41.87,2000
152.5,11,35.48,-2750
152.5,13,35.52,1500
152.5,14,43.37,3000
152.5,15,46.01,-2750
152.5,18,46.31,500
152.5,21,46.54,250
152.5,22,45.6,1500
152.5,23,35.07,5250
152.5,27,39.0,0
152.5,28,35.61,5500
152.5,29,42.79,-3500
152.5,30,35.01,-4500
152.5,31,35.11,2250
153.0,3,38.87,1500
153.0,6,41.89,1250
153.0,9,40.78,2000
153.0,13,35.26,-2750
153.0,14,43.57,3000
153.0,15,46.07,-2750
153.0,18,46.89,250
153.0,21,46.03,250
153.0,22,47.79,1500
153.0,27,43.9,0
153.0,28,35.35,-750
153.0,29,38.03,-3500
153.5,3,38.41,1500
153.5,6,41.22,1250
153.5,11,35.39,250
153.5,14,42.73,3000
153.5,15,46.8,-2750
153.5,17,35.78,3250
153.5,18,47.7,250
153.5,21,45.33,250
153.5,22,46.4,1500
153.5,27,40.83,0
153.5,29,42.59,-3500
154.0,6,38.42,1250
154.0,9,45.54,2000
154.0,14,41.33,3000
154.0,15,46.55,-2750
154.0,18,48.08,250
154.0,21,42.06,250
154.0,22,44.62,1500
154.0,27,44.05,0
154.0,28,35.11,-2750
154.0,29,40.37,-3500
154.5,3,38.44,1250
154.5,6,42.46,1250
154.5,9,47.7,2000
154.5,11,35.15,4500
154.5,13,35.47,-4500
154.5,14,37.24,3000
154.5,15,43.73,-2750
154.5,18,44.34,500
154.5,21,46.71,250
154.5,22,48.68,1500
154.5,25,36.41,-4500
154.5,26,35.11,-500
154.5,27,37.73,0
154.5,29,40.41,-3500
154.5,30,35.91,-5500
155.0,6,40.51,1250
155.0,9,39.71,2000
155.0,14,41.96,3000
155.0,15,47.69,-2750
155.0,18,47.27,250
155.0,21,39.79,250
155.0,22,46.74,1500
155.0,27,44.92,0
155.0,29,44.42,-3500
155.5,3,41.14,1500
155.5,6,39.66,1250
155.5,9,43.9,2000
155.5,14,39.9,3000
155.5,15,46.87,-2750
155.5,18,42.52,500
155.5,20,35.22,-1750
155.5,21,45.48,250
155.5,22,48.61,1500
155.5,27,41.96,0
155.5,29,39.01,-3500
155.5,32,35.08,250
156.0,3,42.66,1500
156.0,6,39.55,1250
156.0,9,46.17,2000
156.0,10,35.49,4500
156.0,15,45.19,-2750
156.0,18,46.97,250
156.0,19,35.07,5250
156.0,21,40.52,250
156.0,22,49.04,1500
156.0,25,35.51,3250
156.0,27,46.02,0
156.0,29,41.49,-3500
156.5,3,39.5,1500
156.5,4,35.33,4250
156.5,6,39.98,1250
156.5,9,45.54,2000
156.5,14,38.93,3000
156.5,15,45.63,-2750
156.5,17,35.03,-4500
156.5,18,46.1,500
156.5,21,43.49,250
156.5,22,46.83,1500
156.5,26,35.04,-2750
156.5,27,39.33,0
156.5,29,37.59,-3500
157.0,3,41.31,1500
157.0,5,35.72,250
157.0,6,38.4,1000
157.0,8,35.57,5250
157.0,9,45.91,2000
157.0,14,38.2,3000
157.0,15,45.42,-2750
157.0,18,45.46,500
157.0,19,35.49,3250
157.0,21,43.4,250
157.0,22,47.74,1500
157.0,25,35.56,2000
157.0,27,41.39,0
157.0,29,36.49,-3500
157.5,1,35.4,-500
157.5,3,39.86,1500
157.5,6,40.36,1250
157.5,9,46.9,2000
157.5,12,35.9,5250
157.5,14,40.1,3000
157.5,15,45.22,-2750
157.5,18,47.09,250
157.5,21,43.71,250
157.5,22,48.77,1500
157.5,27,40.37,0
157.5,29,40.68,-3500
158.0,1,35.25,-750
158.0,2,35.4,250
158.0,3,39.08,1500
158.0,6,41.29,1250
158.0,9,46.51,2000
158.0,14,41.88,3000
158.0,15,47.68,-2750
158.0,18,44.22,250
158.0,21,45.28,250
158.0,22,48.5,1500
158.0,27,42.89,0
158.0,29,42.42,-3500
158.5,3,38.68,1500
158.5,6,40.24,1250
158.5,9,43.42,2000
158.5,14,41.18,3000
158.5,15,46.65,-2750
158.5,18,46.47,500
158.5,21,44.25,250
158.5,22,46.62,1500
158.5,27,41.44,0
158.5,29,38.92,-3500
159.0,1,35.23,-4500
159.0,3,37.63,1500
159.0,6,40.83,1250
159.0,9,45.43,2000
159.0,14,41.42,3000
159.0,15,47.08,-2750
159.0,18,44.31,250
159.0,21,44.48,250
159.0,22,48.4,1500
159.0,27,38.19,0
159.0,29,43.65,-3500
159.5,2,35.13,1500
159.5,3,38.44,1500
159.5,6,40.26,1250
159.5,9,43.04,2000
159.5,14,41.49,3000
159.5,15,44.66,-2750
159.5,18,44.76,500
159.5,19,35.32,1500
159.5,20,35.66,-3750
159.5,21,43.19,250
159.5,22,48.43,1500
159.5,27,37.01,0
159.5,29,40.2,-3500
160.0,3,42.26,1500
160.0,6,38.0,1250
160.0,9,43.3,2000
160.0,14,38.48,3000
160.0,15,45.66,-2750
160.0,18,47.33,250
160.0,21,43.19,250
160.0,22,47.5,1500
160.0,27,45.08,0
160.0,29,42.81,-3500
160.5,3,37.91,1500
160.5,6,38.57,1250
160.5,9,43.84,2000
160.5,14,42.37,3000
160.5,15,42.35,-2750
160.5,18,48.49,250
160.5,21,44.75,250
160.5,22,47.25,1500
160.5,27,44.82,0
160.5,29,44.03,-3500
161.0,3,39.7,1500
161.0,6,38.65,1250
161.0,9,37.53,2000
161.0,14,40.46,3000
161.0,15,44.02,-2750
161.0,18,45.75,500
161.0,21,46.3,250
161.0,22,47.39,1500
161.0,27,40.14,0
161.0,29,43.47,-3500
161.5,3,40.52,1500
161.5,6,40.88,1250
161.5,9,42.65,2000
161.5,12,35.3,500
161.5,14,41.14,3000
161.5,15,46.38,-2750
161.5,16,35.08,5250
161.5,18,42.72,500
161.5,21,42.7,250
161.5,22,48.59,1500
161.5,23,35.3,-2500
161.5,27,45.25,0
161.5,29,38.83,-3500
162.0,6,41.94,1250
162.0,9,47.79,2000
162.0,15,46.87,-2750
162.0,18,45.99,250
162.0,21,45.09,250
162.0,22,48.22,1500
162.0,27,41.62,0
162.0,29,36.93,-3500
162.5,3,40.92,1500
162.5,6,37.22,1250
162.5,9,41.75,2000
162.5,11,35.3,3250
162.5,12,35.03,500
162.5,14,42.61,3000
162.5,15,47.86,-2750
162.5,18,45.62,500
162.5,21,44.56,250
162.5,22,46.51,1500
162.5,27,43.55,0
162.5,29,42.71,-3500
162.5,32,35.49,2500
163.0,3,40.02,1500
163.0,4,35.4,1000
163.0,6,45.08,1250
163.0,8,35.35,2500
163.0,9,48.01,2000
163.0,14,40.52,3000
163.0,15,40.94,-2750
163.0,17,35.15,3250
163.0,18,46.13,250
163.0,20,35.16,1250
163.0,21,44.46,250
163.0,22,49.07,1500
163.0,27,39.93,0
163.0,29,39.92,-3500
163.5,3,39.29,1500
163.5,6,44.01,1250
163.5,9,42.12,2000
163.5,14,42.85,3000
163.5,15,42.42,-2750
163.5,17,36.11,250
163.5,18,43.44,500
163.5,21,44.47,250
163.5,22,48.83,1500
163.5,24,35.32,-5500
163.5,27,41.17,0
163.5,29,39.95,-3500
164.0,3,36.76,1500
164.0,6,42.52,1250
164.0,9,39.59,2000
164.0,14,44.6,3000
164.0,15,47.88,-2750
164.0,18,43.2,500
164.0,21,41.81,250
164.0,22,48.85,1500
164.0,29,36.31,-3500
164.5,3,37.81,1500
164.5,6,43.4,1250
164.5,7,35.52,-5500
164.5,9,41.87,2000
164.5,14,44.73,3000
164.5,15,42.86,-2750
164.5,18,43.3,500
164.5,21,45.6,250
164.5,22,49.21,1500
164.5,26,35.34,3000
164.5,27,41.72,0
164.5,29,37.47,-3500
165.0,3,39.7,1500
165.0,6,41.82,1250
165.0,8,35.36,-500
165.0,9,41.16,2000
165.0,14,43.2,3000
165.0,15,46.32,-2750
165.0,18,45.49,250
165.0,21,42.0,250
165.0,22,48.81,1500
165.0,27,45.72,0
165.0,29,39.11,-3500
165.5,3,37.08,1250
165.5,6,42.74,1250
165.5,9,46.86,2000
165.5,14,37.23,3000
165.5,15,44.44,-2750
165.5,18,45.42,500
165.5,20,35.15,-750
165.5,21,44.91,250
165.5,22,47.88,1500
165.5,27,43.43,0
165.5,29,35.85,-3750
165.5,32,35.41,-5500
166.0,3,41.14,1500
166.0,6,36.77,1250
166.0,9,45.2,2000
166.0,14,42.49,3000
166.0,15,46.66,-2750
166.0,18,48.08,250
166.0,19,35.36,4250
166.0,21,45.24,250
166.0,22,46.6,1500
166.0,27,41.91,0
166.0,29,42.13,-3500
166.5,3,38.51,1500
166.5,5,35.57,-1750
166.5,6,42.01,1250
166.5,9,46.0,2000
166.5,14,39.54,3000
166.5,15,45.67,-2750
166.5,18,45.79,250
166.5,21,44.6,250
166.5,22,48.92,1500
166.5,27,43.35,0
166.5,29,38.08,-3500
166.5,30,35.53,2500
167.0,3,42.09,1500
167.0,4,35.33,5500
167.0,9,43.71,2000
167.0,10,35.02,1500
167.0,14,42.19,3000
167.0,15,48.07,-2750
167.0,16,35.06,-2750
167.0,18,44.74,500
167.0,21,43.4,250
167.0,22,46.8,1500
167.0,24,35.13,-3500
167.0,27,43.56,0
167.0,29,42.52,-3500
167.0,31,35.68,-5500
167.5,3,39.06,1500
167.5,6,41.78,1250
167.5,9,46.32,2000
167.5,14,41.2,3000
167.5,15,46.77,-2750
167.5,17,35.29,1500
167.5,18,46.49,500
167.5,21,46.12,250
167.5,22,45.25,1500
167.5,24,36.53,1500
167.5,27,39.26,0
167.5,28,35.09,500
167.5,29,40.36,-3500
167.5,32,35.31,1250
168.0,6,42.64,1250
168.0,7,35.12,2250
168.0,9,45.74,2000
168.0,14,40.59,3000
168.0,15,47.41,-2750
168.0,18,45.86,500
168.0,21,46.16,250
168.0,22,46.66,1500
168.0,27,45.35,0
168.0,29,40.18,-3500
168.5,2,35.2,250
168.5,3,35.03,1500
168.5,6,42.01,1250
168.5,8,35.14,4500
168.5,9,45.65,2000
168.5,12,35.48,-5750
168.5,14,39.9,3000
168.5,15,47.55,-2750
168.5,18,46.33,500
168.5,19,35.97,1000
168.5,21,46.72,250
168.5,22,46.26,1500
168.5,23,35.7,-500
168.5,27,39.3,0
168.5,29,42.52,-3500
169.0,3,38.07,1500
169.0,6,41.89,1250
169.0,9,42.78,2000
169.0,14,42.29,3000
169.0,15,45.57,-2750
169.0,17,35.28,1500
169.0,18,46.2,500
169.0,21,46.3,250
169.0,22,46.06,1500
169.0,26,35.45,-3750
169.0,27,41.5,0
169.0,29,41.52,-3500
169.0,30,36.28,5000
169.5,3,41.99,1500
169.5,6,37.97,1250
169.5,9,45.73,2000
169.5,10,35.19,-4750
169.5,14,42.87,3000
169.5,15,45.74,-2750
169.5,18,46.57,250
169.5,21,42.83,250
169.5,22,48.22,1500
169.5,23,35.65,-4750
169.5,27,44.47,0
169.5,29,40.78,-3500
170.0,3,35.94,1500
170.0,6,41.17,1250
170.0,9,47.36,2000
170.0,14,39.72,3000
170.0,15,46.31,-2750
170.0,18,46.63,250
170.0,21,45.31,250
170.0,22,48.14,1500
170.0,27,40.36,0
170.0,29,39.8,-3500
170.5,3,38.47,1500
170.5,6,39.33,1250
170.5,9,46.56,2000
170.5,14,41.43,3000
170.5,15,46.69,-2750
170.5,18,46.12,250
170.5,19,35.65,5250
170.5,21,43.3,250
170.5,22,47.6,1500
170.5,27,43.92,0
170.5,29,40.71,-3500
171.0,6,41.06,1250
171.0,9,43.49,2000
171.0,14,41.47,3000
171.0,15,43.99,-2750
171.0,18,48.2,250
171.0,21,44.33,250
171.0,22,47.34,1500
171.0,25,35.07,1250
171.0,26,35.79,2500
171.0,27,45.13,0
171.0,29,44.03,-3500
171.5,2,36.05,250
171.5,3,40.66,1500
171.5,6,39.8,1250
171.5,9,44.45,2000
171.5,14,40.4,3000
171.5,15,45.41,-2750
171.5,18,46.63,250
171.5,21,44.79,250
171.5,22,48.0,1500
171.5,27,43.08,0
171.5,29,40.54,-3500
171.5,32,35.45,-5750
172.0,3,41.82,1500
172.0,6,39.95,1000
172.0,7,36.48,-500
172.0,9,44.5,2000
172.0,10,35.03,-5500
172.0,14,39.12,3000
172.0,15,45.95,-2750
172.0,18,46.13,250
172.0,21,45.1,250
172.0,22,48.14,1500
172.0,27,44.15,0
172.0,29,41.6,-3500
172.5,3,35.03,5250
172.5,4,35.14,4250
172.5,6,39.41,1250
172.5,9,42.84,2000
172.5,14,41.02,3000
172.5,15,45.01,-2750
172.5,18,46.69,250
172.5,21,45.94,250
172.5,22,48.9,1500
172.5,26,35.36,-750
172.5,27,45.28,0
172.5,29,41.37,-3500
172.5,32,35.29,-2750
173.0,3,38.69,1250
173.0,6,40.11,1250
173.0,9,46.54,2000
173.0,14,40.77,3000
173.0,15,45.97,-2750
173.0,17,35.29,4500
173.0,18,46.75,500
173.0,21,44.69,250
173.0,22,46.65,1500
173.0,27,44.21,0
173.0,29,41.64,-3500
173.0,31,35.01,-4750
173.5,6,38.43,1000
173.5,9,46.19,2000
173.5,14,42.58,3000
173.5,15,48.33,-2750
173.5,18,44.23,0
173.5,21,42.75,250
173.5,22,44.93,1500
173.5,27,44.89,0
173.5,29,38.42,-3500
174.0,3,38.44,1250
174.0,6,37.21,1000
174.0,9,44.87,2000
174.0,15,45.51,-2750
174.0,18,43.22,500
174.0,21,46.34,250
174.0,22,47.96,1500
174.0,27,45.35,0
174.0,29,42.31,-3500
174.5,1,36.2,2000
174.5,3,37.8,1250
174.5,5,35.4,-6000
174.5,6,40.16,1250
174.5,9,44.64,2000
174.5,10,35.27,-2000
174.5,13,35.5,-2000
174.5,14,41.37,3000
174.5,15,47.79,-2750
174.5,16,35.21,4000
174.5,18,45.27,500
174.5,21,43.01,250
174.5,22,42.82,1500
174.5,27,42.12,0
174.5,29,40.74,-3500
174.5,31,35.15,3500
175.0,6,38.68,1250
175.0,9,46.11,2000
175.0,14,41.78,3000
175.0,15,47.03,-2750
175.0,18,47.3,250
175.0,19,35.69,-1750
175.0,21,41.83,250
175.0,22,46.69,1500
175.0,27,42.36,0
175.0,29,38.25,-3500
175.5,3,39.05,1250
175.5,4,35.47,-4750
175.5,6,37.3,1250
175.5,9,43.76,2000
175.5,14,42.98,3000
175.5,15,45.83,-2750
175.5,18,48.13,250
175.5,21,43.0,250
175.5,22,47.87,1500
175.5,27,41.47,0
175.5,29,39.36,-3500
176.0,3,39.42,1250
176.0,6,35.34,-2750
176.0,9,46.23,2000
176.0,14,40.32,3000
176.0,15,45.84,-2750
176.0,18,47.73,250
176.0,21,44.7,250
176.0,22,48.01,1500
176.0,27,40.99,0
176.5,3,40.18,1250
176.5,9,45.3,2000
176.5,14,44.57,3000
176.5,15,47.03,-2750
176.5,18,47.75,250
176.5,21,41.09,250
176.5,22,46.2,1500
176.5,27,42.82,0
176.5,29,42.16,-3500
177.0,3,38.55,1250
177.0,6,39.37,1000
177.0,9,44.87,2000
177.0,14,43.55,3000
177.0,15,47.03,-2750
177.0,16,35.06,-1750
177.0,18,47.27,250
177.0,21,42.59,250
177.0,22,46.59,1500
177.0,27,46.35,0
177.0,29,39.4,-3500
177.5,3,38.04,1250
177.5,5,35.46,5500
177.5,7,35.01,-1750
177.5,9,44.77,2000
177.5,10,35.03,0
177.5,14,40.2,3000
177.5,15,46.96,-2750
177.5,18,44.69,0
177.5,21,45.67,250
177.5,22,45.38,1500
177.5,27,43.84,0
177.5,30,35.65,4000
178.0,9,47.4,2000
178.0,14,41.66,3000
178.0,15,47.04,-2750
178.0,18,47.93,250
178.0,21,44.13,250
178.0,22,46.67,1500
178.0,27,45.45,0
178.0,29,38.75,-3500
178.5,4,35.91,0
178.5,6,36.34,1000
178.5,9,47.12,2000
178.5,14,41.39,3000
178.5,15,46.75,-2750
178.5,18,47.16,250
178.5,21,40.92,250
178.5,22,47.76,1500
178.5,27,46.18,0
178.5,28,35.49,-6000
178.5,29,37.15,-3500
179.0,6,35.79,1250
179.0,9,46.22,2000
179.0,14,39.02,3000
179.0,15,45.87,-2750
179.0,18,46.93,250
179.0,21,44.06,250
179.0,22,44.46,1500
179.0,27,45.96,0
179.0,31,35.02,-4750
179.5,2,35.78,0
179.5,6,35.87,1250
179.5,7,35.21,-5000
179.5,9,47.89,2000
179.5,11,35.17,-5750
179.5,14,38.46,3000
179.5,15,46.2,-2750
179.5,18,42.53,0
179.5,21,46.4,250
179.5,22,41.38,1500
179.5,27,44.23,0
179.5,28,35.75,5000
179.5,29,40.64,-3500
180.0,2,35.07,5250
180.0,3,40.62,1250
180.0,6,42.58,1000
180.0,9,47.45,2000
180.0,12,35.35,4250
180.0,14,37.44,3000
180.0,15,44.26,-2750
180.0,18,46.21,250
180.0,21,44.17,250
180.0,22,46.4,1500
180.0,24,35.36,1000
180.0,27,43.74,0
180.0,29,41.2,-3500
180.0,31,35.52,4000
180.5,6,39.73,1250
180.5,9,46.03,2000
180.5,14,42.06,3000
180.5,15,46.41,-2750
180.5,18,48.08,250
180.5,21,42.87,250
180.5,22,47.41,1500
180.5,27,43.51,0
180.5,29,43.04,-3500
181.0,6,39.02,1000
181.0,9,46.46,2000
181.0,14,42.7,3000
181.0,15,46.43,-2750
181.0,18,46.08,250
181.0,21,44.44,250
181.0,22,46.24,1500
181.0,27,43.89,0
181.0,29,41.69,-3500
181.5,3,41.75,1250
181.5,6,42.21,1000
181.5,9,43.22,2000
181.5,12,35.27,250
181.5,14,40.05,3000
181.5,15,44.82,-2750
181.5,18,46.56,250
181.5,20,35.0,-2750
181.5,21,44.45,250
181.5,22,47.72,1500
181.5,27,41.81,0
181.5,29,40.32,-3500
181.5,32,35.08,3250
182.0,3,40.59,1250
182.0,6,37.39,1000
182.0,9,44.61,2000
182.0,11,35.21,-2750
182.0,14,43.14,3000
182.0,15,47.46,-2750
182.0,18,44.61,0
182.0,20,35.53,0
182.0,21,45.52,250
182.0,22,46.01,1500
182.0,27,42.51,0
182.0,29,35.99,-3500
182.5,3,42.34,1250
182.5,4,35.11,1250
182.5,6,38.75,1250
182.5,9,42.62,2000
182.5,10,35.0,3000
182.5,14,44.44,3000
182.5,15,47.03,-2750
182.5,18,45.96,500
182.5,21,43.59,250
182.5,22,47.58,1500
182.5,26,35.58,-4000
182.5,27,40.37,0
182.5,29,37.14,-3500
183.0,3,37.81,1250
183.0,6,42.8,1000
183.0,9,40.98,2000
183.0,14,43.89,3000
183.0,15,45.51,-2750
183.0,16,35.16,-3750
183.0,18,47.62,250
183.0,19,35.19,-4750
183.0,21,44.12,250
183.0,22,48.47,1500
183.0,27,43.4,0
183.0,29,37.31,-3500
183.5,3,35.35,1250
183.5,6,41.49,1000
183.5,9,43.05,2000
183.5,14,44.26,3000
183.5,15,44.25,-2750
183.5,18,48.62,250
183.5,21,44.32,250
183.5,22,48.27,1500
183.5,27,43.02,0
184.0,2,35.08,5250
184.0,3,36.37,1250
184.0,6,36.26,1250
184.0,9,45.21,2000
184.0,14,43.5,3000
184.0,15,46.24,-2750
184.0,18,47.98,250
184.0,21,42.54,250
184.0,22,47.78,1500
184.0,27,39.81,0
184.0,28,35.51,250
184.0,29,38.73,-3500
184.5,3,35.83,1250
184.5,6,42.01,1000
184.5,9,41.7,2000
184.5,14,44.81,3000
184.5,15,48.14,-2750
184.5,18,44.82,0
184.5,21,43.61,250
184.5,22,45.52,1500
184.5,24,35.91,-4750
184.5,28,35.15,-3750
184.5,29,41.59,-3500
185.0,3,37.98,1000
185.0,6,38.75,1250
185.0,9,42.17,2000
185.0,14,41.55,3000
185.0,15,44.76,-2750
185.0,18,46.35,250
185.0,21,45.82,250
185.0,22,48.6,1500
185.0,27,43.24,0
185.0,28,35.04,5250
185.0,29,37.42,-3500
185.5,6,40.4,1000
185.5,8,36.19,1750
185.5,9,45.85,2000
185.5,14,43.55,3000
185.5,15,47.04,-2750
185.5,18,46.25,500
185.5,20,35.04,500
185.5,21,42.8,250
185.5,22,45.41,1500
185.5,27,43.24,0
186.0,6,38.84,1250
186.0,9,42.93,2000
186.0,14,41.93,3000
186.0,15,44.43,-2750
186.0,18,47.82,250
186.0,21,45.22,250
186.0,22,48.48,1500
186.0,27,42.42,0
186.0,29,35.03,-2750
186.5,6,41.29,1250
186.5,9,45.04,2000
186.5,12,35.61,-750
186.5,14,39.66,3000
186.5,15,47.72,-2750
186.5,17,35.44,-3500
186.5,18,43.93,0
186.5,21,44.42,250
186.5,22,48.04,1500
186.5,27,44.22,0
187.0,6,41.15,1250
187.0,7,35.13,3250
187.0,9,46.44,2000
187.0,14,40.61,3000
187.0,15,48.47,-2750
187.0,17,35.16,500
187.0,18,43.0,0
187.0,21,43.69,250
187.0,22,48.26,1500
187.0,24,35.32,-750
187.0,27,43.91,0
187.0,30,35.35,-500
187.5,6,40.34,1250
187.5,9,46.6,2000
187.5,14,39.21,3000
187.5,15,47.67,-2750
187.5,18,45.15,250
187.5,21,43.67,250
187.5,22,47.99,1500
187.5,27,44.64,0
188.0,6,42.27,1250
188.0,9,45.09,2000
188.0,14,41.0,3000
188.0,15,47.38,-2750
188.0,18,45.71,250
188.0,20,35.82,-4750
188.0,21,44.83,250
188.0,22,48.4,1500
188.0,27,44.65,0
188.0,31,35.05,250
188.0,32,35.52,250
188.5,4,35.03,1250
188.5,6,39.08,1250
188.5,9,43.83,2000
188.5,14,42.37,3000
188.5,15,46.6,-2750
188.5,18,46.67,500
188.5,19,35.08,5250
188.5,21,45.56,250
188.5,22,45.35,1500
188.5,26,35.17,1250
188.5,27,42.78,0
189.0,6,39.51,1000
189.0,9,47.07,2000
189.0,14,40.37,3000
189.0,15,47.65,-2750
189.0,18,46.2,250
189.0,21,41.58,250
189.0,22,47.71,1500
189.0,23,35.33,-2750
189.0,27,42.59,0
189.5,4,35.12,-750
189.5,6,37.54,1250
189.5,8,35.28,2000
189.5,9,45.46,2000
189.5,14,43.27,3000
189.5,15,46.3,-2750
189.5,17,35.36,4000
189.5,18,45.83,500
189.5,21,45.36,250
189.5,22,46.97,1500
189.5,23,35.01,-2750
189.5,27,41.49,0
189.5,28,35.53,-4000
190.0,6,41.1,1000
190.0,9,45.18,2000
190.0,14,41.51,3000
190.0,15,47.41,-2750
190.0,18,45.62,250
190.0,21,44.69,250
190.0,22,48.62,1500
190.0,24,35.18,5250
190.0,27,45.09,0
190.5,6,37.47,1250
190.5,9,46.48,2000
190.5,14,38.9,3000
190.5,15,47.78,-2750
190.5,18,45.7,250
190.5,21,41.71,250
190.5,22,47.42,1500
190.5,27,43.55,0
191.0,6,40.06,1000
191.0,9,46.21,2000
191.0,14,37.7,3000
191.0,15,48.03,-2750
191.0,18,44.81,0
191.0,21,43.61,250
191.0,22,45.71,1500
191.0,23,35.77,250
191.0,24,35.95,500
191.0,25,35.03,250
191.0,27,43.61,0
191.5,1,35.06,4250
191.5,6,38.96,1000
191.5,9,45.12,2000
191.5,14,37.21,3000
191.5,15,48.06,-2750
191.5,18,44.75,0
191.5,21,44.15,250
191.5,22,47.04,1500
191.5,27,42.1,0
191.5,30,35.13,5500
191.5,31,35.8,250
191.5,32,35.26,4500
192.0,6,41.89,1000
192.0,9,45.45,2000
192.0,11,35.25,-2750
192.0,14,39.85,3000
192.0,15,47.72,-2750
192.0,18,44.57,0
192.0,20,35.25,-2750
192.0,21,43.19,250
192.0,22,47.48,1500
192.0,27,41.79,0
192.5,6,42.48,1000
192.5,8,35.08,-750
192.5,9,45.35,2000
192.5,14,41.71,3000
192.5,15,46.81,-2750
192.5,18,46.09,250
192.5,21,45.32,250
192.5,22,48.09,1500
192.5,27,42.54,0
192.5,30,35.28,-750
193.0,5,35.17,4250
193.0,6,39.35,1250
193.0,9,46.14,2000
193.0,13,35.19,250
193.0,14,42.75,3000
193.0,15,46.59,-2750
193.0,18,46.44,250
193.0,21,45.55,250
193.0,22,47.89,1500
193.0,27,42.51,0
193.5,6,37.86,1250
193.5,9,46.51,2000
193.5,14,40.45,3000
193.5,15,46.7,-2750
193.5,18,45.41,0
193.5,21,45.9,250
193.5,22,46.44,1500
193.5,25,35.0,4000
193.5,27,43.98,0
193.5,30,35.15,5250
194.0,6,37.25,1250
194.0,9,47.42,2000
194.0,14,38.13,3000
194.0,15,45.36,-2750
194.0,18,47.36,250
194.0,21,44.88,250
194.0,22,46.77,1500
194.0,27,44.9,0
194.5,6,36.94,1000
194.5,9,47.04,2000
194.5,14,38.61,3000
194.5,15,47.07,-2750
194.5,18,46.55,500
194.5,21,43.91,250
194.5,22,43.71,1500
194.5,27,43.67,0
195.0,6,39.66,1000
195.0,7,35.62,-1750
195.0,9,47.08,2000
195.0,11,35.46,-2750
195.0,13,35.03,-6000
195.0,14,39.69,3000
195.0,15,47.6,-2750
195.0,18,45.48,0
195.0,21,42.94,250
195.0,22,45.3,1500
195.0,27,43.11,0
195.0,28,35.44,250
195.5,6,40.11,1000
195.5,9,45.98,2000
195.5,14,42.2,3000
195.5,15,46.96,-2750
195.5,18,46.37,250
195.5,21,44.19,250
195.5,22,46.22,1500
195.5,27,43.67,0
196.0,6,42.38,1000
196.0,9,45.11,2000
196.0,14,40.22,3000
196.0,15,46.87,-2750
196.0,18,45.6,250
196.0,21,44.58,250
196.0,22,47.41,1500
196.0,27,42.5,0
196.0,28,35.23,-4750
196.5,6,41.26,1000
196.5,9,44.37,2000
196.5,14,40.34,3000
196.5,15,48.03,-2750
196.5,18,43.83,0
196.5,21,45.28,250
196.5,22,46.36,1500
196.5,25,36.13,-4750
196.5,27,42.43,-250
196.5,31,35.19,-1750
197.0,5,35.24,5250
197.0,6,40.32,1000
197.0,9,45.26,2000
197.0,13,35.08,-5750
197.0,14,40.64,3000
197.0,15,48.35,-2750
197.0,18,44.85,0
197.0,21,44.93,250
197.0,22,47.15,1500
197.0,27,41.4,0
197.0,29,35.88,1250
197.5,6,40.46,1000
197.5,9,45.55,2000
197.5,14,38.28,3000
197.5,15,48.4,-2750
197.5,18,45.24,0
197.5,20,35.72,4000
197.5,21,45.08,250
197.5,22,46.8,1500
197.5,27,42.55,-250
198.0,3,35.66,2500
198.0,6,39.19,1000
198.0,9,45.55,2000
198.0,12,35.05,3000
198.0,14,39.46,3000
198.0,15,47.96,-2750
198.0,18,45.76,0
198.0,21,43.78,250
198.0,22,44.76,1500
198.0,27,43.3,0
198.0,30,35.25,4250
198.0,31,35.08,2250
198.5,6,39.82,1000
198.5,9,44.25,2000
198.5,14,37.63,3000
198.5,15,47.71,-2750
198.5,18,45.84,0
198.5,21,42.27,250
198.5,22,45.03,1500
198.5,27,43.13,0
198.5,29,42.77,-3500
199.0,1,35.37,3250
199.0,6,40.28,1000
199.0,9,43.05,2000
199.0,14,38.74,3000
199.0,15,47.45,-2750
199.0,18,45.95,0
199.0,21,42.89,250
199.0,22,45.01,1500
199.0,27,44.77,0
199.0,29,38.6,-3500
199.5,5,35.08,1000
199.5,6,38.16,1000
199.5,9,45.3,2000
199.5,14,39.22,3000
199.5,15,47.77,-2750
199.5,18,45.09,0
199.5,21,41.9,250
199.5,22,43.87,1500
199.5,27,41.74,0
199.5,29,42.23,-3500
200.0,6,38.33,1000
200.0,9,47.48,2000
200.0,14,37.08,3000
200.0,15,46.44,-2750
200.0,18,47.27,250
200.0,21,43.59,250
200.0,22,46.28,1500
200.0,24,35.02,-4750
200.0,27,39.83,0
200.0,29,42.67,-3500
200.5,6,35.55,1000
200.5,9,46.28,2000
200.5,14,40.33,3000
200.5,15,46.9,-2750
200.5,18,45.72,0
200.5,21,44.94,250
200.5,22,46.11,1500
200.5,27,42.33,-250
200.5,29,40.69,-3500
200.5,31,35.07,5500
201.0,6,38.44,1000
201.0,9,46.59,2000
201.0,14,39.99,3000
201.0,15,46.79,-2750
201.0,18,45.36,0
201.0,19,35.04,1250
201.0,20,35.43,4500
201.0,21,44.81,250
201.0,22,43.88,1500
201.0,27,42.17,0
201.0,29,42.03,-3500
201.0,32,35.85,2000
201.5,6,38.04,1000
201.5,9,45.15,2000
201.5,10,35.75,-4750
201.5,14,42.27,3000
201.5,15,47.7,-2750
201.5,18,44.25,0
201.5,21,44.32,250
201.5,22,45.41,1500
201.5,27,43.33,0
201.5,29,42.05,-3500
202.0,6,41.25,1000
202.0,9,45.73,2000
202.0,14,36.19,3250
202.0,15,47.87,-2750
202.0,18,43.76,0
202.0,21,42.53,250
202.0,22,45.13,1500
202.0,23,35.18,5250
202.0,27,42.86,0
202.0,29,42.65,-3500
202.5,1,35.5,2000
202.5,6,38.87,1000
202.5,9,46.43,2000
202.5,11,35.66,-3500
202.5,13,35.0,-6000
202.5,14,40.45,3000
202.5,15,48.04,-2750
202.5,18,44.08,0
202.5,21,42.4,250
202.5,22,45.2,1500
202.5,27,41.7,0
202.5,29,43.3,-3500
203.0,5,35.26,1000
203.0,6,42.34,1000
203.0,9,47.23,2000
203.0,11,35.06,-1750
203.0,14,37.88,3000
203.0,15,47.3,-2750
203.0,18,45.63,250
203.0,21,42.58,250
203.0,22,44.8,1500
203.0,26,35.22,-2000
203.0,27,42.5,0
203.0,29,44.5,-3500
203.5,2,35.45,-5750
203.5,6,41.23,1000
203.5,7,35.19,3250
203.5,9,47.54,2000
203.5,14,38.52,3000
203.5,15,47.05,-2750
203.5,18,45.07,0
203.5,21,44.05,250
203.5,22,43.62,1500
203.5,27,41.78,0
203.5,29,43.53,-3500
204.0,6,41.91,1000
204.0,9,46.28,2000
204.0,14,40.42,3000
204.0,15,45.94,-2750
204.0,18,46.4,250
204.0,21,43.99,250
204.0,22,43.83,1500
204.0,27,41.78,0
204.0,29,42.17,-3500
204.5,6,42.12,1000
204.5,9,45.26,2000
204.5,14,41.54,3000
204.5,15,47.03,-2750
204.5,16,35.4,5000
204.5,18,45.63,0
204.5,19,35.11,-4000
204.5,21,44.96,250
204.5,22,42.27,1250
204.5,27,44.08,0
204.5,29,41.44,-3500
205.0,6,42.23,1000
205.0,9,46.62,2000
205.0,14,41.94,3000
205.0,15,46.33,-2750
205.0,18,47.05,250
205.0,21,43.72,250
205.0,22,42.13,1250
205.0,27,41.22,0
205.0,29,43.95,-3500
205.5,3,35.47,-4000
205.5,6,40.24,1000
205.5,7,35.23,-1750
205.5,9,47.17,2000
205.5,14,41.52,3000
205.5,15,47.06,-2750
205.5,18,45.08,250
205.5,21,43.12,250
205.5,22,41.97,1250
205.5,24,35.01,-4750
205.5,27,43.37,0
205.5,29,43.3,-3500
206.0,6,40.84,1000
206.0,9,48.18,2000
206.0,14,39.99,3000
206.0,15,47.06,-2750
206.0,18,45.35,250
206.0,21,42.71,250
206.0,22,42.85,1250
206.0,27,41.91,0
206.0,29,40.3,-3500
206.5,2,35.4,1250
206.5,6,39.72,1000
206.5,9,47.56,2000
206.5,12,35.64,-4750
206.5,14,39.43,3000
206.5,15,46.55,-2750
206.5,17,35.16,1000
206.5,18,45.77,250
206.5,21,43.39,250
206.5,22,43.27,1250
206.5,25,35.14,-750
206.5,27,41.58,0
206.5,29,38.37,-3500
207.0,1,35.97,5000
207.0,6,41.36,1000
207.0,9,46.5,2000
207.0,15,46.42,-2750
207.0,18,46.0,250
207.0,21,44.26,250
207.0,22,43.8,1250
207.0,25,35.3,1250
207.0,27,42.75,0
207.0,29,42.27,-3500
207.5,6,40.75,1000
207.5,9,45.1,2000
207.5,10,35.34,-1000
207.5,14,40.49,3000
207.5,15,46.84,-2750
207.5,18,45.48,0
207.5,21,45.87,250
207.5,22,42.6,1250
207.5,27,42.95,0
207.5,29,42.13,-3500
208.0,3,35.36,1250
208.0,6,40.16,1000
208.0,9,46.37,2000
208.0,14,41.62,3000
208.0,15,44.46,-2750
208.0,18,47.38,250
208.0,21,44.59,250
208.0,22,42.56,1250
208.0,27,42.81,0
208.0,29,43.56,-3500
208.5,6,40.9,1000
208.5,9,47.47,2000
208.5,14,39.28,3000
208.5,15,46.09,-2750
208.5,18,47.0,250
208.5,21,44.53,250
208.5,22,42.73,1250
208.5,27,43.68,0
208.5,29,43.97,-3500
208.5,31,35.17,-6000
209.0,6,40.77,1000
209.0,9,47.05,2000
209.0,14,41.95,3000
209.0,15,46.85,-2750
209.0,16,35.6,-2750
209.0,18,46.14,250
209.0,19,35.31,2250
209.0,21,42.5,250
209.0,22,42.45,1250
209.0,27,44.14,0
209.0,29,42.41,-3500
209.5,3,35.26,5000
209.5,6,39.79,1000
209.5,9,47.28,2000
209.5,14,39.48,3000
209.5,15,47.43,-2750
209.5,18,44.73,0
209.5,21,43.22,250
209.5,22,44.32,1250
209.5,27,41.43,0
209.5,29,43.97,-3500
209.5,31,35.04,-6000
210.0,6,39.39,1000
210.0,9,47.39,2000
210.0,14,39.31,3000
210.0,15,47.13,-2750
210.0,18,46.21,250
210.0,21,43.53,250
210.0,22,43.44,1250
210.0,27,41.29,0
210.0,28,35.05,250
210.0,29,43.99,-3500
210.5,2,35.11,2000
210.5,6,40.51,1000
210.5,7,35.61,-2750
210.5,9,46.81,2000
210.5,14,39.49,3000
210.5,15,46.33,-2750
210.5,18,45.59,250
210.5,21,44.45,250
210.5,22,43.8,1250
210.5,27,42.43,0
210.5,28,35.09,-750
210.5,29,42.43,-3500
211.0,6,41.78,1000
211.0,9,46.28,2000
211.0,14,40.72,3000
211.0,15,46.09,-2750
211.0,18,46.18,250
211.0,21,43.23,250
211.0,22,43.27,1250
211.0,27,43.27,0
211.0,29,43.79,-3500
211.5,1,35.13,4250
211.5,2,35.29,250
211.5,6,42.05,1000
211.5,9,46.34,2000
211.5,14,42.78,3000
211.5,15,45.22,-2750
211.5,16,35.37,1250
211.5,18,46.47,250
211.5,21,43.77,250
211.5,22,43.85,1250
211.5,27,43.17,0
211.5,29,41.52,-3500
212.0,4,35.19,4250
212.0,6,39.41,1000
212.0,9,45.17,2000
212.0,14,41.58,3000
212.0,15,46.42,-2750
212.0,18,46.7,0
212.0,21,44.9,250
212.0,22,43.05,1250
212.0,27,42.77,0
212.0,29,42.76,-3500
212.0,32,35.02,250
212.5,6,39.85,1000
212.5,9,46.82,2000
212.5,14,41.02,3000
212.5,15,47.05,-2750
212.5,18,44.87,0
212.5,21,45.39,250
212.5,22,43.12,1250
212.5,27,42.78,0
212.5,29,40.82,-3500
213.0,6,42.28,1000
213.0,9,47.13,2000
213.0,10,35.71,-750
213.0,14,41.46,3000
213.0,15,46.42,-2750
213.0,18,46.35,250
213.0,21,43.98,250
213.0,22,43.8,1250
213.0,27,41.12,0
213.0,29,38.32,-3500
213.5,2,35.17,2250
213.5,6,41.91,1000
213.5,9,46.64,2000
213.5,12,35.51,-5750
213.5,14,41.13,3000
213.5,15,46.06,-2750
213.5,18,45.83,250
213.5,21,43.82,250
213.5,22,44.5,1250
213.5,27,42.09,0
213.5,29,44.11,-3500
213.5,31,35.59,250
214.0,5,35.49,-3000
214.0,6,40.26,1000
214.0,7,35.39,1250
214.0,9,47.04,2000
214.0,11,35.2,3000
214.0,14,37.26,3000
214.0,15,46.37,-2750
214.0,18,46.64,250
214.0,21,44.69,250
214.0,22,43.91,1250
214.0,27,41.47,0
214.0,29,43.23,-3500
214.5,6,41.7,1000
214.5,7,35.24,-4000
214.5,9,45.98,2000
214.5,11,36.02,5250
214.5,14,41.05,3000
214.5,15,46.0,-2750
214.5,18,45.57,0
214.5,21,44.4,250
214.5,22,43.99,1250
214.5,27,42.41,0
214.5,29,44.38,-3500
215.0,6,40.95,1000
215.0,9,46.32,2000
215.0,14,40.72,3000
215.0,15,46.32,-2750
215.0,18,46.63,250
215.0,21,44.08,250
215.0,22,44.81,1500
215.0,27,42.43,0
215.0,29,43.56,-3500
215.5,3,35.33,-750
215.5,5,35.06,-750
215.5,6,42.41,1000
215.5,7,35.04,-3750
215.5,9,45.35,2000
215.5,14,42.76,3000
215.5,15,46.93,-2750
215.5,18,45.76,0
215.5,21,44.51,250
215.5,22,43.29,1250
215.5,27,42.15,0
215.5,29,41.45,-3500
216.0,1,35.07,-3000
216.0,3,36.07,5250
216.0,6,41.1,1000
216.0,9,46.18,2000
216.0,14,41.54,3000
216.0,15,46.09,-2750
216.0,16,35.1,-3750
216.0,18,45.59,0
216.0,21,44.34,250
216.0,22,44.12,1250
216.0,27,41.85,0
216.0,29,43.45,-3500
216.5,2,35.3,4250
216.5,6,40.73,1000
216.5,7,35.62,-4750
216.5,9,46.44,2000
216.5,14,42.06,3000
216.5,15,47.05,-2750
216.5,18,45.42,0
216.5,21,44.88,250
216.5,22,43.06,1250
216.5,27,41.32,0
216.5,29,43.78,-3500
217.0,6,41.02,1000
217.0,9,45.9,2000
217.0,14,41.41,3000
217.0,15,47.04,-2750
217.0,18,44.68,0
217.0,21,43.75,250
217.0,22,43.66,1250
217.0,26,35.05,4000
217.0,27,40.04,0
217.0,29,42.5,-3500
217.5,1,35.99,4000
217.5,6,41.14,1000
217.5,7,35.08,3250
217.5,9,47.1,2000
217.5,13,35.08,0
217.5,14,39.99,3000
217.5,15,46.19,-2750
217.5,18,46.56,250
217.5,21,43.98,250
217.5,22,44.38,1250
217.5,27,41.87,0
218.0,6,40.25,1000
218.0,9,46.9,2000
218.0,14,38.46,3000
218.0,15,46.61,-2750
218.0,18,46.33,250
218.0,21,43.39,250
218.0,22,43.73,1250
218.0,24,35.29,250
218.0,26,35.23,3250
218.0,27,41.63,0
218.0,29,38.33,-3500
218.5,1,35.41,-2000
218.5,6,42.62,1000
218.5,9,45.81,2000
218.5,14,39.07,3000
218.5,15,46.82,-2750
218.5,18,45.26,0
218.5,21,45.14,250
218.5,22,43.27,1250
218.5,27,41.3,0
218.5,29,41.62,-3500
219.0,6,42.02,1000
219.0,9,46.57,2000
219.0,12,35.96,-1750
219.0,14,42.19,3000
219.0,15,45.38,-2750
219.0,17,35.41,250
219.0,18,46.86,250
219.0,21,45.1,250
219.0,22,43.54,1250
219.0,24,35.22,250
219.0,27,42.06,0
219.0,29,43.92,-3500
219.5,6,41.01,1000
219.5,9,46.34,2000
219.5,14,42.83,3000
219.5,15,47.21,-2750
219.5,17,35.34,0
219.5,18,45.57,0
219.5,21,44.53,250
219.5,22,42.83,1250
219.5,23,35.57,-4000
219.5,27,41.63,0
219.5,29,42.61,-3500
220.0,6,43.04,1000
220.0,9,46.45,2000
220.0,14,40.69,3000
220.0,15,45.25,-2750
220.0,18,47.21,250
220.0,21,44.78,250
220.0,22,42.4,1250
220.0,25,35.08,5250
220.0,27,40.91,0
220.0,29,38.72,-3500
220.5,3,35.1,2000
220.5,4,35.74,250
220.5,5,35.11,5250
220.5,6,41.23,1000
220.5,9,46.64,2000
220.5,14,42.25,3000
220.5,15,46.5,-2750
220.5,16,35.83,-6000
220.5,18,45.88,250
220.5,21,43.42,250
220.5,22,43.91,1250
220.5,27,42.22,0
220.5,29,42.35,-3500
221.0,6,40.96,1000
221.0,9,46.08,2000
221.0,12,35.03,-3000
221.0,14,40.41,3000
221.0,15,47.06,-2750
221.0,18,45.45,0
221.0,21,43.69,250
221.0,22,43.37,1250
221.0,27,40.63,0
221.0,29,42.79,-3500
221.5,4,36.19,-2000
221.5,6,42.91,1000
221.5,9,46.62,2000
221.5,14,37.39,3000
221.5,15,46.05,-2750
221.5,18,46.08,0
221.5,21,46.04,250
221.5,22,43.25,1250
221.5,27,40.95,0
221.5,28,35.3,-2000
221.5,29,44.24,-3500
221.5,31,35.12,5000
222.0,6,42.13,1000
222.0,9,46.26,2000
222.0,14,42.25,3000
222.0,15,46.17,-2750
222.0,18,45.85,0
222.0,21,45.22,250
222.0,22,44.14,1250
222.0,24,35.04,-2000
222.0,27,39.44,0
222.0,29,38.05,-3500
222.0,32,35.65,2000
222.5,1,35.81,2250
222.5,6,42.51,1000
222.5,9,47.05,2000
222.5,15,46.65,-2750
222.5,18,47.13,250
222.5,21,44.56,250
222.5,22,42.97,1500
222.5,25,35.12,-1750
222.5,27,42.4,0
222.5,29,38.7,-3500
223.0,6,42.35,1000
223.0,9,47.06,2000
223.0,14,37.58,3000
223.0,15,46.19,-2750
223.0,18,46.72,250
223.0,21,45.28,250
223.0,22,42.23,1250
223.0,27,42.05,0
223.0,29,40.12,-3500
223.0,32,35.07,-2750
223.5,2,35.02,-750
223.5,6,42.55,1000
223.5,8,35.02,-5750
223.5,9,47.25,2000
223.5,11,36.46,1000
223.5,14,41.08,3000
223.5,15,44.97,-2750
223.5,18,46.88,250
223.5,21,45.39,250
223.5,22,43.7,1250
223.5,25,35.68,-3750
223.5,27,40.91,0
223.5,29,43.62,-3500
224.0,6,42.12,1000
224.0,9,47.16,2000
224.0,10,35.35,4000
224.0,14,43.17,3000
224.0,15,45.46,-2750
224.0,18,46.31,250
224.0,21,44.34,250
224.0,22,44.09,1250
224.0,27,42.08,0
224.0,29,40.62,-3500
224.0,31,35.69,-4750
224.0,32,35.01,4000
224.5,2,35.2,-4750
224.5,4,35.37,3000
224.5,6,42.43,1000
224.5,9,46.65,2000
224.5,14,42.23,3000
224.5,15,46.71,-2750
224.5,17,35.14,-2750
224.5,18,45.3,0
224.5,21,43.65,250
224.5,22,44.31,1250
224.5,26,35.21,1000
224.5,27,41.91,0
225.0,6,43.2,1000
225.0,9,46.61,2000
225.0,14,35.84,3000
225.0,15,46.08,-2750
225.0,18,46.42,250
225.0,21,42.55,250
225.0,22,43.48,1250
225.0,27,39.32,0
225.5,6,42.25,1000
225.5,9,46.44,2000
225.5,13,35.49,2000
225.5,14,37.27,3000
225.5,15,46.29,-2750
225.5,16,35.01,-5750
225.5,18,45.5,0
225.5,21,45.03,250
225.5,22,44.24,1250
225.5,27,42.16,0
225.5,29,41.39,-3500
226.0,1,35.18,-4750
226.0,6,42.21,1000
226.0,9,46.67,2000
226.0,12,35.51,5000
226.0,14,40.96,3000
226.0,15,47.23,-2750
226.0,18,45.56,0
226.0,21,44.62,250
226.0,22,44.06,1250
226.0,27,42.18,0
226.0,29,41.57,-3500
226.0,31,35.1,0
226.0,32,35.04,0
226.5,6,42.17,1000
226.5,9,46.33,2000
226.5,11,35.19,-4750
226.5,14,43.39,3000
226.5,15,44.63,-2750
226.5,18,47.11,250
226.5,21,44.8,250
226.5,22,44.12,1250
226.5,27,42.53,0
227.0,6,42.16,1000
227.0,9,46.8,2000
227.0,14,38.77,3000
227.0,15,46.89,-2750
227.0,18,45.79,250
227.0,19,35.23,250
227.0,21,43.62,250
227.0,22,44.18,1250
227.0,27,41.67,0
227.0,29,39.54,-3500
227.5,4,35.76,-2000
227.5,6,41.91,1000
227.5,7,35.7,1250
227.5,9,46.72,2000
227.5,15,46.65,-2750
227.5,17,35.9,-3750
227.5,18,45.98,0
227.5,21,45.13,250
227.5,22,44.03,1250
227.5,27,42.68,0
227.5,29,42.81,-3500
227.5,30,35.03,3250
227.5,31,35.68,5250
228.0,2,35.03,250
228.0,6,41.44,1000
228.0,9,47.21,2000
228.0,15,45.83,-2750
228.0,18,46.78,250
228.0,21,43.41,250
228.0,22,43.91,1250
228.0,27,40.21,0
228.0,29,44.86,-3500
228.5,6,41.83,1000
228.5,9,46.5,2000
228.5,11,35.27,-3000
228.5,13,35.93,2250
228.5,14,39.47,3000
228.5,15,46.69,-2750
228.5,18,45.8,0
228.5,21,44.46,250
228.5,22,43.18,1250
228.5,26,35.22,-1000
228.5,27,40.69,0
228.5,29,43.5,-3500
229.0,6,38.09,1000
229.0,9,46.43,2000
229.0,12,35.42,-5750
229.0,14,41.17,3000
229.0,15,46.0,-2750
229.0,18,46.8,250
229.0,21,44.9,250
229.0,22,42.49,1250
229.0,25,35.44,-1750
229.0,27,40.26,0
229.0,29,44.14,-3500
229.5,6,40.77,1000
229.5,9,46.63,2000
229.5,14,41.03,3000
229.5,15,46.15,-2750
229.5,18,45.25,250
229.5,19,35.71,-2000
229.5,21,43.7,250
229.5,22,42.97,1250
229.5,23,35.41,250
229.5,26,35.74,5000
229.5,27,42.42,0
229.5,28,35.31,-5000
229.5,29,44.23,-3500
229.5,32,36.13,0
230.0,6,41.38,1000
230.0,9,46.79,2000
230.0,14,42.65,3000
230.0,15,45.68,-2750
230.0,18,45.73,250
230.0,21,42.83,250
230.0,22,43.72,1250
230.0,27,41.16,0
230.0,29,44.15,-3500
230.5,6,40.99,1000
230.5,9,46.01,2000
230.5,14,41.71,3000
230.5,15,47.05,-2750
230.5,17,35.32,2000
230.5,18,45.91,0
230.5,21,45.51,250
230.5,22,43.52,1250
230.5,27,40.08,0
230.5,29,43.21,-3500
231.0,6,38.95,1000
231.0,9,47.36,2000
231.0,14,39.93,3000
231.0,15,45.17,-2750
231.0,18,46.78,250
231.0,21,42.95,250
231.0,22,44.75,1250
231.0,27,42.31,0
231.0,29,42.48,-3500
231.5,6,40.44,1000
231.5,9,46.7,2000
231.5,12,35.44,-3750
231.5,14,40.94,3000
231.5,15,46.15,-2750
231.5,18,44.67,0
231.5,21,44.1,250
231.5,22,44.48,1250
231.5,25,35.31,250
231.5,27,42.26,0
231.5,29,43.28,-3500
232.0,6,37.3,1000
232.0,9,46.64,2000
232.0,14,40.53,3000
232.0,15,46.74,-2750
232.0,17,35.01,4000
232.0,18,45.24,0
232.0,21,43.68,250
232.0,22,44.18,1250
232.0,23,35.31,-2750
232.0,25,35.44,-6000
232.0,27,40.73,0
232.0,29,41.44,-3500
232.5,1,35.22,-750
232.5,4,36.09,-4750
232.5,5,35.18,-750
232.5,6,39.27,1000
232.5,9,46.68,2000
232.5,10,35.21,250
232.5,14,42.14,3000
232.5,15,46.35,-2750
232.5,18,46.58,250
232.5,20,35.1,250
232.5,21,44.2,250
232.5,22,44.03,1250
232.5,27,41.16,0
232.5,29,40.17,-3500
233.0,6,40.28,1000
233.0,9,46.94,2000
233.0,14,37.24,3000
233.0,15,46.15,-2750
233.0,18,46.79,250
233.0,21,42.8,250
233.0,22,43.35,1250
233.0,26,35.06,-2750
233.0,27,42.61,0
233.0,29,42.39,-3500
233.0,32,35.75,2250
233.5,6,39.18,1000
233.5,9,45.77,2000
233.5,14,43.89,3000
233.5,15,46.78,-2750
233.5,18,45.63,0
233.5,21,44.6,250
233.5,22,43.34,1250
233.5,25,35.22,5000
233.5,27,41.66,0
234.0,3,38.56,1250
234.0,6,41.32,1000
234.0,9,46.1,2000
234.0,14,42.02,3000
234.0,15,45.6,-2750
234.0,18,45.79,250
234.0,21,44.39,250
234.0,22,43.66,1250
234.0,27,42.22,0
234.5,3,41.34,1250
234.5,6,38.2,1000
234.5,9,46.46,2000
234.5,14,41.96,3000
234.5,15,45.96,-2750
234.5,18,45.42,0
234.5,21,45.28,250
234.5,22,43.34,1250
234.5,27,42.43,0
235.0,3,39.7,1250
235.0,6,39.85,1000
235.0,9,46.5,2000
235.0,14,40.43,3000
235.0,15,45.97,-2750
235.0,18,46.26,250
235.0,21,44.36,250
235.0,22,43.21,1250
235.0,27,41.68,0
235.5,3,40.85,1250
235.5,6,41.26,1000
235.5,9,46.96,2000
235.5,14,39.57,3000
235.5,15,45.25,-2750
235.5,18,46.3,250
235.5,21,44.58,250
235.5,22,43.79,1250
235.5,27,41.66,0
236.0,3,42.17,1250
236.0,6,41.73,1000
236.0,9,46.64,2000
236.0,13,35.15,-6000
236.0,14,39.79,3000
236.0,15,46.34,-2750
236.0,17,35.3,4250
236.0,18,45.13,250
236.0,21,42.5,250
236.0,22,43.51,1250
236.0,27,43.34,-250
236.5,3,39.93,1250
236.5,6,39.95,1000
236.5,9,46.61,2000
236.5,14,42.19,3000
236.5,15,46.48,-2750
236.5,16,35.21,-1750
236.5,17,35.06,4250
236.5,18,46.35,250
236.5,21,43.19,250
236.5,22,42.94,1250
236.5,27,41.66,0
236.5,28,35.22,-5750
237.0,3,40.43,1250
237.0,6,39.42,1000
237.0,9,47.14,2000
237.0,14,39.96,3000
237.0,15,46.18,-2750
237.0,18,46.48,250
237.0,21,43.54,250
237.0,22,42.76,1250
237.0,27,41.24,0
237.0,31,35.93,250
237.5,3,38.71,1250
237.5,6,40.46,1000
237.5,9,46.32,2000
237.5,14,41.11,3000
237.5,15,47.29,-2750
237.5,18,45.6,0
237.5,21,44.62,250
237.5,22,44.66,1250
237.5,24,35.06,1250
237.5,26,35.52,-1000
237.5,27,42.37,0
238.0,3,39.42,1250
238.0,5,35.01,1250
238.0,6,41.3,1000
238.0,9,46.86,2000
238.0,14,42.23,3000
238.0,15,46.12,-2750
238.0,17,35.28,-1750
238.0,18,46.4,250
238.0,21,44.54,250
238.0,22,42.82,1250
238.0,27,42.67,0
238.5,1,35.06,3250
238.5,3,40.04,1250
238.5,4,35.38,-2750
238.5,6,42.48,1000
238.5,9,46.67,2000
238.5,14,41.31,3000
238.5,15,45.78,-2750
238.5,18,47.01,250
238.5,21,43.53,250
238.5,22,43.22,1250
238.5,27,41.9,0
239.0,3,40.61,1250
239.0,6,40.76,1000
239.0,9,47.05,2000
239.0,14,38.11,3000
239.0,15,45.57,-2750
239.0,18,46.47,250
239.0,21,43.7,250
239.0,22,42.33,1250
239.0,27,42.06,0
239.5,3,40.87,1250
239.5,6,41.36,1000
239.5,9,45.98,2000
239.5,14,40.95,3000
239.5,15,46.7,-2750
239.5,18,45.97,0
239.5,19,35.76,250
239.5,21,44.22,250
239.5,22,42.65,1250
239.5,27,41.62,0
239.5,29,36.8,-3500
239.5,32,35.17,-2750
240.0,3,40.67,1250
240.0,6,40.77,1000
240.0,9,46.34,2000
240.0,11,35.69,2000
240.0,14,39.67,3000
240.0,15,46.17,-2750
240.0,18,45.65,0
240.0,21,43.39,250
240.0,22,43.53,1250
240.0,23,35.2,-2750
240.0,27,41.9,0
240.5,3,40.07,1250
240.5,6,41.95,1000
240.5,9,46.19,2000
240.5,14,41.15,3000
240.5,15,46.09,-2750
240.5,18,46.27,250
240.5,21,44.38,250
240.5,22,43.59,1250
240.5,27,41.39,0
241.0,3,39.59,1250
241.0,6,42.3,1000
241.0,9,46.72,2000
241.0,14,40.5,3000
241.0,15,44.78,-2750
241.0,18,46.6,250
241.0,21,43.84,250
241.0,22,42.59,1250
241.0,27,43.21,0
241.5,3,37.19,1250
241.5,6,41.5,1000
241.5,9,46.91,2000
241.5,10,35.72,2000
241.5,15,46.58,-2750
241.5,16,36.03,0
241.5,17,35.31,250
241.5,18,46.54,250
241.5,21,43.83,250
241.5,22,42.03,1250
241.5,26,35.23,-750
241.5,27,42.02,0
242.0,1,35.0,2000
242.0,3,39.55,1250
242.0,6,41.03,1000
242.0,9,46.88,2000
242.0,12,35.18,-1000
242.0,15,46.94,-2750
242.0,18,45.78,0
242.0,21,43.12,250
242.0,22,43.11,1250
242.0,23,35.32,-1750
242.0,26,35.46,-5000
242.0,27,41.22,0
242.5,3,39.28,1250
242.5,6,37.19,1000
242.5,9,46.65,2000
242.5,14,41.58,3000
242.5,15,47.52,-2750
242.5,18,45.21,0
242.5,21,43.8,250
242.5,22,41.68,1250
242.5,27,41.1,0
243.0,3,37.31,1250
243.0,6,38.3,1000
243.0,9,47.16,2000
243.0,14,37.49,3000
243.0,15,46.6,-2750
243.0,18,45.04,250
243.0,21,42.61,250
243.0,22,43.41,1250
243.0,27,42.56,0
243.5,1,35.22,-2000
243.5,3,39.19,1250
243.5,4,35.13,3000
243.5,6,40.45,1000
243.5,9,47.22,2000
243.5,11,35.03,1250
243.5,14,41.34,3000
243.5,15,46.53,-2750
243.5,18,46.88,250
243.5,21,42.3,250
243.5,22,42.48,1250
243.5,27,43.02,0
243.5,29,35.27,2000
244.0,3,39.96,1250
244.0,6,40.71,1000
244.0,9,47.09,2000
244.0,15,46.78,-2750
244.0,18,46.65,250
244.0,21,41.77,250
244.0,22,44.12,1250
244.0,27,42.3,0
244.5,3,40.61,1250
244.5,4,35.24,3000
244.5,6,40.29,1000
244.5,9,46.88,2000
244.5,14,36.06,3000
244.5,15,45.98,-2750
244.5,18,45.18,0
244.5,21,43.54,250
244.5,22,44.09,1250
244.5,27,42.01,0
244.5,29,35.04,5000
244.5,30,35.2,3000
245.0,3,38.67,1250
245.0,6,40.89,1000
245.0,9,47.12,2000
245.0,15,46.22,-2750
245.0,17,36.03,-3750
245.0,18,46.26,250
245.0,21,43.07,250
245.0,22,43.29,1250
245.0,24,35.19,3250
245.0,27,42.07,0
245.5,2,35.1,3250
245.5,3,39.47,1250
245.5,6,40.86,1000
245.5,9,46.32,2000
245.5,10,35.32,-5000
245.5,13,35.08,0
245.5,14,38.7,3000
245.5,15,46.64,-2750
245.5,18,45.54,0
245.5,21,44.12,250
245.5,22,44.54,1250
245.5,27,42.06,0
246.0,3,38.48,1250
246.0,6,41.27,1000
246.0,9,46.31,2000
246.0,14,38.17,3000
246.0,15,46.46,-2750
246.0,18,45.6,0
246.0,21,43.76,250
246.0,22,44.26,1250
246.0,27,41.34,0
246.0,28,35.07,4000
246.5,3,38.88,1250
246.5,6,39.69,1000
246.5,9,47.18,2000
246.5,14,35.98,3000
246.5,15,47.34,-2750
246.5,18,44.79,0
246.5,21,43.59,250
246.5,22,43.75,1250
246.5,26,35.9,4000
246.5,27,41.74,0
246.5,31,35.13,-3750
247.0,3,40.23,1250
247.0,6,39.24,1000
247.0,9,45.56,2000
247.0,14,35.68,3000
247.0,15,47.24,-2750
247.0,17,35.18,2000
247.0,18,45.62,0
247.0,19,35.01,4250
247.0,21,42.75,250
247.0,22,44.14,1250
247.0,27,42.47,-250
247.0,31,35.44,4250
247.5,3,37.45,1250
247.5,6,40.0,1000
247.5,9,46.51,2000
247.5,11,35.34,-2750
247.5,14,41.99,3000
247.5,15,46.5,-2750
247.5,18,46.04,250
247.5,21,43.98,250
247.5,22,42.98,1250
247.5,27,42.61,0
248.0,3,40.56,1250
248.0,5,35.2,2250
248.0,6,41.89,1000
248.0,9,47.22,2000
248.0,14,37.09,3000
248.0,15,46.45,-2750
248.0,18,46.01,250
248.0,21,43.04,250
248.0,22,43.74,1250
248.0,27,41.73,0
248.5,3,39.57,1250
248.5,6,41.38,1000
248.5,9,45.75,2000
248.5,14,35.72,3000
248.5,15,47.53,-2750
248.5,18,45.37,0
248.5,21,44.03,250
248.5,22,44.35,1250
248.5,24,35.44,1000
248.5,25,35.11,3000
248.5,27,41.99,0
248.5,31,35.01,-5750
249.0,3,39.43,1250
249.0,6,43.41,1000
249.0,9,45.58,2000
249.0,14,40.64,3000
249.0,15,47.17,-2750
249.0,16,35.57,-5750
249.0,18,46.26,250
249.0,21,43.3,250
249.0,22,42.62,1250
249.0,27,40.49,0
249.0,30,35.05,-1750
249.0,31,35.33,-2750
249.5,3,41.71,1250
249.5,5,35.05,-2750
249.5,6,41.08,1000
249.5,9,47.07,2000
249.5,13,35.26,3250
249.5,14,37.99,3000
249.5,15,46.64,-2750
249.5,18,45.63,0
249.5,21,42.83,250
249.5,22,43.86,1250
249.5,24,35.78,-2000
249.5,27,41.43,0
249.5,32,35.08,-6000
250.0,1,35.25,250
250.0,3,40.67,1250
250.0,6,42.31,1000
250.0,8,35.02,-3750
250.0,9,45.92,2000
250.0,13,35.18,4250
250.0,14,42.82,3000
250.0,15,46.13,-2750
250.0,18,46.12,250
250.0,21,42.6,250
250.0,22,42.08,1250
250.0,23,35.0,250
250.0,27,43.03,-250
250.5,1,35.4,250
250.5,3,40.16,1250
250.5,6,42.93,1000
250.5,9,46.91,2000
250.5,14,40.24,3000
250.5,15,46.18,-2750
250.5,18,46.01,250
250.5,21,44.04,250
250.5,22,42.68,1250
250.5,26,36.21,-2000
250.5,27,41.2,0
251.0,3,41.54,1250
251.0,6,41.34,1000
251.0,8,35.34,-2750
251.0,9,46.21,2000
251.0,14,41.1,3000
251.0,15,46.34,-2750
251.0,17,35.44,-4750
251.0,18,45.28,0
251.0,21,43.79,250
251.0,22,43.54,1250
251.0,27,42.7,-250
251.5,3,41.5,1250
251.5,6,42.37,1000
251.5,9,46.08,2000
251.5,15,46.68,-2750
251.5,18,45.43,0
251.5,21,44.8,250
251.5,22,44.44,1500
251.5,27,40.63,0
252.0,3,35.76,1250
252.0,6,43.98,1000
252.0,9,46.16,2000
252.0,15,46.07,-2750
252.0,18,46.1,250
252.0,21,43.84,250
252.0,22,45.9,1500
252.0,27,41.23,0
252.5,1,35.12,-3000
252.5,3,39.1,1250
252.5,6,42.21,1000
252.5,9,45.5,2000
252.5,15,47.33,-2750
252.5,18,45.55,0
252.5,19,35.36,2000
252.5,21,44.22,250
252.5,22,44.81,1500
252.5,26,35.15,3000
252.5,27,40.57,-250
252.5,28,35.02,-5000
252.5,29,35.23,1000
253.0,3,39.75,1250
253.0,6,41.84,1000
253.0,9,47.17,2000
253.0,15,46.71,-2750
253.0,18,46.23,250
253.0,21,42.45,250
253.0,22,44.93,1500
253.0,25,35.38,-3750
253.0,27,41.33,-250
253.0,29,35.21,-2750
253.0,32,35.03,-1750
253.5,3,38.51,1250
253.5,6,42.83,1000
253.5,9,46.16,2000
253.5,11,35.05,1250
253.5,13,35.22,-750
253.5,15,45.95,-2750
253.5,18,46.75,250
253.5,21,42.82,250
253.5,22,43.11,1250
253.5,23,35.55,2250
253.5,27,41.09,0
254.0,2,35.1,1250
254.0,3,39.59,1250
254.0,6,42.32,1000
254.0,9,45.62,2000
254.0,15,47.17,-2750
254.0,18,47.22,250
254.0,21,43.8,250
254.0,22,41.6,1250
254.0,27,41.57,0
254.5,3,40.66,1250
254.5,6,42.63,1000
254.5,9,45.4,2000
254.5,12,35.87,1500
254.5,15,46.94,-2750
254.5,18,45.79,0
254.5,21,43.35,250
254.5,22,44.5,1500
254.5,27,42.95,-250
255.0,3,41.76,1250
255.0,6,41.49,1000
255.0,9,45.92,2000
255.0,14,35.52,-2750
255.0,15,47.43,-2750
255.0,18,45.85,0
255.0,21,43.47,250
255.0,22,45.69,1500
255.0,23,35.3,-5000
255.0,27,44.32,-250
255.5,3,40.99,1250
255.5,6,43.66,1000
255.5,9,46.23,2000
255.5,12,35.43,3250
255.5,15,46.33,-2750
255.5,16,35.33,-4750
255.5,18,46.94,250
255.5,21,43.55,250
255.5,22,45.37,1500
255.5,24,35.04,4250
255.5,25,35.16,-2750
255.5,27,43.82,-250
255.5,30,35.06,250
256.0,3,40.29,1250
256.0,6,42.37,1000
256.0,9,46.26,2000
256.0,14,35.09,1250
256.0,15,46.9,-2750
256.0,18,46.49,250
256.0,21,43.72,250
256.0,22,45.55,1500
256.0,27,43.68,-250
256.5,3,40.12,1250
256.5,5,35.3,-4750
256.5,6,43.19,1000
256.5,9,45.93,2000
256.5,15,46.84,-2750
256.5,18,46.35,250
256.5,21,41.21,250
256.5,22,44.9,1500
256.5,27,44.16,-250
257.0,3,41.17,1250
257.0,6,42.93,1000
257.0,9,45.85,2000
257.0,15,46.66,-2750
257.0,18,46.57,250
257.0,21,42.9,250
257.0,22,45.81,1500
257.0,27,42.63,-250
257.5,3,41.02,1250
257.5,6,41.31,1000
257.5,9,46.06,2000
257.5,10,35.54,2000
257.5,15,46.45,-2750
257.5,18,46.08,0
257.5,21,43.98,250
257.5,22,45.9,1500
257.5,27,43.28,-250
257.5,30,35.61,250
258.0,3,41.45,1250
258.0,5,35.62,-4750
258.0,6,41.89,1000
258.0,9,46.1,2000
258.0,15,46.84,-2750
258.0,18,45.96,250
258.0,21,41.6,250
258.0,22,46.29,1500
258.0,27,44.73,-250
258.5,3,38.88,1250
258.5,6,42.32,1000
258.5,9,45.06,2000
258.5,15,46.94,-2750
258.5,18,45.52,250
258.5,21,41.77,250
258.5,22,46.29,1500
258.5,27,43.46,-250
259.0,3,40.58,1250
259.0,6,41.3,1000
259.0,9,46.04,2000
259.0,15,46.61,-2750
259.0,18,46.54,250
259.0,21,44.33,250
259.0,22,45.53,1500
259.0,26,35.43,-3750
259.0,27,43.38,-250
259.5,3,41.32,1250
259.5,6,42.42,1000
259.5,9,45.23,2000
259.5,15,46.07,-2750
259.5,18,46.78,250
259.5,21,44.32,250
259.5,22,46.11,1500
259.5,27,43.84,-250
259.5,32,35.24,4250
260.0,3,40.19,1250
260.0,6,40.9,1000
260.0,9,44.84,2000
260.0,13,35.05,2250
260.0,14,35.06,2000
260.0,15,47.01,-2750
260.0,16,35.44,5500
260.0,18,46.72,0
260.0,21,45.24,250
260.0,22,45.45,1500
260.0,27,43.34,-250
260.0,29,35.12,2250
260.5,3,42.43,1250
260.5,6,41.93,1000
260.5,9,44.95,2000
260.5,15,46.86,-2750
260.5,18,46.23,250
260.5,20,36.6,-250
260.5,21,42.13,250
260.5,22,46.64,1500
260.5,27,44.79,-250
261.0,3,40.05,1250
261.0,6,42.59,1000
261.0,9,45.4,2000
261.0,15,46.36,-2750
261.0,17,35.57,-5750
261.0,18,45.81,250
261.0,21,41.87,250
261.0,22,46.52,1500
261.0,27,44.5,-250
261.5,3,40.12,1250
261.5,6,39.11,1000
261.5,9,45.01,2000
261.5,15,48.05,-2750
261.5,18,46.69,0
261.5,21,42.97,250
261.5,22,45.81,1500
261.5,27,42.93,-250
262.0,3,37.19,1250
262.0,6,41.87,1000
262.0,9,45.54,2000
262.0,15,46.08,-2750
262.0,18,47.25,250
262.0,21,43.08,250
262.0,22,46.15,1500
262.0,27,44.09,-250
262.5,3,41.43,1250
262.5,6,40.64,1000
262.5,9,45.13,2000
262.5,15,46.59,-2750
262.5,18,45.83,0
262.5,21,44.69,250
262.5,22,45.75,1500
262.5,27,43.28,-250
263.0,3,39.8,1250
263.0,6,42.33,1000
263.0,8,35.19,5000
263.0,9,44.59,2000
263.0,11,35.07,-2750
263.0,15,46.52,-2750
263.0,18,46.0,0
263.0,21,44.5,250
263.0,22,46.31,1500
263.0,27,44.79,-250
263.0,32,35.1,1500
263.5,3,42.03,1250
263.5,6,41.71,1000
263.5,9,45.12,2000
263.5,15,46.96,-2750
263.5,16,35.44,-2750
263.5,18,46.53,0
263.5,21,44.59,250
263.5,22,45.2,1500
263.5,27,43.26,-250
263.5,28,35.07,-4750
263.5,31,35.63,3000
264.0,3,40.58,1250
264.0,6,42.4,1000
264.0,7,35.5,1250
264.0,9,44.36,2000
264.0,15,46.82,-2750
264.0,18,46.36,0
264.0,20,35.14,-6000
264.0,21,45.09,250
264.0,22,46.59,1500
264.0,27,44.72,-250
264.5,3,40.44,1250
264.5,6,40.17,1000
264.5,9,45.53,2000
264.5,10,36.02,3500
264.5,11,35.62,-500
264.5,15,47.13,-2750
264.5,16,35.32,-4000
264.5,18,46.17,0
264.5,20,35.3,2250
264.5,21,42.96,250
264.5,22,46.08,1500
264.5,25,35.38,-2250
264.5,27,43.87,-250
265.0,3,40.86,1250
265.0,6,42.39,1000
265.0,9,45.23,2000
265.0,15,45.5,-2750
265.0,18,47.26,250
265.0,21,43.25,250
265.0,22,46.14,1500
265.0,27,44.85,-250
265.5,2,35.3,-3750
265.5,3,40.58,1250
265.5,6,42.8,1000
265.5,9,45.45,2000
265.5,15,46.87,-2750
265.5,18,46.86,250
265.5,21,44.85,250
265.5,22,46.63,1500
265.5,27,43.87,-250
266.0,3,39.57,1250
266.0,6,43.32,1000
266.0,9,45.33,2000
266.0,15,46.31,-2750
266.0,18,46.95,250
266.0,21,41.87,250
266.0,22,46.42,1500
266.0,27,45.43,-250
266.0,31,35.09,-5750
266.5,3,41.28,1250
266.5,6,43.4,1000
266.5,9,44.67,2000
266.5,13,35.78,250
266.5,15,45.33,-2750
266.5,18,46.31,250
266.5,21,44.87,250
266.5,22,46.21,1500
266.5,27,44.38,-250
267.0,3,39.93,1250
267.0,6,41.73,1000
267.0,9,44.62,2000
267.0,14,35.47,-3500
267.0,15,45.57,-2750
267.0,18,47.1,250
267.0,21,44.29,250
267.0,22,45.59,1500
267.0,27,43.73,-250
267.5,3,37.69,1250
267.5,6,43.2,1000
267.5,9,44.89,2000
267.5,10,35.12,500
267.5,15,46.4,-2750
267.5,18,47.11,0
267.5,21,44.32,250
267.5,22,46.48,1500
267.5,27,44.73,-250
268.0,3,40.63,1250
268.0,6,43.49,1000
268.0,9,44.28,2000
268.0,11,35.28,-2750
268.0,15,46.94,-2750
268.0,18,46.08,250
268.0,21,43.51,250
268.0,22,46.37,1500
268.0,27,43.85,-250
268.0,28,35.32,-3750
268.5,3,40.22,1250
268.5,6,43.61,1000
268.5,9,44.05,2000
268.5,15,47.09,-2750
268.5,18,46.52,250
268.5,21,42.65,250
268.5,22,45.68,1500
268.5,27,45.51,-250
269.0,3,38.56,1250
269.0,6,43.07,1000
269.0,9,44.46,2000
269.0,10,35.4,1250
269.0,15,46.88,-2750
269.0,18,46.79,250
269.0,21,43.05,250
269.0,22,46.37,1500
269.0,27,43.81,-250
269.5,3,39.51,1250
269.5,6,42.98,1000
269.5,9,44.07,2000
269.5,11,35.03,5250
269.5,15,47.59,-2750
269.5,18,45.46,0
269.5,21,43.08,250
269.5,22,46.08,1500
269.5,27,43.82,-250
269.5,29,35.14,1250
270.0,3,40.39,1250
270.0,6,43.07,1000
270.0,9,44.17,2000
270.0,14,35.36,1000
270.0,15,47.67,-2750
270.0,18,45.39,0
270.0,21,41.99,250
270.0,22,46.65,1500
270.0,27,44.19,-250
270.0,28,35.27,-5000
270.5,3,38.69,1250
270.5,6,43.8,1000
270.5,8,35.04,4250
270.5,9,44.16,2000
270.5,10,35.25,-750
270.5,11,35.04,250
270.5,15,46.55,-2750
270.5,18,46.51,250
270.5,21,43.03,250
270.5,22,46.7,1500
270.5,27,43.16,-250
271.0,3,38.55,1250
271.0,6,43.11,1000
271.0,9,44.61,2000
271.0,12,35.84,-5750
271.0,15,47.06,-2750
271.0,18,46.62,250
271.0,21,44.24,250
271.0,22,46.72,1500
271.0,27,44.88,-250
271.5,3,38.87,1250
271.5,6,42.85,1000
271.5,9,45.02,2000
271.5,15,46.87,-2750
271.5,18,46.74,250
271.5,21,43.36,250
271.5,22,47.06,1500
271.5,27,44.22,-250
272.0,3,40.7,1250
272.0,6,43.19,1000
272.0,9,43.61,2000
272.0,15,47.63,-2750
272.0,18,45.17,0
272.0,21,43.12,250
272.0,22,46.23,1500
272.0,27,43.84,-250
272.5,3,39.98,1250
272.5,6,41.89,1000
272.5,7,35.22,2000
272.5,9,44.8,2000
272.5,15,47.92,-2750
272.5,18,46.01,0
272.5,19,35.17,3250
272.5,21,43.24,250
272.5,22,47.2,1500
272.5,27,45.21,-250
272.5,29,35.71,-4000
272.5,31,35.09,-2750
273.0,3,40.06,1250
273.0,6,41.4,1000
273.0,9,43.9,2000
273.0,15,46.87,-2750
273.0,18,46.71,250
273.0,21,42.17,250
273.0,22,46.43,1500
273.0,27,44.31,-250
273.0,28,35.03,-1750
273.5,3,39.56,1250
273.5,6,42.21,1000
273.5,9,45.83,2000
273.5,15,45.99,-2750
273.5,18,47.15,250
273.5,21,44.01,250
273.5,22,47.51,1500
273.5,27,42.65,-250
273.5,32,35.29,2250
274.0,3,40.0,1250
274.0,6,41.77,1000
274.0,9,44.95,2000
274.0,15,45.47,-2750
274.0,18,47.3,250
274.0,21,43.53,250
274.0,22,46.76,1500
274.0,27,43.63,-250
274.5,3,40.49,1250
274.5,6,42.02,1000
274.5,9,43.59,2000
274.5,12,35.31,5500
274.5,15,46.87,-2750
274.5,18,45.75,0
274.5,21,45.14,250
274.5,22,46.14,1500
274.5,27,43.24,-250
274.5,30,35.45,2000
275.0,2,35.36,-2750
275.0,3,40.6,1250
275.0,6,41.58,1000
275.0,9,45.24,2000
275.0,15,46.31,-2750
275.0,18,46.63,250
275.0,21,42.85,250
275.0,22,46.54,1500
275.0,27,43.27,-250
275.5,3,40.58,1250
275.5,6,42.16,1000
275.5,9,45.79,2000
275.5,14,35.03,-4750
275.5,15,45.8,-2750
275.5,18,45.64,0
275.5,21,44.17,250
275.5,22,46.54,1500
275.5,27,44.23,-250
275.5,30,35.49,0
276.0,3,41.32,1250
276.0,6,42.22,1000
276.0,9,45.4,2000
276.0,15,47.01,-2750
276.0,18,46.91,250
276.0,21,42.32,250
276.0,22,46.46,1500
276.0,27,44.14,-250
276.5,1,35.26,1500
276.5,3,39.03,1250
276.5,6,41.49,1000
276.5,9,44.33,2000
276.5,10,35.19,250
276.5,15,47.28,-2750
276.5,18,45.83,0
276.5,21,45.14,250
276.5,22,46.42,1500
276.5,23,35.18,-6000
276.5,27,44.45,-250
276.5,29,41.41,-3500
276.5,31,35.26,5250
276.5,32,35.14,1250
277.0,3,40.05,1250
277.0,6,41.74,1000
277.0,9,42.72,2000
277.0,15,47.39,-2750
277.0,18,46.8,0
277.0,21,42.52,250
277.0,22,45.81,1500
277.0,27,44.58,-250
277.0,28,35.14,-4750
277.0,29,39.32,-3500
277.0,30,35.63,-1750
277.5,3,38.05,1250
277.5,6,43.29,1000
277.5,9,45.41,2000
277.5,15,46.61,-2750
277.5,18,46.83,250
277.5,21,43.6,250
277.5,22,47.62,1500
277.5,27,43.25,-250
278.0,3,38.08,1250
278.0,6,43.02,1000
278.0,9,44.55,2000
278.0,14,35.14,3250
278.0,15,46.07,-2750
278.0,18,47.73,250
278.0,21,42.68,250
278.0,22,46.44,1500
278.0,27,43.77,-250
278.0,29,39.68,-3500
278.5,3,41.35,1250
278.5,5,35.44,2000
278.5,6,41.7,1000
278.5,8,35.25,3500
278.5,9,45.67,2000
278.5,13,35.29,2000
278.5,15,46.93,-2750
278.5,18,46.23,0
278.5,19,36.24,-2000
278.5,20,35.09,-3250
278.5,21,43.22,250
278.5,22,45.76,1500
278.5,27,44.97,-250
278.5,29,37.53,-3500
279.0,1,35.01,-2750
279.0,3,38.7,1250
279.0,6,42.36,1000
279.0,9,46.33,2000
279.0,15,46.94,-2750
279.0,18,46.88,250
279.0,21,43.41,250
279.0,22,46.8,1500
279.0,27,44.06,-250
279.5,1,35.19,4250
279.5,3,39.25,1250
279.5,5,35.25,-3750
279.5,6,42.15,1000
279.5,9,43.78,2000
279.5,11,35.69,-4750
279.5,12,35.13,-3750
279.5,15,47.73,-2750
279.5,16,35.49,-3500
279.5,18,45.24,0
279.5,21,44.36,250
279.5,22,45.67,1500
279.5,27,44.52,-250
279.5,29,40.46,-3500
280.0,3,40.55,1250
280.0,6,42.69,1000
280.0,9,45.71,2000
280.0,14,39.56,3000
280.0,15,46.35,-2750
280.0,18,47.32,250
280.0,21,43.51,250
280.0,22,46.39,1500
280.0,27,44.94,-250
280.5,3,39.44,1250
280.5,6,42.25,1000
280.5,9,45.3,2000
280.5,14,38.18,3000
280.5,15,46.65,-2750
280.5,18,46.82,250
280.5,21,43.3,250
280.5,22,46.56,1500
280.5,27,44.6,-250
281.0,3,39.58,1250
281.0,4,35.42,0
281.0,6,42.14,1000
281.0,7,35.51,-4750
281.0,9,44.15,2000
281.0,13,35.71,4000
281.0,14,42.16,3000
281.0,15,47.26,-2750
281.0,18,45.65,0
281.0,19,35.48,3500
281.0,21,44.94,250
281.0,22,46.3,1500
281.0,27,43.44,-250
281.0,32,35.08,5500
281.5,1,35.16,3250
281.5,3,41.97,1250
281.5,4,35.39,-3000
281.5,6,40.53,1000
281.5,9,45.47,2000
281.5,14,41.53,3000
281.5,15,46.42,-2750
281.5,16,35.03,-3000
281.5,18,45.58,0
281.5,21,43.86,250
281.5,22,46.56,1500
281.5,26,35.03,-1750
281.5,27,42.9,-250
281.5,30,35.05,0
282.0,3,40.7,1250
282.0,6,41.86,1000
282.0,9,45.01,2000
282.0,13,35.01,250
282.0,14,40.66,3000
282.0,15,45.45,-2750
282.0,18,47.08,250
282.0,21,43.53,250
282.0,22,46.34,1500
282.0,27,42.32,-250
282.5,3,41.45,1250
282.5,6,42.9,1000
282.5,9,45.13,2000
282.5,14,40.7,3000
282.5,15,46.37,-2750
282.5,18,46.77,250
282.5,21,42.92,250
282.5,22,46.56,1500
282.5,27,44.15,-250
282.5,29,39.41,-3500
282.5,30,35.33,-5750
283.0,1,35.1,1250
283.0,3,42.68,1250
283.0,6,42.21,1000
283.0,9,46.13,2000
283.0,15,46.0,-2750
283.0,18,46.52,250
283.0,21,42.69,250
283.0,22,45.73,1500
283.0,27,42.95,-250
283.0,29,42.67,-3500
283.5,3,42.43,1250
283.5,6,41.43,1000
283.5,8,35.18,-2750
283.5,9,46.26,2000
283.5,13,35.36,5250
283.5,14,38.26,3000
283.5,15,45.22,-2750
283.5,18,46.96,250
283.5,21,43.55,250
283.5,22,46.26,1500
283.5,27,43.61,-250
283.5,29,40.99,-3500
284.0,3,40.33,1250
284.0,6,42.11,1000
284.0,9,46.43,2000
284.0,14,40.28,3000
284.0,15,46.49,-2750
284.0,18,46.23,250
284.0,21,43.97,250
284.0,22,46.67,1500
284.0,27,43.52,-250
284.0,29,40.34,-3500
284.5,3,39.93,1250
284.5,6,42.2,1000
284.5,7,35.15,-5750
284.5,9,45.54,2000
284.5,14,42.67,3000
284.5,15,46.3,-2750
284.5,18,46.27,250
284.5,21,42.31,250
284.5,22,46.36,1500
284.5,27,41.77,-250
284.5,29,40.8,-3500
285.0,1,35.03,2250
285.0,3,40.26,1250
285.0,6,40.68,1000
285.0,9,44.99,2000
285.0,14,42.77,3000
285.0,15,46.05,-2750
285.0,18,47.13,250
285.0,21,42.52,250
285.0,22,47.22,1500
285.0,27,43.34,-250
285.0,29,37.29,-3500
285.5,3,40.33,1250
285.5,6,42.4,1000
285.5,9,45.18,2000
285.5,14,38.03,3000
285.5,15,45.78,-2750
285.5,18,47.53,250
285.5,21,43.5,250
285.5,22,46.54,1500
285.5,27,42.5,-250
285.5,29,39.05,-3500
286.0,2,35.08,2000
286.0,3,39.02,1250
286.0,5,35.37,3000
286.0,6,40.91,1000
286.0,9,46.03,2000
286.0,14,40.38,3000
286.0,15,47.4,-2750
286.0,16,35.15,250
286.0,18,46.16,0
286.0,21,44.24,250
286.0,22,46.11,1500
286.0,23,35.03,1000
286.0,27,43.24,-250
286.0,29,35.38,-3500
286.5,3,41.02,1250
286.5,6,42.19,1000
286.5,9,45.45,2000
286.5,14,38.85,3000
286.5,15,45.79,-2750
286.5,18,46.66,250
286.5,21,42.78,250
286.5,22,46.26,1500
286.5,27,44.31,-250
286.5,29,38.49,-3500
287.0,3,40.65,1250
287.0,6,41.84,1000
287.0,9,44.92,2000
287.0,14,37.35,3000
287.0,15,46.73,-2750
287.0,18,45.4,0
287.0,21,43.53,250
287.0,22,47.02,1500
287.0,27,42.26,-250
287.0,29,37.21,-3500
287.5,1,35.03,2000
287.5,3,41.93,1250
287.5,6,40.16,1000
287.5,9,46.31,2000
287.5,14,40.6,3000
287.5,15,46.63,-2750
287.5,18,45.67,0
287.5,21,43.87,250
287.5,22,46.49,1500
287.5,27,43.35,-250
287.5,29,36.4,2000
287.5,31,35.07,-3750
288.0,3,43.39,1250
288.0,6,42.26,1000
288.0,9,45.07,2000
288.0,14,37.63,3000
288.0,15,46.52,-2750
288.0,17,35.3,5000
288.0,18,45.69,0
288.0,21,43.76,250
288.0,22,46.66,1500
288.0,25,35.5,1500
288.0,27,42.73,-250
288.5,3,40.87,1250
288.5,6,42.1,1000
288.5,9,45.65,2000
288.5,14,42.22,3000
288.5,15,46.15,-2750
288.5,17,35.39,3250
288.5,18,47.04,250
288.5,21,43.16,250
288.5,22,46.96,1500
288.5,25,36.06,1000
288.5,27,43.5,-250
288.5,29,36.39,-4750
289.0,3,41.11,1250
289.0,5,35.7,250
289.0,6,41.08,1000
289.0,9,45.46,2000
289.0,10,35.6,-1750
289.0,14,42.44,3000
289.0,15,45.57,-2750
289.0,18,46.61,250
289.0,21,42.85,250
289.0,22,46.82,1500
289.0,23,35.01,250
289.0,27,43.98,-250
289.5,2,35.08,-3750
289.5,3,41.71,1250
289.5,6,42.97,1000
289.5,9,46.23,2000
289.5,14,42.68,3000
289.5,15,45.35,-2750
289.5,18,46.48,250
289.5,21,43.67,250
289.5,22,47.04,1500
289.5,27,42.35,-250
290.0,3,40.27,1250
290.0,6,42.92,1000
290.0,9,44.76,2000
290.0,14,42.94,3000
290.0,15,46.19,-2750
290.0,18,46.42,250
290.0,21,43.9,250
290.0,22,46.9,1500
290.0,27,43.54,-250
290.5,3,42.45,1250
290.5,6,42.56,1000
290.5,9,44.91,2000
290.5,14,40.27,3000
290.5,15,44.94,-2750
290.5,18,46.96,250
290.5,21,44.08,250
290.5,22,47.26,1500
290.5,24,35.14,250
290.5,27,43.34,-250
291.0,3,41.31,1250
291.0,6,40.76,1000
291.0,9,44.83,2000
291.0,14,39.1,3000
291.0,15,46.93,-2750
291.0,18,46.49,0
291.0,21,44.38,250
291.0,22,46.26,1500
291.0,27,42.97,-250
291.0,31,35.76,5500
291.5,3,39.75,1250
291.5,6,42.43,1000
291.5,9,46.3,2000
291.5,11,35.32,250
291.5,14,41.3,3000
291.5,15,45.99,-2750
291.5,16,35.31,-1750
291.5,18,46.69,250
291.5,21,43.48,250
291.5,22,46.97,1500
291.5,27,42.65,-250
292.0,2,35.22,5250
292.0,3,41.9,1250
292.0,6,42.83,1000
292.0,7,35.05,-3750
292.0,9,45.2,2000
292.0,11,35.28,4000
292.0,14,42.96,3000
292.0,15,46.56,-2750
292.0,18,44.89,0
292.0,21,42.35,250
292.0,22,46.77,1500
292.0,25,35.34,0
292.0,26,35.3,2500
292.0,27,43.53,-250
292.0,28,35.35,-1750
292.0,31,35.09,-1000
292.5,3,41.72,1250
292.5,6,41.41,1000
292.5,9,45.58,2000
292.5,14,41.45,3000
292.5,15,46.12,-2750
292.5,18,46.78,250
292.5,21,42.5,250
292.5,22,46.5,1500
292.5,27,42.99,-250
292.5,32,35.69,250
293.0,3,42.0,1250
293.0,6,41.15,1000
293.0,8,35.14,4250
293.0,9,45.32,2000
293.0,12,35.29,5500
293.0,14,43.16,3000
293.0,15,46.57,-2750
293.0,18,45.49,0
293.0,21,43.52,250
293.0,22,46.24,1500
293.0,27,42.92,-250
293.5,3,40.09,1250
293.5,6,41.69,1000
293.5,9,45.91,2000
293.5,14,42.0,3000
293.5,15,46.49,-2750
293.5,16,35.66,-4000
293.5,18,45.45,0
293.5,21,44.28,250
293.5,22,46.64,1500
293.5,25,35.6,1250
293.5,27,43.28,-250
293.5,31,35.15,2500
294.0,1,35.08,1000
294.0,3,37.55,1250
294.0,5,35.11,-1000
294.0,6,40.77,1000
294.0,9,45.75,2000
294.0,14,40.72,3000
294.0,15,46.28,-2750
294.0,17,35.22,2250
294.0,18,45.24,0
294.0,21,44.59,250
294.0,22,45.99,1500
294.0,27,42.39,-250
294.0,32,35.24,2250
294.5,1,35.96,-1000
294.5,3,39.28,1250
294.5,6,38.84,1000
294.5,9,45.16,2000
294.5,10,35.14,4250
294.5,14,41.51,3000
294.5,15,47.17,-2750
294.5,18,46.19,0
294.5,21,43.8,250
294.5,22,45.48,1500
294.5,27,42.35,-250
295.0,3,39.15,1250
295.0,6,41.5,1000
295.0,9,46.24,2000
295.0,10,35.1,1250
295.0,13,35.59,4250
295.0,14,41.69,3000
295.0,15,46.15,-2750
295.0,18,47.17,250
295.0,19,35.25,3250
295.0,21,43.2,250
295.0,22,46.33,1500
295.0,27,43.36,-250
295.5,1,35.16,-3750
295.5,3,40.18,1250
295.5,6,42.34,1000
295.5,9,46.47,2000
295.5,10,35.48,-750
295.5,13,35.37,-1750
295.5,14,41.89,3000
295.5,15,45.7,-2750
295.5,18,46.49,250
295.5,21,42.79,250
295.5,22,46.42,1500
295.5,23,35.82,-750
295.5,25,35.01,4250
295.5,27,44.16,-250
296.0,2,35.5,1250
296.0,3,40.88,1250
296.0,6,42.81,1000
296.0,9,45.98,2000
296.0,14,41.4,3000
296.0,15,45.62,-2750
296.0,18,46.91,250
296.0,21,44.16,250
296.0,22,45.8,1500
296.0,26,35.45,-3750
296.0,27,44.62,-250
296.5,3,40.44,1250
296.5,6,41.89,1000
296.5,9,46.06,2000
296.5,14,41.08,3000
296.5,15,45.7,-2750
296.5,18,46.97,250
296.5,21,42.63,250
296.5,22,45.38,1500
296.5,27,42.59,-250
297.0,3,39.93,1250
297.0,6,41.27,1000
297.0,9,46.07,2000
297.0,14,38.64,3000
297.0,15,45.79,-2750
297.0,18,47.21,250
297.0,21,43.54,250
297.0,22,46.06,1500
297.0,27,43.28,-250
297.5,1,35.74,4000
297.5,3,41.21,1250
297.5,6,43.77,1000
297.5,9,45.39,2000
297.5,12,35.88,-1500
297.5,14,39.21,3000
297.5,15,46.77,-2750
297.5,16,35.14,1500
297.5,18,45.51,0
297.5,21,44.1,250
297.5,22,46.44,1500
297.5,27,43.52,-250
297.5,28,35.1,3500
297.5,31,35.73,-4750
298.0,3,40.58,1250
298.0,6,42.86,1000
298.0,8,35.42,-750
298.0,9,46.17,2000
298.0,12,35.12,250
298.0,14,41.0,3000
298.0,15,46.33,-2750
298.0,18,47.11,250
298.0,21,42.48,250
298.0,22,46.3,1500
298.0,26,35.65,-1750
298.0,27,43.62,-250
298.5,3,40.26,1250
298.5,6,38.58,1000
298.5,9,45.52,2000
298.5,14,42.63,3000
298.5,15,46.82,-2750
298.5,18,46.44,250
298.5,19,35.44,1250
298.5,21,42.57,250
298.5,22,46.93,1500
298.5,27,43.55,-250
299.0,3,37.86,1250
299.0,5,35.82,250
299.0,6,42.76,1000
299.0,9,45.71,2000
299.0,14,37.76,3000
299.0,15,47.21,-2750
299.0,18,46.5,250
299.0,21,42.23,250
299.0,22,46.7,1500
299.0,27,44.97,-250
299.5,3,42.18,1250
299.5,6,42.13,1000
299.5,9,43.99,2000
299.5,14,40.23,3000
299.5,15,47.2,-2750
299.5,18,45.5,0
299.5,21,43.75,250
299.5,22,46.69,1500
299.5,23,36.56,-2750
299.5,27,43.2,-250
300.0,2,35.03,-2750
300.0,3,41.25,1250
300.0,6,40.2,1000
300.0,9,46.09,2000
300.0,14,42.81,3000
300.0,15,45.68,-2750
300.0,18,47.86,250
300.0,21,42.34,250
300.0,22,45.78,1500
300.0,27,45.0,-250
300.5,3,40.22,1250
300.5,6,41.88,1000
300.5,9,45.32,2000
300.5,14,42.16,3000
300.5,15,45.9,-2750
300.5,18,47.14,250
300.5,21,42.6,250
300.5,22,45.98,1500
300.5,27,42.86,-250
300.5,29,44.36,-3500
300.5,32,35.55,-2750
301.0,3,40.32,1250
301.0,4,35.75,-1500
301.0,6,43.29,1000
301.0,9,45.66,2000
301.0,14,41.79,3000
301.0,15,44.59,-2750
301.0,18,47.23,250
301.0,21,43.06,250
301.0,22,46.1,1500
301.0,27,43.5,-250
301.0,29,43.69,-3500
301.5,3,39.85,1250
301.5,6,42.41,1000
301.5,7,35.37,1250
301.5,8,35.03,5250
301.5,9,46.05,2000
301.5,14,41.1,3000
301.5,15,44.95,-2750
301.5,18,47.13,250
301.5,21,43.5,250
301.5,22,45.65,1500
301.5,27,44.14,-250
301.5,29,42.35,-3500
302.0,2,35.98,3750
302.0,3,41.43,1250
302.0,6,41.2,1000
302.0,9,43.68,2000
302.0,14,40.5,3000
302.0,15,46.77,-2750
302.0,18,45.77,0
302.0,21,45.26,250
302.0,22,44.48,1500
302.0,25,35.19,4000
302.0,27,43.82,-250
302.0,29,41.86,-3500
302.5,3,40.76,1250
302.5,6,40.69,1000
302.5,9,43.44,2000
302.5,10,35.8,-750
302.5,14,42.33,3000
302.5,15,46.88,-2750
302.5,18,45.8,0
302.5,21,43.99,250
302.5,22,45.48,1500
302.5,24,36.56,3750
302.5,27,43.91,-250
302.5,29,43.03,-3500
303.0,2,35.24,2250
303.0,3,39.64,1250
303.0,5,35.17,-2750
303.0,6,42.01,1000
303.0,9,44.95,2000
303.0,14,42.85,3000
303.0,15,45.85,-2750
303.0,18,47.42,250
303.0,21,43.3,250
303.0,22,46.2,1500
303.0,27,44.68,-250
303.0,29,42.76,-3500
303.5,3,39.33,1250
303.5,6,39.87,1000
303.5,9,45.06,2000
303.5,11,35.76,5250
303.5,14,43.58,3000
303.5,15,45.94,-2750
303.5,18,47.08,250
303.5,21,44.37,250
303.5,22,45.65,1500
303.5,27,44.18,-250
303.5,29,42.24,-3500
304.0,3,38.89,1250
304.0,6,41.63,1000
304.0,9,45.29,2000
304.0,14,42.26,3000
304.0,15,45.47,-2750
304.0,18,47.36,250
304.0,21,44.32,250
304.0,22,45.8,1500
304.0,23,35.07,-4750
304.0,25,35.34,4250
304.0,27,43.66,-250
304.0,29,43.13,-3500
304.5,3,42.25,1250
304.5,6,41.19,1000
304.5,9,44.76,2000
304.5,10,35.43,-1750
304.5,14,41.81,3000
304.5,15,46.58,-2750
304.5,16,35.21,250
304.5,17,35.68,3250
304.5,18,45.25,0
304.5,21,45.01,250
304.5,22,45.63,1500
304.5,27,44.2,-250
304.5,29,42.32,-3500
305.0,3,38.41,1250
305.0,6,41.09,1000
305.0,9,44.9,2000
305.0,14,41.82,3000
305.0,15,45.11,-2750
305.0,18,47.64,250
305.0,21,43.79,250
305.0,22,45.9,1500
305.0,27,44.2,-250
305.0,29,42.64,-3500
305.5,3,41.43,1250
305.5,6,40.51,1000
305.5,8,35.0,-5000
305.5,9,44.49,2000
305.5,11,35.45,-2000
305.5,14,41.51,3000
305.5,15,46.41,-2750
305.5,18,45.73,0
305.5,21,44.37,250
305.5,22,45.15,1500
305.5,27,43.3,-250
305.5,29,42.68,-3500
306.0,3,40.41,1250
306.0,6,41.28,1000
306.0,9,45.09,2000
306.0,14,42.67,3000
306.0,15,45.17,-2750
306.0,18,47.27,250
306.0,21,43.61,250
306.0,22,45.92,1500
306.0,27,45.28,-250
306.0,29,43.31,-3500
306.5,3,41.77,1250
306.5,5,35.91,-750
306.5,6,39.1,1000
306.5,9,44.48,1750
306.5,13,35.26,1250
306.5,14,40.93,3000
306.5,15,46.94,-2750
306.5,16,35.31,-3750
306.5,18,45.64,0
306.5,19,35.16,500
306.5,21,44.65,250
306.5,22,45.06,1500
306.5,27,44.2,-250
306.5,29,43.16,-3500
307.0,3,40.45,1250
307.0,5,35.17,-2500
307.0,6,40.99,1000
307.0,9,43.92,2000
307.0,14,41.59,3000
307.0,15,46.46,-2750
307.0,18,46.56,0
307.0,21,44.29,250
307.0,22,45.02,1500
307.0,24,36.19,4750
307.0,27,43.62,-250
307.0,28,35.22,5000
307.0,29,42.8,-3500
307.0,30,35.51,3000
307.0,32,35.21,-3500
307.5,3,40.07,1250
307.5,6,40.98,1000
307.5,9,44.17,2000
307.5,11,35.32,-3750
307.5,12,35.05,4250
307.5,14,42.1,3000
307.5,15,46.06,-2750
307.5,18,47.02,250
307.5,21,42.72,250
307.5,22,46.19,1500
307.5,24,35.74,-1750
307.5,27,44.03,-250
307.5,29,43.0,-3500
308.0,3,39.19,1250
308.0,5,35.24,5250
308.0,6,40.95,1000
308.0,9,44.98,2000
308.0,14,40.48,3000
308.0,15,44.75,-2750
308.0,17,36.5,-750
308.0,18,47.21,250
308.0,19,35.67,-750
308.0,21,44.22,250
308.0,22,45.72,1500
308.0,27,44.5,-250
308.0,29,42.77,-3500
308.5,2,35.18,1250
308.5,3,41.28,1250
308.5,6,40.7,1000
308.5,9,44.58,2000
308.5,10,35.31,2000
308.5,14,40.74,3000
308.5,15,46.5,-2750
308.5,18,46.79,0
308.5,21,45.0,250
308.5,22,44.91,1500
308.5,24,35.05,-5000
308.5,25,35.21,-4750
308.5,27,43.67,-250
308.5,29,42.85,-3500
309.0,3,39.73,1250
309.0,6,42.67,1000
309.0,9,44.77,2000
309.0,14,42.76,3000
309.0,15,45.41,-2750
309.0,18,47.65,250
309.0,21,42.78,250
309.0,22,45.73,1500
309.0,27,43.74,-250
309.0,29,43.23,-3500
309.0,30,35.08,-5750
309.5,3,42.0,1250
309.5,4,35.03,0
309.5,6,40.26,1000
309.5,9,43.33,2000
309.5,12,35.51,-4500
309.5,14,41.29,3000
309.5,15,46.93,-2750
309.5,18,45.69,0
309.5,20,35.35,-2750
309.5,21,43.41,250
309.5,22,44.65,1500
309.5,27,44.65,-250
309.5,29,42.99,-3500
310.0,3,41.13,1250
310.0,6,40.91,1000
310.0,9,44.74,2000
310.0,13,35.6,-2750
310.0,14,42.07,3000
310.0,15,45.97,-2750
310.0,18,46.99,250
310.0,21,44.15,250
310.0,22,46.2,1500
310.0,27,44.01,-250
310.0,29,43.52,-3500
310.5,3,39.12,1250
310.5,6,41.82,1000
310.5,8,35.49,-3750
310.5,9,45.05,2000
310.5,14,42.28,3000
310.5,15,45.61,-2750
310.5,18,47.72,250
310.5,21,42.46,250
310.5,22,45.91,1500
310.5,27,44.23,-250
310.5,29,42.34,-3500
311.0,3,42.64,1250
311.0,6,42.61,1000
311.0,9,44.23,2000
311.0,10,35.18,0
311.0,14,40.84,3000
311.0,15,46.2,-2750
311.0,18,46.7,0
311.0,21,44.43,250
311.0,22,44.7,1500
311.0,25,35.07,4250
311.0,27,44.23,-250
311.0,29,41.84,-3500
311.5,3,42.34,1250
311.5,5,35.58,-5750
311.5,6,40.23,1000
311.5,9,43.28,2000
311.5,14,41.87,3000
311.5,15,46.68,-2750
311.5,18,46.33,0
311.5,21,45.07,250
311.5,22,45.19,1500
311.5,24,35.37,0
311.5,26,35.28,-2750
311.5,27,43.63,-250
311.5,29,42.98,-3500
311.5,30,35.28,4250
312.0,1,35.07,-2750
312.0,3,41.42,1250
312.0,6,42.09,1000
312.0,9,44.19,2000
312.0,12,35.69,5000
312.0,14,40.44,3000
312.0,15,46.67,-2750
312.0,18,45.62,0
312.0,20,35.01,1000
312.0,21,44.59,250
312.0,22,44.53,1500
312.0,24,35.46,4500
312.0,27,43.84,-250
312.0,29,42.22,-3500
312.5,3,39.76,1250
312.5,6,43.65,1000
312.5,9,44.23,2000
312.5,14,42.3,3000
312.5,15,46.05,-2750
312.5,18,47.23,250
312.5,21,42.34,250
312.5,22,45.29,1500
312.5,27,43.93,-250
312.5,29,41.62,-3500
313.0,3,40.14,1250
313.0,6,42.14,1000
313.0,9,43.72,2000
313.0,14,41.83,3000
313.0,15,45.21,-2750
313.0,18,47.19,250
313.0,20,35.62,3250
313.0,21,43.96,250
313.0,22,45.88,1500
313.0,27,44.41,-250
313.0,29,42.63,-3500
313.5,3,40.12,1250
313.5,6,43.55,1000
313.5,9,43.93,2000
313.5,12,35.19,-1750
313.5,14,40.94,3000
313.5,15,46.58,-2750
313.5,17,35.23,-3750
313.5,18,47.42,250
313.5,21,43.13,250
313.5,22,45.39,1500
313.5,27,44.27,-250
313.5,29,43.11,-3500
314.0,3,40.75,1250
314.0,6,43.11,1000
314.0,9,44.01,1750
314.0,14,41.04,3000
314.0,15,47.07,-2750
314.0,16,35.59,-2750
314.0,18,45.47,0
314.0,21,43.72,250
314.0,22,45.12,1500
314.0,26,35.2,3250
314.0,27,43.17,-250
314.0,29,41.73,-3500
314.0,30,35.03,5000
314.0,31,35.06,-2000
314.5,3,41.0,1250
314.5,6,42.73,1000
314.5,9,43.3,2000
314.5,14,40.03,3000
314.5,15,46.83,-2750
314.5,18,46.28,0
314.5,21,43.12,250
314.5,22,45.14,1500
314.5,27,44.45,-250
314.5,29,43.26,-3500
314.5,30,35.0,-3500
315.0,3,41.03,1250
315.0,6,42.23,1000
315.0,9,43.39,2000
315.0,14,40.73,3000
315.0,15,46.11,-2750
315.0,18,46.18,0
315.0,21,45.25,250
315.0,22,44.78,1500
315.0,27,44.2,-250
315.0,29,41.43,-3500
315.5,2,35.44,2500
315.5,3,41.62,1250
315.5,6,42.1,1000
315.5,8,35.05,4500
315.5,9,42.73,2000
315.5,14,41.43,3000
315.5,15,46.58,-2750
315.5,17,35.28,-500
315.5,18,46.06,0
315.5,20,35.26,2250
315.5,21,43.85,250
315.5,22,44.66,1500
315.5,27,44.88,-250
315.5,29,43.3,-3500
316.0,3,42.33,1250
316.0,6,43.1,1000
316.0,9,43.56,2000
316.0,10,35.51,-6000
316.0,13,35.38,-1000
316.0,14,40.08,3000
316.0,15,46.52,-2750
316.0,18,45.6,0
316.0,20,35.43,4000
316.0,21,44.59,250
316.0,22,44.96,1500
316.0,23,35.28,-4750
316.0,26,35.19,-1500
316.0,27,43.22,-250
316.0,29,43.21,-3500
316.5,3,38.61,1250
316.5,6,43.64,1000
316.5,9,44.62,1750
316.5,14,41.19,3000
316.5,15,45.41,-2750
316.5,18,47.58,250
316.5,19,35.3,-750
316.5,21,43.63,250
316.5,22,45.24,1500
316.5,23,35.07,-1750
316.5,27,44.07,-250
316.5,29,43.4,-3500
317.0,3,38.55,1250
317.0,6,42.61,1000
317.0,7,35.2,-1500
317.0,9,43.15,2000
317.0,14,40.14,3000
317.0,15,46.67,-2750
317.0,18,46.43,0
317.0,21,44.91,250
317.0,22,44.26,1500
317.0,27,44.06,-250
317.0,29,41.33,-3500
317.5,1,35.33,-5750
317.5,3,40.14,1250
317.5,6,43.43,1000
317.5,8,35.09,4500
317.5,9,43.72,2000
317.5,14,40.17,3000
317.5,15,45.94,-2750
317.5,17,35.23,5500
317.5,18,45.94,0
317.5,19,35.59,-500
317.5,21,45.52,250
317.5,22,45.44,1500
317.5,27,43.69,-250
317.5,29,42.89,-3500
318.0,3,38.68,1250
318.0,5,35.54,3000
318.0,6,42.86,1000
318.0,9,43.05,2000
318.0,11,35.01,-1000
318.0,14,40.71,3000
318.0,15,46.08,-2750
318.0,18,45.7,0
318.0,21,44.52,250
318.0,22,44.09,1500
318.0,24,35.59,2250
318.0,27,45.11,-250
318.0,29,43.09,-3500
318.5,3,40.59,1250
318.5,6,42.6,1000
318.5,9,43.32,2000
318.5,14,39.31,3000
318.5,15,46.18,-2750
318.5,18,46.69,0
318.5,21,44.71,250
318.5,22,45.16,1500
318.5,25,35.1,2500
318.5,27,43.49,-250
318.5,28,35.17,-5750
318.5,29,42.19,-3500
319.0,1,35.08,250
319.0,3,39.87,1250
319.0,4,35.57,4250
319.0,6,43.67,1000
319.0,9,44.46,2000
319.0,14,39.61,3000
319.0,15,44.65,-2750
319.0,17,35.19,4250
319.0,18,47.45,250
319.0,21,42.2,250
319.0,22,46.21,1500
319.0,24,35.35,4500
319.0,27,44.84,-250
319.0,29,42.86,-3500
319.5,3,41.17,1250
319.5,6,43.93,1000
319.5,9,45.06,2000
319.5,14,40.05,3000
319.5,15,45.83,-2750
319.5,18,47.44,250
319.5,21,42.48,250
319.5,22,45.79,1500
319.5,24,35.14,-2750
319.5,27,43.93,-250
319.5,29,43.16,-3500
319.5,32,35.26,250
320.0,3,37.97,1250
320.0,6,43.55,1000
320.0,9,44.27,2000
320.0,11,35.2,1250
320.0,14,41.93,3000
320.0,15,45.61,-2750
320.0,18,47.98,250
320.0,21,41.57,250
320.0,22,45.42,1500
320.0,23,36.32,-2750
320.0,27,44.67,-250
320.0,29,43.63,-3500
320.5,3,39.85,1250
320.5,6,43.41,1000
320.5,9,44.54,2000
320.5,14,40.74,3000
320.5,15,45.03,-2750
320.5,18,47.22,250
320.5,21,43.31,250
320.5,22,45.84,1500
320.5,27,43.71,-250
320.5,29,43.62,-3500
320.5,32,35.55,250
321.0,3,40.96,1250
321.0,6,43.93,1000
321.0,9,44.75,2000
321.0,13,36.26,5250
321.0,14,40.19,3000
321.0,15,45.48,-2750
321.0,18,47.06,250
321.0,21,43.25,250
321.0,22,45.94,1500
321.0,27,43.58,-250
321.0,29,42.39,-3500
321.0,30,35.04,5250
321.5,1,36.16,750
321.5,3,41.62,1250
321.5,6,42.69,1000
321.5,9,43.99,2000
321.5,11,35.02,-2750
321.5,14,40.07,3000
321.5,15,46.0,-2750
321.5,17,35.45,5000
321.5,18,45.97,0
321.5,21,44.58,250
321.5,22,44.96,1500
321.5,26,35.3,-1750
321.5,27,44.18,-250
321.5,29,43.02,-3500
322.0,2,35.01,4250
322.0,3,40.05,1250
322.0,6,42.7,1000
322.0,7,35.04,-2750
322.0,9,44.63,1750
322.0,14,41.94,3000
322.0,15,45.06,-2750
322.0,18,47.89,250
322.0,21,43.17,250
322.0,22,46.35,1500
322.0,27,42.57,-250
322.0,29,43.31,-3500
322.5,2,35.02,2250
322.5,3,40.69,1250
322.5,6,42.88,1000
322.5,9,44.28,1750
322.5,14,40.5,3000
322.5,15,44.99,-2750
322.5,18,48.07,250
322.5,21,42.51,250
322.5,22,46.08,1500
322.5,27,43.95,-250
322.5,29,44.32,-3500
323.0,3,40.35,1250
323.0,6,44.09,1000
323.0,9,44.93,2000
323.0,14,40.74,3000
323.0,15,45.2,-2750
323.0,18,47.36,250
323.0,21,42.87,250
323.0,22,45.72,1500
323.0,27,44.23,-250
323.0,29,44.82,-3500
323.5,3,42.16,1250
323.5,5,35.23,500
323.5,6,44.32,1000
323.5,9,43.48,2000
323.5,11,35.47,-3000
323.5,14,39.54,3000
323.5,15,46.3,-2750
323.5,17,35.22,500
323.5,18,45.74,0
323.5,21,44.13,250
323.5,22,46.11,1500
323.5,27,43.46,-250
323.5,29,41.84,-3500
324.0,3,41.39,1250
324.0,6,43.66,1000
324.0,9,44.67,2000
324.0,14,40.89,3000
324.0,15,45.17,-2750
324.0,18,47.64,250
324.0,21,43.76,250
324.0,22,45.85,1500
324.0,27,42.6,-250
324.0,29,44.93,-3500
324.5,1,35.02,-5500
324.5,3,41.34,1250
324.5,6,43.49,1000
324.5,9,44.02,2000
324.5,14,40.11,3000
324.5,15,46.64,-2750
324.5,17,35.04,-4750
324.5,18,45.36,0
324.5,21,44.66,250
324.5,22,46.0,1500
324.5,26,35.06,-2750
324.5,27,43.85,-250
324.5,29,43.75,-3500
324.5,32,35.39,-3000
325.0,2,35.08,250
325.0,3,39.85,1250
325.0,6,42.26,1000
325.0,9,44.72,2000
325.0,14,40.11,3000
325.0,15,45.37,-2750
325.0,18,47.54,250
325.0,21,41.94,250
325.0,22,45.07,1500
325.0,27,44.99,-250
325.0,29,44.79,-3500
325.5,2,35.38,-1750
325.5,3,40.02,1250
325.5,6,43.65,1000
325.5,9,44.01,2000
325.5,10,35.01,1250
325.5,14,41.81,3000
325.5,15,44.59,-2750
325.5,18,47.87,250
325.5,21,41.88,250
325.5,22,45.81,1500
325.5,27,44.36,-250
325.5,29,43.72,-3500
326.0,3,41.31,1250
326.0,6,43.94,1000
326.0,9,44.18,2000
326.0,11,35.02,-2750
326.0,14,39.5,3000
326.0,15,45.34,-2750
326.0,18,47.29,250
326.0,21,42.73,250
326.0,22,45.71,1500
326.0,27,43.11,-250
326.0,29,44.33,-3500
326.5,3,41.51,1250
326.5,6,43.64,1000
326.5,9,44.9,2000
326.5,14,41.57,3000
326.5,15,45.97,-2750
326.5,18,46.88,250
326.5,19,35.23,250
326.5,21,42.42,250
326.5,22,45.74,1500
326.5,27,43.85,-250
326.5,29,44.01,-3500
326.5,31,35.58,-4750
327.0,3,38.73,1250
327.0,6,44.18,1000
327.0,9,44.8,2000
327.0,14,40.85,3000
327.0,15,45.97,-2750
327.0,18,47.17,250
327.0,21,41.69,250
327.0,22,46.18,1500
327.0,27,43.65,-250
327.0,29,43.97,-3500
327.5,3,42.64,1250
327.5,6,41.93,1000
327.5,9,44.62,2000
327.5,14,39.43,3000
327.5,15,46.34,-2750
327.5,18,45.35,0
327.5,19,35.02,4250
327.5,21,44.4,250
327.5,22,44.85,1500
327.5,27,44.51,-250
327.5,29,43.59,-3500
328.0,3,40.75,1250
328.0,6,43.26,1000
328.0,9,44.16,2000
328.0,14,38.6,3000
328.0,15,45.77,-2750
328.0,18,47.59,250
328.0,21,42.65,250
328.0,22,45.85,1500
328.0,23,35.49,-1750
328.0,27,44.48,-250
328.0,29,43.56,-3500
328.5,3,40.69,1250
328.5,6,43.9,1000
328.5,9,44.72,2000
328.5,14,39.13,3000
328.5,15,46.5,-2750
328.5,18,47.22,250
328.5,21,41.56,250
328.5,22,46.06,1500
328.5,27,43.36,-250
328.5,29,43.67,-3500
329.0,2,35.08,250
329.0,3,42.05,1250
329.0,6,44.24,1000
329.0,9,44.8,2000
329.0,14,41.88,3000
329.0,15,45.67,-2750
329.0,17,35.65,-1750
329.0,18,47.28,250
329.0,21,42.84,250
329.0,22,45.88,1500
329.0,27,44.62,-250
329.0,29,43.69,-3500
329.5,3,40.94,1250
329.5,6,43.19,1000
329.5,9,45.01,2000
329.5,14,38.66,3000
329.5,15,47.38,-2750
329.5,18,45.58,0
329.5,20,35.17,1250
329.5,21,42.32,250
329.5,22,46.01,1500
329.5,25,35.32,-4000
329.5,26,35.49,-2750
329.5,27,43.48,-250
329.5,29,43.46,-3500
330.0,3,40.7,1250
330.0,6,43.98,1000
330.0,9,45.18,1750
330.0,14,42.03,3000
330.0,15,45.46,-2750
330.0,18,47.02,250
330.0,21,43.09,250
330.0,22,46.27,1500
330.0,27,43.29,-250
330.0,29,43.25,-3500
330.5,3,40.49,1250
330.5,6,43.78,1000
330.5,9,45.11,2000
330.5,14,40.44,3000
330.5,15,46.31,-2750
330.5,18,47.33,250
330.5,21,42.92,250
330.5,22,46.15,1500
330.5,27,43.85,-250
330.5,29,43.85,-3500
331.0,3,41.63,1250
331.0,6,44.13,1000
331.0,9,45.35,1750
331.0,14,42.36,3000
331.0,15,45.48,-2750
331.0,18,47.55,250
331.0,21,41.58,250
331.0,22,45.85,1500
331.0,26,35.01,1250
331.0,27,43.14,-250
331.0,28,35.55,-3000
331.0,29,42.71,-3500
331.5,3,41.76,1250
331.5,6,42.69,1000
331.5,9,45.66,2000
331.5,10,35.18,-5750
331.5,14,40.77,3000
331.5,15,46.15,-2750
331.5,18,47.81,250
331.5,21,41.27,250
331.5,22,46.22,1500
331.5,27,44.27,-250
331.5,29,44.3,-3500
332.0,3,41.29,1250
332.0,6,43.38,1000
332.0,7,35.22,3000
332.0,9,44.01,2000
332.0,14,40.65,3000
332.0,15,47.45,-2750
332.0,18,45.21,0
332.0,21,43.16,250
332.0,22,45.31,1500
332.0,27,43.38,-250
332.0,28,35.33,5250
332.0,29,42.45,-3500
332.5,3,41.25,1250
332.5,6,43.13,1000
332.5,9,44.9,1750
332.5,14,40.89,3000
332.5,15,46.54,-2750
332.5,18,45.39,0
332.5,21,44.14,250
332.5,22,45.44,1500
332.5,27,43.63,-250
332.5,29,42.42,-3500
332.5,30,35.66,2250
333.0,3,39.98,1250
333.0,6,43.88,1000
333.0,9,44.85,2000
333.0,14,40.03,3000
333.0,15,45.48,-2750
333.0,18,47.03,250
333.0,21,41.52,250
333.0,22,46.25,1500
333.0,27,43.66,-250
333.0,29,43.75,-3500
333.5,3,41.0,1250
333.5,4,35.9,-3750
333.5,6,43.44,1000
333.5,9,45.46,2000
333.5,14,41.49,3000
333.5,15,45.86,-2750
333.5,18,46.8,250
333.5,21,42.58,250
333.5,22,46.55,1500
333.5,27,44.23,-250
333.5,29,44.05,-3500
333.5,32,35.63,2250
334.0,2,35.15,-750
334.0,3,41.17,1250
334.0,6,43.34,1000
334.0,8,35.51,1500
334.0,9,44.39,2000
334.0,14,39.99,3000
334.0,15,45.63,-2750
334.0,18,47.14,250
334.0,19,35.35,-1750
334.0,21,43.18,250
334.0,22,46.21,1500
334.0,25,35.71,-2000
334.0,27,44.24,-250
334.0,29,42.82,-3500
334.5,3,41.87,1250
334.5,6,44.32,1000
334.5,9,44.09,2000
334.5,14,36.79,3000
334.5,15,47.06,-2750
334.5,16,35.22,-5500
334.5,18,45.53,0
334.5,21,43.42,250
334.5,22,45.68,1500
334.5,24,35.16,-3000
334.5,26,36.02,-5000
334.5,27,44.25,-250
334.5,29,43.82,-3500
335.0,3,41.25,1250
335.0,6,43.44,1000
335.0,9,44.92,2000
335.0,14,41.3,3000
335.0,15,45.84,-2750
335.0,18,47.66,250
335.0,21,43.61,250
335.0,22,46.28,1500
335.0,24,35.06,2250
335.0,27,44.5,-250
335.0,29,42.8,-3500
335.5,1,35.13,-5750
335.5,3,42.14,1250
335.5,6,42.31,1000
335.5,7,35.24,2250
335.5,9,45.05,1750
335.5,12,35.36,-4500
335.5,14,37.77,3000
335.5,15,46.06,-2750
335.5,18,46.0,0
335.5,21,43.58,250
335.5,22,46.19,1500
335.5,27,44.08,-250
335.5,29,43.33,-3500
335.5,32,35.13,1000
336.0,3,42.27,1250
336.0,6,42.45,1000
336.0,9,44.12,2000
336.0,11,35.49,-2750
336.0,13,35.13,500
336.0,14,39.84,3000
336.0,15,46.99,-2750
336.0,18,44.82,0
336.0,19,35.87,-3500
336.0,21,43.88,250
336.0,22,45.95,1500
336.0,25,35.2,1000
336.0,27,44.53,-250
336.0,28,35.21,-5000
336.0,29,42.43,-3500
336.5,2,35.1,2250
336.5,3,42.45,1250
336.5,5,35.31,-1000
336.5,6,42.9,1000
336.5,8,35.14,4250
336.5,9,43.41,2000
336.5,10,35.53,1750
336.5,14,38.4,3000
336.5,15,46.48,-2750
336.5,18,45.73,0
336.5,21,44.14,250
336.5,22,45.58,1500
336.5,27,44.2,-250
336.5,29,42.12,-3500
337.0,3,42.7,1250
337.0,6,43.27,1000
337.0,9,44.64,1750
337.0,14,39.32,3000
337.0,15,47.46,-2750
337.0,18,45.57,0
337.0,21,43.23,250
337.0,22,45.82,1500
337.0,24,35.15,0
337.0,27,44.09,-250
337.0,29,43.46,-3500
337.0,30,35.58,3500
337.5,3,40.54,1250
337.5,6,44.07,1000
337.5,9,45.47,1750
337.5,13,35.06,4250
337.5,14,42.1,3000
337.5,15,45.7,-2750
337.5,18,47.07,250
337.5,21,42.97,250
337.5,22,45.87,1500
337.5,27,44.36,-250
337.5,29,43.11,-3500
338.0,3,41.19,1250
338.0,6,41.97,1000
338.0,9,45.02,2000
338.0,14,40.68,3000
338.0,15,45.82,-2750
338.0,18,47.25,250
338.0,21,42.56,250
338.0,22,46.77,1500
338.0,27,45.31,-250
338.0,29,42.63,-3500
338.5,3,42.26,1250
338.5,4,35.25,2500
338.5,6,43.63,1000
338.5,8,35.08,3250
338.5,9,44.17,1750
338.5,10,35.14,3500
338.5,14,40.08,3000
338.5,15,46.97,-2750
338.5,18,45.0,0
338.5,20,35.28,-3000
338.5,21,42.83,250
338.5,22,45.65,1500
338.5,27,44.26,-250
338.5,29,43.03,-3500
339.0,3,41.72,1250
339.0,6,41.86,1000
339.0,9,44.93,2000
339.0,14,40.7,3000
339.0,15,45.97,-2750
339.0,18,46.88,250
339.0,21,41.9,250
339.0,22,46.4,1500
339.0,27,43.9,-250
339.0,29,44.08,-3500
339.5,3,41.39,1250
339.5,5,35.64,1500
339.5,6,42.32,1000
339.5,7,35.05,-5000
339.5,8,35.4,-3750
339.5,9,43.51,2000
339.5,14,40.73,3000
339.5,15,46.53,-2750
339.5,17,35.12,-4000
339.5,18,45.54,0
339.5,19,35.51,3500
339.5,21,43.83,250
339.5,22,45.73,1500
339.5,25,35.3,-1000
339.5,26,35.65,-1750
339.5,27,44.09,-250
339.5,29,43.97,-3500
340.0,3,40.43,1250
340.0,6,42.97,1000
340.0,9,44.67,1750
340.0,14,41.69,3000
340.0,15,46.35,-2750
340.0,18,47.21,250
340.0,21,41.83,250
340.0,22,46.46,1500
340.0,23,35.59,-4750
340.0,27,44.9,-250
340.0,29,44.0,-3500
340.5,3,41.24,1250
340.5,6,42.99,1000
340.5,9,44.58,1750
340.5,12,35.1,3250
340.5,14,40.51,3000
340.5,15,45.88,-2750
340.5,18,46.68,250
340.5,19,35.4,250
340.5,21,42.16,250
340.5,22,46.93,1500
340.5,27,44.43,-250
340.5,29,43.76,-3500
340.5,31,35.4,2750
341.0,3,43.13,1250
341.0,4,35.32,-750
341.0,6,41.93,1000
341.0,9,44.51,1750
341.0,11,36.12,-4750
341.0,14,38.76,3000
341.0,15,46.25,-2750
341.0,18,46.21,0
341.0,21,44.15,250
341.0,22,45.55,1500
341.0,23,35.54,3500
341.0,24,35.17,3500
341.0,27,44.5,-250
341.0,29,43.25,-3500
341.5,3,43.94,1250
341.5,4,35.37,-1000
341.5,6,40.58,1000
341.5,7,35.64,-1500
341.5,9,44.65,1750
341.5,11,35.1,1250
341.5,12,35.4,500
341.5,14,39.36,3000
341.5,15,46.9,-2750
341.5,18,45.38,0
341.5,20,35.09,-2500
341.5,21,43.5,250
341.5,22,46.25,1500
341.5,27,44.29,-250
341.5,28,35.45,250
341.5,29,43.37,-3500
341.5,32,35.72,5750
342.0,3,42.73,1250
342.0,6,40.11,1000
342.0,7,35.2,1250
342.0,9,44.73,2000
342.0,14,40.28,3000
342.0,15,46.08,-2750
342.0,18,45.54,0
342.0,21,43.35,250
342.0,22,46.06,1500
342.0,27,44.17,-250
342.0,29,43.61,-3500
342.0,30,35.19,4000
342.5,3,41.7,1250
342.5,6,43.75,1000
342.5,9,45.5,2000
342.5,14,39.75,3000
342.5,15,45.18,-2750
342.5,18,47.05,250
342.5,21,41.71,250
342.5,22,46.8,1500
342.5,26,35.76,1250
342.5,27,44.73,-250
342.5,29,43.52,-3500
343.0,3,42.16,1250
343.0,6,42.15,1000
343.0,7,35.16,250
343.0,9,45.51,2000
343.0,14,40.08,3000
343.0,15,46.51,-2750
343.0,18,46.94,250
343.0,21,42.14,250
343.0,22,45.99,1500
343.0,23,35.28,-750
343.0,27,44.39,-250
343.0,29,44.37,-3500
343.5,3,41.98,1250
343.5,6,41.16,1000
343.5,9,45.43,1750
343.5,14,39.77,3000
343.5,15,47.13,-2750
343.5,18,46.66,0
343.5,21,44.08,250
343.5,22,45.21,1500
343.5,27,44.34,-250
343.5,29,43.42,-3500
343.5,32,35.18,4250
344.0,3,41.66,1250
344.0,6,43.53,1000
344.0,9,44.65,1750
344.0,14,40.17,3000
344.0,15,45.05,-2750
344.0,18,46.86,250
344.0,21,42.69,250
344.0,22,46.83,1500
344.0,27,44.41,-250
344.0,29,44.17,-3500
344.5,2,35.04,5250
344.5,3,43.94,1250
344.5,6,41.78,1000
344.5,9,44.9,1750
344.5,14,37.83,3000
344.5,15,46.44,-2750
344.5,18,45.79,0
344.5,19,35.93,1500
344.5,21,42.7,250
344.5,22,45.23,1500
344.5,23,35.16,-3500
344.5,24,35.0,-3250
344.5,27,44.28,-250
344.5,29,42.82,-3500
344.5,32,35.06,-5750
345.0,2,35.01,5750
345.0,3,42.72,1250
345.0,6,42.67,1000
345.0,9,45.01,1750
345.0,13,35.37,0
345.0,14,39.38,3000
345.0,15,46.55,-2750
345.0,18,45.92,0
345.0,19,35.73,-6000
345.0,21,42.79,250
345.0,22,45.78,1500
345.0,26,35.01,-1750
345.0,27,44.71,-250
345.0,29,42.51,-3500
345.0,32,35.42,2000
345.5,3,42.07,1250
345.5,6,41.92,1000
345.5,9,44.56,1750
345.5,10,35.59,4250
345.5,14,39.12,3000
345.5,15,45.37,-2750
345.5,18,47.2,250
345.5,21,41.4,250
345.5,22,45.72,1500
345.5,27,44.18,-250
345.5,29,42.74,-3500
345.5,30,35.14,-750
346.0,3,42.51,1250
346.0,6,42.88,1000
346.0,9,45.27,1750
346.0,14,41.08,3000
346.0,15,45.24,-2750
346.0,18,46.93,250
346.0,21,41.65,250
346.0,22,46.55,1500
346.0,27,44.81,-250
346.0,29,42.92,-3500
346.5,2,35.55,2000
346.5,3,43.99,1250
346.5,6,42.51,1000
346.5,8,35.15,2000
346.5,9,44.94,2000
346.5,10,35.08,1250
346.5,11,35.7,0
346.5,14,41.27,3000
346.5,15,46.45,-2750
346.5,18,44.73,500
346.5,21,42.65,250
346.5,22,45.71,1500
346.5,23,37.67,1750
346.5,24,35.06,500
346.5,27,44.26,-250
346.5,29,42.53,-3500
347.0,3,42.88,1250
347.0,6,42.48,1000
347.0,9,45.02,1750
347.0,14,37.75,3000
347.0,15,46.38,-2750
347.0,18,45.26,0
347.0,20,35.23,-1750
347.0,21,41.7,250
347.0,22,45.81,1500
347.0,24,36.18,1250
347.0,27,44.77,-250
347.0,29,42.32,-3500
347.0,30,35.09,-4000
347.5,3,43.7,1250
347.5,4,35.52,3500
347.5,6,42.41,1000
347.5,8,35.25,-4750
347.5,9,45.1,1750
347.5,14,40.85,3000
347.5,15,45.99,-2750
347.5,18,45.2,0
347.5,21,43.04,250
347.5,22,45.96,1500
347.5,27,43.95,-250
347.5,29,43.05,-3500
347.5,30,35.51,2500
348.0,3,42.28,1250
348.0,4,35.3,5250
348.0,6,42.41,1000
348.0,9,44.35,1750
348.0,14,42.32,3000
348.0,15,46.02,-2750
348.0,18,47.2,250
348.0,21,41.28,250
348.0,22,46.84,1500
348.0,27,44.43,-250
348.0,29,42.86,-3500
348.5,3,42.67,1250
348.5,6,43.87,1000
348.5,9,44.68,1750
348.5,14,41.59,3000
348.5,15,45.25,-2750
348.5,16,35.22,-2750
348.5,18,46.87,250
348.5,21,41.14,250
348.5,22,46.58,1500
348.5,24,36.31,1500
348.5,27,44.04,-250
348.5,29,43.25,-3500
349.0,1,35.06,4250
349.0,3,42.0,1250
349.0,6,43.43,1000
349.0,9,44.68,2000
349.0,14,40.0,3000
349.0,15,46.23,-2750
349.0,18,46.94,250
349.0,21,41.64,250
349.0,22,46.15,1500
349.0,24,35.2,-4750
349.0,27,43.9,-250
349.0,29,43.49,-3500
349.5,3,41.97,1250
349.5,6,42.47,1000
349.5,9,44.62,1750
349.5,14,41.64,3000
349.5,15,46.23,-2750
349.5,18,47.15,250
349.5,21,41.63,250
349.5,22,45.7,1500
349.5,23,35.16,2250
349.5,27,44.2,-250
349.5,29,43.1,-3500
350.0,3,41.12,1250
350.0,6,42.89,1000
350.0,9,45.33,1750
350.0,14,40.02,3000
350.0,15,46.08,-2750
350.0,18,46.8,250
350.0,21,42.79,250
350.0,22,46.48,1500
350.0,27,43.76,-250
350.0,29,42.58,-3500
350.5,2,35.34,1250
350.5,3,43.18,1250
350.5,6,42.07,1000
350.5,9,45.01,1750
350.5,12,35.05,2250
350.5,14,41.78,3000
350.5,15,46.09,-2750
350.5,18,46.83,250
350.5,21,42.07,250
350.5,22,46.42,1500
350.5,27,44.44,-250
350.5,29,42.44,-3500
350.5,32,35.13,2250
351.0,1,35.08,250
351.0,3,42.93,1250
351.0,6,41.96,1000
351.0,9,45.31,1750
351.0,14,40.5,3000
351.0,15,45.65,-2750
351.0,18,46.58,250
351.0,21,42.61,250
351.0,22,46.39,1500
351.0,27,43.95,-250
351.0,29,42.09,-3500
351.5,2,35.22,-2500
351.5,3,42.79,1250
351.5,6,42.04,1000
351.5,9,45.47,1750
351.5,14,41.44,3000
351.5,15,47.36,-2750
351.5,18,45.16,0
351.5,21,42.98,250
351.5,22,46.4,1500
351.5,27,43.54,-250
351.5,29,43.61,-3500
351.5,31,35.5,4000
351.5,32,35.08,-1000
352.0,3,42.29,1250
352.0,6,42.75,1000
352.0,8,35.11,-4750
352.0,9,45.81,1750
352.0,14,40.35,3000
352.0,15,45.67,-2750
352.0,18,46.59,250
352.0,21,41.73,250
352.0,22,46.54,1500
352.0,27,43.97,-250
352.0,29,43.71,-3500
352.5,3,42.1,1250
352.5,6,42.73,1000
352.5,7,35.55,2250
352.5,8,35.11,-2750
352.5,9,45.41,1750
352.5,11,35.07,-2750
352.5,14,42.5,3000
352.5,15,45.73,-2750
352.5,18,46.84,250
352.5,21,41.12,250
352.5,22,47.09,1500
352.5,27,43.79,-250
352.5,29,41.31,-3500
353.0,3,43.71,1250
353.0,4,35.62,1250
353.0,6,42.48,1000
353.0,9,44.89,1750
353.0,11,35.21,1500
353.0,14,40.41,3000
353.0,15,46.98,-2750
353.0,18,44.93,0
353.0,19,35.17,-500
353.0,21,43.44,250
353.0,22,46.36,1500
353.0,27,44.21,-250
353.0,29,41.53,-3500
353.0,31,35.15,-6000
353.5,3,43.38,1250
353.5,6,41.93,1000
353.5,8,35.06,-1750
353.5,9,45.05,1750
353.5,10,35.09,5000
353.5,12,35.06,0
353.5,14,39.42,3000
353.5,15,46.67,-2750
353.5,16,35.67,-3750
353.5,18,45.54,0
353.5,21,42.55,250
353.5,22,45.78,1500
353.5,24,35.43,500
353.5,25,35.26,1250
353.5,26,35.32,-3750
353.5,27,44.61,-250
353.5,29,42.0,-3500
354.0,3,43.11,1250
354.0,6,42.35,1000
354.0,9,45.01,1750
354.0,14,40.04,3000
354.0,15,45.75,-2750
354.0,18,47.28,250
354.0,21,40.82,250
354.0,22,46.76,1500
354.0,25,35.68,5250
354.0,27,44.06,-250
354.0,29,42.7,-3500
354.5,3,43.58,1250
354.5,6,42.33,1000
354.5,9,44.53,1750
354.5,12,35.02,-1000
354.5,13,35.23,5000
354.5,14,38.3,3250
354.5,15,46.62,-2750
354.5,18,45.14,0
354.5,20,35.04,1250
354.5,21,43.39,250
354.5,22,45.53,1500
354.5,27,43.63,-250
354.5,29,41.94,-3500
355.0,3,43.5,1250
355.0,5,36.46,-750
355.0,6,42.07,1000
355.0,8,35.01,3250
355.0,9,44.7,1750
355.0,14,42.25,3000
355.0,15,45.99,-2750
355.0,18,47.02,250
355.0,21,42.44,250
355.0,22,46.4,1500
355.0,27,44.2,-250
355.0,29,41.51,-3500
355.5,3,43.34,1250
355.5,6,41.52,1000
355.5,9,44.28,1750
355.5,14,42.5,3000
355.5,15,46.51,-2750
355.5,18,46.08,250
355.5,21,43.1,250
355.5,22,45.95,1500
355.5,27,43.94,-250
355.5,29,42.22,-3500
356.0,3,41.0,1250
356.0,6,42.07,1000
356.0,7,35.29,1250
356.0,9,44.13,1750
356.0,14,42.64,3000
356.0,15,45.94,-2750
356.0,18,47.04,250
356.0,21,41.8,250
356.0,22,46.88,1500
356.0,27,44.69,-250
356.0,29,41.71,-3500
356.5,3,41.01,1250
356.5,5,35.01,-2750
356.5,6,41.94,1000
356.5,9,44.46,1750
356.5,14,43.25,3000
356.5,15,46.03,-2750
356.5,18,47.08,250
356.5,21,41.71,250
356.5,22,46.67,1500
356.5,27,44.81,-250
356.5,29,40.37,-3500
357.0,3,41.67,1250
357.0,6,43.48,1000
357.0,9,44.47,1750
357.0,14,41.17,3000
357.0,15,46.58,-2750
357.0,16,36.31,-750
357.0,18,46.54,250
357.0,21,41.31,250
357.0,22,47.06,1500
357.0,27,44.91,-250
357.0,29,42.66,-3500
357.0,31,35.15,4250
357.0,32,35.26,-2500
357.5,3,41.63,1250
357.5,6,41.89,1000
357.5,9,43.73,2000
357.5,14,43.45,3000
357.5,15,46.96,-2750
357.5,17,35.17,-1000
357.5,18,45.11,0
357.5,21,42.53,250
357.5,22,46.31,1500
357.5,26,35.4,500
357.5,27,44.01,-250
357.5,29,40.84,-3500
357.5,30,35.37,0
358.0,3,38.47,1250
358.0,6,40.54,1000
358.0,9,43.85,1750
358.0,14,41.43,3000
358.0,15,47.26,-2750
358.0,18,47.24,250
358.0,21,41.15,250
358.0,22,47.05,1500
358.0,27,43.18,-250
358.0,29,39.84,-3500
358.0,31,35.27,250
358.5,3,39.69,1250
358.5,6,43.81,1000
358.5,9,45.68,1750
358.5,14,42.91,3000
358.5,15,45.91,-2750
358.5,18,47.24,250
358.5,21,41.9,250
358.5,22,46.07,1500
358.5,27,43.68,-250
358.5,29,38.32,-3500
359.0,3,41.08,1250
359.0,6,41.46,1000
359.0,9,46.0,2000
359.0,14,42.36,3000
359.0,15,45.46,-2750
359.0,18,46.24,250
359.0,19,35.08,1250
359.0,21,42.4,250
359.0,22,46.19,1500
359.0,27,44.64,-250
359.0,29,40.29,-3500
359.5,2,35.34,-2750
359.5,3,41.27,1250
359.5,6,42.4,1000
359.5,9,44.41,2000
359.5,14,41.29,3000
359.5,15,47.55,-2750
359.5,18,46.1,0
359.5,21,42.94,250
359.5,22,46.64,1500
359.5,23,35.04,-750
359.5,25,35.43,-2500
359.5,26,35.18,-5750
359.5,27,43.55,-250
360.0,2,35.04,4000
360.0,3,42.3,1250
360.0,6,41.32,1000
360.0,9,43.32,2000
360.0,11,35.6,-3500
360.0,14,42.73,3000
360.0,15,47.07,-2750
360.0,18,45.75,0
360.0,21,43.86,250
360.0,22,46.36,1500
360.0,24,35.86,-2750
360.0,27,42.94,-250
360.0,29,36.89,-3500
360.0,32,35.23,-4000
360.5,3,39.82,1250
360.5,6,42.19,1000
360.5,9,45.6,2000
360.5,14,36.91,3000
360.5,15,45.87,-2750
360.5,18,47.02,250
360.5,21,43.19,250
360.5,22,46.52,1500
360.5,23,35.72,2250
360.5,27,43.23,-250
360.5,28,35.73,3250
360.5,29,38.05,-3500
361.0,3,41.28,1250
361.0,6,44.29,1000
361.0,7,35.1,2250
361.0,9,44.86,2000
361.0,14,35.72,3000
361.0,15,46.23,-2750
361.0,18,46.27,250
361.0,21,42.81,250
361.0,22,47.35,1500
361.0,27,44.95,-250
361.0,29,43.77,-3500
361.5,3,40.39,1250
361.5,6,42.58,1000
361.5,8,35.0,-750
361.5,9,45.45,2000
361.5,15,46.15,-2750
361.5,18,46.9,250
361.5,21,41.83,250
361.5,22,46.68,1500
361.5,27,44.99,-250
361.5,28,36.36,5000
361.5,29,41.26,-3500
361.5,31,35.15,250
361.5,32,35.29,250
362.0,2,35.43,-2750
362.0,3,40.17,1250
362.0,6,42.79,1000
362.0,7,35.31,-2000
362.0,9,43.1,2000
362.0,12,35.1,-2750
362.0,14,41.9,3000
362.0,15,47.22,-2750
362.0,18,45.94,0
362.0,21,42.98,250
362.0,22,46.19,1500
362.0,27,44.74,-250
362.0,28,35.14,5250
362.0,29,40.32,-3500
362.5,2,35.02,-4500
362.5,3,40.11,1250
362.5,6,41.17,1000
362.5,8,35.32,-3500
362.5,9,44.66,2000
362.5,11,35.37,-2000
362.5,14,41.82,3000
362.5,15,45.83,-2750
362.5,16,35.56,5000
362.5,18,46.14,0
362.5,21,43.47,250
362.5,22,46.13,1500
362.5,23,35.98,5500
362.5,27,43.37,-250
362.5,29,40.63,-3500
363.0,1,35.29,-1750
363.0,3,40.92,1250
363.0,6,41.32,1000
363.0,9,43.95,2000
363.0,14,41.02,3000
363.0,15,45.17,-2750
363.0,18,47.12,250
363.0,21,42.4,250
363.0,22,46.28,1500
363.0,23,35.69,3250
363.0,25,35.05,3250
363.0,27,44.38,-250
363.0,29,43.97,-3500
363.5,3,39.4,1250
363.5,5,35.58,-1500
363.5,6,41.23,1000
363.5,9,45.78,2000
363.5,14,39.99,3000
363.5,15,46.73,-2750
363.5,18,46.15,250
363.5,21,41.19,250
363.5,22,45.69,1500
363.5,27,44.37,-250
363.5,29,42.78,-3500
364.0,3,39.84,1250
364.0,6,40.4,1000
364.0,9,44.96,2000
364.0,14,41.71,3000
364.0,15,46.38,-2750
364.0,18,46.44,250
364.0,21,40.89,250
364.0,22,47.03,1500
364.0,27,44.31,-250
364.0,29,43.06,-3500
364.0,31,35.99,-1750
364.5,3,40.13,1250
364.5,6,38.99,1000
364.5,9,44.52,1750
364.5,13,36.0,-3750
364.5,14,40.69,3000
364.5,15,46.83,-2750
364.5,18,45.73,0
364.5,20,35.21,3000
364.5,21,43.6,250
364.5,22,45.19,1500
364.5,27,44.64,-250
364.5,29,41.97,-3500
365.0,3,37.88,1250
365.0,6,42.17,1000
365.0,9,45.37,1750
365.0,14,41.35,3000
365.0,15,45.63,-2750
365.0,17,35.09,-750
365.0,18,47.35,250
365.0,20,35.38,-5750
365.0,21,42.57,250
365.0,22,46.61,1500
365.0,27,45.32,-250
365.0,29,42.21,-3500
365.5,3,37.81,1250
365.5,9,45.45,1750
365.5,10,35.71,4750
365.5,14,41.91,3000
365.5,15,46.48,-2750
365.5,18,46.1,0
365.5,21,42.68,250
365.5,22,46.33,1500
365.5,23,35.08,-2250
365.5,27,43.86,-250
365.5,29,40.38,-3500
365.5,31,35.61,-5000
366.0,3,35.24,1250
366.0,6,37.87,1000
366.0,9,45.06,1750
366.0,11,35.25,3500
366.0,13,35.12,4500
366.0,14,42.15,3000
366.0,15,46.31,-2750
366.0,18,45.47,0
366.0,21,43.57,250
366.0,22,46.72,1500
366.0,26,35.19,5250
366.0,27,44.83,-250
366.0,29,42.57,-3500
366.5,2,35.2,-5500
366.5,6,43.14,1000
366.5,9,44.79,1750
366.5,11,35.24,-2000
366.5,13,35.32,-500
366.5,14,41.17,3250
366.5,15,46.68,-2750
366.5,18,44.83,0
366.5,21,43.94,250
366.5,22,47.04,1500
366.5,25,35.09,4500
366.5,26,35.01,2500
366.5,27,43.2,-250
366.5,28,35.1,-3500
366.5,29,43.1,-3500
366.5,31,35.64,2500
367.0,3,38.44,1250
367.0,6,39.13,1000
367.0,9,45.49,1750
367.0,11,35.11,2500
367.0,14,41.96,3250
367.0,15,46.33,-2750
367.0,18,45.88,0
367.0,21,44.45,250
367.0,22,45.45,1500
367.0,27,44.76,-250
367.0,28,35.4,-3500
367.0,29,42.94,-3500
367.0,32,35.46,4250
367.5,6,41.47,1000
367.5,9,45.27,1750
367.5,14,40.37,3250
367.5,15,45.36,-2750
367.5,18,46.59,250
367.5,21,42.9,250
367.5,22,46.94,1500
367.5,23,35.03,4000
367.5,26,35.13,1250
367.5,27,45.17,-250
367.5,29,42.17,-3500
368.0,3,38.44,1250
368.0,6,42.19,1000
368.0,9,45.17,1750
368.0,13,35.23,-4000
368.0,14,41.27,3000
368.0,15,45.23,-2750
368.0,18,46.77,250
368.0,21,42.31,250
368.0,22,47.36,1500
368.0,27,44.01,-250
368.0,29,41.5,-3500
368.5,3,39.43,1250
368.5,6,41.78,1000
368.5,9,44.84,1750
368.5,14,40.74,3000
368.5,15,45.41,-2750
368.5,17,35.05,-6000
368.5,18,45.0,0
368.5,21,41.96,250
368.5,22,46.87,1500
368.5,27,43.29,-250
368.5,29,42.5,-3500
368.5,32,35.38,3500
369.0,3,35.58,1250
369.0,5,35.08,-500
369.0,6,41.71,1000
369.0,9,44.82,1750
369.0,14,42.18,3000
369.0,15,44.61,-2750
369.0,18,47.25,250
369.0,20,35.19,500
369.0,21,42.34,250
369.0,22,47.49,1500
369.0,27,44.09,-250
369.0,29,41.88,-3500
369.5,3,37.63,1250
369.5,6,41.82,1000
369.5,8,35.14,4000
369.5,9,43.83,1750
369.5,14,41.09,3250
369.5,15,45.05,-2750
369.5,18,46.13,0
369.5,21,42.61,250
369.5,22,46.8,1500
369.5,27,44.5,-250
369.5,28,35.23,-5750
369.5,29,41.92,-3500
369.5,30,35.43,-3000
369.5,31,35.35,-2000
370.0,3,35.13,1250
370.0,4,35.39,4000
370.0,6,42.72,1000
370.0,9,45.37,1750
370.0,14,41.3,3250
370.0,15,44.14,-2750
370.0,17,35.4,-5500
370.0,18,46.99,250
370.0,19,35.23,-3750
370.0,21,42.34,250
370.0,22,47.38,1500
370.0,24,35.05,500
370.0,27,43.28,-250
370.0,29,43.01,-3500
370.0,31,35.65,-500
370.5,6,42.83,1000
370.5,9,44.98,1750
370.5,14,40.66,3250
370.5,15,43.1,-2750
370.5,17,35.47,2750
370.5,18,47.38,250
370.5,21,42.24,250
370.5,22,47.14,1500
370.5,27,45.54,-250
370.5,29,40.96,-3500
370.5,30,35.85,-250
371.0,2,35.06,3500
371.0,3,38.75,1250
371.0,6,41.64,1000
371.0,9,44.89,1750
371.0,14,40.8,3250
371.0,15,45.22,-2750
371.0,18,45.7,0
371.0,21,44.22,250
371.0,22,47.29,1500
371.0,23,35.18,-5000
371.0,24,35.09,4500
371.0,27,43.36,-250
371.0,29,41.27,-3500
371.0,32,35.05,-3000
371.5,3,40.49,1250
371.5,6,43.85,1000
371.5,9,43.37,1750
371.5,14,41.3,3250
371.5,15,44.33,-2750
371.5,18,45.47,0
371.5,21,42.31,0
371.5,22,46.68,1500
371.5,27,43.65,-250
371.5,29,41.02,-3500
371.5,30,36.04,-5500
372.0,2,35.07,5250
372.0,6,43.69,1000
372.0,9,44.85,1750
372.0,14,40.74,3250
372.0,15,43.51,-2750
372.0,18,46.71,250
372.0,20,35.33,2250
372.0,21,42.33,250
372.0,22,46.89,1500
372.0,25,35.02,-3500
372.0,27,43.92,-250
372.0,29,40.81,-3500
372.5,3,39.22,1000
372.5,5,35.19,-4000
372.5,6,42.94,1000
372.5,8,35.1,2000
372.5,9,44.55,1750
372.5,10,35.05,-3000
372.5,11,35.75,-2750
372.5,12,35.61,250
372.5,15,43.85,-2750
372.5,18,46.2,0
372.5,21,44.49,250
372.5,22,46.76,1500
372.5,27,43.45,-250
372.5,29,42.42,-3500
373.0,6,43.08,1000
373.0,9,45.07,1750
373.0,14,42.22,3250
373.0,15,44.84,-2750
373.0,18,46.15,250
373.0,21,44.33,0
373.0,22,44.4,1500
373.0,27,43.65,-250
373.0,28,35.38,-5750
373.0,29,43.64,-3500
373.0,30,35.27,-4750
373.5,3,36.28,1250
373.5,5,35.33,-2000
373.5,6,39.66,1000
373.5,9,46.02,1750
373.5,14,43.11,3250
373.5,15,45.32,-2750
373.5,16,35.15,-2750
373.5,18,43.37,250
373.5,21,44.3,250
373.5,22,46.79,1500
373.5,23,35.28,-500
373.5,27,43.63,-250
373.5,29,43.82,-3500
374.0,3,38.41,1250
374.0,4,35.82,500
374.0,6,44.63,1000
374.0,9,44.21,1750
374.0,10,35.08,3250
374.0,11,35.24,5500
374.0,14,42.27,3250
374.0,15,43.1,-3000
374.0,18,46.65,250
374.0,21,42.26,0
374.0,22,47.42,1500
374.0,23,35.48,5000
374.0,27,42.84,-250
374.0,29,40.99,-3500
374.5,6,41.33,1000
374.5,9,44.86,1750
374.5,14,41.29,3250
374.5,15,43.89,-2750
374.5,16,36.03,1500
374.5,18,47.19,250
374.5,21,43.82,0
374.5,22,46.36,1500
374.5,24,35.83,3250
374.5,26,36.44,-500
374.5,27,43.2,-250
374.5,29,42.68,-3500
375.0,3,39.35,1000
375.0,6,43.74,1000
375.0,9,44.51,1750
375.0,13,35.16,2250
375.0,14,42.24,3250
375.0,15,43.12,-2750
375.0,18,47.23,250
375.0,21,42.72,250
375.0,22,46.96,1500
375.0,27,42.26,-250
375.0,28,35.28,5250
375.0,29,41.26,-3500
375.5,6,43.58,1000
375.5,9,45.19,1750
375.5,14,41.64,3250
375.5,15,42.32,-2750
375.5,18,47.65,250
375.5,21,42.44,250
375.5,22,47.34,1500
375.5,24,35.33,4250
375.5,27,43.71,-250
375.5,29,41.02,-3500
376.0,6,41.16,1000
376.0,9,44.81,1750
376.0,14,43.12,3250
376.0,15,44.36,-2750
376.0,18,45.9,0
376.0,21,43.69,250
376.0,22,46.6,1500
376.0,27,42.81,-250
376.0,29,41.16,-3500
376.5,6,42.99,1000
376.5,9,44.5,1750
376.5,14,43.47,3250
376.5,15,41.67,-3000
376.5,18,46.67,250
376.5,21,43.84,0
376.5,22,46.76,1500
376.5,23,35.22,4500
376.5,27,43.26,-250
376.5,29,41.74,-3500
376.5,30,35.46,-3750
377.0,6,39.32,1000
377.0,9,45.58,1750
377.0,14,42.86,3250
377.0,15,43.07,-2750
377.0,18,47.79,250
377.0,21,43.18,250
377.0,22,43.1,1500
377.0,27,43.92,-250
377.0,29,42.48,-3500
377.5,6,43.72,1000
377.5,9,43.51,1750
377.5,10,35.48,0
377.5,12,35.5,2500
377.5,14,43.74,3250
377.5,15,44.25,-2750
377.5,18,45.87,0
377.5,21,42.24,0
377.5,22,47.4,1500
377.5,25,35.04,1500
377.5,26,35.3,-2000
377.5,27,43.37,-250
377.5,29,40.18,-3500
378.0,6,45.05,1000
378.0,7,35.24,2000
378.0,9,45.5,1750
378.0,11,35.13,-1000
378.0,14,42.63,3250
378.0,15,42.31,-3000
378.0,16,35.29,0
378.0,18,46.98,250
378.0,21,43.72,250
378.0,22,45.86,1500
378.0,26,35.37,4000
378.0,27,42.12,-250
378.0,28,35.31,1000
378.0,29,42.24,-3500
378.5,1,35.66,-2750
378.5,5,35.07,3250
378.5,6,40.11,1000
378.5,9,44.64,1750
378.5,14,44.27,3250
378.5,15,41.91,-3000
378.5,18,45.8,0
378.5,21,43.01,250
378.5,22,46.56,1500
378.5,27,43.3,-250
378.5,29,41.37,-3500
378.5,32,35.01,-1000
379.0,6,38.84,1000
379.0,9,44.9,1750
379.0,10,35.93,-250
379.0,11,36.01,-2500
379.0,14,43.43,3250
379.0,15,42.58,-3000
379.0,18,47.58,250
379.0,21,44.53,0
379.0,22,45.69,1500
379.0,24,35.21,3500
379.0,27,43.83,-250
379.0,29,42.95,-3500
379.0,32,35.35,5250
379.5,5,35.03,250
379.5,6,42.69,1000
379.5,9,45.65,1750
379.5,12,35.5,-1500
379.5,14,43.2,3250
379.5,15,44.21,-3000
379.5,18,47.43,250
379.5,21,42.4,0
379.5,22,47.49,1500
379.5,27,41.7,-250
379.5,29,40.14,-3500
380.0,6,43.12,1000
380.0,9,44.44,1750
380.0,14,43.29,3250
380.0,15,43.1,-3000
380.0,18,47.55,250
380.0,21,42.77,250
380.0,22,46.43,1500
380.0,23,35.1,-3500
380.0,25,35.25,-2000
380.0,27,43.58,-250
380.0,29,42.23,-3500
380.5,2,35.39,2000
380.5,6,40.78,1000
380.5,9,45.49,1750
380.5,11,35.5,4000
380.5,13,35.59,-4250
380.5,14,43.66,3250
380.5,15,44.35,-2750
380.5,18,46.24,0
380.5,21,43.78,0
380.5,22,45.79,1500
380.5,27,43.42,-250
380.5,29,40.41,-3500
381.0,6,43.82,1000
381.0,9,44.74,1750
381.0,14,43.75,3250
381.0,15,43.43,-3000
381.0,18,47.06,250
381.0,19,35.64,750
381.0,21,42.07,0
381.0,22,46.86,1500
381.0,27,43.11,-250
381.0,29,40.83,-3500
381.0,30,35.19,0
381.0,31,35.37,1250
381.5,6,42.73,1000
381.5,9,44.45,1750
381.5,14,41.94,3250
381.5,15,43.95,-2750
381.5,18,45.54,0
381.5,19,35.18,-2500
381.5,20,35.0,1500
381.5,21,42.6,250
381.5,22,48.13,1500
381.5,27,42.42,-250
381.5,29,39.75,-3500
382.0,5,35.06,-1750
382.0,6,40.44,1000
382.0,7,35.05,-1500
382.0,9,44.86,1750
382.0,11,35.51,-2000
382.0,12,35.77,-4500
382.0,14,43.7,3250
382.0,15,43.61,-3000
382.0,17,35.02,250
382.0,18,46.17,0
382.0,21,43.97,250
382.0,22,47.17,1500
382.0,24,35.02,0
382.0,27,44.04,-250
382.0,29,35.26,-4750
382.5,2,35.12,-1750
382.5,6,44.08,1000
382.5,9,44.92,1750
382.5,14,42.65,3250
382.5,15,43.33,-2750
382.5,18,48.04,250
382.5,21,42.45,0
382.5,22,47.84,1500
382.5,27,42.73,-250
382.5,29,38.51,-3500
383.0,6,43.02,1000
383.0,9,43.29,1750
383.0,14,42.04,3250
383.0,15,44.34,-3000
383.0,18,47.21,250
383.0,21,41.77,250
383.0,22,48.15,1500
383.0,27,44.12,-250
383.0,29,39.99,-3500
383.5,6,42.62,1000
383.5,9,42.68,1750
383.5,14,42.52,3250
383.5,15,43.78,-3000
383.5,18,46.94,0
383.5,20,35.76,-3250
383.5,21,42.31,250
383.5,22,47.7,1500
383.5,27,43.26,-250
383.5,29,40.32,-3500
383.5,31,35.31,3500
383.5,32,35.65,-6000
384.0,2,35.84,-2250
384.0,3,35.04,5500
384.0,6,42.84,1000
384.0,9,45.35,1750
384.0,14,38.28,3250
384.0,15,43.71,-3000
384.0,18,45.91,0
384.0,20,35.27,3000
384.0,21,43.72,250
384.0,22,47.4,1500
384.0,23,35.34,-4250
384.0,27,43.35,-250
384.0,29,39.84,-3500
384.0,31,35.72,-4250
384.5,6,42.26,1000
384.5,9,46.13,1750
384.5,14,42.61,3250
384.5,15,45.13,-3000
384.5,16,35.46,-4250
384.5,18,44.17,0
384.5,21,42.99,250
384.5,22,45.28,1500
384.5,24,35.77,-5500
384.5,27,45.27,-250
384.5,28,35.08,4000
384.5,29,40.81,-3500
385.0,6,43.64,1000
385.0,9,45.31,1750
385.0,10,35.08,0
385.0,14,42.99,3250
385.0,15,43.14,-3000
385.0,18,45.69,250
385.0,19,35.01,-1000
385.0,21,44.04,250
385.0,22,48.39,1500
385.0,27,43.82,-250
385.0,29,40.18,-3500
385.5,1,35.77,1250
385.5,2,35.33,-2500
385.5,6,41.98,1000
385.5,8,35.99,250
385.5,9,44.81,1750
385.5,14,41.11,3250
385.5,15,43.93,-2750
385.5,18,46.89,250
385.5,21,41.79,250
385.5,22,47.28,1500
385.5,24,35.99,2250
385.5,25,35.26,-750
385.5,27,44.49,-250
385.5,29,41.37,-3500
386.0,6,41.71,1000
386.0,9,45.79,1750
386.0,14,40.12,3250
386.0,15,44.79,-3000
386.0,18,47.24,250
386.0,21,42.48,250
386.0,22,46.04,1500
386.0,27,44.38,-250
386.0,29,41.37,-3500
386.0,32,35.19,1250
386.5,6,39.36,1000
386.5,9,45.5,1750
386.5,14,40.94,3250
386.5,15,44.97,-2750
386.5,18,47.01,250
386.5,20,35.21,1500
386.5,21,43.03,250
386.5,22,46.17,1500
386.5,27,44.21,-250
386.5,29,41.44,-3500
386.5,32,35.42,4250
387.0,4,35.49,-2250
387.0,6,42.1,1000
387.0,9,45.45,1750
387.0,14,41.38,3250
387.0,15,44.58,-2750
387.0,16,35.51,1500
387.0,17,35.41,5000
387.0,18,46.42,250
387.0,21,42.56,250
387.0,22,47.6,1500
387.0,23,35.14,-500
387.0,26,35.27,250
387.0,27,44.36,-250
387.0,29,38.21,-3500
387.0,32,35.31,3250
387.5,6,40.94,1000
387.5,9,44.87,1750
387.5,10,35.52,0
387.5,13,35.26,-2750
387.5,14,41.66,3250
387.5,15,45.87,-2750
387.5,17,36.4,250
387.5,18,45.53,0
387.5,21,43.02,250
387.5,22,47.36,1500
387.5,23,35.05,0
387.5,25,35.22,2000
387.5,27,43.66,-250
387.5,29,39.3,-3500
388.0,4,35.2,0
388.0,6,41.93,1000
388.0,8,35.12,4000
388.0,9,45.98,1750
388.0,14,41.75,3250
388.0,15,45.62,-2750
388.0,18,47.64,250
388.0,21,41.94,250
388.0,22,45.09,1500
388.0,27,44.27,-250
388.0,28,35.01,250
388.0,29,40.34,-3500
388.0,30,35.13,-5000
388.5,3,35.44,5000
388.5,6,42.64,1000
388.5,7,35.18,-4750
388.5,9,45.79,1750
388.5,13,35.6,-2750
388.5,14,40.61,3250
388.5,15,43.92,-2750
388.5,18,47.05,250
388.5,21,42.45,250
388.5,22,47.23,1500
388.5,23,35.05,-3250
388.5,27,44.75,-250
388.5,29,39.68,-3500
389.0,3,35.03,1000
389.0,6,41.03,1000
389.0,9,45.72,1750
389.0,11,35.1,3250
389.0,14,41.22,3250
389.0,15,44.47,-2750
389.0,18,47.36,250
389.0,21,43.18,250
389.0,22,45.68,1500
389.0,27,45.17,-250
389.0,28,35.2,-1250
389.0,29,39.64,-3500
389.5,2,35.68,-3000
389.5,5,35.65,2000
389.5,6,41.19,1000
389.5,9,45.78,1750
389.5,14,42.51,3250
389.5,15,46.65,-2750
389.5,18,45.64,0
389.5,21,42.96,250
389.5,22,45.72,1500
389.5,24,35.22,-2750
389.5,27,43.62,-250
389.5,29,41.31,-3500
390.0,6,41.27,1000
390.0,9,45.92,1750
390.0,12,35.52,-5500
390.0,14,42.0,3250
390.0,15,43.97,-2750
390.0,18,46.63,0
390.0,21,42.06,250
390.0,22,46.92,1500
390.0,23,35.69,-2250
390.0,27,43.56,-250
390.0,29,41.84,-3500
390.5,6,40.4,1000
390.5,8,35.22,-750
390.5,9,45.35,1750
390.5,14,41.44,3250
390.5,15,43.98,-2750
390.5,18,47.27,250
390.5,21,43.47,250
390.5,22,46.48,1500
390.5,27,44.02,-250
390.5,29,41.83,-3500
391.0,6,39.97,1000
391.0,8,35.15,1500
391.0,9,46.08,1750
391.0,13,35.39,-1750
391.0,14,39.71,3250
391.0,15,43.65,-2750
391.0,17,35.22,4250
391.0,18,47.2,250
391.0,21,42.7,0
391.0,22,47.77,1500
391.0,27,43.21,-250
391.0,29,41.99,-3500
391.5,4,35.4,5500
391.5,6,38.76,1000
391.5,9,45.6,1750
391.5,11,35.79,1250
391.5,14,40.06,3250
391.5,15,43.66,-2750
391.5,18,48.12,250
391.5,21,42.78,250
391.5,22,45.34,1500
391.5,25,35.1,-3750
391.5,27,44.31,-250
391.5,29,42.0,-3500
392.0,4,35.67,-2750
392.0,6,36.95,1000
392.0,9,46.23,1750
392.0,14,44.47,3250
392.0,15,45.83,-2750
392.0,18,44.84,0
392.0,21,42.98,0
392.0,22,43.46,1500
392.0,23,35.16,1750
392.0,26,35.14,1500
392.0,27,45.33,-250
392.0,29,41.07,-3500
392.5,1,35.56,1500
392.5,7,35.0,500
392.5,9,46.55,1750
392.5,12,35.44,2250
392.5,14,42.44,3250
392.5,15,44.94,-2750
392.5,18,46.95,0
392.5,21,42.58,250
392.5,22,45.44,1500
392.5,27,44.04,-250
392.5,29,39.97,-3500
393.0,3,35.21,-750
393.0,6,36.65,1000
393.0,9,45.17,1750
393.0,10,35.32,5000
393.0,14,42.49,3250
393.0,15,44.07,-2750
393.0,18,47.76,250
393.0,21,41.6,250
393.0,22,47.21,1500
393.0,27,43.89,-250
393.0,29,40.94,-3500
393.0,30,35.72,3750
393.5,4,35.37,250
393.5,6,41.14,1000
393.5,9,45.15,1750
393.5,14,40.47,3000
393.5,15,43.45,-2750
393.5,18,46.92,250
393.5,20,35.43,-4500
393.5,21,42.35,250
393.5,22,47.71,1500
393.5,27,43.7,-250
393.5,28,35.39,-5250
393.5,29,41.78,-3500
393.5,31,35.9,-1000
394.0,6,42.15,1000
394.0,9,45.6,1750
394.0,14,41.91,3250
394.0,15,43.5,-2750
394.0,18,46.92,250
394.0,21,42.32,250
394.0,22,47.47,1500
394.0,27,42.6,-250
394.0,29,40.46,-3500
394.5,4,36.07,500
394.5,6,43.19,1000
394.5,9,44.92,1750
394.5,10,35.04,5250
394.5,14,42.85,3250
394.5,15,44.36,-2750
394.5,18,45.85,0
394.5,21,43.09,250
394.5,22,47.33,1500
394.5,25,35.15,1000
394.5,27,42.84,-250
394.5,29,41.26,-3500
395.0,5,36.15,1500
395.0,6,42.45,1000
395.0,9,45.6,1750
395.0,10,35.12,-4250
395.0,14,40.88,3250
395.0,15,43.62,-2750
395.0,18,46.88,250
395.0,21,43.06,250
395.0,22,47.47,1500
395.0,25,36.25,-4500
395.0,27,44.06,-250
395.0,29,39.97,-3500
395.5,6,41.27,1000
395.5,8,35.31,1250
395.5,9,45.25,1750
395.5,12,35.56,3250
395.5,14,42.76,3250
395.5,15,44.29,-2750
395.5,18,46.0,0
395.5,21,42.65,250
395.5,22,47.89,1500
395.5,26,35.28,1250
395.5,27,42.67,-250
395.5,28,35.09,250
395.5,29,40.76,-3500
395.5,31,35.17,500
395.5,32,35.23,-5750
396.0,3,35.88,-4250
396.0,6,43.63,1000
396.0,9,45.33,1750
396.0,11,35.69,2000
396.0,14,42.27,3000
396.0,15,42.71,-2750
396.0,18,47.41,250
396.0,21,42.95,0
396.0,22,47.95,1500
396.0,27,43.53,-250
396.0,29,37.47,-3500
396.5,4,35.44,2250
396.5,6,36.17,1000
396.5,8,35.63,2250
396.5,9,44.39,1750
396.5,13,35.24,5250
396.5,14,43.54,3250
396.5,15,43.88,-2750
396.5,18,45.5,0
396.5,20,35.52,500
396.5,21,42.77,0
396.5,22,47.68,1500
396.5,25,35.15,250
396.5,27,42.25,-250
396.5,29,42.11,-3500
397.0,6,39.94,1000
397.0,7,35.18,-500
397.0,9,45.48,1750
397.0,14,42.59,3250
397.0,15,45.11,-2750
397.0,17,35.1,-3750
397.0,18,46.22,0
397.0,21,44.82,250
397.0,22,46.23,1500
397.0,23,35.91,2250
397.0,26,35.25,5250
397.0,27,44.27,-250
397.0,29,41.35,-3500
397.0,30,35.46,0
397.5,2,35.08,-4000
397.5,6,39.68,1000
397.5,8,35.49,2250
397.5,9,45.69,1750
397.5,11,35.38,4250
397.5,14,42.67,3000
397.5,15,43.68,-2750
397.5,18,47.7,250
397.5,19,35.64,-2000
397.5,21,44.3,0
397.5,22,44.45,1500
397.5,27,44.35,-250
397.5,29,43.06,-3500
398.0,3,35.42,-3000
398.0,6,41.91,1000
398.0,9,45.31,1750
398.0,14,42.25,3000
398.0,15,43.78,-3000
398.0,18,47.55,250
398.0,21,42.86,0
398.0,22,46.03,1500
398.0,27,43.76,-250
398.0,29,42.53,-3500
398.0,31,35.99,5500
398.5,6,37.56,1000
398.5,9,46.56,1750
398.5,14,43.79,3250
398.5,15,45.04,-2750
398.5,18,46.29,0
398.5,21,43.88,250
398.5,22,39.42,1500
398.5,27,44.35,-250
398.5,29,42.48,-3500
398.5,30,35.22,2250
399.0,9,45.59,1750
399.0,14,38.51,3250
399.0,15,43.25,-2750
399.0,18,47.33,250
399.0,19,35.17,5500
399.0,21,44.46,0
399.0,22,46.28,1500
399.0,23,35.21,-1000
399.0,26,35.3,-3750
399.0,27,43.91,-250
399.0,29,42.03,-3500
399.5,1,35.4,1500
399.5,6,40.93,1000
399.5,9,45.66,1750
399.5,12,35.64,250
399.5,14,36.23,3250
399.5,15,44.85,-2750
399.5,18,46.26,0
399.5,20,35.55,-4000
399.5,21,43.1,0
399.5,22,46.44,1500
399.5,23,35.6,0
399.5,25,35.1,-4250
399.5,27,43.7,-250
399.5,29,41.58,-3500
399.5,31,35.29,-4500
400.0,1,35.14,-4000
400.0,6,36.58,1000
400.0,8,35.19,500
400.0,9,47.14,1750
400.0,14,39.34,3250
400.0,15,46.18,-2750
400.0,17,35.57,-4500
400.0,18,45.63,250
400.0,21,43.36,250
400.0,22,43.63,1500
400.0,27,45.75,-250
400.0,29,43.03,-3500
400.5,2,35.21,4250
400.5,6,39.58,1000
400.5,9,46.3,1750
400.5,13,35.36,-1500
400.5,14,44.56,3250
400.5,15,43.03,-2750
400.5,18,45.53,250
400.5,21,44.9,0
400.5,22,46.35,1500
400.5,26,35.31,1750
400.5,27,44.33,-250
400.5,29,43.35,-3500
400.5,30,35.33,-2000
400.5,32,35.28,-1000
401.0,6,38.98,1000
401.0,9,46.45,1750
401.0,12,35.07,-5750
401.0,13,35.17,-6000
401.0,14,42.22,3000
401.0,15,45.46,-2750
401.0,17,35.56,-1250
401.0,18,43.83,0
401.0,20,35.49,-4250
401.0,21,45.16,0
401.0,22,45.13,1500
401.0,27,44.06,-250
401.0,29,41.9,-3500
401.5,9,45.42,1750
401.5,14,44.08,3250
401.5,15,44.59,-2750
401.5,18,46.67,0
401.5,21,44.06,250
401.5,22,40.92,1500
401.5,27,43.64,-250
401.5,29,42.8,-3500
402.0,1,35.68,3250
402.0,9,46.2,1750
402.0,13,35.08,-1750
402.0,14,41.59,3000
402.0,15,44.5,-2750
402.0,18,48.34,250
402.0,21,42.42,250
402.0,22,43.19,1500
402.0,27,43.45,-250
402.0,29,41.44,-3500
402.5,2,35.06,-1000
402.5,3,35.28,1500
402.5,9,46.07,1750
402.5,10,35.42,-4000
402.5,15,44.4,-3000
402.5,18,46.42,0
402.5,21,43.51,0
402.5,22,43.42,1500
402.5,27,44.72,-250
402.5,29,41.6,-3500
402.5,32,35.16,4750
403.0,6,36.24,1000
403.0,9,46.85,1750
403.0,11,35.3,2250
403.0,12,35.63,5500
403.0,14,41.95,3250
403.0,15,44.9,-2750
403.0,18,46.54,250
403.0,21,43.77,250
403.0,22,37.29,1500
403.0,27,45.14,-250
403.0,29,43.47,-3500
403.0,30,35.44,5750
403.5,3,35.55,5000
403.5,4,35.18,-2500
403.5,6,39.73,1000
403.5,9,46.86,1750
403.5,14,40.3,3250
403.5,15,45.5,-2750
403.5,18,46.64,250
403.5,21,43.31,250
403.5,22,43.31,1500
403.5,27,44.69,-250
403.5,28,35.21,-5250
403.5,29,41.36,-3500
404.0,3,35.04,-1000
404.0,6,41.42,1000
404.0,7,35.32,5250
404.0,9,46.04,1750
404.0,14,44.53,3250
404.0,15,45.07,-2750
404.0,18,43.19,250
404.0,21,44.46,0
404.0,22,45.34,1500
404.0,27,46.14,-250
404.0,29,42.09,-3500
404.0,32,35.14,-2500
404.5,9,46.17,1750
404.5,13,35.22,-1000
404.5,14,40.62,3250
404.5,15,46.86,-2750
404.5,17,35.29,-3750
404.5,18,44.7,0
404.5,19,35.35,5000
404.5,21,43.72,250
404.5,22,43.24,1500
404.5,27,44.25,-250
404.5,29,43.25,-3500
405.0,6,35.59,-5250
405.0,9,47.02,1750
405.0,14,39.14,3000
405.0,15,44.63,-2750
405.0,18,46.74,250
405.0,21,44.06,0
405.0,22,46.26,1500
405.0,27,45.56,-250
405.0,29,42.47,-3500
405.5,2,35.38,3000
405.5,6,36.46,1000
405.5,9,46.67,1750
405.5,13,35.15,1750
405.5,14,41.24,3250
405.5,15,44.5,-2750
405.5,18,45.24,0
405.5,21,43.24,0
405.5,22,43.79,1500
405.5,24,35.16,-750
405.5,27,45.03,-250
405.5,29,40.43,-3500
405.5,31,35.07,5250
406.0,6,39.98,1000
406.0,9,46.39,1750
406.0,14,42.04,3250
406.0,15,46.31,-2750
406.0,16,35.53,1000
406.0,18,44.66,0
406.0,21,43.46,0
406.0,22,43.49,1500
406.0,27,45.63,-250
406.0,29,42.71,-3500
406.5,2,35.22,-5750
406.5,3,35.04,0
406.5,6,37.36,1000
406.5,9,46.1,1750
406.5,14,41.62,3250
406.5,15,45.42,-2750
406.5,18,46.84,250
406.5,19,35.41,-1250
406.5,21,44.69,0
406.5,22,40.96,1500
406.5,27,44.86,-250
406.5,29,43.04,-3500
407.0,6,37.99,1000
407.0,9,45.01,1750
407.0,14,42.32,3000
407.0,15,43.72,-2750
407.0,18,46.38,250
407.0,20,35.11,-3750
407.0,21,43.65,0
407.0,22,46.51,1500
407.0,27,44.54,-250
407.0,29,41.98,-3500
407.5,6,38.14,1250
407.5,9,45.69,1750
407.5,10,35.11,2500
407.5,14,40.59,3000
407.5,15,44.7,-2750
407.5,18,45.48,0
407.5,21,42.25,0
407.5,22,47.36,1500
407.5,26,35.35,4500
407.5,27,44.78,-250
407.5,29,41.21,-3500
408.0,2,35.76,-1750
408.0,5,35.93,5750
408.0,6,41.12,1250
408.0,8,35.46,2500
408.0,9,45.8,1750
408.0,11,35.33,-2000
408.0,14,41.11,3000
408.0,15,44.48,-2750
408.0,16,35.9,5500
408.0,18,45.14,0
408.0,21,42.39,0
408.0,22,47.59,1500
408.0,27,44.8,-250
408.0,29,40.61,-3500
408.5,1,35.24,250
408.5,2,35.38,-5000
408.5,4,35.14,250
408.5,5,35.57,3500
408.5,6,39.52,1250
408.5,9,45.29,1750
408.5,11,35.65,0
408.5,14,41.62,3000
408.5,15,44.02,-2750
408.5,17,35.08,-500
408.5,18,46.58,0
408.5,21,42.87,250
408.5,22,47.54,1500
408.5,24,35.06,-2000
408.5,26,35.04,-5500
408.5,27,44.16,-250
408.5,28,35.35,-750
408.5,29,40.96,-3500
408.5,31,35.24,-1000
409.0,3,35.16,5500
409.0,6,41.47,1250
409.0,9,45.79,1750
409.0,14,39.75,3250
409.0,15,44.28,-2750
409.0,16,35.53,2750
409.0,18,46.89,250
409.0,21,43.21,0
409.0,22,47.88,1500
409.0,27,43.76,-250
409.0,29,41.45,-3500
409.5,6,40.56,1250
409.5,8,35.41,1500
409.5,9,44.66,1750
409.5,14,41.09,3000
409.5,15,44.81,-2750
409.5,18,46.96,250
409.5,20,35.53,250
409.5,21,43.09,0
409.5,22,47.41,1500
409.5,23,35.04,-750
409.5,27,44.46,-250
409.5,29,41.22,-3500
410.0,4,35.27,-4750
410.0,6,42.03,1250
410.0,9,45.81,1750
410.0,11,35.56,-750
410.0,14,40.1,3250
410.0,15,43.64,-2750
410.0,18,46.71,250
410.0,21,42.97,0
410.0,22,47.64,1500
410.0,26,35.28,5500
410.0,27,43.79,-250
410.0,28,35.42,3500
410.0,29,40.77,-3500
410.5,6,41.43,1250
410.5,8,35.81,-4750
410.5,9,44.99,1750
410.5,13,35.01,2500
410.5,14,41.17,3250
410.5,15,44.67,-2750
410.5,18,46.37,0
410.5,21,42.29,0
410.5,22,47.88,1500
410.5,23,35.71,3750
410.5,27,43.38,-250
410.5,29,41.58,-3500
411.0,1,35.26,5500
411.0,6,41.6,1250
411.0,9,46.11,1750
411.0,14,41.68,3000
411.0,15,45.11,-2750
411.0,17,36.41,4250
411.0,18,44.97,0
411.0,20,35.35,5500
411.0,21,42.43,0
411.0,22,48.23,1500
411.0,27,43.85,-250
411.0,29,41.47,-3500
411.0,32,35.11,-5250
411.5,6,41.43,1250
411.5,9,46.42,1750
411.5,14,42.72,3000
411.5,15,43.98,-2750
411.5,18,47.6,250
411.5,21,42.81,0
411.5,22,47.22,1500
411.5,26,35.64,-3750
411.5,27,42.48,-250
411.5,29,42.66,-3500
412.0,6,42.62,1250
412.0,9,46.13,1750
412.0,14,40.31,3250
412.0,15,43.25,-2750
412.0,16,36.73,-4500
412.0,18,47.18,250
412.0,21,43.34,0
412.0,22,47.96,1500
412.0,27,42.9,-250
412.0,29,40.95,-3500
412.5,6,40.21,1250
412.5,9,46.41,1750
412.5,10,35.58,3500
412.5,14,41.73,3000
412.5,15,43.44,-2750
412.5,18,47.01,250
412.5,21,42.24,250
412.5,22,48.1,1500
412.5,23,35.03,2500
412.5,27,43.79,-250
412.5,28,35.24,-4250
412.5,29,40.22,-3500
413.0,1,35.34,0
413.0,6,42.15,1250
413.0,9,46.26,1750
413.0,14,42.8,3250
413.0,15,45.0,-2750
413.0,17,35.49,-2250
413.0,18,45.55,0
413.0,21,42.84,0
413.0,22,47.33,1500
413.0,25,35.03,2000
413.0,27,43.73,-250
413.0,28,35.34,-4000
413.0,29,42.5,-3500
413.0,30,35.36,-4000
413.5,9,46.29,1750
413.5,12,35.54,-1750
413.5,14,42.7,3000
413.5,15,44.57,-2750
413.5,18,46.22,0
413.5,21,42.81,0
413.5,22,46.92,1500
413.5,27,43.44,-250
413.5,29,41.05,-3500
414.0,2,36.07,-250
414.0,5,36.44,3500
414.0,8,35.18,2000
414.0,9,46.24,1750
414.0,10,35.48,1750
414.0,13,35.43,5750
414.0,14,40.86,3000
414.0,15,44.82,-2750
414.0,17,35.8,-250
414.0,18,46.35,0
414.0,19,35.07,5000
414.0,21,42.21,0
414.0,22,47.73,1500
414.0,23,35.3,5000
414.0,27,43.53,-250
414.0,29,39.48,-3500
414.0,30,35.46,-1000
414.5,6,35.08,3000
414.5,9,46.05,1750
414.5,10,35.16,5500
414.5,14,40.88,3000
414.5,15,44.43,-2750
414.5,17,35.12,500
414.5,18,46.09,0
414.5,21,42.48,250
414.5,22,47.02,1500
414.5,27,43.57,-250
414.5,29,41.36,-3500
415.0,7,35.51,-2750
415.0,9,45.4,1750
415.0,14,42.71,3000
415.0,15,44.83,-2750
415.0,18,47.46,250
415.0,21,44.23,0
415.0,22,47.11,1500
415.0,27,44.35,-250
415.0,29,41.81,-3500
415.0,31,35.65,-750
415.0,32,35.92,2000
415.5,6,35.02,-2750
415.5,9,46.04,1750
415.5,10,35.01,250
415.5,14,43.45,3000
415.5,15,43.6,-2750
415.5,16,35.3,-750
415.5,18,47.45,250
415.5,21,43.71,0
415.5,22,48.04,1500
415.5,25,35.03,-2750
415.5,27,44.1,-250
415.5,29,40.03,-3500
416.0,5,35.8,-2000
416.0,7,35.52,3500
416.0,9,45.94,1750
416.0,12,35.01,-2750
416.0,14,42.15,3000
416.0,15,44.08,-2750
416.0,18,47.18,250
416.0,19,35.09,-4750
416.0,21,42.59,250
416.0,22,47.13,1500
416.0,25,35.71,4000
416.0,27,43.25,-250
416.0,28,35.42,-1750
416.0,29,41.07,-3500
416.5,3,35.31,1500
416.5,9,45.14,1750
416.5,10,35.54,-3500
416.5,14,44.21,3000
416.5,15,45.03,-2750
416.5,18,47.55,250
416.5,20,35.33,-1750
416.5,21,43.63,0
416.5,22,47.49,1500
416.5,24,35.16,4250
416.5,25,36.17,1500
416.5,27,44.06,-250
416.5,29,42.44,-3500
417.0,9,45.48,1750
417.0,14,44.32,3000
417.0,15,43.7,-2750
417.0,18,47.56,250
417.0,20,35.75,-2500
417.0,21,44.36,0
417.0,22,47.42,1500
417.0,27,44.28,-250
417.0,29,42.11,-3500
417.0,31,36.39,1250
417.5,8,35.06,4750
417.5,9,46.57,1750
417.5,11,35.85,1500
417.5,12,35.38,500
417.5,14,43.69,3000
417.5,15,46.02,-2750
417.5,16,35.37,-4000
417.5,18,45.67,0
417.5,21,43.6,0
417.5,22,46.46,1500
417.5,27,43.49,-250
417.5,29,41.74,-3500
