Time,PRN,CN0_dBHz,Doppler
0.0,6,38.93,1250
0.0,7,35.0,4000
0.0,9,41.1,2000
0.0,14,35.7,5500
0.0,15,42.25,-2750
0.0,18,42.76,250
0.0,19,36.1,-750
0.0,21,39.94,250
0.0,22,42.44,1500
0.0,24,35.02,5000
0.0,27,37.99,0
0.0,29,37.39,-3500
0.5,3,35.44,1500
0.5,6,36.79,1250
0.5,9,39.91,2000
0.5,15,43.44,-2750
0.5,17,35.11,-1000
0.5,18,41.92,250
0.5,21,37.52,250
0.5,22,42.23,1500
0.5,27,38.91,0
0.5,29,36.08,-3500
0.5,32,35.15,-2750
1.0,2,35.12,250
1.0,3,38.14,1500
1.0,6,36.87,1250
1.0,9,39.31,2000
1.0,11,35.06,250
1.0,14,35.72,3250
1.0,15,42.18,-2750
1.0,16,35.42,-3500
1.0,18,42.61,250
1.0,20,35.05,-1750
1.0,21,37.74,250
1.0,22,42.91,1500
1.0,24,35.57,-3750
1.0,27,40.08,0
1.0,29,36.87,-3500
1.5,2,35.03,3250
1.5,3,36.14,1500
1.5,6,37.64,1250
1.5,8,35.2,-5000
1.5,9,40.7,2000
1.5,10,35.48,-5750
1.5,13,35.35,1000
1.5,15,42.12,-2750
1.5,18,43.33,250
1.5,21,39.31,250
1.5,22,42.03,1500
1.5,27,37.47,0
1.5,29,36.69,-3500
2.0,3,36.47,1500
2.0,4,35.19,3250
2.0,6,36.29,1250
2.0,9,39.09,2000
2.0,15,42.05,-2750
2.0,18,42.64,250
2.0,21,39.91,250
2.0,22,42.59,1500
2.0,23,35.31,3750
2.0,25,35.7,-500
2.0,27,37.2,0
2.0,29,37.4,-3500
2.5,1,35.08,-2000
2.5,3,36.08,1500
2.5,6,36.9,1250
2.5,9,39.06,2000
2.5,12,35.08,3750
2.5,14,36.35,3250
2.5,15,42.19,-2750
2.5,18,41.46,250
2.5,20,35.14,-3250
2.5,21,39.65,250
2.5,22,42.17,1500
2.5,27,37.35,0
2.5,29,36.9,-3500
3.0,2,35.36,500
3.0,3,36.69,1500
3.0,6,37.15,1250
3.0,9,38.96,2000
3.0,10,35.62,-2250
3.0,11,35.36,-3250
3.0,15,41.91,-2750
3.0,18,43.02,250
3.0,19,35.24,-5500
3.0,21,36.99,250
3.0,22,43.46,1500
3.0,26,35.58,3000
3.0,27,39.79,0
3.5,4,35.23,1000
3.5,5,35.2,3000
3.5,6,37.91,1250
3.5,9,38.88,2000
3.5,10,35.02,3000
3.5,15,41.25,-2750
3.5,18,42.38,250
3.5,21,39.29,250
3.5,22,42.38,1500
3.5,27,38.72,0
3.5,29,35.81,-3500
4.0,3,36.41,1500
4.0,6,38.59,1250
4.0,9,39.6,2000
4.0,15,41.35,-2750
4.0,17,35.11,-4750
4.0,18,42.23,250
4.0,21,39.68,250
4.0,22,42.24,1500
4.0,25,35.09,-5500
4.0,27,39.69,0
4.0,29,35.02,-3500
4.5,2,35.09,250
4.5,3,37.15,1500
4.5,5,35.68,-1750
4.5,6,38.65,1250
4.5,9,40.42,2000
4.5,15,41.85,-2750
4.5,16,35.2,-1500
4.5,18,42.36,250
4.5,21,39.35,250
4.5,22,42.91,1500
4.5,27,38.17,0
4.5,29,38.63,-3500
4.5,32,35.46,1500
5.0,2,35.77,5500
5.0,3,36.42,1500
5.0,5,35.66,-4250
5.0,6,38.04,1250
5.0,9,38.5,2000
5.0,15,40.5,-2750
5.0,17,35.65,-4750
5.0,18,42.58,250
5.0,21,39.96,250
5.0,22,43.43,1500
5.0,25,35.34,5250
5.0,27,36.05,0
5.0,29,36.45,-3500
5.5,3,36.3,1500
5.5,6,39.18,1250
5.5,9,37.7,2000
5.5,15,43.54,-2750
5.5,18,41.91,250
5.5,21,39.79,250
5.5,22,43.04,1500
5.5,24,35.08,-2750
5.5,27,39.73,0
6.0,1,35.14,-750
6.0,3,37.74,1500
6.0,5,35.05,-1750
6.0,9,37.25,2000
6.0,10,35.06,1000
6.0,15,42.92,-2750
6.0,18,42.4,250
6.0,21,38.88,250
6.0,22,43.2,1500
6.0,27,38.04,0
6.0,32,35.05,5000
6.5,2,35.09,-3750
6.5,3,36.93,1500
6.5,4,35.44,-5750
6.5,6,36.26,1250
6.5,9,40.13,2000
6.5,15,41.36,-2750
6.5,18,43.11,250
6.5,21,37.19,250
6.5,22,43.38,1500
6.5,27,38.47,0
6.5,28,35.4,-5500
6.5,29,36.01,-3500
6.5,30,35.64,4250
7.0,1,36.4,3250
7.0,2,35.16,1250
7.0,3,37.18,1500
7.0,4,35.23,2500
7.0,5,35.6,1000
7.0,6,38.7,1250
7.0,9,39.37,2000
7.0,12,35.81,-1250
7.0,14,36.08,3250
7.0,15,41.94,-2750
7.0,18,41.58,250
7.0,19,35.51,5500
7.0,21,39.02,250
7.0,22,41.86,1500
7.0,27,36.99,0
7.0,29,36.1,-3500
7.5,3,37.33,1500
7.5,6,37.87,1250
7.5,9,39.81,2000
7.5,10,35.19,1500
7.5,12,35.53,3250
7.5,15,42.16,-2750
7.5,18,41.68,250
7.5,21,40.29,250
7.5,22,43.42,1500
7.5,27,39.71,0
8.0,3,36.35,1500
8.0,6,39.07,1250
8.0,9,38.13,2000
8.0,10,35.93,1250
8.0,15,43.07,-2750
8.0,18,42.24,250
8.0,21,39.63,250
8.0,22,42.65,1500
8.0,27,38.32,0
8.0,29,37.14,-3500
8.0,30,35.21,-2750
8.5,1,36.44,-2500
8.5,3,38.2,1500
8.5,4,35.18,1500
8.5,6,35.59,-2750
8.5,7,35.22,-3500
8.5,9,37.68,2000
8.5,12,35.31,-4750
8.5,13,35.01,5000
8.5,14,36.19,3250
8.5,15,42.04,-2750
8.5,18,43.65,250
8.5,21,39.91,250
8.5,22,41.57,1500
8.5,25,35.37,-5250
8.5,27,36.76,0
8.5,28,35.54,5000
8.5,29,36.2,-3500
9.0,3,37.08,1500
9.0,6,35.51,1250
9.0,9,40.38,2000
9.0,14,35.87,3250
9.0,15,41.93,-2750
9.0,18,43.99,250
9.0,21,37.66,250
9.0,22,41.37,1500
9.0,27,38.38,0
9.0,28,35.6,1500
9.5,3,35.86,1500
9.5,6,35.47,1250
9.5,9,39.87,2000
9.5,14,36.39,3250
9.5,15,41.8,-2750
9.5,18,43.41,250
9.5,21,39.32,250
9.5,22,42.59,1500
9.5,27,38.1,0
9.5,29,38.33,-3500
10.0,4,35.15,-4500
10.0,6,35.23,1250
10.0,9,39.6,2000
10.0,14,36.23,3250
10.0,15,42.26,-2750
10.0,17,35.54,-4500
10.0,18,43.07,250
10.0,21,38.77,250
10.0,22,43.01,1500
10.0,26,35.7,-4750
10.0,27,37.56,0
10.0,29,36.02,-3500
10.5,3,35.06,1500
10.5,6,36.07,1250
10.5,9,40.19,2000
10.5,15,42.18,-2750
10.5,18,42.16,250
10.5,21,38.99,250
10.5,22,43.22,1500
10.5,24,35.2,4000
10.5,27,35.98,0
10.5,29,38.7,-3500
10.5,30,35.86,750
11.0,2,35.28,5000
11.0,3,37.51,1500
11.0,4,35.06,-3500
11.0,6,36.55,1250
11.0,9,39.12,2000
11.0,14,35.16,3250
11.0,15,42.39,-2750
11.0,18,42.74,250
11.0,21,39.53,250
11.0,22,43.82,1500
11.0,27,37.95,0
11.0,29,38.01,-3500
11.0,31,35.26,3750
11.5,3,35.23,2000
11.5,5,35.63,-2750
11.5,6,37.28,1250
11.5,9,39.54,2000
11.5,14,35.14,-6000
11.5,15,42.21,-2750
11.5,18,41.38,250
11.5,19,35.41,-2250
11.5,21,39.63,250
11.5,22,42.4,1500
11.5,27,40.46,0
11.5,29,36.22,-3500
12.0,6,35.06,-6000
12.0,9,38.23,2000
12.0,14,36.45,3250
12.0,15,42.4,-2750
12.0,18,42.7,250
12.0,21,40.08,250
12.0,22,43.74,1500
12.0,25,35.18,5000
12.0,27,40.2,0
12.0,29,37.61,-3500
12.5,6,36.16,1250
12.5,7,35.51,3250
12.5,9,39.53,2000
12.5,15,41.32,-2750
12.5,18,43.03,250
12.5,21,39.92,250
12.5,22,42.69,1500
12.5,27,38.93,0
12.5,29,37.95,-3500
12.5,31,35.02,2000
13.0,2,35.86,5750
13.0,3,37.05,1500
13.0,6,35.43,1250
13.0,9,40.13,2000
13.0,11,35.29,5750
13.0,15,42.84,-2750
13.0,16,35.15,-4750
13.0,18,43.06,250
13.0,21,39.48,250
13.0,22,43.42,1500
13.0,26,35.11,1250
13.0,27,36.36,0
13.0,29,36.3,-3500
13.5,1,35.83,-5000
13.5,3,35.2,-1750
13.5,6,37.64,1250
13.5,9,39.35,2000
13.5,11,35.05,-6000
13.5,15,41.74,-2750
13.5,18,42.24,250
13.5,21,38.69,250
13.5,22,43.04,1500
13.5,27,38.48,0
13.5,29,36.75,-3500
14.0,3,36.01,1500
14.0,4,35.13,-1750
14.0,6,38.91,1250
14.0,9,38.83,2000
14.0,11,35.04,-5750
14.0,14,35.72,-4250
14.0,15,42.18,-2750
14.0,18,42.62,250
14.0,21,39.18,250
14.0,22,42.66,1500
14.0,27,39.64,0
14.0,29,36.21,-3500
14.0,32,35.39,3250
14.5,1,35.41,-4000
14.5,3,36.93,1500
14.5,6,37.31,1250
14.5,9,39.7,2000
14.5,15,42.59,-2750
14.5,18,43.04,250
14.5,19,35.06,1500
14.5,21,38.69,250
14.5,22,42.16,1500
14.5,27,39.74,0
14.5,29,38.02,-3500
15.0,2,35.08,-5500
15.0,3,35.27,-1000
15.0,6,36.76,1250
15.0,9,39.42,2000
15.0,15,41.89,-2750
15.0,18,42.7,250
15.0,21,40.01,250
15.0,22,43.31,1500
15.0,25,35.65,3250
15.0,27,39.51,0
15.0,29,36.21,-3500
15.0,31,35.01,-3250
15.5,4,35.24,4250
15.5,5,35.2,-5500
15.5,9,39.54,2000
15.5,15,42.05,-2750
15.5,18,42.34,250
15.5,21,37.73,250
15.5,22,43.1,1500
15.5,24,35.01,3000
15.5,26,35.94,3750
15.5,27,38.74,0
15.5,29,35.87,-3500
16.0,6,38.22,1250
16.0,9,37.28,2000
16.0,14,36.33,3250
16.0,15,40.82,-2750
16.0,16,36.04,3000
16.0,17,35.29,2250
16.0,18,41.78,250
16.0,20,35.32,-1250
16.0,21,39.5,250
16.0,22,42.39,1500
16.0,24,35.1,4500
16.0,27,38.32,0
16.0,29,37.77,-3500
16.0,30,35.01,2500
16.5,1,35.2,-500
16.5,5,35.07,-5500
16.5,6,38.17,1250
16.5,9,39.42,2000
16.5,11,35.22,-2250
16.5,15,42.0,-2750
16.5,16,35.51,-1000
16.5,18,42.59,250
16.5,21,39.22,250
16.5,22,41.83,1500
16.5,25,35.22,-4000
16.5,27,39.36,0
16.5,28,36.27,500
16.5,29,40.21,-3500
17.0,3,35.93,1500
17.0,6,35.6,1250
17.0,7,35.37,-4750
17.0,9,38.29,2000
17.0,10,35.27,1500
17.0,15,41.96,-2750
17.0,18,42.8,250
17.0,21,38.81,250
17.0,22,43.09,1500
17.0,27,39.25,0
17.0,28,35.79,-3000
17.0,29,36.28,-750
17.0,32,35.09,4250
17.5,1,35.02,2250
17.5,3,35.13,1500
17.5,6,36.88,1250
17.5,15,41.39,-2750
17.5,18,42.21,250
17.5,19,36.29,-1750
17.5,21,40.03,250
17.5,22,41.61,1500
17.5,23,35.2,5250
17.5,27,38.18,0
17.5,29,35.65,-3500
18.0,1,35.02,-2500
18.0,3,36.68,1500
18.0,4,35.71,-1000
18.0,6,36.23,1250
18.0,7,35.02,-5500
18.0,9,38.81,2000
18.0,13,35.25,-1000
18.0,14,35.0,3250
18.0,15,42.19,-2750
18.0,18,42.09,250
18.0,19,35.15,5250
18.0,21,39.2,250
18.0,22,42.96,1500
18.0,23,35.08,3000
18.0,24,35.03,4500
18.0,27,38.92,0
18.0,28,35.44,4500
18.0,29,36.78,-3500
18.0,31,35.17,-5750
18.5,2,35.23,-5750
18.5,3,35.29,1500
18.5,6,35.65,1250
18.5,9,38.36,2000
18.5,10,35.61,250
18.5,12,35.16,-4000
18.5,14,36.63,3250
18.5,15,43.1,-2750
18.5,18,41.75,250
18.5,21,37.94,250
18.5,22,42.7,1500
18.5,27,40.05,0
18.5,29,35.88,-3500
18.5,32,35.88,-5500
19.0,1,35.62,5250
19.0,4,35.39,1000
19.0,6,37.02,1250
19.0,9,39.85,2000
19.0,11,35.0,-1500
19.0,15,42.15,-2750
19.0,18,42.95,250
19.0,21,38.83,250
19.0,22,42.43,1500
19.0,24,36.08,0
19.0,27,40.45,0
19.0,29,36.92,-3500
19.0,31,35.45,2750
19.5,1,35.65,5750
19.5,2,35.05,-5000
19.5,3,37.99,1500
19.5,6,37.63,1250
19.5,9,36.82,2000
19.5,14,37.63,3250
19.5,15,41.91,-2750
19.5,18,42.34,250
19.5,21,39.79,250
19.5,22,42.44,1500
19.5,27,39.14,0
19.5,28,35.22,-2000
19.5,29,35.29,-3500
19.5,32,35.38,-2500
20.0,1,35.14,-3500
20.0,3,35.05,4250
20.0,7,35.07,-3250
20.0,9,37.71,2000
20.0,12,35.15,-5250
20.0,14,35.61,4000
20.0,15,41.98,-2750
20.0,17,35.3,1000
20.0,18,42.48,250
20.0,21,37.36,250
20.0,22,41.86,1500
20.0,26,35.08,-1750
20.0,27,40.78,0
20.5,6,37.36,1250
20.5,7,35.19,5250
20.5,8,35.55,-3250
20.5,9,36.71,2000
20.5,14,36.87,3250
20.5,15,42.19,-2750
20.5,18,42.17,250
20.5,19,35.13,5000
20.5,20,35.36,2500
20.5,21,37.94,250
20.5,22,43.25,1500
20.5,27,39.67,0
20.5,29,38.57,-3500
20.5,30,35.73,3250
21.0,3,35.25,5250
21.0,9,38.95,2000
21.0,12,35.06,3250
21.0,14,35.94,3250
21.0,15,41.78,-2750
21.0,17,35.31,-3750
21.0,18,42.82,250
21.0,21,36.79,250
21.0,22,43.36,1500
21.0,23,35.2,3250
21.0,25,35.63,3750
21.0,27,40.63,0
21.0,31,35.27,-1500
21.5,3,36.65,1500
21.5,8,35.12,-2000
21.5,9,35.9,2000
21.5,14,35.41,3250
21.5,15,42.19,-2750
21.5,18,42.01,250
21.5,21,37.25,250
21.5,22,42.09,1500
21.5,27,40.02,0
21.5,28,35.26,4500
21.5,29,35.85,-5750
22.0,3,38.62,1500
22.0,5,35.01,3000
22.0,6,36.75,1250
22.0,9,38.1,2000
22.0,13,35.22,-4250
22.0,14,35.55,3250
22.0,15,41.19,-2750
22.0,18,43.05,250
22.0,21,37.76,250
22.0,22,42.99,1500
22.0,25,35.65,3750
22.0,27,37.81,0
22.0,29,35.46,-1250
22.5,3,36.19,1500
22.5,6,36.43,1250
22.5,8,35.01,500
22.5,9,38.22,2000
22.5,13,35.36,-3500
22.5,14,35.08,-2000
22.5,15,41.17,-2750
22.5,18,42.5,250
22.5,21,38.36,250
22.5,22,43.5,1500
22.5,23,35.09,3750
22.5,27,39.81,0
22.5,29,36.42,-3500
22.5,30,35.15,3500
23.0,4,35.13,-2500
23.0,6,38.25,1250
23.0,9,37.53,2000
23.0,11,35.69,-2500
23.0,15,42.3,-2750
23.0,18,42.83,250
23.0,21,38.55,250
23.0,22,42.58,1500
23.0,27,38.56,0
23.0,29,35.37,-3500
23.5,2,35.52,1250
23.5,3,35.58,-750
23.5,4,36.33,-2250
23.5,6,35.38,1250
23.5,9,38.57,2000
23.5,10,35.67,-5750
23.5,15,41.61,-2750
23.5,18,43.38,250
23.5,21,36.08,250
23.5,22,42.74,1500
23.5,24,35.24,-3000
23.5,26,35.78,-250
23.5,27,39.8,0
23.5,29,35.8,-3500
24.0,3,36.85,1500
24.0,4,35.43,4000
24.0,6,36.72,1250
24.0,9,38.67,2000
24.0,12,35.74,0
24.0,14,35.07,3250
24.0,15,40.99,-2750
24.0,18,43.65,250
24.0,19,35.04,2000
24.0,21,37.13,250
24.0,22,42.52,1500
24.0,24,35.02,-3000
24.0,26,35.11,3500
24.0,27,35.75,-6000
24.0,29,36.35,-3500
24.0,32,35.16,-5000
24.5,1,35.28,5250
24.5,3,36.28,1500
24.5,8,35.04,-4750
24.5,9,39.63,2000
24.5,15,41.81,-2750
24.5,18,41.54,250
24.5,21,37.98,250
24.5,22,41.95,1500
24.5,23,35.12,5500
24.5,27,40.89,0
24.5,29,36.9,-3500
25.0,1,35.31,-1000
25.0,6,38.39,1250
25.0,8,35.85,2000
25.0,9,37.72,2000
25.0,13,35.79,-2250
25.0,15,42.4,-2750
25.0,18,41.84,250
25.0,21,37.71,250
25.0,22,43.12,1500
25.0,24,35.08,-1000
25.0,27,39.36,0
25.0,28,35.1,4500
25.0,29,36.23,-3500
25.5,6,35.64,1250
25.5,8,35.35,-4250
25.5,9,37.97,2000
25.5,13,35.06,-3000
25.5,15,40.18,-2750
25.5,18,42.44,250
25.5,21,38.25,250
25.5,22,42.83,1500
25.5,25,35.31,2000
25.5,27,37.04,0
25.5,29,35.75,4500
26.0,3,38.34,1500
26.0,5,35.53,-750
26.0,6,35.06,1250
26.0,9,39.14,2000
26.0,15,40.34,-2750
26.0,16,35.1,-2000
26.0,18,41.83,250
26.0,20,35.8,5500
26.0,21,37.88,250
26.0,22,43.24,1500
26.0,24,35.35,4750
26.0,25,35.81,5250
26.0,27,39.11,0
26.0,29,35.12,3500
26.0,31,35.08,1000
26.0,32,35.0,-1750
26.5,3,35.74,1500
26.5,4,36.52,-3750
26.5,5,35.18,3750
26.5,6,37.13,1250
26.5,7,35.14,-250
26.5,9,38.32,2000
26.5,12,35.55,-2750
26.5,15,39.64,-2750
26.5,18,42.2,250
26.5,21,40.06,250
26.5,22,43.2,1500
26.5,23,35.02,-3750
26.5,26,35.24,3000
26.5,27,36.84,0
27.0,2,35.48,-3000
27.0,3,36.05,1500
27.0,5,35.87,-2000
27.0,6,37.37,1250
27.0,9,37.66,2000
27.0,10,35.84,5000
27.0,11,35.99,2750
27.0,14,35.64,3250
27.0,15,40.27,-2750
27.0,18,43.0,250
27.0,21,38.19,250
27.0,22,43.48,1500
27.0,24,35.17,2750
27.0,27,39.43,0
27.0,32,35.11,4500
27.5,6,36.67,1250
27.5,9,38.4,2000
27.5,15,41.95,-2750
27.5,16,35.8,750
27.5,18,41.79,250
27.5,21,40.81,250
27.5,22,43.4,1500
27.5,27,39.27,0
27.5,29,35.63,-3500
28.0,3,35.38,-5000
28.0,4,35.0,-250
28.0,6,38.02,1250
28.0,7,35.05,-5750
28.0,9,37.83,2000
28.0,10,35.06,2000
28.0,12,35.62,0
28.0,15,40.61,-2750
28.0,18,42.21,250
28.0,20,35.21,-5000
28.0,21,39.49,250
28.0,22,43.36,1500
28.0,25,35.66,-4250
28.0,27,38.65,0
28.0,29,35.4,-3500
28.0,30,36.25,-1250
28.5,4,35.16,-4750
28.5,6,37.63,1250
28.5,7,35.43,-2000
28.5,9,38.99,2000
28.5,10,35.2,2500
28.5,13,35.67,750
28.5,14,36.52,3250
28.5,15,40.82,-2750
28.5,18,41.9,250
28.5,19,35.04,-4000
28.5,21,39.85,250
28.5,22,43.11,1500
28.5,26,35.71,-250
28.5,27,39.49,0
28.5,29,35.98,-1500
29.0,1,35.01,-3500
29.0,2,35.25,5250
29.0,3,37.88,1500
29.0,6,38.24,1250
29.0,9,39.37,2000
29.0,14,35.97,-500
29.0,15,41.4,-2750
29.0,18,40.86,250
29.0,21,38.36,250
29.0,22,43.42,1500
29.0,24,35.02,4250
29.0,27,38.08,0
29.0,29,35.52,-3500
29.0,32,35.13,-750
29.5,3,36.49,1500
29.5,5,35.93,-500
29.5,6,37.55,1250
29.5,9,39.04,2000
29.5,15,40.09,-2750
29.5,18,42.52,250
29.5,21,38.78,250
29.5,22,43.62,1500
29.5,23,35.48,250
29.5,27,38.85,0
29.5,29,36.13,-3500
30.0,3,35.03,1500
30.0,6,36.53,1250
30.0,8,35.24,-5500
30.0,9,38.49,2000
30.0,11,35.08,5500
30.0,14,35.39,500
30.0,15,41.31,-2750
30.0,18,42.32,250
30.0,21,39.56,250
30.0,22,43.52,1500
30.0,27,38.11,0
30.0,28,35.22,-4000
30.0,29,36.51,-3500
30.0,31,35.61,-500
30.0,32,35.23,2000
30.5,1,35.14,0
30.5,3,37.28,1500
30.5,6,37.65,1250
30.5,9,38.42,2000
30.5,11,35.16,-4250
30.5,12,35.62,-5500
30.5,14,35.27,250
30.5,15,41.36,-2750
30.5,18,42.25,250
30.5,21,40.43,250
30.5,22,43.62,1500
30.5,27,38.16,0
30.5,32,35.38,-5500
31.0,6,35.58,1250
31.0,9,38.45,2000
31.0,15,41.89,-2750
31.0,18,41.69,250
31.0,21,39.72,250
31.0,22,43.28,1500
31.0,27,39.42,0
31.0,29,37.23,-3500
31.0,30,35.13,4000
31.0,31,35.78,250
31.5,1,35.02,4250
31.5,3,35.75,1500
31.5,6,39.03,1250
31.5,7,36.0,-1750
31.5,9,39.2,2000
31.5,14,36.54,3250
31.5,15,41.08,-2750
31.5,18,42.5,250
31.5,21,39.68,250
31.5,22,43.5,1500
31.5,26,35.11,-1500
31.5,27,36.57,0
31.5,29,37.67,-3500
32.0,3,35.05,1500
32.0,6,37.72,1250
32.0,8,35.04,4750
32.0,9,39.74,2000
32.0,14,35.08,0
32.0,15,41.25,-2750
32.0,16,35.72,0
32.0,18,41.92,250
32.0,20,35.69,3000
32.0,21,41.03,250
32.0,22,43.29,1500
32.0,23,35.0,2750
32.0,24,35.53,-1750
32.0,27,39.87,0
32.0,29,35.6,-3500
32.5,3,36.2,1500
32.5,4,35.56,4000
32.5,6,37.49,1250
32.5,9,38.46,2000
32.5,15,41.84,-2750
32.5,18,42.23,250
32.5,21,39.07,250
32.5,22,42.94,1500
32.5,26,35.2,-2750
32.5,27,38.21,0
32.5,29,35.9,-3500
32.5,31,35.38,4000
33.0,3,35.58,1500
33.0,4,35.76,-2000
33.0,6,37.04,1250
33.0,8,36.23,1750
33.0,9,37.24,2000
33.0,11,35.07,750
33.0,13,35.92,-1500
33.0,15,41.18,-2750
33.0,18,41.95,250
33.0,21,39.16,250
33.0,22,43.59,1500
33.0,23,35.95,2500
33.0,24,35.19,-5750
33.0,26,35.55,4000
33.0,27,38.94,0
33.0,28,35.07,5000
33.0,29,35.05,-3500
33.5,1,35.01,3000
33.5,3,36.36,1500
33.5,6,37.04,1250
33.5,9,39.46,2000
33.5,10,35.44,2500
33.5,15,40.77,-2750
33.5,18,42.37,250
33.5,20,35.01,0
33.5,21,41.0,250
33.5,22,44.28,1500
33.5,27,39.31,0
33.5,29,35.85,-3500
33.5,32,35.59,-3750
34.0,6,37.96,1250
34.0,9,38.27,2000
34.0,11,35.05,-250
34.0,15,39.11,-2750
34.0,16,35.16,250
34.0,18,41.85,250
34.0,21,39.66,250
34.0,22,43.47,1500
34.0,27,37.54,0
34.0,31,35.87,-5500
34.0,32,35.38,-1250
34.5,1,35.02,-3500
34.5,2,35.41,-5500
34.5,3,35.41,-2000
34.5,6,37.93,1250
34.5,7,35.04,-5500
34.5,9,38.35,2000
34.5,15,40.06,-2750
34.5,18,41.98,250
34.5,19,35.43,750
34.5,21,38.5,250
34.5,22,43.02,1500
34.5,23,35.08,-3500
34.5,27,39.39,0
34.5,30,35.06,5000
35.0,3,35.2,1500
35.0,5,35.34,-4250
35.0,6,37.52,1250
35.0,7,35.22,0
35.0,9,37.92,2000
35.0,15,40.15,-2750
35.0,18,41.43,250
35.0,21,40.07,250
35.0,22,43.95,1500
35.0,27,40.43,0
35.0,29,35.94,-3500
35.5,1,35.24,-2000
35.5,6,35.58,1250
35.5,9,37.95,2000
35.5,15,40.78,-2750
35.5,18,41.82,250
35.5,20,35.02,-3750
35.5,21,39.57,250
35.5,22,42.49,1500
35.5,24,35.26,-2750
35.5,27,40.07,0
35.5,29,35.96,-3500
35.5,31,35.16,2500
36.0,4,35.18,1500
36.0,6,38.87,1250
36.0,9,38.76,2000
36.0,11,35.71,-2750
36.0,15,41.69,-2750
36.0,16,35.72,5750
36.0,18,40.75,250
36.0,21,39.89,250
36.0,22,42.1,1500
36.0,25,35.1,0
36.0,26,35.4,-3250
36.0,27,38.55,0
36.0,29,36.45,-3500
36.0,30,35.05,1750
36.5,5,36.35,-3250
36.5,6,40.36,1250
36.5,7,35.03,3000
36.5,9,37.78,2000
36.5,15,42.19,-2750
36.5,18,42.04,250
36.5,21,38.78,250
36.5,22,42.45,1500
36.5,27,37.65,0
36.5,31,35.42,1500
37.0,3,35.54,1500
37.0,4,35.04,3000
37.0,6,40.08,1250
37.0,9,40.4,2000
37.0,11,35.14,-1500
37.0,14,35.21,3250
37.0,15,40.2,-2750
37.0,18,42.13,250
37.0,20,35.63,-1000
37.0,21,40.39,250
37.0,22,42.75,1500
37.0,27,38.53,0
37.5,3,37.57,1500
37.5,5,35.3,-500
37.5,6,36.5,1250
37.5,9,38.73,2000
37.5,12,36.04,-3750
37.5,15,41.39,-2750
37.5,18,41.43,250
37.5,21,37.85,250
37.5,22,42.86,1500
37.5,27,38.87,0
37.5,29,35.62,-3500
38.0,2,35.13,3250
38.0,3,35.59,1500
38.0,6,36.34,1250
38.0,9,41.18,2000
38.0,11,35.24,4500
38.0,14,36.05,3250
38.0,15,40.95,-2750
38.0,18,40.44,250
38.0,21,40.15,250
38.0,22,43.93,1500
38.0,27,39.03,0
38.0,28,35.47,-1250
38.0,29,37.29,-3500
38.0,32,35.32,1750
38.5,2,35.53,1500
38.5,3,37.19,1500
38.5,6,38.44,1250
38.5,8,35.27,4000
38.5,9,40.11,2000
38.5,15,40.98,-2750
38.5,18,41.59,250
38.5,21,36.94,250
38.5,22,43.39,1500
38.5,27,37.42,0
38.5,29,36.05,-3500
39.0,1,35.09,-3750
39.0,5,35.03,3500
39.0,6,37.88,1250
39.0,9,38.66,2000
39.0,11,35.28,2250
39.0,13,35.4,2500
39.0,14,37.08,3250
39.0,15,40.45,-2750
39.0,17,35.78,-5250
39.0,18,42.44,250
39.0,19,35.42,250
39.0,21,40.07,250
39.0,22,43.38,1500
39.0,24,35.34,2750
39.0,26,35.47,3500
39.0,27,37.64,0
39.0,30,35.09,4000
39.5,3,37.17,1500
39.5,6,37.96,1250
39.5,7,35.24,250
39.5,9,39.38,2000
39.5,10,35.13,-6000
39.5,15,40.9,-2750
39.5,18,41.53,250
39.5,21,39.6,250
39.5,22,43.04,1500
39.5,27,38.55,0
39.5,29,36.96,-3500
39.5,31,35.48,1500
39.5,32,35.16,2000
40.0,6,35.33,1250
40.0,9,40.43,2000
40.0,13,35.3,2500
40.0,15,41.76,-2750
40.0,18,42.42,250
40.0,21,40.75,250
40.0,22,43.16,1500
40.0,27,37.8,0
40.0,28,35.95,3000
40.0,29,37.55,-3500
40.0,31,35.13,4500
40.5,3,38.11,1500
40.5,6,37.69,1250
40.5,9,39.92,2000
40.5,15,42.19,-2750
40.5,18,42.45,250
40.5,21,40.07,250
40.5,22,43.17,1500
40.5,26,35.38,5500
40.5,27,38.25,0
40.5,28,35.66,5000
40.5,29,35.27,-3500
41.0,3,35.94,1500
41.0,6,37.42,1250
41.0,9,39.11,2000
41.0,13,35.69,1250
41.0,15,41.09,-2750
41.0,18,41.63,250
41.0,21,40.7,250
41.0,22,43.15,1500
41.0,25,35.13,5000
41.0,26,35.13,5500
41.0,27,39.38,0
41.0,29,36.57,-3500
41.5,1,35.09,4250
41.5,3,35.31,1500
41.5,6,37.97,1250
41.5,7,35.11,500
41.5,9,40.47,2000
41.5,11,35.15,500
41.5,12,35.12,250
41.5,14,35.15,-5000
41.5,15,42.08,-2750
41.5,18,41.92,250
41.5,21,37.46,250
41.5,22,43.85,1500
41.5,23,36.33,-250
41.5,27,35.74,-1750
41.5,29,37.48,-3500
42.0,6,35.68,1250
42.0,9,39.15,2000
42.0,14,35.36,3250
42.0,15,42.3,-2750
42.0,17,35.3,-750
42.0,18,40.47,250
42.0,21,38.94,250
42.0,22,42.44,1500
42.0,27,36.15,0
42.5,3,36.02,1500
42.5,6,36.52,1250
42.5,9,41.04,2000
42.5,15,40.67,-2750
42.5,17,35.1,-1500
42.5,18,40.64,250
42.5,21,38.55,250
42.5,22,42.28,1500
42.5,27,36.71,0
42.5,29,37.09,-3500
43.0,2,35.34,-750
43.0,3,35.45,1500
43.0,5,35.47,5750
43.0,6,36.25,1250
43.0,9,41.67,2000
43.0,15,42.91,-2750
43.0,18,42.73,250
43.0,21,37.94,250
43.0,22,43.95,1500
43.0,27,35.78,-3750
43.0,29,35.74,-3500
43.5,3,36.17,1500
43.5,6,37.55,1250
43.5,9,41.33,2000
43.5,15,42.34,-2750
43.5,16,35.44,4000
43.5,18,42.52,250
43.5,21,39.34,250
43.5,22,44.51,1500
43.5,26,35.11,-5250
43.5,27,36.05,0
43.5,29,35.82,-3500
44.0,3,38.64,1500
44.0,6,36.96,1250
44.0,9,40.71,2000
44.0,14,35.73,3250
44.0,15,42.51,-2750
44.0,18,41.97,250
44.0,21,41.25,250
44.0,22,41.77,1500
44.0,23,35.01,-750
44.0,24,35.22,2500
44.0,27,36.89,0
44.5,3,38.25,1500
44.5,8,35.03,-4000
44.5,9,38.98,2000
44.5,11,35.07,-3500
44.5,12,35.4,-750
44.5,14,35.04,4750
44.5,15,43.13,-2750
44.5,17,35.03,5250
44.5,18,42.23,250
44.5,20,35.0,-5000
44.5,21,40.93,250
44.5,22,42.8,1500
44.5,26,35.14,0
44.5,27,38.95,0
44.5,29,36.68,-3500
45.0,1,35.0,-3750
45.0,3,36.39,1500
45.0,6,37.52,1250
45.0,9,40.01,2000
45.0,11,35.17,-4000
45.0,15,38.59,-2750
45.0,18,43.02,250
45.0,21,40.49,250
45.0,22,43.93,1500
45.5,3,39.03,1500
45.5,5,35.3,4500
45.5,6,37.26,1250
45.5,8,35.15,250
45.5,9,41.01,2000
45.5,14,35.31,4250
45.5,15,40.58,-2750
45.5,16,35.29,-3000
45.5,18,43.23,250
45.5,21,39.98,250
45.5,22,43.29,1500
45.5,24,35.19,4500
45.5,27,35.19,0
45.5,29,35.09,-3500
45.5,31,35.38,1500
46.0,3,35.36,4000
46.0,5,35.15,3500
46.0,6,38.67,1250
46.0,9,39.44,2000
46.0,18,39.13,250
46.0,21,39.0,250
46.0,22,43.24,1500
46.0,23,35.33,250
46.0,27,35.09,5000
46.0,29,36.64,-3500
46.0,30,35.05,-1000
46.5,6,35.28,1250
46.5,9,37.26,2000
46.5,14,36.49,3250
46.5,15,38.64,-2750
46.5,18,39.02,250
46.5,20,36.23,-1250
46.5,21,39.53,250
46.5,22,41.24,1500
46.5,24,35.43,-3250
46.5,26,35.43,-5000
46.5,28,35.8,0
46.5,29,35.8,-3500
47.0,3,36.74,1500
47.0,6,38.39,1250
47.0,8,35.14,4750
47.0,9,38.53,2000
47.0,10,35.38,3500
47.0,14,35.12,-5750
47.0,15,35.68,-2750
47.0,18,38.62,250
47.0,21,35.33,1250
47.0,22,41.41,1500
47.0,29,38.78,-3500
47.5,3,36.88,1500
47.5,7,35.12,3500
47.5,8,35.04,4250
47.5,15,35.81,-2750
47.5,16,35.32,1250
47.5,17,35.01,-5500
47.5,18,39.45,250
47.5,21,35.25,-4000
47.5,22,41.38,1500
48.0,2,35.12,-1250
48.0,3,35.28,4250
48.0,6,40.23,1250
48.0,7,35.97,-1250
48.0,8,35.01,-2500
48.0,12,35.66,-250
48.0,14,35.53,3250
48.0,15,35.6,-2750
48.0,16,35.3,-4000
48.0,17,35.13,2250
48.0,18,41.45,250
48.0,21,38.76,250
48.0,22,41.62,1500
48.0,29,35.69,-3500
48.0,30,35.04,-1250
48.5,2,35.44,-5000
48.5,3,35.15,250
48.5,6,35.17,1250
48.5,12,35.13,-2250
48.5,14,35.11,-1250
48.5,18,41.75,250
48.5,21,35.25,-5500
48.5,22,41.08,1500
48.5,27,35.85,0
49.0,6,35.61,1250
49.0,7,35.55,4750
49.0,8,35.14,-2500
49.0,9,35.06,-3750
49.0,18,40.17,250
49.0,20,35.07,3000
49.0,21,38.64,250
49.0,22,44.36,1500
49.0,23,35.25,-5500
49.0,29,39.12,-3500
49.5,3,36.19,5750
49.5,9,36.85,2000
49.5,17,35.09,4500
49.5,18,41.96,250
49.5,21,40.74,250
49.5,22,44.37,1500
50.0,3,37.65,1500
50.0,6,35.71,1250
50.0,9,35.11,-1500
50.0,10,35.9,-3250
50.0,18,43.44,250
50.0,22,43.24,1500
50.0,29,35.14,3250
50.0,30,35.32,4250
50.5,6,35.31,-1750
50.5,15,38.6,-2750
50.5,16,35.2,2250
50.5,18,42.14,250
50.5,21,38.94,250
50.5,22,43.02,1500
50.5,29,36.44,-3500
50.5,32,35.54,1750
51.0,3,36.98,1500
51.0,6,38.26,1250
51.0,15,38.52,-2750
51.0,18,43.48,250
51.0,21,38.95,250
51.0,22,42.42,1500
51.0,25,35.44,1000
51.0,27,35.06,3500
51.0,29,36.83,-3500
51.5,3,35.46,1500
51.5,6,40.82,1250
51.5,15,39.09,-2750
51.5,18,42.4,250
51.5,21,39.3,250
51.5,22,41.21,1500
51.5,26,35.07,2000
51.5,27,36.42,0
51.5,28,35.27,1000
52.0,3,35.14,5250
52.0,6,35.99,1250
52.0,12,35.22,500
52.0,15,41.21,-2750
52.0,18,42.36,250
52.0,19,35.49,0
52.0,21,39.06,250
52.0,22,43.21,1500
52.0,24,35.13,2250
52.0,27,39.48,0
52.0,29,36.39,-3500
52.0,31,35.65,-6000
52.5,2,35.17,-1000
52.5,3,35.4,-3000
52.5,4,35.17,-1750
52.5,6,36.96,1250
52.5,9,39.7,2000
52.5,10,35.01,2500
52.5,15,40.35,-2750
52.5,17,35.05,-4750
52.5,18,42.13,250
52.5,20,35.13,2250
52.5,21,39.02,250
52.5,22,43.52,1500
52.5,27,39.36,0
53.0,1,35.28,4750
53.0,4,35.71,1000
53.0,7,37.13,3250
53.0,9,40.94,2000
53.0,13,35.33,2500
53.0,15,38.13,-2750
53.0,18,43.13,250
53.0,21,37.83,250
53.0,22,43.85,1500
53.0,27,37.17,0
53.0,28,35.16,3250
53.0,29,38.32,-3500
53.5,8,35.22,2250
53.5,9,39.93,2000
53.5,10,35.09,5750
53.5,15,36.78,-2750
53.5,18,43.34,250
53.5,19,36.15,-4250
53.5,20,35.29,-5500
53.5,21,40.73,250
53.5,22,35.53,4750
53.5,28,36.69,-500
53.5,29,37.88,-3500
54.0,8,35.57,-1750
54.0,9,35.89,2000
54.0,14,35.08,4500
54.0,15,39.73,-2750
54.0,16,35.32,-3500
54.0,18,40.13,250
54.0,21,38.15,250
54.0,22,41.87,1500
54.0,25,35.01,3500
54.0,29,37.94,-3500
54.0,30,35.0,-4750
54.5,1,35.44,-2750
54.5,9,36.5,2000
54.5,12,35.11,-4500
54.5,15,39.83,-2750
54.5,17,35.24,3750
54.5,18,43.39,250
54.5,21,36.93,250
54.5,22,42.62,1500
54.5,29,37.93,-3500
55.0,15,42.84,-2750
55.0,17,35.19,-5000
55.0,18,42.66,250
55.0,20,35.27,-3750
55.0,21,39.1,250
55.0,22,41.94,1500
55.0,32,35.55,-5500
55.5,1,35.19,-4750
55.5,7,35.05,3000
55.5,9,40.21,2000
55.5,15,35.67,-2750
55.5,17,35.48,4250
55.5,18,44.73,250
55.5,19,35.09,-5500
55.5,21,39.17,250
55.5,22,41.19,1500
55.5,26,35.58,250
55.5,27,35.86,0
55.5,29,35.18,1250
56.0,15,39.04,-2750
56.0,18,42.37,250
56.0,20,36.1,3500
56.0,21,39.64,250
56.0,22,36.48,1500
56.0,29,36.61,-3500
56.5,9,37.63,2000
56.5,11,35.03,-2750
56.5,14,38.46,3250
56.5,15,43.51,-2750
56.5,17,35.45,2750
56.5,18,42.18,250
56.5,21,39.74,250
56.5,22,42.26,1500
56.5,27,39.36,0
56.5,32,36.0,-5000
57.0,2,35.07,3750
57.0,3,36.05,1500
57.0,6,35.32,-5500
57.0,9,37.99,2000
57.0,12,35.07,-3750
57.0,15,37.97,-2750
57.0,18,41.88,250
57.0,21,40.36,250
57.0,22,43.35,1500
57.0,24,35.06,-1500
57.0,29,40.67,-3500
57.5,3,36.17,1500
57.5,6,35.87,1250
57.5,7,35.31,500
57.5,9,39.87,2000
57.5,11,35.99,-1750
57.5,12,35.33,-4000
57.5,13,35.38,3500
57.5,14,35.35,0
57.5,15,40.67,-2750
57.5,18,42.09,250
57.5,20,35.7,-1500
57.5,21,39.65,250
57.5,22,43.75,1500
57.5,29,38.35,-3500
58.0,3,35.03,3000
58.0,6,37.55,1250
58.0,8,35.75,1000
58.0,9,38.85,2000
58.0,11,35.4,-1500
58.0,15,40.85,-2750
58.0,18,38.11,250
58.0,21,39.54,250
58.0,22,42.72,1500
58.5,2,35.49,-3000
58.5,6,36.64,1250
58.5,15,42.58,-2750
58.5,18,41.91,250
58.5,21,37.6,250
58.5,22,42.57,1500
59.0,6,36.7,1250
59.0,9,36.14,2000
59.0,15,41.56,-2750
59.0,18,41.55,250
59.0,21,41.3,250
59.0,22,44.52,1500
59.0,23,35.24,-1750
59.5,6,37.21,1250
59.5,9,41.14,2000
59.5,15,42.42,-2750
59.5,18,42.47,250
59.5,21,39.66,250
59.5,22,44.27,1500
59.5,26,35.37,250
59.5,27,37.86,0
59.5,30,36.15,-1750
60.0,2,35.18,-2000
60.0,5,35.05,5250
60.0,6,39.44,1250
60.0,9,40.57,2000
60.0,11,35.1,-2750
60.0,15,41.46,-2750
60.0,18,42.84,250
60.0,21,39.43,250
60.0,22,42.37,1500
60.0,26,35.19,-750
60.0,27,36.29,0
60.5,1,35.64,2500
60.5,3,35.52,1500
60.5,4,35.23,-5250
60.5,6,40.4,1250
60.5,8,35.03,-2500
60.5,9,41.82,2000
60.5,18,40.05,250
60.5,21,40.56,250
60.5,22,43.43,1500
60.5,24,35.08,-3500
60.5,27,35.13,0
60.5,29,37.22,-3500
61.0,3,38.76,1500
61.0,6,35.92,1250
61.0,8,35.36,2500
61.0,9,38.61,2000
61.0,12,35.29,5250
61.0,13,35.32,0
61.0,15,38.52,-2750
61.0,16,35.44,1500
61.0,18,42.76,250
61.0,21,41.7,250
61.0,22,43.21,1500
61.0,26,35.05,0
61.0,27,35.4,0
61.0,29,38.39,-3500
61.5,5,35.6,1500
61.5,6,39.43,1250
61.5,14,37.37,3250
61.5,15,42.97,-2750
61.5,18,42.16,250
61.5,21,38.0,250
61.5,22,41.99,1500
61.5,30,35.09,500
61.5,31,35.31,1500
62.0,2,35.09,3500
62.0,6,36.18,1250
62.0,15,41.41,-2750
62.0,18,39.15,250
62.0,19,35.36,3500
62.0,21,40.77,250
62.0,22,42.52,1500
62.0,29,37.49,-3500
62.0,31,35.17,-4750
62.0,32,35.07,-1750
62.5,4,35.09,-5000
62.5,6,36.88,1250
62.5,9,39.03,2000
62.5,14,35.2,3000
62.5,15,42.4,-2750
62.5,17,35.53,-1500
62.5,18,41.67,250
62.5,19,35.16,-3250
62.5,20,35.24,-1750
62.5,21,38.55,250
62.5,22,40.99,1500
62.5,26,35.32,-250
62.5,29,37.8,-3500
63.0,3,38.74,1500
63.0,4,35.02,-2750
63.0,6,36.97,1250
63.0,9,38.56,2000
63.0,12,35.24,-1750
63.0,15,41.44,-2750
63.0,16,35.09,750
63.0,18,40.99,250
63.0,21,37.97,250
63.0,22,42.59,1500
63.0,28,35.37,250
63.0,29,35.25,3250
63.5,6,35.92,1250
63.5,8,35.01,4000
63.5,10,35.27,-3750
63.5,11,35.3,2750
63.5,12,35.27,1250
63.5,15,41.69,-2750
63.5,18,42.29,250
63.5,21,40.09,250
63.5,22,42.0,1500
63.5,24,35.11,-1750
63.5,26,35.19,-4000
63.5,27,35.52,-1250
63.5,29,35.34,-3500
63.5,32,35.95,-4000
64.0,3,38.33,1500
64.0,6,36.86,1250
64.0,9,35.51,2000
64.0,11,35.24,5250
64.0,13,35.21,0
64.0,15,44.13,-2750
64.0,16,35.11,0
64.0,18,43.03,250
64.0,21,37.55,250
64.0,22,43.6,1500
64.0,27,35.88,0
64.0,29,37.74,-3500
64.5,2,35.5,-1000
64.5,3,38.02,1500
64.5,4,35.11,1750
64.5,6,38.41,1250
64.5,9,35.22,2000
64.5,12,35.93,-4750
64.5,15,43.99,-2750
64.5,18,42.5,250
64.5,21,38.18,250
64.5,22,44.35,1500
64.5,27,35.09,2500
64.5,29,35.33,-3500
64.5,30,35.46,-3750
65.0,3,38.91,1500
65.0,6,36.37,1250
65.0,13,35.52,5000
65.0,15,43.63,-2750
65.0,16,35.16,-2500
65.0,18,41.45,250
65.0,21,36.7,250
65.0,22,43.37,1500
65.0,26,35.0,2250
65.5,3,39.11,1500
65.5,4,35.07,250
65.5,5,35.32,3750
65.5,6,37.06,1250
65.5,9,35.77,2000
65.5,11,35.34,-2750
65.5,15,43.58,-2750
65.5,18,41.46,250
65.5,21,37.97,250
65.5,22,43.29,1500
65.5,27,35.5,-1250
65.5,28,35.47,-5250
66.0,3,36.12,1500
66.0,4,35.38,2250
66.0,6,36.99,1250
66.0,8,35.11,4500
66.0,15,43.32,-2750
66.0,16,35.5,-3500
66.0,18,41.72,250
66.0,21,35.84,250
66.0,22,43.81,1500
66.0,27,35.58,-3750
66.0,30,35.23,-2750
66.5,3,38.53,1500
66.5,6,38.49,1250
66.5,8,35.58,-1750
66.5,12,35.35,500
66.5,15,43.03,-2750
66.5,17,35.25,-5750
66.5,18,42.34,250
66.5,21,38.33,250
66.5,22,43.31,1500
66.5,27,37.23,0
67.0,4,36.04,1000
67.0,6,38.1,1250
67.0,12,35.52,3000
67.0,15,42.64,-2750
67.0,16,35.34,2750
67.0,18,43.65,250
67.0,21,39.97,250
67.0,22,43.43,1500
67.0,25,35.39,2500
67.0,26,35.12,3750
67.0,29,36.61,-3500
67.5,2,35.8,500
67.5,6,38.38,1250
67.5,8,35.65,4500
67.5,9,35.75,2000
67.5,12,35.75,-3750
67.5,15,42.2,-2750
67.5,18,42.31,250
67.5,21,40.61,250
67.5,22,44.11,1500
67.5,27,36.83,0
67.5,29,39.3,-3500
68.0,3,38.31,1500
68.0,6,37.23,1250
68.0,7,35.54,5250
68.0,9,35.54,2000
68.0,14,36.59,3000
68.0,15,42.57,-2750
68.0,18,41.2,250
68.0,21,36.07,250
68.0,22,43.5,1500
68.0,24,35.31,-3750
68.0,26,35.92,-500
68.0,29,36.92,-3500
68.5,1,35.39,3250
68.5,6,38.9,1250
68.5,7,35.49,-1500
68.5,9,37.91,2000
68.5,14,35.33,-250
68.5,15,36.33,-2750
68.5,18,43.35,250
68.5,21,40.88,250
68.5,22,43.85,1500
68.5,27,36.57,0
68.5,29,39.92,-3500
69.0,2,35.16,250
69.0,3,37.2,1500
69.0,6,35.32,-500
69.0,9,41.51,2000
69.0,15,37.2,-2750
69.0,18,42.13,250
69.0,19,35.35,-1250
69.0,21,38.4,250
69.0,22,42.44,1500
69.0,27,38.65,0
69.0,29,35.61,-3500
69.5,6,38.71,1250
69.5,9,36.13,2000
69.5,17,35.01,5500
69.5,18,40.57,250
69.5,21,39.73,250
69.5,22,42.26,1500
69.5,25,35.27,-3750
69.5,27,37.52,0
69.5,29,36.02,-3500
70.0,3,36.48,1500
70.0,6,39.45,1250
70.0,9,43.08,2000
70.0,12,35.05,-750
70.0,14,36.74,3250
70.0,18,42.56,250
70.0,21,39.22,250
70.0,22,43.56,1500
70.5,6,37.52,1250
70.5,9,39.56,2000
70.5,16,35.39,3750
70.5,18,43.9,250
70.5,21,40.62,250
70.5,22,42.32,1500
71.0,4,35.08,-1000
71.0,5,35.06,-500
71.0,9,35.09,2500
71.0,15,36.57,-2750
71.0,18,42.71,250
71.0,20,35.16,2250
71.0,21,35.21,-3000
71.0,22,42.18,1500
71.0,23,35.74,-3500
71.0,24,35.54,5250
71.5,6,35.99,1250
71.5,8,35.02,3250
71.5,13,35.8,0
71.5,15,43.04,-2750
71.5,18,42.37,250
71.5,19,36.01,3500
71.5,21,39.61,250
71.5,22,41.22,1500
71.5,24,35.61,250
71.5,25,35.37,-2000
71.5,27,38.86,0
72.0,3,35.56,1500
72.0,6,36.26,1250
72.0,8,35.57,1000
72.0,9,40.05,2000
72.0,13,35.2,-2250
72.0,14,36.54,3000
72.0,15,37.9,-2750
72.0,17,35.9,-4000
72.0,18,43.93,250
72.0,21,38.73,250
72.0,22,40.95,1500
72.0,27,38.25,0
72.0,30,35.51,-5500
72.5,6,35.74,1250
72.5,9,39.87,2000
72.5,15,41.56,-2750
72.5,18,43.67,250
72.5,21,37.48,250
72.5,22,39.41,1500
72.5,27,40.0,0
73.0,4,35.05,-2750
73.0,6,37.14,1250
73.0,9,39.61,2000
73.0,14,35.13,-3250
73.0,15,41.65,-2750
73.0,18,43.24,250
73.0,21,39.51,250
73.0,22,42.04,1500
73.0,27,38.0,0
73.5,6,35.78,1250
73.5,7,35.58,0
73.5,9,39.8,2000
73.5,15,42.32,-2750
73.5,18,42.74,250
73.5,19,35.31,-1250
73.5,21,40.24,250
73.5,22,42.31,1500
73.5,24,35.57,3250
73.5,27,38.38,0
73.5,29,36.87,-3500
74.0,3,35.87,1500
74.0,6,35.1,-5750
74.0,9,41.46,2000
74.0,13,35.22,-2750
74.0,15,42.27,-2750
74.0,18,43.66,250
74.0,21,39.15,250
74.0,22,42.3,1500
74.0,24,35.11,-3500
74.0,27,39.79,0
74.0,29,35.22,-3500
74.5,2,35.97,5000
74.5,9,40.72,2000
74.5,12,35.76,0
74.5,13,35.14,-2750
74.5,15,39.77,-2750
74.5,18,42.71,250
74.5,21,39.25,250
74.5,22,41.84,1500
74.5,29,35.87,-3500
75.0,4,35.5,2500
75.0,6,36.2,1250
75.0,9,36.29,2000
75.0,14,35.53,3000
75.0,15,41.2,-2750
75.0,18,41.54,250
75.0,21,40.21,250
75.0,22,40.57,1500
75.0,27,37.4,0
75.0,28,35.3,4750
75.0,29,36.31,-3500
75.5,6,35.42,1250
75.5,9,39.38,2000
75.5,11,36.2,2250
75.5,12,35.08,2000
75.5,13,35.39,-2500
75.5,15,40.69,-2750
75.5,18,43.36,250
75.5,19,35.21,-4500
75.5,21,38.82,250
75.5,22,39.81,1500
75.5,26,35.05,3750
75.5,27,36.48,0
75.5,28,35.39,5500
75.5,29,35.06,4250
75.5,31,35.12,-1750
76.0,3,35.05,1500
76.0,6,35.86,-5750
76.0,9,41.04,2000
76.0,11,35.13,-2000
76.0,15,38.47,-2750
76.0,16,35.39,-3750
76.0,18,42.53,250
76.0,19,35.11,5000
76.0,21,39.36,250
76.0,22,40.28,1500
76.0,24,35.58,-3750
76.0,25,35.09,3750
76.5,11,35.42,-3750
76.5,15,39.74,-2750
76.5,18,41.59,250
76.5,21,39.37,250
76.5,22,39.65,1500
76.5,25,35.47,-3750
76.5,27,35.08,4500
77.0,3,35.67,1250
77.0,6,35.75,1250
77.0,9,36.16,2000
77.0,10,35.26,3500
77.0,11,35.07,500
77.0,15,38.72,-2750
77.0,18,41.0,250
77.0,21,39.22,250
77.0,22,40.51,1500
77.0,29,37.84,-3500
77.0,30,35.03,4000
77.5,3,35.21,3250
77.5,6,35.16,1250
77.5,9,40.58,2000
77.5,15,41.52,-2750
77.5,17,35.37,250
77.5,18,41.95,250
77.5,21,37.59,250
77.5,22,40.7,1500
77.5,24,35.06,3000
77.5,26,35.2,2500
77.5,27,41.16,0
77.5,30,35.16,-2000
78.0,5,35.8,-4000
78.0,9,41.21,2000
78.0,10,35.37,2250
78.0,14,35.6,-1000
78.0,15,40.76,-2750
78.0,18,42.09,250
78.0,21,37.98,250
78.0,22,40.71,1500
78.0,27,37.17,0
78.0,29,36.64,-3500
78.5,1,35.04,-4750
78.5,3,35.97,1500
78.5,6,36.09,1250
78.5,9,39.99,2000
78.5,14,35.86,3000
78.5,15,40.36,-2750
78.5,18,42.76,250
78.5,21,36.35,250
78.5,22,40.77,1500
78.5,24,35.14,-3250
78.5,27,37.18,0
78.5,29,37.9,-3500
78.5,32,35.18,-5500
79.0,3,35.03,4250
79.0,6,35.29,1250
79.0,9,41.11,2000
79.0,15,40.94,-2750
79.0,18,42.81,250
79.0,21,37.93,250
79.0,22,39.92,1500
79.0,25,35.5,4500
79.0,27,37.26,0
79.0,28,35.13,2750
79.0,29,36.75,-3500
79.0,31,35.22,2500
79.0,32,35.32,3250
79.5,5,36.34,3750
79.5,6,37.67,1250
79.5,9,39.24,2000
79.5,10,35.51,-1250
79.5,15,40.64,-2750
79.5,17,35.79,2750
79.5,18,42.36,250
79.5,21,37.19,250
79.5,22,41.33,1500
79.5,24,35.59,-4000
79.5,27,36.63,0
79.5,28,35.13,-3750
79.5,31,35.24,250
80.0,4,35.17,-4250
80.0,5,35.01,3500
80.0,9,40.74,2000
80.0,12,35.69,250
80.0,14,36.19,3000
80.0,15,39.89,-2750
80.0,18,43.75,250
80.0,21,39.66,250
80.0,22,41.43,1500
80.0,26,35.71,-5500
80.0,27,40.99,0
80.0,29,35.82,-3500
80.0,30,35.04,-4750
80.5,9,38.42,2000
80.5,14,35.82,3000
80.5,15,40.95,-2750
80.5,18,42.18,250
80.5,21,39.25,250
80.5,22,41.1,1500
80.5,23,35.06,-5500
80.5,24,35.77,-250
80.5,26,35.73,500
80.5,27,39.71,0
80.5,29,35.04,-750
81.0,6,36.84,1250
81.0,9,41.56,2000
81.0,14,35.53,3000
81.0,15,40.28,-2750
81.0,18,42.26,250
81.0,21,38.45,250
81.0,22,41.01,1500
81.0,25,35.31,-750
81.0,27,39.89,0
81.5,6,35.91,1250
81.5,9,39.91,2000
81.5,14,37.96,3000
81.5,15,40.1,-2750
81.5,18,42.49,250
81.5,19,35.19,1750
81.5,21,39.17,250
81.5,22,41.86,1500
81.5,25,35.26,-4750
81.5,27,39.92,0
81.5,29,35.77,-3500
81.5,32,35.38,3250
82.0,6,37.05,1250
82.0,8,35.03,1500
82.0,9,40.3,2000
82.0,13,35.12,0
82.0,14,35.36,3000
82.0,15,40.26,-2750
82.0,18,43.2,250
82.0,19,35.9,-1250
82.0,20,35.32,750
82.0,21,38.83,250
82.0,22,41.47,1500
82.0,27,40.4,0
82.0,29,37.46,-3500
82.5,3,35.04,2000
82.5,6,36.45,-1250
82.5,7,35.01,-2750
82.5,9,36.24,2000
82.5,13,35.01,-3750
82.5,15,41.03,-2750
82.5,18,42.21,250
82.5,21,38.14,250
82.5,22,40.43,1500
82.5,25,36.02,3750
82.5,27,40.59,0
82.5,31,35.0,-1750
83.0,3,38.03,1250
83.0,4,35.39,-6000
83.0,5,35.47,2250
83.0,9,38.97,2000
83.0,12,35.21,-3000
83.0,15,39.94,-2750
83.0,18,43.22,250
83.0,21,40.58,250
83.0,22,40.57,1500
83.0,27,40.66,0
83.0,29,38.54,-3500
83.5,6,35.23,1250
83.5,7,35.04,-6000
83.5,9,39.31,2000
83.5,15,39.06,-2750
83.5,18,43.58,250
83.5,21,39.37,250
83.5,22,40.94,1500
84.0,1,35.02,-3500
84.0,3,35.39,-500
84.0,10,35.05,2250
84.0,14,35.06,5500
84.0,15,38.72,-2750
84.0,18,41.7,250
84.0,21,38.73,250
84.0,22,39.22,1500
84.5,7,35.26,-750
84.5,9,37.64,2000
84.5,15,41.82,-2750
84.5,17,35.15,-4250
84.5,18,42.76,250
84.5,21,36.15,250
84.5,22,40.69,1500
84.5,23,35.72,-1500
84.5,25,35.48,-2500
84.5,27,40.74,0
84.5,32,35.31,-2750
85.0,3,35.49,1500
85.0,5,35.03,-4000
85.0,6,35.07,1000
85.0,7,35.76,3750
85.0,9,40.28,2000
85.0,10,35.3,-2000
85.0,15,41.24,-2750
85.0,17,35.19,5000
85.0,18,41.55,250
85.0,21,38.98,250
85.0,22,37.54,1500
85.0,27,38.31,0
85.0,30,35.02,1500
85.0,31,36.0,1500
85.5,4,35.48,-5000
85.5,6,35.14,1250
85.5,9,39.61,2000
85.5,10,35.14,-500
85.5,15,40.9,-2750
85.5,18,42.23,250
85.5,21,40.24,250
85.5,22,42.77,1500
85.5,27,37.76,0
85.5,28,35.47,-4000
85.5,29,38.29,-3500
86.0,6,36.62,1250
86.0,7,35.28,-750
86.0,8,35.5,-500
86.0,9,40.53,2000
86.0,15,40.52,-2750
86.0,18,42.66,250
86.0,19,35.41,4500
86.0,21,38.85,250
86.0,22,41.7,1500
86.0,27,39.13,0
86.0,28,35.18,2000
86.0,29,38.49,-3500
86.5,2,35.24,-3500
86.5,4,35.11,-2500
86.5,5,35.41,-3250
86.5,7,35.08,-6000
86.5,9,39.57,2000
86.5,13,35.13,-5750
86.5,15,41.54,-2750
86.5,18,40.49,250
86.5,21,38.06,250
86.5,22,41.8,1500
86.5,27,38.17,0
86.5,29,35.07,1000
87.0,1,35.03,0
87.0,5,35.22,-1000
87.0,6,35.26,1250
87.0,9,39.78,2000
87.0,11,35.13,3500
87.0,13,35.32,3250
87.0,14,35.29,1500
87.0,15,42.58,-2750
87.0,18,42.05,250
87.0,21,40.68,250
87.0,22,41.31,1500
87.0,27,41.08,0
87.0,28,35.32,-1750
87.0,29,35.86,-3500
87.0,32,35.06,0
87.5,5,35.51,-5000
87.5,6,36.69,1250
87.5,8,35.05,3250
87.5,9,40.88,2000
87.5,15,41.95,-2750
87.5,18,43.49,250
87.5,21,37.91,250
87.5,22,40.35,1500
87.5,27,39.09,0
87.5,30,36.02,750
88.0,7,35.33,500
88.0,9,40.45,2000
88.0,15,40.52,-2750
88.0,17,35.32,2750
88.0,18,41.59,250
88.0,20,35.21,-250
88.0,21,39.01,250
88.0,22,41.54,1500
88.0,24,35.64,2250
88.0,26,35.62,1750
88.0,27,41.05,0
88.0,29,35.43,-3500
88.0,30,35.71,-2500
88.5,3,35.12,500
88.5,6,35.16,1250
88.5,9,40.72,2000
88.5,15,41.62,-2750
88.5,16,35.38,5500
88.5,18,43.17,250
88.5,19,35.29,-500
88.5,21,39.3,250
88.5,22,41.3,1500
88.5,27,39.44,0
88.5,32,35.21,-2000
89.0,2,35.08,-3750
89.0,6,36.25,1250
89.0,7,35.3,-5250
89.0,9,39.07,2000
89.0,10,35.5,5250
89.0,12,35.51,3750
89.0,14,35.39,3000
89.0,15,40.84,-2750
89.0,18,42.34,250
89.0,21,38.71,250
89.0,22,40.52,1500
89.0,23,36.1,1500
89.0,24,35.56,-4500
89.0,27,40.15,0
89.0,28,36.34,3500
89.0,29,35.59,-3500
89.5,6,35.44,1250
89.5,9,41.12,2000
89.5,15,41.42,-2750
89.5,16,35.25,-500
89.5,18,41.7,250
89.5,21,40.36,250
89.5,22,40.55,1500
89.5,27,40.72,0
89.5,29,35.38,-3500
89.5,32,35.18,-1250
90.0,5,35.22,-5750
90.0,9,38.59,2000
90.0,15,39.87,-2750
90.0,17,36.22,750
90.0,18,42.56,250
90.0,21,40.67,250
90.0,22,41.01,1500
90.0,25,35.11,-250
90.0,27,38.56,0
90.0,32,35.15,-2500
90.5,1,35.05,5500
90.5,6,37.14,1250
90.5,9,38.21,2000
90.5,15,41.47,-2750
90.5,18,43.06,250
90.5,21,37.48,250
90.5,22,39.73,1500
90.5,26,35.61,-3500
90.5,27,39.25,0
90.5,29,36.71,-3500
90.5,31,35.21,1000
91.0,5,35.1,1500
91.0,7,35.1,-4500
91.0,8,35.13,-2750
91.0,9,42.49,2000
91.0,10,35.37,4250
91.0,14,35.47,3000
91.0,15,39.82,-2750
91.0,18,42.83,250
91.0,21,39.95,250
91.0,22,40.59,1500
91.0,26,35.14,-750
91.0,27,40.73,0
91.0,28,35.66,250
91.0,29,37.09,-3500
91.5,1,35.11,-1750
91.5,2,35.41,5750
91.5,9,39.86,2000
91.5,15,40.14,-2750
91.5,16,36.04,-3250
91.5,18,42.59,250
91.5,21,37.55,250
91.5,22,38.71,1500
91.5,24,35.03,5250
91.5,26,35.14,-1000
91.5,27,40.41,0
91.5,29,37.68,-3500
92.0,3,35.08,250
92.0,6,36.41,1250
92.0,7,35.32,-2500
92.0,9,41.22,2000
92.0,14,35.28,3000
92.0,15,41.81,-2750
92.0,18,41.17,250
92.0,21,38.34,250
92.0,22,40.14,1500
92.0,27,42.25,0
92.0,29,38.11,-3500
92.5,1,35.33,-1000
92.5,3,35.7,1500
92.5,5,35.59,1750
92.5,6,35.08,-5750
92.5,9,41.15,2000
92.5,15,40.3,-2750
92.5,18,42.91,250
92.5,20,35.6,4500
92.5,21,38.28,250
92.5,22,40.61,1500
92.5,23,35.7,500
92.5,27,39.07,0
92.5,29,36.1,-3500
92.5,32,35.0,-4000
93.0,1,35.02,750
93.0,8,35.05,3250
93.0,9,40.07,2000
93.0,15,40.76,-2750
93.0,17,35.34,3000
93.0,18,42.01,250
93.0,21,38.71,250
93.0,22,39.99,1500
93.0,23,35.22,-5500
93.0,27,38.83,0
93.0,29,35.48,1250
93.5,1,35.5,-5250
93.5,6,35.49,2750
93.5,9,36.3,2000
93.5,13,36.14,5500
93.5,15,39.76,-2750
93.5,17,35.07,1000
93.5,18,41.97,250
93.5,21,38.82,250
93.5,22,40.23,1500
93.5,23,36.22,3000
93.5,24,35.08,-4500
93.5,27,41.18,0
93.5,28,35.31,0
93.5,29,35.92,-3500
94.0,1,35.25,5250
94.0,5,35.36,-2000
94.0,9,37.35,2000
94.0,14,35.18,2500
94.0,15,42.28,-2750
94.0,18,43.99,250
94.0,21,36.23,250
94.0,22,40.79,1500
94.0,27,39.55,0
94.0,30,35.47,-750
94.0,32,35.1,5500
94.5,2,35.61,-2250
94.5,6,35.94,3250
94.5,9,42.03,2000
94.5,15,41.5,-2750
94.5,18,41.28,250
94.5,21,39.32,250
94.5,22,40.76,1500
94.5,27,40.36,0
94.5,28,35.42,250
94.5,29,35.25,-3500
95.0,3,35.47,1250
95.0,9,41.52,2000
95.0,12,35.13,4500
95.0,15,41.43,-2750
95.0,18,43.4,250
95.0,20,35.5,5750
95.0,21,39.47,250
95.0,22,40.74,1500
95.0,24,35.02,-2000
95.0,26,35.24,-5500
95.0,27,37.7,0
95.5,4,35.62,1500
95.5,6,38.05,1000
95.5,9,41.31,2000
95.5,15,40.47,-2750
95.5,18,42.14,250
95.5,21,39.92,250
95.5,22,41.07,1500
95.5,25,35.04,-6000
95.5,26,35.43,4000
95.5,27,41.8,0
95.5,28,35.33,2250
95.5,30,35.68,0
96.0,2,35.04,-5000
96.0,5,35.82,-5250
96.0,6,36.34,1250
96.0,9,35.63,2000
96.0,14,35.37,3000
96.0,15,39.32,-2750
96.0,16,35.05,-750
96.0,17,35.7,2500
96.0,18,43.66,250
96.0,21,38.62,250
96.0,22,40.29,1500
96.0,27,40.74,0
96.0,29,35.81,-3500
96.5,3,35.45,-4000
96.5,9,41.29,2000
96.5,15,41.8,-2750
96.5,18,42.8,250
96.5,21,38.9,250
96.5,22,41.69,1500
96.5,24,35.03,-1750
96.5,27,38.74,0
96.5,30,35.06,-3750
96.5,31,35.31,4000
97.0,3,35.03,-3000
97.0,5,35.12,5500
97.0,9,39.93,2000
97.0,10,35.78,-2750
97.0,14,35.96,3000
97.0,15,41.33,-2750
97.0,18,41.66,250
97.0,19,35.18,4500
97.0,21,39.55,250
97.0,22,39.44,1500
97.0,27,36.89,0
97.0,29,35.63,-3500
97.5,6,35.83,1250
97.5,9,40.43,2000
97.5,10,35.49,1500
97.5,11,35.08,5000
97.5,15,41.44,-2750
97.5,18,43.76,250
97.5,21,39.53,250
97.5,22,39.39,1500
97.5,24,35.01,-5000
97.5,27,39.28,0
97.5,29,35.37,-3500
97.5,30,35.22,5500
98.0,3,35.03,1500
98.0,5,35.48,-2750
98.0,9,39.85,2000
98.0,11,35.56,3000
98.0,15,40.91,-2750
98.0,18,41.76,250
98.0,20,35.16,4500
98.0,21,39.65,250
98.0,22,42.55,1500
98.0,26,35.58,2750
98.0,27,40.0,0
98.5,6,35.74,1250
98.5,8,35.1,-750
98.5,9,39.37,2000
98.5,13,35.29,4250
98.5,15,40.82,-2750
98.5,18,43.19,250
98.5,19,35.41,0
98.5,21,40.52,250
98.5,22,39.57,1500
98.5,27,40.26,0
99.0,9,41.36,2000
99.0,13,35.39,-2750
99.0,15,41.24,-2750
99.0,16,35.29,4000
99.0,17,35.05,4750
99.0,18,41.85,250
99.0,21,39.12,250
99.0,22,40.58,1500
99.0,26,35.22,-5750
99.0,27,39.5,0
99.5,2,36.46,-2750
99.5,3,35.03,-3000
99.5,9,40.03,2000
99.5,13,35.78,1500
99.5,15,42.34,-2750
99.5,18,42.79,250
99.5,21,39.97,250
99.5,22,41.27,1500
99.5,23,35.43,-5000
99.5,26,36.57,-4000
99.5,27,38.86,0
99.5,28,35.26,0
99.5,30,35.0,-4750
100.0,7,35.17,-6000
100.0,9,38.97,2000
100.0,15,42.1,-2750
100.0,18,42.12,250
100.0,21,38.89,250
100.0,22,40.27,1500
100.0,27,38.55,0
100.0,31,35.36,4000
100.5,1,35.23,-4250
100.5,4,35.03,5500
100.5,9,40.99,2000
100.5,10,35.43,-4500
100.5,11,35.54,-2750
100.5,12,35.53,3250
100.5,14,35.15,3000
100.5,15,41.01,-2750
100.5,17,35.56,500
100.5,18,42.71,250
100.5,21,38.91,250
100.5,22,41.48,1500
100.5,27,40.83,0
100.5,29,36.1,-3500
100.5,30,35.24,4250
100.5,31,35.77,5250
100.5,32,35.02,-1750
101.0,9,42.52,2000
101.0,15,40.07,-2750
101.0,18,44.23,250
101.0,21,40.55,250
101.0,22,41.18,1500
101.0,27,40.33,0
101.0,29,37.29,-3500
101.0,32,35.15,-2750
101.5,6,36.96,1000
101.5,9,41.87,2000
101.5,13,35.77,1500
101.5,15,40.26,-2750
101.5,18,44.48,250
101.5,19,35.33,-3750
101.5,21,38.63,250
101.5,22,41.02,1500
101.5,25,35.8,3500
101.5,27,40.49,0
102.0,7,35.08,4250
102.0,9,41.8,2000
102.0,14,35.46,-4500
102.0,15,42.38,-2750
102.0,18,43.56,250
102.0,19,35.13,-4750
102.0,20,35.09,-250
102.0,21,41.34,250
102.0,22,43.16,1500
102.0,27,39.56,0
102.0,29,39.76,-3500
102.0,30,35.8,4250
102.5,1,35.6,5500
102.5,3,35.2,-2750
102.5,9,40.75,2000
102.5,11,35.18,-6000
102.5,12,35.05,-1000
102.5,14,35.64,3000
102.5,15,41.19,-2750
102.5,18,43.61,250
102.5,19,35.06,-1750
102.5,21,41.19,250
102.5,22,42.52,1500
102.5,27,38.7,0
102.5,29,38.34,-3500
103.0,5,35.55,5500
103.0,9,40.63,2000
103.0,14,35.22,1250
103.0,15,41.49,-2750
103.0,18,43.58,250
103.0,21,39.31,250
103.0,22,41.29,1500
103.0,23,35.88,-6000
103.0,26,35.58,3500
103.0,27,40.54,0
103.0,28,35.47,-4500
103.0,29,35.52,-3500
103.5,8,35.21,-4250
103.5,9,41.16,2000
103.5,12,35.22,5000
103.5,15,42.86,-2750
103.5,18,42.62,250
103.5,21,40.72,250
103.5,22,41.3,1500
103.5,23,35.23,4250
103.5,27,39.9,0
104.0,3,35.14,2500
104.0,6,36.05,1000
104.0,9,41.57,2000
104.0,15,40.5,-2750
104.0,17,35.55,-6000
104.0,18,44.99,250
104.0,21,38.88,250
104.0,22,40.7,1500
104.0,27,39.37,0
104.0,29,38.22,-3500
104.0,31,35.71,-500
104.5,6,40.09,1250
104.5,9,44.9,2000
104.5,15,41.42,-2750
104.5,18,46.72,250
104.5,21,40.32,250
104.5,22,43.12,1500
104.5,26,35.15,0
104.5,27,35.3,0
104.5,29,37.42,-3500
105.0,3,39.55,1250
105.0,6,40.41,1000
105.0,9,46.7,2000
105.0,15,42.14,-2750
105.0,18,45.5,250
105.0,21,42.16,250
105.0,22,43.61,1500
105.0,27,37.85,0
105.0,29,36.82,-3500
105.5,2,35.3,-4000
105.5,6,40.25,1250
105.5,9,46.66,2000
105.5,11,35.1,3250
105.5,15,41.56,-2750
105.5,18,45.8,250
105.5,20,35.24,3500
105.5,21,41.03,250
105.5,22,43.93,1500
105.5,27,44.44,0
105.5,28,35.87,-3000
106.0,3,38.78,1250
106.0,6,39.08,1250
106.0,9,45.02,2000
106.0,12,35.06,2250
106.0,15,39.55,-2750
106.0,18,46.52,250
106.0,21,41.35,250
106.0,22,42.65,1500
106.0,25,35.02,4250
106.0,27,44.03,0
106.0,29,39.05,-3500
106.0,30,35.22,4000
106.5,3,35.02,1250
106.5,6,38.41,1250
106.5,9,46.59,2000
106.5,10,35.05,-4750
106.5,15,39.75,-2750
106.5,18,46.34,250
106.5,21,40.18,250
106.5,22,43.94,1500
106.5,27,42.93,0
106.5,29,35.84,-3500
106.5,32,35.4,250
107.0,3,38.49,1250
107.0,6,37.71,1000
107.0,9,46.01,2000
107.0,10,35.02,-3750
107.0,15,40.07,-2750
107.0,18,45.89,250
107.0,21,40.68,250
107.0,22,44.47,1500
107.0,23,35.21,4250
107.0,27,41.44,0
107.0,29,41.42,-3500
107.5,3,36.26,1250
107.5,4,35.14,-1500
107.5,6,39.74,1000
107.5,9,46.06,2000
107.5,14,36.14,3000
107.5,15,40.34,-2750
107.5,18,46.85,250
107.5,21,41.0,250
107.5,22,43.96,1500
107.5,27,39.37,0
107.5,29,43.01,-3500
108.0,3,37.19,1250
108.0,5,35.03,0
108.0,6,38.06,1250
108.0,9,45.76,2000
108.0,15,40.17,-2750
108.0,18,47.21,250
108.0,21,40.88,250
108.0,22,44.7,1500
108.0,27,43.71,0
108.5,3,40.63,1250
108.5,6,38.33,1250
108.5,9,44.93,2000
108.5,11,35.1,5250
108.5,15,39.64,-2750
108.5,18,46.75,250
108.5,21,41.5,250
108.5,22,43.33,1500
108.5,27,42.32,0
108.5,31,36.07,-1750
109.0,3,36.5,1250
109.0,6,39.95,1000
109.0,7,35.24,250
109.0,8,35.11,0
109.0,9,46.01,2000
109.0,15,41.2,-2750
109.0,18,45.82,250
109.0,21,40.36,250
109.0,22,44.02,1500
109.0,25,35.3,250
109.0,27,41.13,0
109.0,30,35.02,-1750
109.0,32,35.19,-3000
109.5,3,38.73,1250
109.5,6,38.91,1000
109.5,9,44.97,2000
109.5,15,40.36,-2750
109.5,18,47.49,250
109.5,21,41.25,250
109.5,22,43.86,1500
109.5,27,42.21,0
109.5,28,35.13,2000
109.5,29,36.16,-3500
109.5,31,35.2,4250
110.0,3,38.22,1250
110.0,4,35.08,-1750
110.0,6,39.11,1000
110.0,9,45.83,2000
110.0,15,39.97,-2750
110.0,18,46.57,250
110.0,21,40.04,250
110.0,22,44.36,1500
110.0,26,36.15,-4000
110.0,27,42.98,0
110.0,32,35.34,-4500
110.5,3,35.19,1000
110.5,6,37.58,1000
110.5,9,45.62,2000
110.5,10,35.06,2000
110.5,14,36.39,3000
110.5,15,39.16,-2750
110.5,17,35.08,-3750
110.5,18,46.56,250
110.5,21,41.61,250
110.5,22,43.7,1500
110.5,23,35.41,2000
110.5,25,35.84,-2500
110.5,27,44.02,0
110.5,29,39.12,-3500
111.0,3,38.33,1250
111.0,6,38.51,1000
111.0,9,46.07,2000
111.0,15,39.84,-2750
111.0,18,46.47,250
111.0,21,40.36,250
111.0,22,43.68,1500
111.0,27,42.72,0
111.0,31,35.1,-3750
111.5,2,35.13,1250
111.5,3,39.76,1250
111.5,4,35.33,1250
111.5,6,36.81,1000
111.5,9,45.71,2000
111.5,15,40.79,-2750
111.5,18,45.91,250
111.5,21,40.84,250
111.5,22,43.15,1500
111.5,25,35.49,-3000
111.5,27,43.42,0
111.5,29,37.76,-3500
112.0,3,38.76,1250
112.0,4,35.25,-5750
112.0,6,37.24,1000
112.0,9,45.53,2000
112.0,15,41.38,-2750
112.0,18,46.42,250
112.0,21,42.61,250
112.0,22,43.61,1500
112.0,26,35.72,-5000
112.0,27,43.86,0
112.0,29,37.79,-3500
112.5,3,38.7,1250
112.5,6,38.79,1000
112.5,8,35.59,-2750
112.5,9,44.97,2000
112.5,15,40.23,-2750
112.5,18,46.17,250
112.5,21,40.75,250
112.5,22,45.15,1500
112.5,27,44.47,0
112.5,29,35.59,-3500
112.5,30,35.0,2000
113.0,3,39.07,1250
113.0,5,35.12,-2750
113.0,6,38.24,1000
113.0,7,35.32,-5750
113.0,9,45.62,2000
113.0,15,39.94,-2750
113.0,18,46.61,250
113.0,21,41.91,250
113.0,22,45.16,1500
113.0,27,41.38,0
113.0,29,36.59,-3500
113.0,32,35.84,5500
113.5,3,40.01,1250
113.5,6,38.21,1000
113.5,9,44.89,2000
113.5,14,35.34,5250
113.5,15,39.45,-2750
113.5,18,47.04,250
113.5,21,40.98,250
113.5,22,43.81,1500
113.5,25,35.4,-5750
113.5,27,40.24,0
113.5,29,40.19,-3500
114.0,3,38.26,1250
114.0,6,39.04,1000
114.0,9,45.07,2000
114.0,15,41.58,-2750
114.0,18,46.25,250
114.0,21,40.99,250
114.0,22,42.12,1500
114.0,24,35.12,-5750
114.0,25,35.18,4500
114.0,27,45.22,0
114.0,29,41.76,-3500
114.5,3,39.05,1250
114.5,6,39.83,1000
114.5,13,35.03,-4500
114.5,15,40.9,-2750
114.5,18,46.28,250
114.5,21,41.08,250
114.5,22,43.38,1500
114.5,25,35.18,-6000
114.5,26,35.36,500
114.5,27,44.39,0
114.5,28,35.64,-3750
114.5,29,43.54,-3500
115.0,3,39.22,1250
115.0,6,40.61,1000
115.0,9,35.38,-5750
115.0,15,40.38,-2750
115.0,18,45.57,250
115.0,21,41.32,250
115.0,22,42.91,1500
115.0,27,44.39,0
115.0,29,43.61,-3500
115.0,30,35.11,2250
115.5,3,40.18,1250
115.5,6,41.01,1000
115.5,15,40.26,-2750
115.5,18,45.84,250
115.5,21,39.98,250
115.5,22,42.61,1500
115.5,25,35.25,0
115.5,27,44.55,0
115.5,29,40.95,-3500
116.0,3,38.62,1250
116.0,6,38.07,1000
116.0,8,35.09,4250
116.0,10,35.09,-1500
116.0,15,36.97,-2750
116.0,16,35.01,3000
116.0,18,46.04,250
116.0,21,42.1,250
116.0,22,41.38,1500
116.0,27,45.1,0
116.0,29,41.23,-3500
116.5,3,39.21,1250
116.5,6,40.81,1000
116.5,9,38.14,2000
116.5,14,35.04,1500
116.5,15,42.92,-2750
116.5,16,35.8,1250
116.5,18,46.92,250
116.5,21,42.56,250
116.5,22,41.75,1500
116.5,27,43.76,0
116.5,29,42.37,-3500
117.0,3,38.61,1250
117.0,6,39.59,1000
117.0,15,42.02,-2750
117.0,18,46.3,250
117.0,20,35.1,-750
117.0,21,41.59,250
117.0,22,41.45,1500
117.0,26,37.13,-4000
117.0,27,43.61,0
117.0,29,41.8,-3500
117.5,3,40.26,1250
117.5,6,39.62,1000
117.5,15,41.01,-2750
117.5,16,35.02,-3000
117.5,17,35.47,3000
117.5,18,46.2,250
117.5,21,42.98,250
117.5,22,42.49,1500
117.5,27,44.23,0
117.5,29,42.03,-3500
118.0,2,35.52,3500
118.0,3,39.7,1250
118.0,4,35.12,-3750
118.0,6,38.97,1000
118.0,10,35.47,-2750
118.0,15,41.57,-2750
118.0,18,46.15,250
118.0,21,42.12,250
118.0,22,42.39,1500
118.0,23,36.25,-1250
118.0,27,45.06,0
118.0,29,40.06,-3500
118.5,2,35.81,-2750
118.5,3,38.94,1250
118.5,6,40.73,1000
118.5,9,35.14,0
118.5,10,35.38,-3750
118.5,12,36.01,-2750
118.5,15,41.89,-2750
118.5,18,46.17,250
118.5,20,35.73,-3000
118.5,21,41.63,250
118.5,22,41.77,1500
118.5,27,44.48,0
118.5,29,41.12,-3500
119.0,3,41.16,1250
119.0,5,35.27,-3750
119.0,6,40.39,1000
119.0,8,35.24,2000
119.0,9,45.46,2000
119.0,10,35.21,-2000
119.0,15,40.59,-2750
119.0,18,45.65,250
119.0,21,41.79,250
119.0,22,41.87,1500
119.0,23,35.03,-1750
119.0,27,39.41,0
119.0,29,42.25,-3500
119.0,31,35.85,-2000
119.5,3,39.98,1250
119.5,4,35.22,-4750
119.5,6,39.31,1000
119.5,9,45.82,2000
119.5,15,42.13,-2750
119.5,18,46.78,250
119.5,20,35.25,-3750
119.5,21,41.95,250
119.5,22,42.52,1500
119.5,25,35.52,-3000
119.5,27,43.16,0
119.5,29,39.47,-3500
119.5,32,35.49,1250
120.0,3,40.62,1250
120.0,6,39.38,1000
120.0,9,45.33,2000
120.0,12,35.23,5250
120.0,14,36.28,-3000
120.0,15,39.85,-2750
120.0,18,45.8,250
120.0,21,41.46,250
120.0,22,41.8,1500
120.0,27,43.74,0
120.0,29,41.96,-3500
120.5,3,39.56,1250
120.5,6,38.17,1000
120.5,8,35.45,250
120.5,9,45.12,2000
120.5,15,42.6,-2750
120.5,18,45.65,250
120.5,21,40.56,250
120.5,22,42.75,1500
120.5,27,40.28,0
120.5,29,37.33,-3500
121.0,3,39.2,1250
121.0,4,36.1,-4500
121.0,6,38.75,1000
121.0,8,35.29,0
121.0,9,45.44,2000
121.0,11,35.13,-1000
121.0,15,41.76,-2750
121.0,18,46.23,250
121.0,21,41.02,250
121.0,22,43.25,1500
121.0,24,35.18,-1750
121.0,27,40.14,0
121.0,29,35.17,-4750
121.5,1,35.04,-6000
121.5,3,38.88,1250
121.5,6,39.9,1000
121.5,8,35.43,-6000
121.5,9,45.94,2000
121.5,15,40.62,-2750
121.5,18,46.28,250
121.5,21,40.72,250
121.5,22,40.45,1250
121.5,23,35.26,-1750
121.5,27,40.94,0
121.5,28,35.8,2000
121.5,29,36.62,-3500
122.0,3,41.75,1250
122.0,6,39.54,1000
122.0,9,44.68,2000
122.0,15,41.99,-2750
122.0,18,46.07,250
122.0,21,42.32,250
122.0,22,42.68,1500
122.0,27,42.98,0
122.5,3,39.67,1250
122.5,6,40.05,1000
122.5,9,46.13,2000
122.5,13,35.01,2250
122.5,15,41.35,-2750
122.5,18,46.43,250
122.5,21,40.61,250
122.5,22,41.33,1500
122.5,27,44.64,0
123.0,2,35.23,5250
123.0,3,39.86,1250
123.0,6,39.62,1000
123.0,9,45.7,2000
123.0,15,40.04,-2750
123.0,18,46.17,250
123.0,19,35.82,250
123.0,21,41.73,250
123.0,22,44.43,1500
123.0,27,44.41,0
123.0,31,35.05,0
123.5,2,35.16,-1000
123.5,3,38.99,1250
123.5,6,38.59,1000
123.5,9,46.09,2000
123.5,12,35.18,-2750
123.5,15,42.91,-2750
123.5,18,46.17,250
123.5,21,40.79,250
123.5,22,40.29,1500
123.5,27,43.7,0
123.5,32,35.21,-2750
124.0,1,35.18,-4000
124.0,3,39.66,1250
124.0,6,36.9,1000
124.0,9,45.3,2000
124.0,12,35.14,-4750
124.0,15,40.61,-2750
124.0,18,45.61,250
124.0,21,43.09,250
124.0,22,41.97,1500
124.0,24,35.18,4250
124.0,27,43.66,0
124.0,29,39.04,-3500
124.5,3,36.65,1250
124.5,6,40.03,1000
124.5,9,45.9,2000
124.5,15,41.23,-2750
124.5,18,46.05,250
124.5,21,41.88,250
124.5,22,41.95,1500
124.5,27,43.87,0
124.5,29,38.14,-3500
124.5,30,35.15,-2750
124.5,31,35.45,5000
124.5,32,35.08,2000
125.0,1,35.27,4250
125.0,3,40.21,1250
125.0,6,36.57,1000
125.0,9,45.91,2000
125.0,11,35.05,5250
125.0,15,41.05,-2750
125.0,18,46.0,250
125.0,21,40.88,250
125.0,22,40.57,1250
125.0,27,42.21,0
125.5,3,38.66,1250
125.5,6,38.38,1000
125.5,9,45.64,2000
125.5,10,35.88,2250
125.5,15,41.64,-2750
125.5,18,45.86,250
125.5,21,41.75,250
125.5,22,41.05,1500
125.5,26,35.36,5250
125.5,27,43.28,0
125.5,29,39.07,-3500
126.0,3,40.6,1250
126.0,5,35.09,-3750
126.0,6,38.83,1000
126.0,8,35.06,1000
126.0,9,45.96,2000
126.0,15,41.31,-2750
126.0,18,46.1,250
126.0,21,40.24,250
126.0,22,41.86,1500
126.0,27,44.48,0
126.0,32,35.14,-750
126.5,3,40.58,1250
126.5,6,40.09,1000
126.5,9,46.51,2000
126.5,15,42.49,-2750
126.5,16,35.79,-1000
126.5,18,45.79,250
126.5,20,35.62,2000
126.5,21,40.08,250
126.5,22,40.38,1250
126.5,25,35.78,-5750
126.5,27,41.84,0
126.5,29,35.91,-3500
127.0,3,39.39,1250
127.0,6,38.44,1000
127.0,9,45.61,2000
127.0,10,35.12,1500
127.0,15,39.31,-2750
127.0,17,35.09,250
127.0,18,45.79,250
127.0,21,41.87,250
127.0,22,44.0,1500
127.0,27,39.31,0
127.5,3,40.65,1250
127.5,6,38.84,1000
127.5,9,45.64,2000
127.5,11,35.21,2000
127.5,15,42.42,-2750
127.5,18,45.52,250
127.5,21,39.94,250
127.5,22,42.24,1500
127.5,27,40.64,0
127.5,29,37.24,-3500
128.0,3,36.98,1250
128.0,6,40.81,1000
128.0,9,46.73,2000
128.0,11,35.81,-2000
128.0,12,35.45,-3750
128.0,14,35.11,-4750
128.0,15,40.65,-2750
128.0,18,46.46,250
128.0,21,41.1,250
128.0,22,43.14,1500
128.0,27,39.39,0
128.0,30,35.12,-1000
128.5,3,38.84,1250
128.5,6,40.79,1000
128.5,9,46.01,2000
128.5,15,39.34,-2750
128.5,18,46.19,250
128.5,21,42.49,250
128.5,22,41.37,1250
128.5,24,35.42,-3000
128.5,27,40.77,0
128.5,29,35.9,-3500
129.0,3,39.65,1250
129.0,6,38.03,1000
129.0,9,45.75,2000
129.0,15,42.67,-2750
129.0,18,45.86,250
129.0,21,41.9,250
129.0,22,40.93,1250
129.0,27,40.12,0
129.5,3,40.77,1250
129.5,6,42.03,1000
129.5,9,45.92,2000
129.5,15,40.91,-2750
129.5,18,45.79,250
129.5,21,40.73,250
129.5,22,43.02,1500
129.5,27,36.86,0
129.5,29,40.53,-3500
130.0,3,36.98,1250
130.0,6,38.57,1000
130.0,9,46.19,2000
130.0,15,41.27,-2750
130.0,18,46.69,250
130.0,20,35.29,2000
130.0,21,42.45,250
130.0,22,43.1,1500
130.0,27,42.91,0
130.0,29,39.14,-3500
130.5,3,37.27,1250
130.5,4,35.09,5250
130.5,6,36.75,1000
130.5,9,46.26,2000
130.5,15,40.38,-2750
130.5,18,47.1,250
130.5,21,42.04,250
130.5,22,43.78,1500
130.5,27,44.47,0
130.5,29,37.4,-3500
131.0,3,39.54,1250
131.0,6,40.57,1000
131.0,9,45.63,2000
131.0,10,35.72,5000
131.0,15,37.88,-2750
131.0,18,45.86,250
131.0,21,42.82,250
131.0,22,43.66,1500
131.0,27,42.43,0
131.5,2,35.79,1000
131.5,3,39.4,1250
131.5,6,40.98,1000
131.5,8,35.13,-4000
131.5,9,45.33,2000
131.5,11,35.35,1250
131.5,15,42.94,-2750
131.5,18,46.25,250
131.5,21,40.39,250
131.5,22,44.58,1500
131.5,26,35.65,-1500
131.5,27,43.8,0
132.0,3,35.45,1250
132.0,6,40.86,1000
132.0,9,44.78,2000
132.0,15,41.22,-2750
132.0,18,46.98,250
132.0,21,41.97,250
132.0,22,42.91,1500
132.0,27,44.18,0
132.0,32,35.18,4000
132.5,1,35.5,-4750
132.5,3,35.93,1250
132.5,6,40.8,1000
132.5,9,45.79,2000
132.5,13,35.22,-3750
132.5,15,39.07,-2750
132.5,18,46.51,250
132.5,19,35.16,-6000
132.5,21,41.5,250
132.5,22,42.75,1500
132.5,26,35.46,-3750
132.5,27,43.55,0
133.0,2,35.12,250
133.0,3,38.84,1250
133.0,6,38.77,1000
133.0,9,46.13,2000
133.0,15,41.21,-2750
133.0,16,36.17,-3750
133.0,18,46.41,250
133.0,21,40.27,250
133.0,22,42.89,1500
133.0,27,44.45,0
133.0,29,41.75,-3500
133.5,1,35.15,-3000
133.5,3,39.18,1250
133.5,6,40.44,1000
133.5,9,46.17,2000
133.5,15,40.19,-2750
133.5,18,46.54,250
133.5,21,41.83,250
133.5,22,43.63,1500
133.5,25,35.21,4000
133.5,27,43.41,0
133.5,29,37.07,-3500
134.0,3,35.53,1250
134.0,5,35.34,4250
134.0,6,41.53,1000
134.0,9,45.96,2000
134.0,15,39.85,-2750
134.0,18,46.54,250
134.0,21,42.09,250
134.0,22,43.6,1500
134.0,27,44.24,0
134.0,29,40.33,-3500
134.0,32,35.22,1250
134.5,1,35.13,-750
134.5,3,38.2,1250
134.5,5,35.63,-2500
134.5,6,41.08,1000
134.5,9,46.56,2000
134.5,11,35.34,-4500
134.5,15,40.87,-2750
134.5,17,35.55,2000
134.5,18,45.81,250
134.5,21,40.96,250
134.5,22,44.64,1500
134.5,27,44.01,0
134.5,29,36.65,-3500
134.5,32,35.04,-5750
135.0,3,37.74,1250
135.0,4,35.06,250
135.0,5,35.06,1250
135.0,6,40.34,1000
135.0,9,46.17,2000
135.0,15,40.91,-2750
135.0,18,45.48,250
135.0,21,43.01,250
135.0,22,43.0,1500
135.0,25,35.08,-2000
135.0,27,43.41,0
135.0,29,41.32,-3500
135.0,30,35.32,-3750
135.5,3,36.61,1250
135.5,5,35.16,-5750
135.5,6,40.25,1000
135.5,9,44.41,2000
135.5,12,36.16,250
135.5,15,40.29,-2750
135.5,18,46.64,250
135.5,21,42.03,250
135.5,22,44.27,1500
135.5,27,42.58,0
136.0,1,35.08,-3750
136.0,3,35.74,1250
136.0,6,38.02,1000
136.0,9,46.16,2000
136.0,15,40.52,-2750
136.0,18,46.42,250
136.0,21,42.08,250
136.0,22,45.12,1500
136.0,27,42.42,0
136.0,29,41.62,-3500
136.0,32,35.04,-5750
136.5,2,35.48,2000
136.5,3,37.8,1250
136.5,6,38.15,1250
136.5,7,35.4,-1750
136.5,9,46.26,2000
136.5,11,35.37,-1000
136.5,15,41.71,-2750
136.5,18,45.91,250
136.5,21,41.84,250
136.5,22,43.64,1500
136.5,27,43.1,0
136.5,29,40.27,-3500
137.0,3,36.04,1250
137.0,6,39.85,1250
137.0,9,46.07,2000
137.0,15,40.0,-2750
137.0,17,35.48,4000
137.0,18,46.79,250
137.0,21,42.08,250
137.0,22,44.26,1500
137.0,27,42.82,0
137.0,30,35.42,5000
137.5,3,35.98,1250
137.5,6,39.15,1250
137.5,7,35.73,2000
137.5,9,46.15,2000
137.5,15,40.45,-2750
137.5,17,35.08,2000
137.5,18,46.75,250
137.5,21,41.77,250
137.5,22,45.26,1500
137.5,26,35.22,-5750
137.5,27,43.82,0
137.5,29,35.05,250
138.0,1,35.23,4250
138.0,3,36.2,1250
138.0,6,40.7,1000
138.0,9,46.13,2000
138.0,12,35.62,3250
138.0,15,40.91,-2750
138.0,18,46.44,250
138.0,21,40.89,250
138.0,22,45.28,1500
138.0,25,35.32,4250
138.0,27,43.18,0
138.5,3,37.73,1250
138.5,6,38.63,1000
138.5,8,35.07,3000
138.5,9,46.31,2000
138.5,10,35.09,-750
138.5,15,40.19,-2750
138.5,16,35.45,-4750
138.5,18,46.91,250
138.5,21,41.62,250
138.5,22,44.97,1500
138.5,27,42.59,0
138.5,28,35.17,0
138.5,29,35.96,-3500
139.0,3,39.39,1250
139.0,6,38.67,1250
139.0,7,35.11,-4750
139.0,9,46.95,2000
139.0,14,36.17,3000
139.0,15,41.69,-2750
139.0,18,46.4,250
139.0,19,35.27,-2000
139.0,20,35.58,2000
139.0,21,40.69,250
139.0,22,45.36,1500
139.0,25,35.83,5500
139.0,27,42.44,0
139.0,30,35.19,5000
139.0,32,35.67,4250
139.5,3,38.28,1250
139.5,6,40.45,1000
139.5,9,46.6,2000
139.5,11,36.38,-4000
139.5,15,41.75,-2750
139.5,18,46.59,250
139.5,21,43.03,250
139.5,22,44.49,1500
139.5,25,35.51,2250
139.5,27,42.09,0
139.5,29,35.34,-2750
140.0,3,36.86,1250
140.0,5,35.09,-5750
140.0,6,36.42,1250
140.0,8,35.02,250
140.0,9,46.2,2000
140.0,10,35.15,-4000
140.0,11,35.29,3250
140.0,14,35.37,3000
140.0,15,41.21,-2750
140.0,18,47.03,250
140.0,21,43.28,250
140.0,22,45.02,1500
140.0,24,35.04,5250
140.0,27,43.2,0
140.0,28,35.3,-750
140.0,29,37.0,-3500
140.5,2,35.1,5250
140.5,3,35.76,1250
140.5,6,39.12,1000
140.5,8,35.04,-2750
140.5,9,46.04,2000
140.5,14,36.6,3000
140.5,15,40.54,-2750
140.5,18,46.5,250
140.5,21,43.32,250
140.5,22,45.01,1500
140.5,23,35.32,-3750
140.5,27,43.8,0
141.0,3,35.91,1250
141.0,6,38.07,1250
141.0,9,46.43,2000
141.0,15,41.2,-2750
141.0,18,46.4,250
141.0,20,35.01,5250
141.0,21,43.07,250
141.0,22,44.73,1500
141.0,25,36.0,-4500
141.0,27,43.15,0
141.0,29,35.79,-3500
141.5,2,35.01,1250
141.5,3,37.34,1250
141.5,6,37.71,1250
141.5,7,35.16,2000
141.5,9,46.28,2000
141.5,15,42.45,-2750
141.5,18,46.73,250
141.5,19,35.68,-1000
141.5,20,35.39,250
141.5,21,43.58,250
141.5,22,45.37,1500
141.5,26,35.4,250
141.5,27,40.9,0
141.5,29,35.73,-3500
142.0,3,36.9,1250
142.0,4,35.62,-1500
142.0,5,35.61,-750
142.0,6,38.7,1250
142.0,9,45.99,2000
142.0,15,42.55,-2750
142.0,18,46.78,250
142.0,21,41.22,250
142.0,22,44.56,1500
142.0,27,43.74,0
142.0,31,35.08,0
142.0,32,35.33,-750
142.5,3,36.48,1250
142.5,6,39.75,1250
142.5,9,45.17,2000
142.5,11,35.35,3000
142.5,15,41.37,-2750
142.5,17,35.05,2000
142.5,18,47.34,250
142.5,21,43.41,250
142.5,22,45.68,1500
142.5,24,35.02,-2500
142.5,27,41.65,0
142.5,32,35.33,-1000
143.0,2,36.62,-3750
143.0,3,35.95,5250
143.0,6,37.6,1250
143.0,9,45.99,2000
143.0,14,35.29,3000
143.0,15,42.71,-2750
143.0,18,46.59,250
143.0,21,42.25,250
143.0,22,46.48,1500
143.0,25,36.08,-3500
143.0,26,35.14,250
143.0,27,42.24,0
143.0,29,35.11,-750
143.0,30,35.01,-2750
143.5,3,36.82,1500
143.5,6,39.46,1250
143.5,7,35.23,-3000
143.5,9,46.13,2000
143.5,10,35.05,-3000
143.5,15,42.93,-2750
143.5,18,46.23,250
143.5,21,42.77,250
143.5,22,45.9,1500
143.5,27,41.9,0
143.5,29,36.68,-3500
144.0,2,36.06,-500
144.0,3,37.68,1250
144.0,6,37.26,1250
144.0,9,45.91,2000
144.0,15,42.36,-2750
144.0,18,46.4,250
144.0,21,42.61,250
144.0,22,46.35,1500
144.0,24,35.13,-3000
144.0,26,35.47,1500
144.0,27,42.96,0
144.0,31,35.04,-750
144.5,3,37.9,1500
144.5,6,39.75,1250
144.5,9,40.92,2000
144.5,14,41.01,3000
144.5,15,41.52,-2750
144.5,18,46.24,250
144.5,21,41.64,250
144.5,22,47.46,1500
144.5,26,35.54,-5750
144.5,27,37.79,0
144.5,29,36.38,-3500
145.0,3,37.12,1500
145.0,6,40.27,1250
145.0,8,35.31,-3750
145.0,11,35.17,1250
145.0,14,40.65,3000
145.0,15,42.87,-2750
145.0,18,46.55,250
145.0,20,35.18,2250
145.0,21,41.32,250
145.0,22,46.59,1500
145.0,24,35.71,-4500
145.0,27,41.9,0
145.0,28,36.05,-500
145.0,30,35.39,3250
145.5,3,37.85,1500
145.5,6,40.41,1250
145.5,9,39.37,2000
145.5,12,35.33,-2750
145.5,14,38.71,3000
145.5,15,42.59,-2750
145.5,18,47.54,250
145.5,20,35.14,3250
145.5,21,44.03,250
145.5,22,46.0,1500
145.5,23,35.18,-2750
145.5,27,38.86,0
146.0,2,35.05,250
146.0,6,39.05,1250
146.0,14,40.82,3000
146.0,15,43.02,-2750
146.0,18,46.36,250
146.0,21,41.83,250
146.0,22,46.66,1500
146.0,27,38.47,0
146.5,3,38.3,1500
146.5,6,39.92,1250
146.5,7,35.56,500
146.5,14,40.19,3000
146.5,15,41.04,-2750
146.5,18,47.32,250
146.5,19,35.17,-500
146.5,21,43.24,250
146.5,22,47.34,1500
146.5,24,35.24,-3750
146.5,27,39.68,0
146.5,29,36.4,-3500
147.0,3,38.4,1500
147.0,6,40.9,1250
147.0,8,35.15,250
147.0,14,41.62,3000
147.0,15,43.37,-2750
147.0,18,46.85,250
147.0,21,41.98,250
147.0,22,47.11,1500
147.0,26,35.4,-2750
147.0,27,40.48,0
147.0,30,35.55,1500
147.5,3,35.63,2500
147.5,6,39.24,1250
147.5,14,40.87,3000
147.5,15,43.66,-2750
147.5,18,47.08,250
147.5,21,40.98,250
147.5,22,47.56,1500
147.5,27,42.3,0
148.0,1,35.4,1500
148.0,3,37.35,1500
148.0,6,41.38,1250
148.0,14,42.3,3000
148.0,15,37.13,-2750
148.0,18,47.03,250
148.0,21,44.26,250
148.0,22,46.61,1500
148.5,5,35.24,-1500
148.5,6,40.73,1250
148.5,8,35.03,4250
148.5,14,41.44,3000
148.5,15,39.07,-2750
148.5,18,47.19,250
148.5,21,44.3,250
148.5,22,47.13,1500
148.5,26,36.28,0
148.5,27,42.52,0
148.5,29,35.11,1250
149.0,3,36.62,1500
149.0,6,39.61,1250
149.0,10,35.4,-2750
149.0,14,40.07,3000
149.0,15,42.31,-2750
149.0,17,36.23,250
149.0,18,47.26,250
149.0,21,43.08,250
149.0,22,47.46,1500
149.0,27,38.72,0
149.5,3,35.09,1500
149.5,6,39.92,1250
149.5,9,45.5,2000
149.5,14,40.47,3000
149.5,15,43.1,-2750
149.5,18,45.86,250
149.5,19,35.35,-2750
149.5,21,42.71,250
149.5,22,47.46,1500
149.5,27,37.86,0
150.0,2,35.57,1250
150.0,3,38.04,1500
150.0,4,35.35,-750
150.0,6,41.09,1250
150.0,9,36.45,2000
150.0,14,42.06,3000
150.0,15,42.73,-2750
150.0,16,35.34,-3750
150.0,18,46.28,250
150.0,21,40.79,250
150.0,22,47.38,1500
150.0,24,35.23,3250
150.5,3,38.37,1500
150.5,6,40.01,1250
150.5,9,37.98,2000
150.5,10,36.6,1500
150.5,14,40.98,3000
150.5,15,44.34,-2750
150.5,18,45.91,250
150.5,21,42.44,250
150.5,22,47.98,1500
150.5,24,35.17,4250
150.5,27,40.89,0
150.5,28,35.83,2500
150.5,32,35.22,250
151.0,3,36.68,1500
151.0,6,38.54,1250
151.0,10,35.43,500
151.0,14,43.51,3000
151.0,15,43.93,-2750
151.0,18,46.41,250
151.0,19,35.13,500
151.0,21,42.73,250
151.0,22,47.07,1500
151.0,25,35.69,-750
151.0,30,35.05,-750
151.5,3,39.02,1500
151.5,6,38.55,1250
151.5,8,35.06,500
151.5,9,36.92,2000
151.5,14,41.64,3000
151.5,15,42.98,-2750
151.5,17,35.31,-750
151.5,18,46.56,250
151.5,21,43.37,250
151.5,22,47.28,1500
151.5,27,39.87,0
151.5,29,35.3,-3500
151.5,30,35.23,1500
151.5,31,36.21,2250
152.0,6,38.27,1250
152.0,11,35.26,1500
152.0,14,43.3,3000
152.0,15,44.74,-2750
152.0,18,46.39,250
152.0,20,35.57,-1750
152.0,21,43.44,250
152.0,22,47.84,1500
152.0,26,35.68,-2750
152.0,27,40.9,0
152.0,28,35.11,-3500
152.0,29,35.03,-4750
152.5,3,38.01,1500
152.5,6,39.86,1250
152.5,7,35.29,-4500
152.5,14,38.99,3000
152.5,15,44.6,-2750
152.5,18,46.83,250
152.5,21,43.0,250
152.5,22,48.06,1500
152.5,27,38.94,0
153.0,3,38.15,1500
153.0,6,38.73,1250
153.0,9,37.34,2000
153.0,14,40.52,3000
153.0,15,44.38,-2750
153.0,18,46.23,250
153.0,21,41.05,250
153.0,22,47.64,1500
153.0,27,38.27,0
153.5,6,39.28,1250
153.5,14,40.19,3000
153.5,15,43.74,-2750
153.5,18,46.29,250
153.5,21,42.48,250
153.5,22,47.91,1500
153.5,27,40.37,0
153.5,28,35.17,1500
153.5,29,35.04,-3500
153.5,32,35.51,4250
154.0,3,35.8,1500
154.0,6,40.82,1250
154.0,14,42.39,3000
154.0,15,42.28,-2750
154.0,18,46.12,250
154.0,21,42.98,250
154.0,22,47.26,1500
154.0,25,35.26,1500
154.0,27,38.03,0
154.0,31,35.15,-5750
154.5,2,35.27,2250
154.5,4,36.5,-1750
154.5,6,39.2,1250
154.5,9,38.07,2000
154.5,12,35.27,-500
154.5,14,40.69,3000
154.5,15,45.83,-2750
154.5,17,35.23,4250
154.5,18,45.86,250
154.5,21,43.64,250
154.5,22,48.27,1500
154.5,29,36.31,-3500
155.0,3,36.04,1500
155.0,5,36.03,3250
155.0,6,38.61,1250
155.0,9,35.7,-2500
155.0,14,40.07,3000
155.0,15,44.15,-2750
155.0,18,46.27,250
155.0,21,42.78,250
155.0,22,47.76,1500
155.0,27,41.07,0
155.0,30,35.2,-5500
155.5,3,36.3,1500
155.5,5,35.22,250
155.5,6,39.64,1250
155.5,9,43.86,2000
155.5,14,38.85,3000
155.5,15,45.73,-2750
155.5,16,35.01,250
155.5,18,46.29,250
155.5,21,44.38,250
155.5,22,47.27,1500
155.5,27,42.04,0
155.5,32,35.67,250
156.0,1,35.05,-2750
156.0,6,39.78,1250
156.0,9,45.87,2000
156.0,14,38.19,3000
156.0,15,44.59,-2750
156.0,18,45.81,250
156.0,21,42.37,250
156.0,22,47.58,1500
156.0,27,40.55,0
156.5,4,35.04,3250
156.5,6,37.41,1250
156.5,8,35.23,-5500
156.5,9,46.05,2000
156.5,11,35.23,1250
156.5,14,40.01,3000
156.5,15,45.35,-2750
156.5,18,46.56,250
156.5,21,43.32,250
156.5,22,47.33,1500
156.5,27,38.45,0
156.5,29,35.25,-3500
156.5,31,35.05,-1750
157.0,1,35.14,-1000
157.0,3,37.82,1500
157.0,6,38.39,1250
157.0,9,45.49,2000
157.0,14,38.4,3000
157.0,15,45.17,-2750
157.0,18,46.26,250
157.0,21,40.98,250
157.0,22,47.25,1500
157.0,27,42.22,0
157.5,6,36.32,1250
157.5,9,45.09,2000
157.5,11,35.15,-2750
157.5,14,39.62,3000
157.5,15,45.3,-2750
157.5,16,35.13,1000
157.5,18,46.36,250
157.5,21,44.22,250
157.5,22,47.28,1500
157.5,27,42.14,0
158.0,3,36.3,1500
158.0,6,37.73,1250
158.0,9,46.11,2000
158.0,14,38.88,3000
158.0,15,45.21,-2750
158.0,18,46.11,250
158.0,21,43.44,250
158.0,22,47.81,1500
158.0,26,35.76,1250
158.0,27,40.31,0
158.0,31,36.12,2250
158.5,6,38.58,1250
158.5,9,44.36,2000
158.5,14,38.21,3000
158.5,15,43.55,-2750
158.5,17,35.03,-2750
158.5,18,47.16,250
158.5,21,45.39,250
158.5,22,48.02,1500
158.5,26,35.12,2250
158.5,27,39.27,0
158.5,29,36.5,-3500
159.0,6,35.64,1250
159.0,9,44.69,2000
159.0,14,40.27,3000
159.0,15,45.78,-2750
159.0,17,35.67,1000
159.0,18,46.17,250
159.0,21,43.61,250
159.0,22,48.08,1500
159.0,26,35.34,4250
159.0,27,39.56,0
159.0,29,36.96,-3500
159.5,3,35.32,1500
159.5,5,35.46,-3000
159.5,6,39.62,1250
159.5,9,43.56,2000
159.5,14,38.98,3000
159.5,15,45.12,-2750
159.5,16,36.17,-6000
159.5,18,46.06,250
159.5,21,42.39,250
159.5,22,47.35,1500
159.5,27,41.91,0
160.0,3,35.44,-6000
160.0,6,39.94,1250
160.0,9,46.03,2000
160.0,14,39.77,3000
160.0,15,44.69,-2750
160.0,18,46.3,250
160.0,21,43.53,250
160.0,22,47.64,1500
160.0,25,35.04,1250
160.0,27,38.56,0
160.5,6,40.38,1250
160.5,9,45.51,2000
160.5,10,36.46,-4750
160.5,11,35.0,2500
160.5,12,35.11,3000
160.5,14,40.51,3000
160.5,15,35.77,-2750
160.5,18,45.81,250
160.5,21,44.22,250
160.5,22,47.4,1500
160.5,27,41.2,0
160.5,32,35.21,3250
161.0,6,38.76,1250
161.0,9,42.46,2000
161.0,14,40.53,3000
161.0,15,45.7,-2750
161.0,16,35.09,-2750
161.0,18,46.78,250
161.0,21,44.89,250
161.0,22,47.71,1500
161.0,27,41.13,0
161.5,4,35.17,3500
161.5,6,40.69,1250
161.5,9,44.92,2000
161.5,14,39.93,3000
161.5,15,45.07,-2750
161.5,18,46.04,250
161.5,21,44.42,250
161.5,22,47.4,1500
161.5,27,41.35,0
162.0,6,37.85,1250
162.0,9,45.27,2000
162.0,14,39.68,3000
162.0,15,45.91,-2750
162.0,17,35.41,250
162.0,18,46.04,250
162.0,21,44.24,250
162.0,22,47.43,1500
162.0,27,39.13,0
162.5,6,38.0,1250
162.5,9,45.6,2000
162.5,12,35.21,1500
162.5,14,40.91,3000
162.5,16,35.44,250
162.5,18,46.53,250
162.5,21,44.65,250
162.5,22,47.37,1500
162.5,23,35.25,5500
162.5,27,39.95,0
162.5,31,35.25,5250
163.0,3,35.06,2250
163.0,5,35.08,1250
163.0,6,37.69,1250
163.0,9,39.23,2000
163.0,14,40.31,3000
163.0,15,39.16,-2750
163.0,18,46.78,250
163.0,21,40.33,250
163.0,22,47.77,1500
163.0,25,35.18,-2500
163.0,27,40.62,0
163.5,6,38.62,1250
163.5,9,44.54,2000
163.5,11,35.03,250
163.5,12,35.37,500
163.5,14,41.26,3000
163.5,15,35.26,-1750
163.5,16,35.21,1500
163.5,18,45.8,250
163.5,21,41.46,250
163.5,22,48.36,1500
164.0,6,37.76,1250
164.0,9,40.62,2000
164.0,13,35.35,-5750
164.0,14,42.2,3000
164.0,15,38.15,-2750
164.0,18,46.68,250
164.0,21,45.57,250
164.0,22,47.8,1500
164.0,27,38.78,0
164.5,3,35.15,-3500
164.5,9,40.46,2000
164.5,14,41.41,3000
164.5,15,35.12,-5750
164.5,18,46.47,250
164.5,21,46.03,250
164.5,22,47.24,1500
164.5,27,38.52,0
164.5,30,35.32,-4750
165.0,5,35.93,0
165.0,6,39.68,1250
165.0,9,45.64,2000
165.0,11,35.23,3500
165.0,14,41.52,3000
165.0,15,40.06,-2750
165.0,16,35.36,-3000
165.0,18,46.08,250
165.0,20,35.08,-4000
165.0,21,44.87,250
165.0,22,47.49,1500
165.0,23,35.89,4500
165.0,25,35.12,5500
165.0,27,41.55,0
165.5,3,35.58,3000
165.5,6,37.75,1250
165.5,9,44.79,2000
165.5,11,35.14,1500
165.5,14,39.53,3000
165.5,16,35.01,1500
165.5,18,46.53,250
165.5,20,35.11,250
165.5,21,45.41,250
165.5,22,47.61,1500
165.5,27,42.13,0
165.5,29,38.76,-3500
165.5,32,35.39,3500
166.0,6,38.12,1250
166.0,9,45.25,2000
166.0,12,35.46,5500
166.0,14,41.32,3000
166.0,18,46.37,250
166.0,21,45.27,250
166.0,22,47.51,1500
166.0,25,35.48,-1750
166.0,27,41.92,0
166.0,29,38.22,-3500
166.5,4,35.23,-1500
166.5,9,45.25,2000
166.5,14,40.42,3000
166.5,15,37.03,-2750
166.5,18,45.24,250
166.5,21,44.58,250
166.5,22,47.57,1500
166.5,24,36.06,5000
166.5,26,35.51,250
166.5,27,42.76,0
166.5,29,40.09,-3500
166.5,31,35.15,-3500
167.0,5,35.64,2000
167.0,6,36.64,1250
167.0,9,44.6,2000
167.0,14,40.29,3000
167.0,15,46.11,-2750
167.0,18,44.16,250
167.0,21,44.22,250
167.0,22,47.64,1500
167.0,24,35.49,2500
167.0,27,41.64,0
167.0,28,35.27,500
167.0,31,35.26,-4750
167.5,9,45.42,2000
167.5,12,35.56,-2750
167.5,14,40.31,3000
167.5,15,46.43,-2750
167.5,18,45.41,250
167.5,21,44.98,250
167.5,22,47.65,1500
167.5,27,37.2,0
168.0,1,35.01,4250
168.0,3,35.45,5250
168.0,7,35.02,1250
168.0,9,44.86,2000
168.0,14,38.71,3000
168.0,15,46.3,-2750
168.0,16,35.35,-2500
168.0,18,43.75,250
168.0,21,44.72,250
168.0,22,47.3,1500
168.0,27,39.16,0
168.0,28,35.23,-4750
168.0,29,40.56,-3500
168.5,2,35.01,2250
168.5,5,35.16,-5750
168.5,9,45.39,2000
168.5,13,35.52,2250
168.5,14,40.91,3000
168.5,15,45.71,-2750
168.5,18,45.52,250
168.5,20,35.49,5250
168.5,21,44.39,250
168.5,22,46.89,1500
168.5,27,41.7,0
168.5,29,41.34,-3500
169.0,3,35.1,-1750
169.0,5,36.01,-1250
169.0,9,45.78,2000
169.0,14,38.08,3000
169.0,15,45.88,-2750
169.0,16,35.38,250
169.0,17,35.42,2500
169.0,18,44.9,250
169.0,19,35.62,4750
169.0,21,44.41,250
169.0,22,47.43,1500
169.0,27,39.95,0
169.0,29,37.4,-3500
169.0,32,35.68,-5500
169.5,7,35.93,4500
169.5,9,45.72,2000
169.5,11,35.84,-1000
169.5,14,41.42,3000
169.5,15,46.46,-2750
169.5,18,44.73,250
169.5,19,35.45,2250
169.5,21,44.5,250
169.5,22,47.32,1500
169.5,25,35.01,-1500
169.5,27,41.84,0
169.5,29,40.92,-3500
169.5,30,35.39,-4750
169.5,31,35.03,5000
170.0,6,37.9,1250
170.0,9,45.58,2000
170.0,14,39.56,3000
170.0,15,45.14,-2750
170.0,18,43.94,250
170.0,20,35.49,-5500
170.0,21,44.85,250
170.0,22,46.11,1500
170.0,27,41.82,0
170.0,29,40.01,-3500
170.5,9,45.7,2000
170.5,11,35.29,-2000
170.5,14,40.35,3000
170.5,15,46.14,-2750
170.5,18,44.07,250
170.5,19,35.24,-3750
170.5,21,44.37,250
170.5,22,47.58,1500
170.5,27,41.12,0
170.5,29,40.58,-3500
170.5,32,35.36,250
171.0,3,35.38,-1500
171.0,9,45.31,2000
171.0,14,38.64,3000
171.0,15,45.97,-2750
171.0,16,35.5,4000
171.0,18,45.3,250
171.0,21,43.78,250
171.0,22,46.9,1500
171.0,24,35.74,-4750
171.0,27,41.37,0
171.0,29,38.42,-3500
171.5,7,35.17,-5000
171.5,9,45.49,2000
171.5,10,35.1,-3000
171.5,14,40.38,3000
171.5,15,45.75,-2750
171.5,18,43.35,250
171.5,19,35.44,-4750
171.5,21,44.29,250
171.5,22,46.84,1500
171.5,27,43.57,0
172.0,1,35.15,-5500
172.0,3,35.1,-5000
172.0,7,35.16,-2750
172.0,9,45.2,2000
172.0,10,35.18,-5750
172.0,13,35.55,-2000
172.0,14,39.08,3000
172.0,15,45.84,-2750
172.0,18,44.06,250
172.0,21,44.69,250
172.0,22,46.47,1500
172.0,27,42.9,0
172.0,29,39.38,-3500
172.0,31,35.26,4500
172.5,5,35.15,2500
172.5,6,35.12,2000
172.5,9,45.44,2000
172.5,14,40.76,3000
172.5,15,45.84,-2750
172.5,18,43.6,250
172.5,19,35.45,5000
172.5,21,43.98,250
172.5,22,45.88,1500
172.5,26,35.17,-5500
172.5,27,43.21,0
172.5,28,35.15,5500
172.5,29,37.46,-3500
172.5,30,35.36,4250
172.5,31,35.77,-500
173.0,1,35.18,5000
173.0,9,45.04,2000
173.0,14,36.59,3000
173.0,15,45.53,-2750
173.0,18,43.61,250
173.0,19,35.49,-500
173.0,21,44.1,250
173.0,22,43.83,1500
173.0,27,44.18,0
173.0,29,36.34,-3500
173.0,32,35.08,2500
173.5,4,35.01,-2000
173.5,9,46.24,2000
173.5,14,40.67,3000
173.5,15,46.58,-2750
173.5,18,42.8,250
173.5,21,43.84,250
173.5,22,46.64,1500
173.5,24,35.27,2500
173.5,25,35.02,-3750
173.5,27,35.06,0
173.5,30,35.02,2000
174.0,9,45.39,2000
174.0,14,39.55,3000
174.0,15,45.93,-2750
174.0,18,41.41,250
174.0,20,35.23,2000
174.0,21,44.58,250
174.0,22,45.63,1500
174.0,27,40.37,0
174.0,29,41.54,-3500
174.0,30,35.51,-4750
174.0,31,35.28,-3750
174.5,4,36.08,3500
174.5,8,35.01,-2750
174.5,9,46.15,2000
174.5,14,38.83,3000
174.5,15,44.4,-2750
174.5,17,35.84,3750
174.5,18,42.75,250
174.5,21,43.33,250
174.5,22,46.01,1500
174.5,28,36.15,-750
174.5,29,39.64,-3500
174.5,32,35.11,250
175.0,14,40.32,3000
175.0,15,42.62,-2750
175.0,16,35.49,5750
175.0,18,41.71,250
175.0,21,44.04,250
175.0,22,44.91,1500
175.0,27,38.58,0
175.0,29,38.15,-3500
175.5,3,37.21,1250
175.5,7,35.51,3250
175.5,9,35.64,2000
175.5,10,35.1,500
175.5,14,40.62,3000
175.5,15,44.94,-2750
175.5,18,42.68,250
175.5,21,43.83,250
175.5,22,44.78,1500
175.5,23,35.06,2250
175.5,29,36.53,-3500
175.5,31,35.02,-3500
176.0,3,35.33,1250
176.0,4,35.32,5250
176.0,9,37.86,2000
176.0,15,44.74,-2750
176.0,18,40.8,250
176.0,21,45.09,250
176.0,22,44.44,1500
176.0,27,36.21,0
176.0,29,39.21,-3500
176.5,9,36.39,2000
176.5,14,38.37,3000
176.5,15,44.71,-2750
176.5,18,42.49,250
176.5,21,44.08,250
176.5,22,45.29,1500
176.5,27,35.85,0
176.5,29,36.8,-3500
176.5,31,35.87,3250
177.0,4,35.54,-4500
177.0,9,40.69,2000
177.0,14,38.56,3000
177.0,15,44.93,-2750
177.0,17,35.22,-2750
177.0,18,40.69,250
177.0,20,35.31,1250
177.0,21,45.06,250
177.0,22,45.43,1500
177.0,30,35.5,1500
177.5,4,35.16,4500
177.5,7,35.41,3750
177.5,9,39.88,2000
177.5,12,35.41,-6000
177.5,14,38.42,3000
177.5,15,44.25,-2750
177.5,18,39.99,250
177.5,21,44.32,250
177.5,22,44.65,1500
177.5,29,39.52,-3500
178.0,6,36.89,1000
178.0,9,38.23,2000
178.0,14,39.72,3000
178.0,15,43.92,-2750
178.0,16,35.5,500
178.0,18,40.61,250
178.0,21,44.26,250
178.0,22,45.73,1500
178.0,32,35.29,5500
178.5,6,35.28,1250
178.5,9,39.43,2000
178.5,14,36.88,3000
178.5,15,44.38,-2750
178.5,18,40.26,250
178.5,20,35.3,1500
178.5,21,43.51,250
178.5,22,45.42,1500
178.5,27,44.9,0
179.0,1,35.08,5250
179.0,6,36.99,1000
179.0,7,35.18,2500
179.0,9,45.88,2000
179.0,10,35.41,5000
179.0,14,37.08,3000
179.0,15,44.32,-2750
179.0,18,40.43,250
179.0,21,44.24,250
179.0,22,42.55,1500
179.0,25,35.29,2500
179.0,26,35.04,1500
179.0,27,35.03,2500
179.5,9,46.55,2000
179.5,13,35.11,500
179.5,14,39.23,3000
179.5,15,43.18,-2750
179.5,18,38.77,250
179.5,19,35.6,-3000
179.5,21,44.6,250
179.5,22,45.52,1500
179.5,25,35.39,2000
179.5,28,35.65,4500
179.5,29,38.02,-3500
180.0,6,39.84,1250
180.0,9,45.63,2000
180.0,14,38.85,3000
180.0,15,43.72,-2750
180.0,16,36.04,3000
180.0,18,38.17,250
180.0,21,43.23,250
180.0,22,46.05,1500
180.0,29,39.19,-3500
180.5,4,35.86,-5750
180.5,6,38.86,1250
180.5,7,35.01,-2750
180.5,9,37.67,2000
180.5,14,37.69,3000
180.5,15,41.74,-2750
180.5,18,38.63,250
180.5,21,45.24,250
180.5,22,44.61,1500
180.5,23,35.18,-2750
180.5,27,39.31,0
180.5,29,37.44,-3500
181.0,6,39.03,1250
181.0,9,39.38,2000
181.0,14,38.35,3000
181.0,15,42.65,-2750
181.0,18,38.95,250
181.0,21,44.54,250
181.0,22,45.56,1500
181.0,27,43.0,0
181.0,32,35.95,3000
181.5,3,40.29,1250
181.5,6,39.93,1250
181.5,9,36.38,2000
181.5,13,35.04,-500
181.5,14,39.43,3000
181.5,15,39.94,-2750
181.5,18,39.94,250
181.5,21,43.46,250
181.5,22,45.16,1500
181.5,27,41.22,0
181.5,29,37.04,-3500
182.0,6,38.64,1000
182.0,14,39.65,3000
182.0,15,42.4,-2750
182.0,16,35.77,-2250
182.0,18,40.73,250
182.0,21,42.91,250
182.0,22,46.04,1500
182.0,27,41.2,0
182.0,29,39.17,-3500
182.5,1,35.84,-4750
182.5,2,35.22,-1750
182.5,3,40.98,1250
182.5,6,39.08,1250
182.5,9,38.79,2000
182.5,14,38.78,3000
182.5,15,41.31,-2750
182.5,18,40.48,250
182.5,19,35.24,-3750
182.5,21,42.98,250
182.5,22,45.46,1500
182.5,27,40.99,0
182.5,29,37.96,-3500
183.0,1,35.94,0
183.0,2,35.49,-4000
183.0,3,36.32,1250
183.0,6,40.45,1250
183.0,9,35.43,2000
183.0,14,39.99,3000
183.0,15,42.18,-2750
183.0,17,35.55,-5500
183.0,18,38.95,250
183.0,21,42.43,250
183.0,22,45.29,1500
183.0,26,35.32,4000
183.0,27,42.71,0
183.5,3,35.78,-4000
183.5,6,39.5,1250
183.5,8,35.11,4500
183.5,14,38.08,3000
183.5,15,41.34,-2750
183.5,18,41.41,250
183.5,19,35.03,-4500
183.5,21,43.17,250
183.5,22,45.42,1500
183.5,27,44.12,0
184.0,1,35.53,1500
184.0,3,35.05,1250
184.0,6,40.35,1250
184.0,8,35.13,-4750
184.0,9,35.97,2000
184.0,14,37.99,3000
184.0,15,43.38,-2750
184.0,18,39.6,250
184.0,19,35.31,-3750
184.0,21,43.26,250
184.0,22,44.84,1500
184.0,27,40.02,0
184.5,3,39.47,1250
184.5,6,41.08,1250
184.5,10,35.59,3250
184.5,13,36.64,0
184.5,14,38.8,3000
184.5,15,40.86,-2750
184.5,18,40.32,250
184.5,21,43.61,250
184.5,22,44.12,1500
184.5,24,35.04,-1750
184.5,29,37.51,-3500
184.5,31,35.52,500
185.0,3,36.73,1250
185.0,6,42.19,1250
185.0,8,35.4,5500
185.0,9,45.73,2000
185.0,13,35.18,2000
185.0,14,37.27,3000
185.0,15,39.0,-2750
185.0,18,40.86,250
185.0,21,42.29,250
185.0,22,44.38,1500
185.0,25,35.16,-5000
185.0,30,35.14,3000
185.5,2,35.2,-2000
185.5,7,35.83,4750
185.5,9,44.67,2000
185.5,10,35.78,-4000
185.5,14,38.66,3000
185.5,15,40.08,-2750
185.5,18,41.77,250
185.5,21,41.44,250
185.5,22,43.96,1500
185.5,28,35.74,-6000
186.0,9,45.45,2000
186.0,14,35.17,3000
186.0,15,39.87,-2750
186.0,16,35.01,2000
186.0,17,35.19,3250
186.0,18,41.23,250
186.0,19,35.01,-500
186.0,21,42.11,250
186.0,22,41.71,1500
186.0,23,35.44,-1250
186.5,5,35.01,1500
186.5,9,45.8,2000
186.5,14,38.73,3000
186.5,15,40.84,-2750
186.5,18,40.04,250
186.5,21,43.66,250
186.5,22,42.94,1500
186.5,29,36.14,-2500
186.5,30,35.07,250
186.5,31,35.05,4750
186.5,32,35.44,250
187.0,9,46.29,2000
187.0,12,35.17,-2750
187.0,14,36.1,3000
187.0,15,42.14,-2750
187.0,18,41.99,250
187.0,20,35.88,1750
187.0,21,42.18,250
187.0,22,44.05,1500
187.0,29,36.21,-3500
187.0,31,35.77,3500
187.5,6,36.75,1000
187.5,9,45.22,2000
187.5,12,35.1,4500
187.5,14,35.25,3000
187.5,15,40.12,-2750
187.5,18,41.81,250
187.5,21,42.83,250
187.5,22,43.08,1500
187.5,27,35.52,5250
188.0,5,35.2,5000
188.0,6,36.32,1000
188.0,9,45.48,2000
188.0,14,40.01,3000
188.0,15,39.01,-2750
188.0,18,41.27,250
188.0,19,35.08,2000
188.0,21,42.4,250
188.0,22,42.06,1500
188.0,32,35.01,-2750
188.5,1,35.08,-1250
188.5,5,35.05,250
188.5,9,45.66,2000
188.5,14,36.56,3000
188.5,15,38.39,-2750
188.5,18,42.08,250
188.5,21,41.58,250
188.5,22,42.49,1500
188.5,24,35.46,250
188.5,28,35.65,3250
189.0,1,35.14,-2500
189.0,6,37.28,1000
189.0,9,46.24,2000
189.0,13,35.36,-5750
189.0,15,40.27,-2750
189.0,18,43.58,250
189.0,21,42.96,250
189.0,22,43.58,1500
189.0,30,35.48,1000
189.5,3,35.04,1250
189.5,6,35.04,1000
189.5,7,36.17,-500
189.5,9,46.01,2000
189.5,13,35.66,2500
189.5,15,39.97,-2750
189.5,18,43.39,250
189.5,20,35.84,-3000
189.5,21,40.74,250
189.5,22,42.64,1500
189.5,24,35.6,-4000
189.5,26,35.04,750
189.5,31,35.87,0
190.0,6,38.26,1000
190.0,9,46.14,2000
190.0,12,35.28,-250
190.0,13,35.33,0
190.0,14,35.53,3000
190.0,15,39.37,-2750
190.0,18,43.6,250
190.0,21,41.55,250
190.0,22,42.6,1500
190.5,3,35.05,1500
190.5,9,46.38,2000
190.5,15,40.25,-2750
190.5,18,43.2,250
190.5,21,38.63,250
190.5,22,41.98,1500
190.5,26,35.03,250
191.0,6,36.14,1000
191.0,9,45.23,2000
191.0,12,35.29,2000
191.0,15,40.86,-2750
191.0,18,42.92,250
191.0,21,41.66,250
191.0,22,42.35,1500
191.0,29,35.91,-3500
191.5,9,45.4,2000
191.5,14,35.93,3000
191.5,15,41.37,-2750
191.5,17,35.08,4000
191.5,18,44.89,250
191.5,21,41.54,250
191.5,22,41.47,1500
191.5,27,35.55,0
192.0,1,35.02,4250
192.0,2,35.6,3500
192.0,7,35.14,1250
192.0,9,45.25,2000
192.0,14,35.11,3000
192.0,15,39.78,-2750
192.0,18,44.51,250
192.0,21,41.6,250
192.0,22,41.91,1500
192.5,9,45.93,2000
192.5,10,35.22,5250
192.5,12,36.47,-1750
192.5,15,41.88,-2750
192.5,17,35.34,-1000
192.5,18,43.19,250
192.5,21,38.75,250
192.5,22,42.4,1500
192.5,24,35.78,-5250
192.5,27,35.11,-250
193.0,6,38.3,1000
193.0,8,35.31,-5750
193.0,9,46.57,2000
193.0,15,41.13,-2750
193.0,18,43.96,250
193.0,19,35.36,4250
193.0,21,40.11,250
193.0,22,41.1,1500
193.0,27,36.26,0
193.0,30,35.52,-500
193.5,3,35.26,-1750
193.5,5,35.73,1500
193.5,6,35.39,1000
193.5,8,35.12,3250
193.5,9,46.16,2000
193.5,12,35.17,250
193.5,15,41.31,-2750
193.5,16,35.17,-4750
193.5,18,44.03,250
193.5,21,39.96,250
193.5,22,42.23,1500
193.5,27,35.85,0
193.5,29,36.43,-3500
193.5,30,35.11,-2000
193.5,31,35.33,2000
194.0,1,35.49,-1250
194.0,6,35.49,1250
194.0,9,46.62,2000
194.0,15,42.52,-2750
194.0,18,45.14,250
194.0,21,39.15,250
194.0,22,41.15,1500
194.0,27,35.01,4250
194.0,31,35.06,-2000
194.5,1,35.85,250
194.5,6,37.66,1000
194.5,7,35.55,3250
194.5,8,35.1,4250
194.5,9,46.19,2000
194.5,15,40.19,-2750
194.5,18,45.28,250
194.5,19,35.28,2000
194.5,21,38.68,250
194.5,22,40.34,1500
194.5,26,35.13,2250
194.5,27,38.92,-250
194.5,29,37.66,-3500
194.5,32,35.62,-1500
195.0,9,46.28,2000
195.0,15,40.62,-2750
195.0,16,35.28,-2500
195.0,18,44.78,250
195.0,21,37.61,250
195.0,22,39.45,1500
195.0,24,35.64,-1000
195.5,1,35.52,-6000
195.5,6,35.56,1000
195.5,7,35.15,4000
195.5,9,45.87,2000
195.5,10,35.1,4250
195.5,13,35.08,-4750
195.5,15,41.2,-2750
195.5,16,35.34,-3500
195.5,17,35.01,4250
195.5,18,44.83,250
195.5,19,35.33,3250
195.5,21,37.32,250
195.5,22,38.73,1500
195.5,27,35.56,0
195.5,29,36.85,-3500
196.0,3,35.19,2500
196.0,6,35.43,1000
196.0,9,45.38,2000
196.0,15,41.26,-2750
196.0,17,35.37,0
196.0,18,43.77,250
196.0,21,37.9,250
196.0,22,40.19,1500
196.0,23,35.21,750
196.5,6,35.69,1000
196.5,9,45.23,2000
196.5,10,35.36,-1750
196.5,12,35.84,-5250
196.5,15,40.21,-2750
196.5,18,44.03,250
196.5,22,39.47,1500
196.5,27,35.51,0
196.5,29,35.7,5000
197.0,6,35.15,1000
197.0,9,45.14,2000
197.0,15,40.96,-2750
197.0,18,44.83,250
197.0,21,35.65,250
197.0,22,38.95,1500
197.5,2,35.12,-4750
197.5,3,36.03,1500
197.5,6,35.77,1000
197.5,9,44.82,2000
197.5,15,43.47,-2750
197.5,18,45.85,250
197.5,21,35.65,250
197.5,22,42.85,1500
197.5,25,35.24,250
197.5,27,39.28,-250
198.0,4,35.21,-1500
198.0,6,36.4,1000
198.0,9,42.39,2000
198.0,10,35.46,2750
198.0,11,35.26,-2750
198.0,15,41.66,-2750
198.0,16,35.42,5750
198.0,18,43.1,250
198.0,21,36.84,250
198.0,22,35.05,1500
198.0,27,35.06,250
198.5,6,39.43,1000
198.5,9,40.95,2000
198.5,14,36.31,1250
198.5,15,43.55,-2750
198.5,18,44.69,250
198.5,19,35.13,2500
198.5,21,36.36,250
198.5,22,39.92,1500
198.5,24,35.88,-750
198.5,27,35.87,0
198.5,29,38.62,-3500
198.5,31,35.43,-4750
199.0,6,36.73,1000
199.0,8,35.04,-4750
199.0,9,44.49,2000
199.0,15,39.23,-2750
199.0,18,45.08,250
199.0,21,37.23,250
199.0,22,36.42,1500
199.0,27,38.11,0
199.0,29,35.37,-3500
199.5,2,35.01,-4750
199.5,6,36.84,1000
199.5,9,43.22,2000
199.5,15,41.52,-2750
199.5,18,44.06,250
199.5,21,35.0,2250
199.5,22,35.89,1500
199.5,24,35.14,-4500
199.5,27,35.72,0
199.5,29,38.36,-3500
200.0,1,35.05,-2000
200.0,6,38.22,1000
200.0,9,46.37,2000
200.0,15,42.96,-2750
200.0,18,44.92,250
200.0,22,38.77,1500
200.0,29,40.54,-3500
200.0,32,35.35,-6000
200.5,5,35.04,-4500
200.5,6,36.52,1000
200.5,9,46.3,2000
200.5,12,35.37,4500
200.5,15,42.58,-2750
200.5,18,44.97,250
200.5,21,36.15,250
200.5,22,36.68,1250
200.5,27,38.07,0
200.5,28,35.19,-5750
200.5,29,40.83,-3500
201.0,4,36.38,5500
201.0,6,39.09,1000
201.0,9,45.11,2000
201.0,12,35.09,-2000
201.0,14,35.0,-3000
201.0,15,43.02,-2750
201.0,18,45.06,250
201.0,21,37.57,250
201.0,22,35.99,1500
201.0,27,36.64,-250
201.0,29,41.27,-3500
201.5,4,35.19,-5500
201.5,6,37.97,1000
201.5,8,35.04,1250
201.5,9,45.95,2000
201.5,14,35.27,0
201.5,15,43.02,-2750
201.5,18,44.06,250
201.5,22,36.76,1500
201.5,27,35.19,0
201.5,29,41.92,-3500
201.5,31,35.02,-5000
202.0,3,35.28,4000
202.0,6,38.45,1000
202.0,8,35.06,-2750
202.0,9,45.83,2000
202.0,11,35.25,1000
202.0,14,35.07,3250
202.0,15,43.28,-2750
202.0,18,44.42,250
202.0,27,36.12,0
202.0,29,40.61,-3500
202.0,31,35.42,3250
202.5,1,35.82,-2500
202.5,6,37.01,1000
202.5,9,46.53,2000
202.5,15,42.93,-2750
202.5,18,45.11,250
202.5,21,37.02,250
202.5,22,37.94,1500
202.5,27,38.88,0
202.5,29,41.02,-3500
202.5,31,35.41,-5750
203.0,6,38.56,1000
203.0,7,35.1,5000
203.0,9,47.48,2000
203.0,13,35.11,2000
203.0,15,42.19,-2750
203.0,16,35.62,-1750
203.0,18,45.13,250
203.0,20,35.35,500
203.0,22,36.29,1250
203.0,26,35.13,250
203.0,27,38.37,0
203.0,29,38.24,-3500
203.0,32,35.58,-3000
203.5,6,38.01,1000
203.5,8,35.02,4500
203.5,9,46.49,2000
203.5,15,44.06,-2750
203.5,17,35.05,-1000
203.5,18,44.75,250
203.5,21,39.09,250
203.5,22,37.76,1500
203.5,27,38.4,-250
203.5,29,37.39,-3500
203.5,30,35.08,4750
203.5,31,35.46,4000
204.0,3,35.29,-1750
204.0,5,35.13,-5000
204.0,6,37.84,1000
204.0,7,35.3,-1000
204.0,9,44.54,2000
204.0,15,42.86,-2750
204.0,18,43.04,250
204.0,27,36.49,0
204.0,29,35.91,-3500
204.5,2,35.11,1000
204.5,6,38.63,1000
204.5,9,46.53,2000
204.5,15,43.71,-2750
204.5,18,45.23,250
204.5,21,36.15,250
204.5,22,37.56,1500
204.5,27,40.47,0
204.5,29,39.99,-3500
205.0,1,35.62,2250
205.0,6,39.95,1000
205.0,9,45.7,2000
205.0,15,43.09,-2750
205.0,18,44.12,250
205.0,21,35.98,250
205.0,22,38.08,1250
205.0,27,39.59,0
205.0,29,39.08,-3500
205.5,6,39.93,1000
205.5,9,45.9,2000
205.5,11,35.22,-6000
205.5,15,42.41,-2750
205.5,18,44.7,250
205.5,21,35.87,250
205.5,22,36.78,1250
205.5,27,38.64,0
205.5,29,36.61,-3500
206.0,4,35.14,-5000
206.0,6,39.0,1000
206.0,9,46.97,2000
206.0,15,43.85,-2750
206.0,18,45.01,250
206.0,22,36.49,1250
206.0,27,37.85,0
206.0,30,35.11,-5000
206.5,3,35.22,2000
206.5,5,35.07,250
206.5,6,36.62,1000
206.5,8,35.04,3250
206.5,9,45.94,2000
206.5,15,43.58,-2750
206.5,18,45.49,250
206.5,21,37.93,250
206.5,22,38.66,1250
206.5,27,41.13,0
206.5,29,40.83,-3500
206.5,30,35.24,-2000
206.5,31,35.36,-2750
207.0,1,35.42,1000
207.0,6,40.02,1000
207.0,9,45.32,2000
207.0,10,35.1,250
207.0,15,45.02,-2750
207.0,18,44.98,250
207.0,21,38.31,250
207.0,22,37.74,1250
207.0,23,35.47,-4000
207.0,27,41.02,0
207.0,28,35.23,-3000
207.0,29,40.38,-3500
207.5,6,38.67,1000
207.5,7,35.18,-5750
207.5,9,46.19,2000
207.5,15,43.06,-2750
207.5,18,44.58,250
207.5,19,35.21,2250
207.5,21,36.38,250
207.5,22,38.26,1250
207.5,27,39.88,0
207.5,29,39.83,-3500
208.0,1,35.14,-3750
208.0,3,35.09,-750
208.0,6,38.61,1000
208.0,9,46.21,2000
208.0,13,36.03,3500
208.0,15,44.29,-2750
208.0,18,45.03,250
208.0,21,38.99,250
208.0,22,38.41,1250
208.0,23,35.18,-5750
208.0,27,39.67,0
208.0,29,35.97,-3500
208.5,6,40.19,1000
208.5,9,45.66,2000
208.5,15,44.04,-2750
208.5,18,44.07,250
208.5,20,36.16,-3750
208.5,21,37.47,250
208.5,22,38.29,1250
208.5,27,37.15,0
208.5,29,38.39,-3500
208.5,32,35.1,5250
209.0,6,38.5,1000
209.0,8,35.22,5000
209.0,9,45.85,2000
209.0,15,44.32,-2750
209.0,16,35.46,-3000
209.0,18,44.53,250
209.0,22,38.11,1250
209.0,27,39.91,0
209.0,29,40.46,-3500
209.0,30,35.66,1000
209.0,32,35.06,2250
209.5,4,35.54,1250
209.5,6,39.46,1000
209.5,8,35.07,4250
209.5,9,46.37,2000
209.5,10,35.14,2000
209.5,11,35.4,-4750
209.5,15,45.07,-2750
209.5,18,43.79,250
209.5,21,38.19,250
209.5,22,38.93,1250
209.5,27,40.77,0
209.5,29,39.21,-3500
209.5,31,35.39,4000
210.0,6,40.11,1000
210.0,7,35.01,1000
210.0,8,35.16,-6000
210.0,9,46.18,2000
210.0,10,35.08,3000
210.0,15,44.06,-2750
210.0,18,43.53,250
210.0,20,36.32,-4250
210.0,21,35.28,1250
210.0,22,38.69,1250
210.0,23,35.17,0
210.0,27,40.27,0
210.0,29,39.75,-3500
210.5,3,35.58,4750
210.5,8,35.42,2250
210.5,9,45.44,2000
210.5,15,43.91,-2750
210.5,18,43.71,250
210.5,21,37.36,250
210.5,22,38.5,1250
210.5,27,39.32,0
210.5,29,39.45,-3500
211.0,3,35.43,1250
211.0,8,35.84,-5000
211.0,9,46.51,2000
211.0,11,35.19,-3000
211.0,13,35.28,-6000
211.0,15,43.77,-2750
211.0,18,44.2,250
211.0,21,39.38,250
211.0,22,39.49,1250
211.0,27,37.94,0
211.0,29,39.02,-3500
211.5,5,35.03,-2750
211.5,8,35.88,-1250
211.5,9,45.93,2000
211.5,14,35.05,3000
211.5,15,44.9,-2750
211.5,18,43.84,250
211.5,21,39.69,250
211.5,22,40.4,1250
211.5,27,39.95,0
211.5,29,38.73,-3500
212.0,8,35.06,-1750
212.0,9,46.04,2000
212.0,11,35.73,1500
212.0,12,35.23,-2750
212.0,15,43.83,-2750
212.0,18,44.1,250
212.0,19,35.08,250
212.0,21,39.81,250
212.0,22,41.23,1250
212.0,27,39.41,0
212.0,29,39.97,-3500
212.5,6,35.15,3250
212.5,9,46.17,2000
212.5,15,44.31,-2750
212.5,18,44.17,250
212.5,20,36.02,500
212.5,21,39.71,250
212.5,22,38.71,1250
212.5,27,41.2,0
212.5,29,39.63,-3500
212.5,30,35.25,-1000
213.0,3,35.81,1250
213.0,6,35.19,1250
213.0,9,46.1,2000
213.0,15,43.58,-2750
213.0,18,44.54,250
213.0,22,41.23,1250
213.0,27,40.84,0
213.5,3,36.2,1250
213.5,9,46.01,2000
213.5,15,43.41,-2750
213.5,18,44.56,250
213.5,21,41.7,250
213.5,22,38.45,1250
213.5,27,38.21,0
213.5,29,41.92,-3500
214.0,3,39.33,1250
214.0,6,35.17,1000
214.0,8,35.07,-1000
214.0,9,46.07,2000
214.0,15,44.14,-2750
214.0,18,43.96,250
214.0,21,37.25,250
214.0,22,39.53,1250
214.0,27,39.96,0
214.0,29,39.72,-3500
214.5,3,38.52,1250
214.5,8,36.62,-3250
214.5,9,45.8,2000
214.5,11,35.05,4000
214.5,13,35.23,-3750
214.5,15,44.09,-2750
214.5,18,43.93,250
214.5,21,39.66,250
214.5,22,39.13,1250
214.5,23,35.21,-750
214.5,27,41.71,0
214.5,29,41.01,-3500
215.0,3,37.98,1250
215.0,6,37.22,1000
215.0,9,45.26,2000
215.0,11,35.07,2000
215.0,13,35.11,-1000
215.0,14,37.65,3000
215.0,15,43.8,-2750
215.0,18,42.82,250
215.0,21,39.57,250
215.0,22,39.34,1250
215.0,27,40.1,0
215.0,29,36.62,-3500
215.5,2,35.44,-2000
215.5,3,38.78,1250
215.5,4,35.04,250
215.5,6,39.46,1000
215.5,9,45.82,2000
215.5,15,44.08,-2750
215.5,18,43.8,250
215.5,21,38.06,250
215.5,22,38.49,1250
215.5,27,41.44,0
215.5,29,37.96,-3500
216.0,3,38.05,1250
216.0,6,39.42,1000
216.0,9,44.39,2000
216.0,11,35.02,250
216.0,14,35.67,3000
216.0,15,43.05,-2750
216.0,18,43.47,250
216.0,21,41.04,250
216.0,22,40.44,1250
216.0,23,35.48,250
216.0,27,41.68,0
216.0,29,38.16,-3500
216.5,3,36.46,1250
216.5,6,39.52,1000
216.5,9,45.94,2000
216.5,12,35.29,-1750
216.5,14,39.35,3000
216.5,15,43.81,-2750
216.5,18,42.5,250
216.5,21,38.11,250
216.5,22,40.07,1250
216.5,24,35.11,-4000
216.5,27,36.95,0
217.0,3,35.36,1250
217.0,6,39.11,1000
217.0,9,46.48,2000
217.0,14,35.17,-2000
217.0,15,44.25,-2750
217.0,18,43.73,250
217.0,21,39.45,250
217.0,22,40.85,1250
217.0,27,39.46,0
217.5,3,38.43,1250
217.5,6,35.91,1000
217.5,9,46.42,2000
217.5,15,43.29,-2750
217.5,18,43.29,250
217.5,20,35.02,-5750
217.5,21,40.91,250
217.5,22,41.59,1250
217.5,27,39.33,0
217.5,32,35.25,3000
218.0,3,38.14,1250
218.0,6,41.45,1000
218.0,9,45.34,2000
218.0,15,43.44,-2750
218.0,18,42.74,250
218.0,21,41.07,250
218.0,22,40.67,1250
218.0,25,36.41,5000
218.0,26,35.08,-5750
218.0,27,40.96,0
218.5,3,38.51,1250
218.5,6,37.22,1000
218.5,7,35.02,4250
218.5,9,45.66,2000
218.5,12,35.45,0
218.5,15,43.83,-2750
218.5,18,43.24,250
218.5,21,40.03,250
218.5,22,40.05,1250
218.5,27,40.28,0
218.5,29,37.35,-3500
219.0,3,38.07,1250
219.0,6,36.07,1000
219.0,9,46.02,2000
219.0,14,35.01,3000
219.0,15,43.8,-2750
219.0,18,44.18,250
219.0,21,38.27,250
219.0,22,40.11,1250
219.0,27,40.19,0
219.0,28,35.28,250
219.0,29,38.65,-3500
219.5,3,38.69,1250
219.5,5,35.79,250
219.5,6,39.04,1000
219.5,9,45.47,2000
219.5,14,37.88,3000
219.5,15,42.92,-2750
219.5,18,43.64,250
219.5,21,37.84,250
219.5,22,40.6,1250
219.5,23,35.19,250
219.5,27,41.8,0
219.5,32,35.01,2000
220.0,3,37.31,1250
220.0,6,38.94,1000
220.0,9,46.21,2000
220.0,14,37.11,3000
220.0,15,43.72,-2750
220.0,18,43.35,250
220.0,21,40.04,250
220.0,22,40.28,1250
220.0,27,41.53,0
220.0,28,35.18,4250
220.5,3,38.55,1250
220.5,4,35.13,-4750
220.5,5,35.26,4000
220.5,6,40.8,1000
220.5,8,35.0,-6000
220.5,9,45.86,2000
220.5,15,42.85,-2750
220.5,18,43.06,250
220.5,20,35.29,3250
220.5,21,40.71,250
220.5,22,40.71,1250
220.5,24,35.32,5250
220.5,27,41.17,0
220.5,29,37.74,-3500
221.0,3,38.03,1250
221.0,4,36.48,5250
221.0,6,40.04,1000
221.0,8,35.14,0
221.0,9,45.78,2000
221.0,13,35.48,-1750
221.0,14,39.24,3000
221.0,15,42.85,-2750
221.0,18,44.3,250
221.0,21,40.98,250
221.0,22,40.41,1250
221.0,27,40.79,0
221.0,29,36.41,-3500
221.0,31,35.03,250
221.5,3,38.37,1250
221.5,4,35.08,4000
221.5,6,39.47,1000
221.5,8,35.08,-2000
221.5,9,45.94,2000
221.5,10,35.35,3250
221.5,14,37.57,3000
221.5,15,42.94,-2750
221.5,16,35.21,3250
221.5,18,41.92,250
221.5,21,39.43,250
221.5,22,40.8,1250
221.5,23,35.61,-3750
221.5,27,41.1,0
222.0,3,39.18,1250
222.0,6,37.05,1000
222.0,9,45.47,2000
222.0,15,43.8,-2750
222.0,18,43.92,250
222.0,21,40.84,250
222.0,22,40.52,1250
222.0,26,35.4,2000
222.0,27,42.46,0
222.0,29,35.19,-4750
222.5,3,38.32,1250
222.5,6,37.82,1000
222.5,9,46.37,2000
222.5,14,37.12,3000
222.5,15,42.24,-2750
222.5,18,43.72,250
222.5,21,40.78,250
222.5,22,40.07,1250
222.5,27,39.15,0
223.0,3,38.83,1250
223.0,6,39.51,1000
223.0,9,45.73,2000
223.0,10,35.93,-3500
223.0,15,42.04,-2750
223.0,17,35.04,-2750
223.0,18,43.45,250
223.0,21,41.79,250
223.0,22,42.07,1250
223.0,25,35.07,2250
223.0,27,40.36,0
223.0,29,41.45,-3500
223.0,31,35.04,250
223.5,3,36.43,1250
223.5,6,37.21,1000
223.5,7,35.82,-2500
223.5,9,45.84,2000
223.5,14,38.53,3000
223.5,15,41.38,-2750
223.5,18,44.07,250
223.5,19,35.03,-1000
223.5,21,41.96,250
223.5,22,41.18,1250
223.5,24,35.74,4250
223.5,27,38.84,0
223.5,29,39.55,-3500
224.0,3,37.45,1250
224.0,6,38.3,1000
224.0,9,46.46,2000
224.0,11,35.18,250
224.0,13,35.68,2000
224.0,14,39.27,3000
224.0,15,43.26,-2750
224.0,16,35.04,250
224.0,18,42.6,250
224.0,20,35.01,-2000
224.0,21,39.75,250
224.0,22,41.09,1250
224.0,27,39.92,0
224.5,1,35.56,-3000
224.5,3,37.96,1250
224.5,6,37.22,1000
224.5,7,35.21,1000
224.5,9,46.65,2000
224.5,14,37.4,3250
224.5,15,42.03,-2750
224.5,18,43.12,250
224.5,21,41.0,250
224.5,22,39.26,1250
224.5,24,35.23,5000
224.5,27,41.48,0
225.0,6,39.27,1000
225.0,9,46.34,2000
225.0,14,35.39,2000
225.0,15,43.55,-2750
225.0,18,42.23,250
225.0,21,42.1,250
225.0,22,39.51,1250
225.0,27,40.55,0
225.0,29,35.54,-4000
225.5,3,36.15,1250
225.5,6,36.25,1000
225.5,9,45.46,2000
225.5,12,35.65,-3750
225.5,14,35.31,-4750
225.5,15,42.98,-2750
225.5,18,42.26,250
225.5,21,42.27,250
225.5,22,41.15,1500
225.5,27,41.66,0
226.0,3,37.14,1250
226.0,6,37.1,1000
226.0,9,45.48,2000
226.0,14,38.46,3250
226.0,15,42.15,-2750
226.0,18,43.77,250
226.0,21,41.04,250
226.0,22,42.41,1500
226.0,26,35.57,3000
226.0,27,41.14,0
226.5,3,37.52,1250
226.5,6,35.55,1000
226.5,9,45.59,2000
226.5,14,37.57,3250
226.5,15,41.82,-2750
226.5,18,43.0,250
226.5,21,42.92,250
226.5,22,41.63,1250
226.5,27,39.66,0
227.0,3,36.92,1250
227.0,6,37.27,1000
227.0,8,35.45,2250
227.0,9,46.15,2000
227.0,14,37.73,3000
227.0,15,41.77,-2750
227.0,18,43.26,250
227.0,19,35.21,2000
227.0,21,43.22,250
227.0,22,42.2,1500
227.0,25,35.61,4750
227.0,27,42.08,0
227.0,28,35.07,5000
227.5,3,35.01,1250
227.5,5,35.79,3250
227.5,9,45.93,2000
227.5,15,41.63,-2750
227.5,18,43.07,250
227.5,21,43.01,250
227.5,22,41.12,1250
227.5,27,40.97,0
227.5,28,35.14,-750
227.5,29,40.68,-3500
228.0,3,37.74,1250
228.0,6,35.06,1000
228.0,9,45.96,2000
228.0,11,35.25,-3750
228.0,14,38.21,3000
228.0,15,42.0,-2750
228.0,18,43.53,250
228.0,19,35.35,-4750
228.0,21,42.05,250
228.0,22,42.27,1500
228.0,23,35.27,-4750
228.0,27,39.61,0
228.0,29,39.06,-3500
228.0,31,35.56,2250
228.5,1,35.92,-5500
228.5,3,35.6,1250
228.5,6,36.76,1000
228.5,8,35.47,-3500
228.5,9,45.71,2000
228.5,14,36.5,3250
228.5,15,41.61,-2750
228.5,16,35.17,-1500
228.5,18,42.5,250
228.5,21,42.49,250
228.5,22,41.44,1250
228.5,25,35.02,-6000
228.5,27,39.23,0
228.5,29,40.1,-3500
229.0,3,37.91,1250
229.0,6,35.42,1000
229.0,8,35.17,-6000
229.0,9,45.18,2000
229.0,14,36.82,3250
229.0,15,41.9,-2750
229.0,18,42.7,250
229.0,21,42.1,250
229.0,22,39.88,1250
229.0,27,41.49,0
229.0,29,40.16,-3500
229.5,3,35.78,1250
229.5,5,35.37,3000
229.5,6,35.84,1000
229.5,9,44.61,2000
229.5,14,36.95,3000
229.5,15,40.67,-2750
229.5,18,43.9,250
229.5,20,35.15,1000
229.5,21,42.3,250
229.5,22,40.77,1250
229.5,27,41.82,0
229.5,28,35.77,0
229.5,29,38.46,-3500
229.5,30,35.27,4000
230.0,3,36.95,1250
230.0,6,37.25,1000
230.0,9,45.28,2000
230.0,12,35.19,2250
230.0,14,35.88,3250
230.0,15,42.49,-2750
230.0,18,43.15,250
230.0,19,35.25,-1750
230.0,20,36.03,2000
230.0,21,43.02,250
230.0,22,41.45,1500
230.0,27,39.76,0
230.0,29,39.31,-3500
230.5,6,36.24,1000
230.5,9,46.39,2000
230.5,14,36.14,3000
230.5,15,41.53,-2750
230.5,18,43.08,250
230.5,20,35.18,3500
230.5,21,41.81,250
230.5,22,42.41,1500
230.5,24,35.06,4500
230.5,27,41.08,0
230.5,29,40.4,-3500
231.0,3,35.6,1250
231.0,9,45.88,2000
231.0,14,35.43,3000
231.0,15,42.07,-2750
231.0,18,43.21,250
231.0,21,42.09,250
231.0,22,41.12,1500
231.0,27,40.88,0
231.0,29,42.24,-3500
231.5,4,35.53,-1000
231.5,6,36.11,1000
231.5,9,45.5,2000
231.5,11,35.42,1000
231.5,14,36.62,3250
231.5,15,42.39,-2750
231.5,18,41.89,250
231.5,21,42.65,250
231.5,22,41.48,1250
231.5,23,35.59,3750
231.5,24,35.42,-5750
231.5,27,40.62,0
231.5,29,39.58,-3500
232.0,1,36.24,250
232.0,2,35.63,-750
232.0,3,37.68,1250
232.0,9,46.73,2000
232.0,10,35.7,3250
232.0,14,35.3,3000
232.0,15,41.9,-2750
232.0,18,43.16,250
232.0,21,41.5,250
232.0,22,41.75,1500
232.0,25,35.19,-1500
232.0,27,41.72,0
232.0,28,35.99,-3750
232.0,29,39.04,-3500
232.0,32,35.49,1250
232.5,3,37.77,1250
232.5,6,35.19,-6000
232.5,9,46.16,2000
232.5,15,42.27,-2750
232.5,18,42.84,250
232.5,21,43.18,250
232.5,22,42.26,1500
232.5,27,41.29,0
232.5,29,36.59,-3500
233.0,1,35.54,500
233.0,3,35.1,1250
233.0,6,35.29,1000
233.0,9,45.81,2000
233.0,14,36.21,3250
233.0,15,41.78,-2750
233.0,18,43.61,250
233.0,19,35.9,-2500
233.0,20,35.17,1000
233.0,21,43.09,250
233.0,22,42.15,1500
233.0,24,35.12,5250
233.0,25,35.22,0
233.0,27,40.95,0
233.0,28,35.14,4250
233.5,3,36.48,1250
233.5,9,45.13,2000
233.5,12,35.56,250
233.5,13,35.06,250
233.5,14,41.29,3000
233.5,15,38.83,-2750
233.5,18,42.88,250
233.5,21,42.41,250
233.5,22,41.74,1250
233.5,27,42.34,0
233.5,29,38.23,-3500
233.5,30,35.09,-3000
234.0,3,36.12,4250
234.0,7,35.21,1250
234.0,8,35.62,-3750
234.0,9,44.86,2000
234.0,11,35.02,-750
234.0,14,37.21,3000
234.0,15,41.88,-2750
234.0,18,43.83,250
234.0,21,41.73,250
234.0,22,41.9,1500
234.0,27,42.41,0
234.5,2,35.59,5000
234.5,3,37.47,1250
234.5,6,35.85,1000
234.5,7,35.53,-1750
234.5,9,44.84,2000
234.5,10,35.18,5500
234.5,14,40.37,3000
234.5,15,42.14,-2750
234.5,16,35.36,1250
234.5,18,43.18,250
234.5,21,41.99,250
234.5,22,41.89,1500
234.5,23,35.12,-4000
234.5,27,42.22,0
234.5,29,37.38,-3500
235.0,3,36.94,1250
235.0,9,45.24,2000
235.0,12,35.79,-2750
235.0,14,40.22,3000
235.0,15,40.5,-2750
235.0,18,43.1,250
235.0,21,41.9,250
235.0,22,41.64,1500
235.0,27,41.23,0
235.0,29,37.12,-3500
235.0,32,35.24,5250
235.5,3,37.89,1250
235.5,6,37.74,1000
235.5,9,45.61,2000
235.5,14,39.16,3000
235.5,15,42.35,-2750
235.5,18,42.94,250
235.5,21,42.67,250
235.5,22,42.22,1500
235.5,27,42.16,0
235.5,29,35.56,-3500
236.0,3,39.02,1250
236.0,9,45.94,2000
236.0,11,35.33,-5750
236.0,14,37.95,3000
236.0,15,41.76,-2750
236.0,18,43.27,250
236.0,20,35.18,-4750
236.0,21,43.06,250
236.0,22,40.73,1500
236.0,27,42.31,0
236.5,6,36.48,1000
236.5,9,45.28,2000
236.5,14,38.2,3000
236.5,15,42.67,-2750
236.5,18,43.93,250
236.5,19,35.36,2000
236.5,21,43.08,250
236.5,22,40.79,1500
236.5,26,35.98,-6000
236.5,27,42.05,0
237.0,3,39.33,1250
237.0,5,35.0,-1750
237.0,8,35.71,250
237.0,9,45.89,2000
237.0,14,35.28,-4750
237.0,15,42.15,-2750
237.0,18,43.82,250
237.0,21,42.87,250
237.0,22,43.33,1500
237.0,27,41.87,0
237.5,2,35.35,2000
237.5,3,38.18,1250
237.5,6,36.2,1000
237.5,9,45.44,2000
237.5,15,41.63,-2750
237.5,18,43.7,250
237.5,21,42.61,250
237.5,22,42.82,1500
237.5,24,35.43,-750
237.5,27,41.67,0
237.5,28,35.81,4000
237.5,29,37.98,-3500
238.0,3,36.76,1250
238.0,7,35.12,-1000
238.0,9,46.09,2000
238.0,15,43.55,-2750
238.0,17,35.18,4250
238.0,18,43.64,250
238.0,21,40.73,250
238.0,22,42.33,1500
238.0,26,35.03,-4500
238.0,27,41.69,0
238.5,2,35.04,500
238.5,3,35.81,1250
238.5,4,35.19,5250
238.5,5,35.83,-5000
238.5,8,35.05,2000
238.5,9,46.3,2000
238.5,12,36.3,-3250
238.5,14,35.08,-4750
238.5,15,42.33,-2750
238.5,18,43.0,250
238.5,21,42.74,250
238.5,22,43.41,1500
238.5,24,35.07,2000
238.5,27,41.68,0
238.5,31,35.09,-1750
239.0,3,36.81,1250
239.0,9,46.22,2000
239.0,11,35.15,-4750
239.0,15,43.12,-2750
239.0,16,35.11,2250
239.0,18,43.25,250
239.0,21,42.91,250
239.0,22,42.3,1500
239.0,27,41.04,0
239.5,3,35.4,1250
239.5,6,35.27,1000
239.5,7,35.32,-1000
239.5,9,45.09,2000
239.5,13,36.45,-3750
239.5,14,40.46,3000
239.5,15,42.42,-2750
239.5,18,43.27,250
239.5,20,35.21,5250
239.5,21,43.04,250
239.5,22,42.67,1500
239.5,27,41.09,0
239.5,29,37.2,-3500
240.0,1,35.45,4250
240.0,6,37.61,1000
240.0,9,46.16,2000
240.0,11,35.34,-750
240.0,14,35.43,3000
240.0,15,43.71,-2750
240.0,18,42.7,250
240.0,19,35.35,4250
240.0,21,39.93,250
240.0,22,41.2,1500
240.0,27,41.47,0
240.0,30,35.88,1000
240.0,32,35.23,-3750
240.5,4,35.03,2000
240.5,6,36.59,1000
240.5,9,45.07,2000
240.5,14,35.85,3250
240.5,15,42.04,-2750
240.5,18,43.22,250
240.5,21,42.08,250
240.5,22,41.57,1500
240.5,27,41.72,0
240.5,28,36.09,2000
241.0,3,35.4,1250
241.0,5,35.4,1000
241.0,6,35.46,1000
241.0,9,46.26,2000
241.0,15,43.86,-2750
241.0,17,35.76,-2750
241.0,18,42.44,250
241.0,21,41.96,250
241.0,22,40.19,1500
241.0,27,41.32,0
241.0,28,35.66,1000
241.5,9,46.09,2000
241.5,10,35.01,250
241.5,15,42.08,-2750
241.5,18,43.26,250
241.5,21,43.12,250
241.5,22,41.61,1500
241.5,27,41.02,0
241.5,28,35.95,0
241.5,29,40.9,-3500
241.5,31,35.26,-750
242.0,6,37.45,1000
242.0,7,35.16,-5750
242.0,9,45.52,2000
242.0,15,44.1,-2750
242.0,18,42.86,250
242.0,21,42.68,250
242.0,26,35.59,-1000
242.0,27,41.54,0
242.5,8,35.11,-2750
242.5,9,46.06,2000
242.5,14,35.21,3250
242.5,15,42.31,-2750
242.5,18,42.96,250
242.5,21,43.71,250
242.5,22,41.57,1500
242.5,25,35.28,5250
242.5,27,41.37,0
242.5,28,35.31,5250
243.0,3,37.62,1250
243.0,9,44.89,2000
243.0,15,43.22,-2750
243.0,18,43.69,250
243.0,21,41.34,250
243.0,22,43.06,1500
243.0,25,35.23,5000
243.0,27,41.83,0
243.0,29,35.03,-2750
243.5,3,37.09,1250
243.5,6,35.95,1000
243.5,9,44.78,2000
243.5,13,35.12,-5750
243.5,15,42.69,-2750
243.5,16,35.12,-750
243.5,17,35.28,1250
243.5,18,43.28,250
243.5,21,41.68,250
243.5,22,41.43,1500
243.5,27,42.72,0
243.5,29,35.25,5250
244.0,3,35.2,-6000
244.0,8,35.19,-2000
244.0,9,45.73,2000
244.0,15,42.44,-2750
244.0,18,42.77,250
244.0,21,42.86,250
244.0,22,42.11,1500
244.0,27,41.02,0
244.5,3,38.25,1250
244.5,5,35.12,1000
244.5,9,45.0,2000
244.5,15,42.9,-2750
244.5,17,35.26,-5000
244.5,18,43.43,250
244.5,19,35.31,-4750
244.5,21,41.43,250
244.5,22,41.04,1500
244.5,26,35.05,4250
244.5,27,40.81,0
245.0,3,38.26,1250
245.0,6,35.36,1000
245.0,9,45.62,2000
245.0,14,39.24,3000
245.0,15,41.42,-2750
245.0,18,43.03,250
245.0,21,42.17,250
245.0,22,40.3,1500
245.0,27,42.19,0
245.0,29,35.04,-3750
245.5,7,35.42,-5000
245.5,9,45.74,2000
245.5,15,42.47,-2750
245.5,18,44.28,250
245.5,21,41.8,250
245.5,22,41.9,1500
245.5,25,35.05,-3750
245.5,27,41.03,0
246.0,3,35.22,1250
246.0,4,35.04,-3750
246.0,6,36.64,1000
246.0,9,44.3,2000
246.0,14,37.19,3000
246.0,15,43.46,-2750
246.0,17,35.47,5250
246.0,18,42.76,250
246.0,21,41.69,250
246.0,22,41.36,1500
246.0,26,35.15,-3000
246.0,27,41.46,0
246.0,31,35.5,-2000
246.5,3,35.33,1250
246.5,6,38.46,1000
246.5,7,36.1,-5500
246.5,9,45.96,2000
246.5,11,35.17,1250
246.5,14,36.39,3000
246.5,15,42.16,-2750
246.5,18,44.0,250
246.5,21,41.7,250
246.5,22,42.0,1500
246.5,27,40.57,0
246.5,30,35.26,3250
247.0,2,36.16,5500
247.0,6,36.86,1000
247.0,7,35.19,-3750
247.0,9,45.38,2000
247.0,15,42.29,-2750
247.0,16,35.02,-1000
247.0,18,43.7,250
247.0,19,35.91,-3750
247.0,21,40.2,250
247.0,22,42.26,1500
247.0,27,40.61,0
247.5,6,36.25,1000
247.5,9,44.56,2000
247.5,11,35.87,-4750
247.5,15,41.54,-2750
247.5,18,43.02,250
247.5,21,42.13,250
247.5,22,42.61,1500
247.5,27,39.97,0
248.0,3,35.66,1250
248.0,6,37.69,1000
248.0,9,43.87,2000
248.0,12,35.28,3250
248.0,14,36.88,3000
248.0,15,42.42,-2750
248.0,18,42.9,250
248.0,19,35.84,-500
248.0,21,42.39,250
248.0,22,41.55,1500
248.0,25,35.84,4250
248.0,27,41.44,0
248.0,29,35.56,-3500
248.5,3,37.32,1250
248.5,6,39.11,1000
248.5,9,45.12,2000
248.5,15,43.25,-2750
248.5,18,42.53,250
248.5,21,42.21,250
248.5,22,41.38,1500
248.5,27,40.2,0
248.5,30,35.05,-1750
249.0,1,35.52,2000
249.0,3,35.88,1250
249.0,5,35.53,5250
249.0,6,36.21,1000
249.0,9,45.47,2000
249.0,15,42.43,-2750
249.0,18,43.16,250
249.0,21,40.22,250
249.0,22,41.22,1500
249.0,26,36.42,2750
249.0,27,40.41,0
249.0,28,35.44,-6000
249.0,32,35.35,5500
249.5,3,37.02,1250
249.5,6,39.31,1000
249.5,9,44.58,2000
249.5,14,37.42,3000
249.5,15,44.05,-2750
249.5,17,35.7,-5000
249.5,18,43.63,250
249.5,21,40.71,250
249.5,22,41.4,1500
249.5,24,35.14,3250
249.5,25,35.14,5250
249.5,27,39.89,0
249.5,28,35.8,-4000
249.5,32,35.23,5250
250.0,3,37.24,1250
250.0,6,37.14,1000
250.0,9,44.99,2000
250.0,15,42.54,-2750
250.0,18,43.74,250
250.0,21,42.32,250
250.0,22,41.55,1500
250.0,27,38.62,0
250.0,28,35.33,2000
250.0,30,35.21,-6000
250.0,31,35.79,-2000
250.5,3,40.32,1250
250.5,6,36.84,1000
250.5,9,45.72,2000
250.5,15,42.94,-2750
250.5,17,35.34,3000
250.5,18,43.17,250
250.5,21,39.47,250
250.5,22,40.82,1500
250.5,27,37.19,0
250.5,32,36.34,250
251.0,3,38.69,1250
251.0,6,37.26,1000
251.0,9,44.42,2000
251.0,12,35.19,3000
251.0,15,42.85,-2750
251.0,18,43.22,250
251.0,21,40.04,250
251.0,22,42.95,1500
251.0,27,40.03,0
251.5,6,36.26,1000
251.5,9,45.51,2000
251.5,10,35.11,250
251.5,15,43.43,-2750
251.5,16,35.03,-750
251.5,18,43.62,250
251.5,21,41.53,250
251.5,22,42.64,1500
251.5,24,35.71,-5750
251.5,26,35.04,4500
251.5,27,38.49,0
252.0,3,35.35,1250
252.0,6,39.28,1000
252.0,9,45.65,2000
252.0,15,42.69,-2750
252.0,18,43.1,250
252.0,21,40.85,250
252.0,22,43.57,1500
252.0,24,35.07,-2750
252.0,27,38.96,0
252.5,2,35.27,-4750
252.5,3,35.43,1250
252.5,6,40.53,1000
252.5,9,45.27,2000
252.5,15,43.14,-2750
252.5,16,35.3,-4000
252.5,17,35.26,-4000
252.5,18,43.5,250
252.5,21,42.25,250
252.5,22,42.09,1500
252.5,27,39.39,0
253.0,6,36.17,1000
253.0,9,44.64,2000
253.0,14,35.16,3000
253.0,15,43.11,-2750
253.0,18,43.84,250
253.0,21,40.74,250
253.0,22,42.61,1500
253.0,23,35.1,-750
253.0,27,38.16,0
253.0,28,35.24,-1500
253.0,29,36.17,-3500
253.5,3,35.47,1250
253.5,6,35.93,1000
253.5,7,35.81,-2750
253.5,9,45.09,2000
253.5,15,43.39,-2750
253.5,16,35.17,-3750
253.5,18,43.2,250
253.5,21,42.35,250
253.5,22,42.55,1500
253.5,27,40.66,0
254.0,3,36.38,1250
254.0,6,39.42,1000
254.0,7,35.91,-1250
254.0,9,45.33,2000
254.0,11,35.97,1500
254.0,15,43.19,-2750
254.0,16,36.32,-5750
254.0,18,43.13,250
254.0,21,41.34,250
254.0,22,41.38,1500
254.0,23,35.28,3000
254.0,27,38.53,0
254.5,3,36.84,1250
254.5,6,36.76,1000
254.5,9,43.83,2000
254.5,15,43.24,-2750
254.5,17,35.18,-5750
254.5,18,44.16,250
254.5,21,41.45,250
254.5,22,42.25,1500
254.5,27,39.15,0
254.5,29,35.06,1250
254.5,32,35.33,-750
255.0,3,37.28,1250
255.0,6,37.31,1000
255.0,7,35.48,-4000
255.0,9,45.58,2000
255.0,15,43.34,-2750
255.0,18,43.24,250
255.0,21,40.91,250
255.0,22,41.89,1500
255.0,23,35.19,-1500
255.0,27,38.99,0
255.5,3,37.1,1250
255.5,6,38.55,1000
255.5,9,44.9,2000
255.5,15,43.61,-2750
255.5,18,43.29,250
255.5,21,40.59,250
255.5,22,42.87,1500
255.5,27,38.59,0
255.5,32,35.13,0
256.0,3,38.36,1250
256.0,6,38.6,1000
256.0,9,44.33,2000
256.0,15,42.64,-2750
256.0,18,44.66,250
256.0,21,41.11,250
256.0,22,42.41,1500
256.0,24,35.45,2000
256.0,27,37.61,0
256.5,3,37.18,1250
256.5,6,35.47,1000
256.5,9,45.3,2000
256.5,15,43.42,-2750
256.5,18,42.89,250
256.5,21,40.42,250
256.5,22,43.35,1500
256.5,24,35.15,2250
256.5,27,39.26,0
257.0,3,39.67,1250
257.0,6,36.27,1000
257.0,9,44.57,2000
257.0,11,35.26,1250
257.0,15,42.38,-2750
257.0,18,43.37,250
257.0,20,35.56,-2750
257.0,21,42.89,250
257.0,22,43.2,1500
257.0,25,35.5,1250
257.0,27,37.92,0
257.0,31,35.92,1750
257.5,3,37.73,1250
257.5,6,37.33,1000
257.5,9,44.16,2000
257.5,15,44.29,-2750
257.5,18,43.86,250
257.5,21,41.21,250
257.5,22,41.19,1500
257.5,27,38.51,0
257.5,32,35.44,4000
258.0,3,37.06,1250
258.0,6,36.05,1000
258.0,9,43.53,2000
258.0,15,42.11,-2750
258.0,18,43.52,250
258.0,21,39.56,250
258.0,22,42.2,1500
258.0,27,38.33,0
258.5,3,37.16,1250
258.5,6,36.95,1000
258.5,9,44.57,2000
258.5,13,35.02,4250
258.5,15,43.17,-2750
258.5,18,43.59,250
258.5,21,40.39,250
258.5,22,41.69,1500
258.5,27,36.65,0
258.5,29,35.47,250
259.0,3,37.91,1250
259.0,6,37.06,1000
259.0,9,43.97,2000
259.0,15,43.56,-2750
259.0,18,42.79,250
259.0,21,41.46,250
259.0,22,42.04,1500
259.0,27,38.43,-250
259.0,32,35.65,1250
259.5,1,35.27,250
259.5,3,37.88,1250
259.5,5,35.62,5250
259.5,6,37.85,1000
259.5,8,35.22,-1750
259.5,9,44.42,2000
259.5,15,42.34,-2750
259.5,18,43.32,250
259.5,20,35.04,3250
259.5,21,40.5,250
259.5,22,43.69,1500
259.5,27,38.5,-250
259.5,32,35.07,5000
260.0,6,37.98,1000
260.0,9,44.34,2000
260.0,15,44.34,-2750
260.0,18,43.61,250
260.0,21,41.02,250
260.0,22,41.94,1500
260.0,27,37.0,0
260.5,3,36.91,1250
260.5,6,36.62,1000
260.5,9,43.75,2000
260.5,10,35.22,4000
260.5,15,43.71,-2750
260.5,18,44.7,250
260.5,21,39.62,250
260.5,22,42.01,1500
260.5,27,36.61,0
261.0,3,37.85,1250
261.0,6,36.22,1000
261.0,9,44.45,2000
261.0,15,41.93,-2750
261.0,18,44.47,250
261.0,20,36.41,4750
261.0,21,40.21,250
261.0,22,41.91,1500
261.0,27,39.67,0
261.5,3,36.77,1250
261.5,6,37.46,1000
261.5,9,42.8,2000
261.5,15,43.33,-2750
261.5,16,35.16,-5750
261.5,18,43.74,250
261.5,21,41.29,250
261.5,22,42.76,1500
261.5,27,37.99,-250
262.0,3,36.94,1250
262.0,6,38.06,1000
262.0,9,43.95,2000
262.0,15,44.75,-2750
262.0,18,43.08,250
262.0,21,40.63,250
262.0,22,42.47,1500
262.0,27,37.26,-250
262.5,3,36.65,1250
262.5,6,38.38,1000
262.5,8,35.71,-3750
262.5,9,43.52,2000
262.5,11,35.14,-3750
262.5,15,43.42,-2750
262.5,18,43.3,250
262.5,21,40.57,250
262.5,22,41.86,1500
262.5,26,35.5,4250
262.5,27,38.85,-250
262.5,30,35.63,-2750
263.0,3,36.11,1250
263.0,4,35.45,-1750
263.0,6,38.81,1000
263.0,9,43.49,2000
263.0,15,43.15,-2750
263.0,18,43.8,250
263.0,21,39.76,250
263.0,22,41.61,1500
263.0,27,36.76,0
263.5,3,35.95,1250
263.5,6,39.9,1000
263.5,9,44.55,2000
263.5,15,42.93,-2750
263.5,18,44.59,250
263.5,19,35.31,4250
263.5,21,41.51,250
263.5,22,43.06,1500
263.5,27,36.81,0
264.0,3,36.52,1250
264.0,6,38.57,1000
264.0,9,43.09,2000
264.0,15,43.86,-2750
264.0,18,44.21,250
264.0,19,35.36,3250
264.0,21,39.17,250
264.0,22,42.41,1500
264.0,25,35.8,4250
264.0,27,38.98,-250
264.0,31,35.44,-3750
264.5,3,38.1,1250
264.5,6,38.88,1000
264.5,9,43.59,2000
264.5,14,35.02,-4000
264.5,15,42.42,-2750
264.5,18,42.89,250
264.5,21,41.27,250
264.5,22,43.22,1500
264.5,27,39.39,-250
265.0,2,36.22,-1500
265.0,3,38.41,1250
265.0,6,38.78,1000
265.0,9,42.86,2000
265.0,12,35.52,250
265.0,15,43.61,-2750
265.0,16,35.28,0
265.0,18,44.76,250
265.0,21,40.9,250
265.0,22,42.26,1500
265.0,26,35.35,-2000
265.0,27,38.95,-250
265.5,2,35.57,5250
265.5,3,35.51,1250
265.5,6,36.47,1000
265.5,9,44.53,2000
265.5,11,35.16,4250
265.5,14,36.54,3000
265.5,15,44.19,-2750
265.5,18,44.16,250
265.5,21,40.12,250
265.5,22,42.6,1500
265.5,27,37.45,-250
265.5,29,35.31,5250
266.0,3,35.34,1250
266.0,6,36.32,1000
266.0,9,44.25,2000
266.0,10,35.11,-500
266.0,14,35.6,3000
266.0,15,42.4,-2750
266.0,18,43.44,250
266.0,21,40.71,250
266.0,22,42.75,1500
266.0,27,37.9,-250
266.0,29,36.05,2500
266.0,30,35.27,-5750
266.5,2,35.42,4750
266.5,3,36.61,1250
266.5,4,35.11,2500
266.5,6,37.2,1000
266.5,9,43.34,2000
266.5,15,42.9,-2750
266.5,18,44.28,250
266.5,21,40.91,250
266.5,22,43.81,1500
266.5,23,35.23,-3000
266.5,24,35.07,0
266.5,25,35.68,-5500
266.5,27,36.44,-250
266.5,28,35.67,-3750
266.5,30,35.43,4250
267.0,3,36.0,1250
267.0,5,35.36,250
267.0,6,39.94,1000
267.0,9,42.77,2000
267.0,13,35.39,250
267.0,15,42.89,-2750
267.0,16,35.01,-4750
267.0,18,43.89,250
267.0,20,35.42,1250
267.0,21,42.02,250
267.0,22,42.65,1500
267.0,27,38.53,-250
267.5,3,41.08,1250
267.5,6,37.46,1000
267.5,9,43.05,2000
267.5,14,36.86,3000
267.5,15,41.33,-2750
267.5,18,43.25,250
267.5,21,40.41,250
267.5,22,43.46,1500
267.5,27,37.2,0
267.5,30,35.2,-750
268.0,3,36.8,1250
268.0,6,35.1,-1750
268.0,9,43.87,2000
268.0,14,35.17,3000
268.0,15,43.15,-2750
268.0,18,43.78,250
268.0,21,41.75,250
268.0,22,42.89,1500
268.0,24,35.52,-2000
268.0,27,39.0,-250
268.0,31,35.34,-1750
268.5,3,35.38,1250
268.5,6,37.87,1000
268.5,9,43.11,2000
268.5,15,43.74,-2750
268.5,18,43.46,250
268.5,19,35.0,-750
268.5,21,39.02,250
268.5,22,43.22,1500
268.5,25,35.88,2750
268.5,27,37.36,-250
269.0,3,36.11,1250
269.0,6,37.62,1000
269.0,7,35.02,-6000
269.0,9,42.19,2000
269.0,14,35.26,-5250
269.0,15,44.15,-2750
269.0,18,43.28,250
269.0,21,40.45,250
269.0,22,44.22,1500
269.0,24,35.49,3500
269.0,25,35.85,2000
269.0,27,38.17,-250
269.5,6,39.22,1000
269.5,7,35.72,1750
269.5,9,42.79,2000
269.5,15,44.99,-2750
269.5,18,43.38,250
269.5,21,38.33,250
269.5,22,43.74,1500
269.5,27,38.22,-250
270.0,3,36.91,1250
270.0,6,39.33,1000
270.0,9,42.87,2000
270.0,14,36.69,3000
270.0,15,44.13,-2750
270.0,18,43.07,250
270.0,21,39.12,250
270.0,22,43.38,1500
270.5,6,37.26,1000
270.5,9,43.09,2000
270.5,13,35.51,4000
270.5,15,44.04,-2750
270.5,17,35.05,250
270.5,18,43.13,250
270.5,21,40.63,250
270.5,22,43.35,1500
270.5,27,39.17,-250
270.5,29,35.14,3250
271.0,4,36.24,-4000
271.0,6,37.91,1000
271.0,9,42.28,2000
271.0,15,44.1,-2750
271.0,18,43.51,250
271.0,21,39.54,250
271.0,22,43.94,1500
271.0,24,35.03,3750
271.0,27,37.09,-250
271.5,6,38.96,1000
271.5,9,41.96,2000
271.5,11,35.58,-2750
271.5,15,44.93,-2750
271.5,18,43.24,250
271.5,21,41.35,250
271.5,22,43.02,1500
271.5,27,37.64,-250
271.5,28,35.03,1250
272.0,3,35.68,1250
272.0,6,40.16,1000
272.0,9,42.81,2000
272.0,14,36.68,3000
272.0,15,43.96,-2750
272.0,18,43.64,250
272.0,21,40.33,250
272.0,22,44.04,1500
272.0,24,35.06,-2750
272.0,27,38.82,-250
272.0,30,35.94,5000
272.5,6,37.4,1000
272.5,9,42.85,2000
272.5,15,43.78,-2750
272.5,18,43.61,250
272.5,21,39.78,250
272.5,22,43.18,1500
272.5,27,36.26,0
273.0,3,39.09,1250
273.0,4,35.74,2250
273.0,6,36.08,1000
273.0,9,43.33,2000
273.0,15,44.24,-2750
273.0,18,44.03,250
273.0,21,38.42,250
273.0,22,41.95,1500
273.0,23,35.15,4250
273.0,27,38.22,-250
273.0,32,35.81,750
273.5,2,35.56,-5750
273.5,4,35.24,250
273.5,6,38.21,1000
273.5,9,42.45,2000
273.5,11,35.59,5000
273.5,14,37.84,3000
273.5,15,44.21,-2750
273.5,18,44.01,250
273.5,21,39.98,250
273.5,22,42.61,1500
273.5,27,39.03,-250
273.5,28,35.44,500
274.0,3,36.74,1250
274.0,6,36.82,1000
274.0,9,42.84,2000
274.0,15,43.84,-2750
274.0,18,43.93,250
274.0,20,35.73,250
274.0,21,41.26,250
274.0,22,44.13,1500
274.0,23,36.14,-3000
274.0,27,39.15,-250
274.5,6,37.12,1000
274.5,9,42.9,2000
274.5,14,35.84,3000
274.5,15,43.33,-2750
274.5,18,43.9,250
274.5,21,39.11,250
274.5,22,43.41,1500
274.5,27,37.75,-250
274.5,29,37.0,-3500
275.0,6,37.27,1000
275.0,9,44.09,2000
275.0,11,35.27,500
275.0,15,44.44,-2750
275.0,18,42.89,250
275.0,21,39.05,250
275.0,22,42.84,1500
275.0,27,38.6,-250
275.5,4,35.25,-3000
275.5,6,36.77,1000
275.5,9,43.64,2000
275.5,10,35.01,-1500
275.5,14,35.91,3000
275.5,15,43.71,-2750
275.5,18,42.57,250
275.5,19,35.77,250
275.5,21,38.38,250
275.5,22,42.66,1500
275.5,23,35.86,2000
275.5,24,35.11,750
275.5,25,35.47,2000
275.5,27,35.86,0
276.0,5,35.03,-4750
276.0,6,36.81,1250
276.0,9,43.12,2000
276.0,13,35.08,2000
276.0,15,43.55,-2750
276.0,18,43.94,250
276.0,21,41.98,250
276.0,22,43.23,1500
276.0,23,35.06,-5500
276.0,27,37.32,-250
276.0,28,35.2,-1000
276.0,29,36.85,-3500
276.0,32,35.58,-2000
276.5,3,36.89,1250
276.5,5,35.06,4750
276.5,6,37.6,1000
276.5,9,42.64,2000
276.5,14,35.82,250
276.5,15,42.7,-2750
276.5,18,42.28,250
276.5,21,39.79,250
276.5,22,43.96,1500
276.5,27,37.8,-250
277.0,2,35.39,5000
277.0,3,37.59,1250
277.0,6,36.74,1000
277.0,9,43.37,2000
277.0,14,35.5,3000
277.0,15,43.39,-2750
277.0,18,43.68,250
277.0,21,40.19,250
277.0,22,43.09,1500
277.0,27,36.8,0
277.5,6,40.5,1000
277.5,9,42.97,2000
277.5,15,42.53,-2750
277.5,18,43.87,250
277.5,21,40.12,250
277.5,22,43.6,1500
277.5,27,37.71,-250
278.0,3,35.84,1250
278.0,5,35.48,-250
278.0,6,38.9,1000
278.0,7,35.47,3250
278.0,9,44.18,2000
278.0,15,41.69,-2750
278.0,18,43.01,250
278.0,21,39.92,250
278.0,22,42.95,1500
278.0,27,39.52,-250
278.0,30,35.1,5250
278.5,3,37.91,1250
278.5,6,39.58,1000
278.5,9,43.45,2000
278.5,13,35.02,-5750
278.5,15,43.95,-2750
278.5,18,43.84,250
278.5,21,41.09,250
278.5,22,41.85,1500
278.5,27,38.95,-250
279.0,3,35.34,1250
279.0,6,37.66,1000
279.0,9,43.83,2000
279.0,14,35.65,3000
279.0,15,41.95,-2750
279.0,18,42.9,250
279.0,19,35.01,5000
279.0,21,41.01,250
279.0,22,43.74,1500
279.0,27,36.75,-250
279.0,30,35.34,-3750
279.0,32,36.04,1000
279.5,3,35.74,1250
279.5,6,35.57,4000
279.5,9,43.14,2000
279.5,14,39.57,3000
279.5,15,42.92,-2750
279.5,18,43.34,250
279.5,21,41.11,250
279.5,22,42.75,1500
279.5,27,39.61,-250
280.0,2,36.59,5000
280.0,3,36.2,1250
280.0,6,38.82,1000
280.0,8,35.15,-5750
280.0,9,43.75,2000
280.0,15,43.07,-2750
280.0,18,44.35,250
280.0,21,40.13,250
280.0,22,43.3,1500
280.0,27,39.34,-250
280.0,28,35.34,-3000
280.0,31,36.08,-3000
280.5,3,37.88,1250
280.5,5,35.15,0
280.5,6,36.51,1000
280.5,9,43.74,2000
280.5,14,39.84,3000
280.5,15,42.99,-2750
280.5,16,35.25,250
280.5,17,36.02,2000
280.5,18,42.56,250
280.5,20,35.13,-5750
280.5,21,39.98,250
280.5,22,42.28,1500
280.5,27,36.52,0
281.0,3,37.03,1250
281.0,5,35.16,-5750
281.0,6,36.73,1000
281.0,9,44.18,2000
281.0,12,35.06,3250
281.0,15,43.45,-2750
281.0,18,43.65,250
281.0,21,40.28,250
281.0,22,43.4,1500
281.0,25,35.03,250
281.0,26,35.66,-1750
281.0,27,35.99,-250
281.5,3,35.22,1250
281.5,4,35.82,2000
281.5,6,37.27,1000
281.5,9,42.57,2000
281.5,14,37.37,3000
281.5,15,43.54,-2750
281.5,18,43.87,250
281.5,21,40.32,250
281.5,22,43.28,1500
281.5,27,36.22,0
282.0,3,36.87,1250
282.0,6,36.77,1000
282.0,9,42.81,2000
282.0,15,43.25,-2750
282.0,17,36.09,-3500
282.0,18,42.84,250
282.0,21,38.46,250
282.0,22,43.44,1500
282.0,24,35.64,750
282.0,25,35.16,-1750
282.0,27,36.82,0
282.0,32,35.89,2750
282.5,3,37.48,1250
282.5,6,35.82,1000
282.5,9,44.68,2000
282.5,14,35.31,-3750
282.5,15,43.21,-2750
282.5,17,35.12,-6000
282.5,18,43.41,250
282.5,21,40.52,250
282.5,22,43.7,1500
282.5,27,35.58,-4000
282.5,31,35.15,-6000
282.5,32,35.26,4250
283.0,3,38.4,1250
283.0,6,40.37,1000
283.0,8,35.56,1000
283.0,9,44.61,2000
283.0,10,35.13,-4750
283.0,15,42.27,-2750
283.0,18,42.99,250
283.0,21,39.93,250
283.0,22,42.68,1500
283.0,27,37.33,0
283.5,2,35.91,0
283.5,3,36.08,1250
283.5,6,35.63,1000
283.5,9,43.37,2000
283.5,10,35.88,-500
283.5,13,35.24,-1750
283.5,14,36.79,3000
283.5,15,43.3,-2750
283.5,18,43.71,250
283.5,21,38.35,250
283.5,22,41.13,1500
283.5,27,35.75,-5750
284.0,2,35.02,-5750
284.0,3,35.92,1250
284.0,5,35.16,-2750
284.0,6,38.04,1000
284.0,8,35.38,-4000
284.0,9,43.97,2000
284.0,14,36.69,3000
284.0,15,43.07,-2750
284.0,18,42.68,250
284.0,21,40.71,250
284.0,22,43.04,1500
284.0,24,35.15,5250
284.0,27,36.87,-250
284.5,1,35.26,1750
284.5,2,35.21,5250
284.5,3,36.14,1250
284.5,6,37.25,1000
284.5,9,43.07,2000
284.5,10,35.33,-6000
284.5,11,35.17,-4000
284.5,14,36.81,3000
284.5,15,43.59,-2750
284.5,18,43.76,250
284.5,21,40.6,250
284.5,22,42.92,1500
284.5,27,36.89,0
284.5,29,35.11,250
285.0,3,37.49,1250
285.0,6,38.46,1000
285.0,9,43.82,2000
285.0,14,35.18,-4000
285.0,15,41.64,-2750
285.0,18,42.82,250
285.0,19,35.78,5250
285.0,21,41.97,250
285.0,22,42.02,1500
285.0,23,35.0,1250
285.0,27,35.58,0
285.5,2,35.31,2250
285.5,6,37.18,1000
285.5,9,42.44,2000
285.5,15,41.59,-2750
285.5,18,43.39,250
285.5,21,40.61,250
285.5,22,43.18,1500
285.5,27,38.27,-250
286.0,3,38.37,1250
286.0,6,38.11,1000
286.0,9,43.67,2000
286.0,11,36.11,4750
286.0,15,43.81,-2750
286.0,18,43.57,250
286.0,21,39.05,250
286.0,22,44.04,1500
286.0,26,37.38,-1750
286.0,28,36.97,2250
286.0,29,35.46,-500
286.5,3,36.04,1250
286.5,6,38.11,1000
286.5,9,43.42,2000
286.5,11,35.03,-1000
286.5,14,35.03,250
286.5,15,42.52,-2750
286.5,18,43.47,250
286.5,21,41.14,250
286.5,22,42.5,1500
286.5,27,37.49,-250
287.0,3,38.67,1250
287.0,6,36.3,1000
287.0,9,42.94,2000
287.0,15,42.63,-2750
287.0,18,43.69,250
287.0,21,41.07,250
287.0,22,42.6,1500
287.0,24,35.16,-1750
287.0,27,38.21,-250
287.0,30,35.41,1250
287.5,3,37.72,1250
287.5,4,35.35,-2750
287.5,6,36.42,1000
287.5,9,43.27,2000
287.5,14,38.52,3000
287.5,15,42.65,-2750
287.5,18,42.87,250
287.5,19,35.37,-1000
287.5,21,39.34,250
287.5,22,43.8,1500
287.5,27,37.55,-250
287.5,32,35.18,-3750
288.0,3,35.28,1250
288.0,4,35.38,-1000
288.0,6,37.89,1000
288.0,9,42.67,2000
288.0,15,42.57,-2750
288.0,18,44.06,250
288.0,21,39.81,250
288.0,22,42.46,1500
288.0,24,35.41,-3000
288.0,27,36.51,0
288.5,2,35.81,-1000
288.5,3,37.86,1250
288.5,6,36.7,1000
288.5,9,44.0,2000
288.5,14,39.06,3000
288.5,15,42.21,-2750
288.5,18,43.47,250
288.5,21,38.51,250
288.5,22,41.56,1500
288.5,27,37.36,-250
288.5,29,38.93,-3500
289.0,3,38.35,1250
289.0,6,38.5,1000
289.0,9,43.53,2000
289.0,14,36.34,3000
289.0,15,42.85,-2750
289.0,18,43.72,250
289.0,21,40.61,250
289.0,22,43.64,1500
289.0,30,35.37,-3000
289.5,3,35.37,1250
289.5,6,38.01,1000
289.5,9,43.22,2000
289.5,14,37.08,3000
289.5,15,42.87,-2750
289.5,18,43.44,250
289.5,21,39.98,250
289.5,22,43.87,1500
289.5,27,37.17,-250
290.0,3,38.43,1250
290.0,6,37.28,1000
290.0,9,43.31,2000
290.0,14,36.6,3000
290.0,15,40.77,-2750
290.0,18,43.37,250
290.0,21,41.09,250
290.0,22,43.73,1500
290.0,27,38.23,-250
290.0,28,35.14,1250
290.5,6,39.38,1000
290.5,9,42.7,2000
290.5,15,41.85,-2750
290.5,18,43.43,250
290.5,21,40.57,250
290.5,22,43.25,1500
290.5,25,35.09,0
290.5,27,35.39,0
291.0,1,35.1,250
291.0,3,37.0,1250
291.0,4,36.18,2000
291.0,6,37.92,1000
291.0,9,43.46,2000
291.0,15,42.21,-2750
291.0,18,43.29,250
291.0,21,41.56,250
291.0,22,42.46,1500
291.0,27,38.72,-250
291.0,29,36.91,-3500
291.0,32,35.0,-3750
291.5,3,39.32,1250
291.5,5,35.28,4250
291.5,6,37.73,1000
291.5,9,42.13,2000
291.5,15,43.27,-2750
291.5,18,43.4,250
291.5,21,39.8,250
291.5,22,42.4,1500
291.5,27,37.15,0
291.5,28,35.47,5500
291.5,30,35.37,4250
292.0,3,37.13,1250
292.0,5,35.96,500
292.0,6,38.65,1000
292.0,9,43.34,2000
292.0,11,35.43,-2750
292.0,15,43.58,-2750
292.0,16,35.19,-750
292.0,18,42.96,250
292.0,21,38.57,250
292.0,22,43.3,1500
292.0,27,36.23,-250
292.0,29,36.68,-3500
292.5,6,38.01,1000
292.5,9,44.11,2000
292.5,14,37.73,3000
292.5,15,42.32,-2750
292.5,18,43.45,250
292.5,21,36.9,250
292.5,22,42.73,1500
292.5,23,35.5,500
292.5,27,37.38,-250
293.0,1,35.51,5000
293.0,3,37.15,1250
293.0,6,36.94,1000
293.0,9,42.7,2000
293.0,15,42.13,-2750
293.0,18,43.14,250
293.0,21,38.02,250
293.0,22,42.36,1500
293.0,24,35.44,-6000
293.0,29,35.68,-3500
293.5,3,37.95,1250
293.5,5,35.25,-4750
293.5,9,43.73,2000
293.5,11,35.31,-1750
293.5,14,39.18,3000
293.5,15,42.46,-2750
293.5,18,43.4,250
293.5,21,40.52,250
293.5,22,43.05,1500
293.5,24,35.65,2000
293.5,29,37.18,-3500
294.0,1,35.78,3500
294.0,3,37.38,1250
294.0,5,35.11,-3750
294.0,6,37.47,1000
294.0,9,43.22,2000
294.0,14,36.62,3000
294.0,15,43.58,-2750
294.0,17,35.28,2000
294.0,18,43.33,250
294.0,21,37.75,250
294.0,22,42.99,1500
294.0,27,37.87,-250
294.0,30,35.17,4250
294.0,31,35.07,-750
294.5,2,35.33,1000
294.5,3,37.54,1250
294.5,6,37.95,1000
294.5,9,44.82,2000
294.5,11,35.08,-4000
294.5,14,35.27,3250
294.5,15,42.21,-2750
294.5,18,43.14,250
294.5,21,40.8,250
294.5,22,42.53,1500
294.5,26,35.34,2750
294.5,27,37.09,-250
295.0,3,37.49,1250
295.0,6,38.93,1000
295.0,9,43.36,2000
295.0,11,35.35,-750
295.0,15,42.12,-2750
295.0,18,42.22,250
295.0,21,37.03,250
295.0,22,42.71,1500
295.0,23,35.38,-1000
295.0,27,37.42,-250
295.0,29,36.54,-3500
295.5,3,37.11,1250
295.5,6,39.61,1000
295.5,9,42.96,2000
295.5,14,35.69,3000
295.5,15,43.05,-2750
295.5,18,43.27,250
295.5,21,40.38,250
295.5,22,42.03,1500
295.5,27,39.22,-250
295.5,29,36.65,-3500
296.0,3,36.02,1250
296.0,6,38.28,1000
296.0,9,42.79,2000
296.0,11,36.18,4250
296.0,14,37.91,3000
296.0,15,43.1,-2750
296.0,18,43.79,250
296.0,21,41.15,250
296.0,22,42.32,1500
296.5,3,37.12,1250
296.5,6,36.75,1000
296.5,9,42.63,2000
296.5,14,37.58,3000
296.5,15,43.52,-2750
296.5,18,42.64,250
296.5,19,35.08,2000
296.5,20,35.55,4500
296.5,21,38.69,250
296.5,22,41.15,1500
296.5,23,35.11,-1000
296.5,24,35.67,1750
296.5,25,35.01,250
296.5,27,38.2,-250
296.5,31,35.52,0
297.0,3,37.53,1250
297.0,6,38.86,1000
297.0,9,43.44,2000
297.0,14,39.28,3000
297.0,15,43.56,-2750
297.0,18,44.16,250
297.0,21,39.98,250
297.0,22,42.19,1500
297.0,27,37.28,-250
297.0,29,35.47,3250
297.5,3,39.39,1250
297.5,6,36.95,1000
297.5,9,42.29,2000
297.5,13,35.15,-2000
297.5,14,36.71,3000
297.5,15,42.95,-2750
297.5,18,43.68,250
297.5,20,35.11,0
297.5,21,39.49,250
297.5,22,43.04,1500
297.5,27,38.93,-250
297.5,29,38.72,-3500
297.5,32,35.68,1250
298.0,3,37.13,1250
298.0,6,37.64,1000
298.0,7,35.05,250
298.0,9,42.06,2000
298.0,14,40.21,3000
298.0,15,43.1,-2750
298.0,18,43.45,250
298.0,21,40.21,250
298.0,22,43.66,1500
298.0,27,39.73,-250
298.5,5,35.15,5000
298.5,6,36.79,1000
298.5,8,35.98,1000
298.5,9,43.13,2000
298.5,14,38.76,3000
298.5,15,43.81,-2750
298.5,18,44.07,250
298.5,21,40.03,250
298.5,22,44.42,1500
298.5,23,35.36,-5750
298.5,27,39.82,-250
298.5,29,35.23,500
298.5,30,35.03,750
299.0,3,36.12,1250
299.0,6,38.44,1000
299.0,9,43.49,2000
299.0,15,44.11,-2750
299.0,16,35.09,-1000
299.0,18,42.98,250
299.0,21,39.94,250
299.0,22,42.73,1500
299.0,23,36.02,2750
299.0,27,36.28,-250
299.5,3,36.15,1250
299.5,6,38.61,1000
299.5,9,41.84,2000
299.5,11,35.45,2250
299.5,12,35.08,3250
299.5,14,36.35,3000
299.5,15,42.91,-2750
299.5,17,35.15,250
299.5,18,45.04,250
299.5,21,39.65,250
299.5,22,41.86,1500
299.5,27,37.47,-250
299.5,29,36.18,-3500
300.0,1,35.67,-4500
300.0,3,35.18,1250
300.0,6,38.79,1000
300.0,9,43.2,2000
300.0,14,38.01,3000
300.0,15,43.55,-2750
300.0,18,44.25,250
300.0,21,41.31,250
300.0,22,42.5,1500
300.0,27,38.81,-250
300.0,28,35.08,2000
300.0,29,37.21,-3500
300.5,3,37.06,1250
300.5,6,37.36,1000
300.5,9,42.76,2000
300.5,10,35.15,-3750
300.5,12,35.56,-1000
300.5,14,40.02,3000
300.5,15,42.31,-2750
300.5,16,35.08,-3000
300.5,18,43.88,250
300.5,19,35.76,2750
300.5,20,35.79,-500
300.5,21,38.24,250
300.5,22,41.79,1500
300.5,27,38.91,-250
300.5,29,37.49,-3500
300.5,30,35.23,-3500
301.0,3,36.28,1250
301.0,6,35.99,1000
301.0,9,42.19,2000
301.0,14,38.99,3000
301.0,15,42.08,-2750
301.0,18,44.0,250
301.0,21,40.92,250
301.0,22,42.28,1500
301.0,27,36.47,-250
301.0,29,38.45,-3500
301.0,31,35.48,4000
301.5,3,36.28,1250
301.5,6,38.71,1000
301.5,7,35.52,-6000
301.5,8,35.7,-2250
301.5,9,42.49,2000
301.5,11,35.83,4750
301.5,12,35.26,-500
301.5,14,36.77,3000
301.5,15,43.9,-2750
301.5,18,44.38,250
301.5,21,39.12,250
301.5,22,41.53,1500
301.5,27,37.61,-250
301.5,29,37.45,-3500
302.0,3,36.74,1250
302.0,6,37.49,1000
302.0,9,42.28,2000
302.0,14,39.15,3000
302.0,15,42.31,-2750
302.0,18,43.08,250
302.0,21,40.27,250
302.0,22,41.28,1500
302.0,27,37.18,-250
302.5,3,36.67,1250
302.5,6,37.34,1000
302.5,9,41.68,2000
302.5,14,39.44,3000
302.5,15,42.27,-2750
302.5,18,44.68,250
302.5,19,35.77,4500
302.5,21,37.62,250
302.5,22,41.97,1500
302.5,27,40.17,-250
302.5,28,35.03,2000
302.5,29,37.82,-3500
302.5,31,35.02,-750
303.0,3,37.4,1250
303.0,6,35.5,1000
303.0,9,42.16,2000
303.0,13,35.08,-4750
303.0,14,39.88,3000
303.0,15,43.43,-2750
303.0,18,44.17,250
303.0,21,38.96,250
303.0,22,41.47,1500
303.0,27,37.82,-250
303.5,3,37.55,1250
303.5,6,36.92,1000
303.5,9,41.01,2000
303.5,11,35.88,-1750
303.5,14,35.43,3000
303.5,15,42.45,-2750
303.5,18,43.55,250
303.5,21,39.76,250
303.5,22,42.23,1500
303.5,25,35.43,-4250
303.5,27,40.44,-250
304.0,3,38.31,1250
304.0,6,36.8,1000
304.0,9,43.14,2000
304.0,14,38.54,3000
304.0,15,41.98,-2750
304.0,17,35.21,-4750
304.0,18,44.38,250
304.0,19,35.05,-750
304.0,21,41.03,250
304.0,22,41.66,1500
304.0,23,36.09,2500
304.0,24,35.72,-1500
304.0,27,37.64,-250
304.0,29,35.87,-3500
304.5,3,35.31,1250
304.5,6,38.23,1000
304.5,9,43.32,2000
304.5,14,35.99,3000
304.5,15,42.99,-2750
304.5,18,43.89,250
304.5,21,39.13,250
304.5,22,41.41,1500
304.5,27,40.33,-250
304.5,29,37.54,-3500
305.0,2,35.17,-2000
305.0,3,37.47,1250
305.0,6,35.93,1000
305.0,8,35.63,250
305.0,9,42.79,2000
305.0,15,41.6,-2750
305.0,18,44.08,250
305.0,21,38.99,250
305.0,22,41.99,1500
305.0,27,37.69,-250
305.5,3,35.75,1250
305.5,5,35.29,-4750
305.5,6,37.3,1000
305.5,9,42.5,2000
305.5,15,42.36,-2750
305.5,18,44.08,250
305.5,21,40.67,250
305.5,22,41.47,1500
305.5,27,38.57,-250
306.0,3,36.92,1250
306.0,6,37.43,1000
306.0,9,42.11,2000
306.0,14,38.18,3000
306.0,15,42.42,-2750
306.0,17,35.5,-1750
306.0,18,43.69,250
306.0,21,39.31,250
306.0,22,41.96,1500
306.0,25,35.17,1250
306.0,27,38.88,-250
306.0,29,36.09,-3500
306.5,3,37.56,1250
306.5,6,38.1,1000
306.5,8,35.92,2750
306.5,9,42.06,2000
306.5,10,35.28,-2000
306.5,14,36.14,3000
306.5,15,42.11,-2750
306.5,16,35.83,1250
306.5,18,43.71,250
306.5,21,40.27,250
306.5,22,42.4,1500
306.5,27,37.99,-250
306.5,29,38.65,-3500
307.0,3,36.63,1250
307.0,6,37.58,1000
307.0,9,42.57,2000
307.0,15,43.06,-2750
307.0,18,43.42,250
307.0,21,39.34,250
307.0,22,41.11,1500
307.0,23,36.3,750
307.0,27,39.63,-250
307.0,29,40.07,-3500
307.5,3,36.33,1250
307.5,6,37.71,1000
307.5,9,42.53,2000
307.5,12,35.16,-750
307.5,13,35.76,-3000
307.5,14,40.62,3000
307.5,15,42.32,-2750
307.5,18,43.3,250
307.5,19,35.24,4750
307.5,21,37.23,250
307.5,22,41.55,1500
307.5,25,35.19,5000
307.5,27,37.77,-250
307.5,28,35.53,-2500
307.5,29,39.53,-3500
307.5,31,35.21,1000
308.0,3,36.17,1250
308.0,4,35.67,1500
308.0,6,38.09,1000
308.0,9,41.72,2000
308.0,14,40.84,3000
308.0,15,41.51,-2750
308.0,18,44.34,250
308.0,21,39.05,250
308.0,22,41.46,1500
308.0,27,38.2,-250
308.0,29,38.85,-3500
308.5,3,39.1,1250
308.5,6,37.11,1000
308.5,9,40.45,2000
308.5,12,35.42,2250
308.5,14,36.14,3000
308.5,15,43.57,-2750
308.5,18,43.97,250
308.5,21,40.43,250
308.5,22,41.8,1500
308.5,25,35.34,-2000
308.5,27,39.8,-250
308.5,29,39.54,-3500
309.0,3,37.69,1250
309.0,6,38.29,1000
309.0,7,35.43,-3750
309.0,9,43.22,2000
309.0,12,35.25,3750
309.0,14,40.03,3000
309.0,15,42.29,-2750
309.0,18,44.14,250
309.0,21,39.5,250
309.0,22,42.94,1500
309.0,27,38.04,-250
309.0,29,38.21,-3500
309.5,3,37.64,1250
309.5,6,36.72,1000
309.5,9,43.14,2000
309.5,14,38.91,3000
309.5,15,42.56,-2750
309.5,18,44.16,250
309.5,21,37.51,250
309.5,22,41.12,1500
309.5,27,38.61,-250
309.5,29,38.82,-3500
310.0,3,38.61,1250
310.0,6,36.75,1000
310.0,9,41.64,2000
310.0,14,39.7,3000
310.0,15,44.11,-2750
310.0,18,44.19,250
310.0,21,39.79,250
310.0,22,42.16,1500
310.0,27,37.49,-250
310.0,29,38.13,-3500
310.0,30,35.66,2500
310.5,3,36.73,1250
310.5,6,36.89,1000
310.5,9,41.99,2000
310.5,14,39.68,3000
310.5,15,42.14,-2750
310.5,18,43.72,250
310.5,21,39.3,250
310.5,22,41.27,1500
310.5,23,35.18,-5000
310.5,27,38.9,-250
310.5,29,38.14,-3500
311.0,3,37.08,1250
311.0,6,36.07,1000
311.0,9,41.19,2000
311.0,11,35.18,2250
311.0,14,38.66,3000
311.0,15,41.35,-2750
311.0,18,44.27,250
311.0,21,40.21,250
311.0,22,41.52,1500
311.0,27,37.97,-250
311.0,29,39.91,-3500
311.5,1,35.44,500
311.5,3,36.67,1250
311.5,6,37.3,1000
311.5,9,40.92,2000
311.5,11,36.47,3250
311.5,14,35.31,3000
311.5,15,42.35,-2750
311.5,18,43.68,250
311.5,21,39.78,250
311.5,22,41.48,1500
311.5,29,38.03,-3500
312.0,3,38.98,1250
312.0,6,38.79,1000
312.0,9,39.65,2000
312.0,14,35.97,3000
312.0,15,42.33,-2750
312.0,18,43.82,250
312.0,21,39.55,250
312.0,22,41.46,1500
312.0,25,35.36,750
312.0,27,36.15,-250
312.0,29,38.59,-3500
312.5,3,37.97,1250
312.5,6,39.26,1000
312.5,9,41.56,2000
312.5,12,35.47,-4500
312.5,14,36.93,3000
312.5,15,42.07,-2750
312.5,18,44.11,250
312.5,21,38.63,250
312.5,22,41.57,1500
312.5,27,39.23,-250
312.5,29,39.52,-3500
313.0,3,36.44,1250
313.0,6,38.3,1000
313.0,7,35.36,-6000
313.0,9,41.58,2000
313.0,15,42.42,-2750
313.0,18,44.13,250
313.0,21,39.01,250
313.0,22,41.78,1500
313.0,27,38.47,-250
313.0,29,39.83,-3500
313.5,3,37.32,1250
313.5,6,38.2,1000
313.5,9,40.74,2000
313.5,12,35.42,2000
313.5,15,41.71,-2750
313.5,18,44.31,250
313.5,21,39.66,250
313.5,22,41.47,1500
313.5,23,36.22,-500
313.5,27,37.6,-250
313.5,29,39.76,-3500
314.0,2,35.12,-4750
314.0,3,36.64,1250
314.0,6,38.3,1000
314.0,9,40.8,2000
314.0,14,37.87,3000
314.0,15,42.6,-2750
314.0,18,43.44,250
314.0,21,40.74,250
314.0,22,41.42,1500
314.0,25,35.32,4250
314.0,29,40.63,-3500
314.5,6,39.76,1000
314.5,7,36.06,-750
314.5,9,41.3,2000
314.5,14,36.35,3000
314.5,15,41.98,-2750
314.5,17,35.71,5750
314.5,18,44.27,250
314.5,19,35.15,250
314.5,21,40.24,250
314.5,22,40.09,1500
314.5,27,40.93,-250
314.5,29,40.9,-3500
314.5,31,35.42,2750
315.0,3,35.29,1250
315.0,6,40.9,1000
315.0,9,42.1,2000
315.0,13,35.77,2250
315.0,15,42.56,-2750
315.0,18,44.3,250
315.0,20,35.17,250
315.0,21,39.27,250
315.0,22,42.03,1500
315.0,26,35.14,4250
315.0,27,38.99,-250
315.0,29,40.39,-3500
315.5,3,37.71,1250
315.5,4,35.12,-1750
315.5,6,38.36,1000
315.5,8,36.23,2500
315.5,9,40.85,2000
315.5,14,35.36,3000
315.5,15,42.22,-2750
315.5,18,43.81,250
315.5,21,41.78,250
315.5,22,42.64,1500
315.5,24,35.94,-4750
315.5,26,35.11,4000
315.5,27,37.19,-250
315.5,29,39.31,-3500
316.0,3,36.18,1250
316.0,6,38.27,1000
316.0,9,41.2,2000
316.0,13,35.06,3000
316.0,15,43.29,-2750
316.0,18,43.05,250
316.0,21,39.89,250
316.0,22,40.87,1500
316.0,23,35.49,-5750
316.0,24,36.14,-4500
316.0,27,38.22,-250
316.0,28,35.42,4500
316.0,29,38.93,-3500
316.0,31,35.29,-3750
316.5,3,38.84,1250
316.5,6,39.59,1000
316.5,9,40.82,2000
316.5,14,36.6,3000
316.5,15,42.21,-2750
316.5,18,44.5,250
316.5,21,39.53,250
316.5,22,40.79,1500
316.5,24,35.09,250
316.5,27,37.94,-250
316.5,28,35.42,-2750
316.5,29,39.67,-3500
317.0,6,40.34,1000
317.0,9,41.6,2000
317.0,15,42.66,-2750
317.0,16,35.07,-4000
317.0,17,35.7,1000
317.0,18,44.73,250
317.0,20,35.78,-6000
317.0,21,39.46,250
317.0,22,40.45,1500
317.0,24,35.26,4250
317.0,27,37.5,-250
317.0,28,35.35,-3000
317.0,29,40.1,-3500
317.5,3,36.5,1250
317.5,6,38.88,1000
317.5,9,40.31,2000
317.5,13,35.79,-6000
317.5,14,36.11,3000
317.5,15,42.47,-2750
317.5,18,44.4,250
317.5,21,39.66,250
317.5,22,41.99,1500
317.5,27,38.63,-250
317.5,29,38.55,-3500
318.0,2,35.22,3750
318.0,3,35.72,1250
318.0,6,38.45,1000
318.0,8,35.07,3000
318.0,9,42.36,2000
318.0,13,35.22,3750
318.0,14,36.48,3000
318.0,15,42.37,-2750
318.0,18,44.18,250
318.0,19,35.03,-4750
318.0,20,35.51,4000
318.0,21,38.02,250
318.0,22,42.52,1500
318.0,27,38.61,-250
318.0,29,39.23,-3500
318.5,3,36.72,1250
318.5,5,35.15,500
318.5,6,40.83,1000
318.5,9,41.95,2000
318.5,15,42.0,-2750
318.5,18,44.26,250
318.5,20,35.42,-1000
318.5,21,39.23,250
318.5,22,40.13,1500
318.5,27,38.63,-250
318.5,29,40.08,-3500
319.0,3,36.59,1250
319.0,5,36.11,-4750
319.0,6,38.75,1000
319.0,9,42.93,2000
319.0,15,42.24,-2750
319.0,16,35.51,-250
319.0,18,43.68,250
319.0,21,39.97,250
319.0,22,42.21,1500
319.0,24,35.39,5500
319.0,25,35.5,2000
319.0,26,35.54,-1500
319.0,27,38.27,-250
319.0,29,38.13,-3500
319.5,3,36.36,1250
319.5,6,37.9,1000
319.5,9,40.51,2000
319.5,11,35.46,5000
319.5,12,35.91,-5000
319.5,15,42.7,-2750
319.5,18,44.98,250
319.5,21,39.35,250
319.5,22,41.39,1500
319.5,27,38.27,-250
319.5,29,39.32,-3500
319.5,32,35.89,1000
320.0,3,36.71,1250
320.0,6,38.81,1000
320.0,7,35.98,-250
320.0,9,42.24,2000
320.0,15,43.1,-2750
320.0,18,44.65,250
320.0,21,38.56,250
320.0,22,42.36,1500
320.0,27,39.72,-250
320.0,29,39.01,-3500
320.5,1,35.27,1000
320.5,2,35.28,2500
320.5,3,38.61,1250
320.5,5,35.73,0
320.5,6,38.76,1000
320.5,7,35.7,-2750
320.5,9,42.81,2000
320.5,15,41.08,-2750
320.5,16,35.78,3750
320.5,18,44.29,250
320.5,21,40.72,250
320.5,22,42.23,1500
320.5,26,35.14,3000
320.5,27,38.45,-250
320.5,29,41.15,-3500
320.5,32,35.46,2500
321.0,1,35.7,-1750
321.0,3,36.15,1250
321.0,6,38.26,1000
321.0,9,41.7,2000
321.0,15,42.57,-2750
321.0,18,44.76,250
321.0,20,35.24,1500
321.0,21,40.46,250
321.0,22,42.14,1500
321.0,27,36.02,-250
321.0,29,40.2,-3500
321.5,2,35.15,4000
321.5,3,36.46,1250
321.5,6,38.15,1000
321.5,9,41.6,2000
321.5,15,41.82,-2750
321.5,18,44.53,250
321.5,19,35.23,-4500
321.5,21,38.31,250
321.5,22,42.0,1500
321.5,27,37.35,-250
321.5,29,40.73,-3500
322.0,2,35.37,3250
322.0,3,38.1,1250
322.0,4,35.05,-1750
322.0,6,39.06,1000
322.0,9,41.58,2000
322.0,15,41.91,-2750
322.0,18,44.08,250
322.0,21,38.8,250
322.0,22,42.0,1500
322.0,23,35.49,0
322.0,25,35.91,3250
322.0,27,38.96,-250
322.0,29,39.46,-3500
322.5,3,37.23,1250
322.5,5,35.21,-5000
322.5,6,40.96,1000
322.5,7,35.21,250
322.5,9,42.23,2000
322.5,10,35.14,250
322.5,12,35.01,1000
322.5,15,42.19,-2750
322.5,18,43.98,250
322.5,19,35.88,-5250
322.5,20,35.62,3750
322.5,21,37.78,250
322.5,22,41.38,1500
322.5,23,35.1,-750
322.5,27,40.0,-250
322.5,29,40.66,-3500
323.0,3,36.11,1250
323.0,4,36.15,-3250
323.0,6,39.06,1000
323.0,9,42.63,2000
323.0,14,35.62,3000
323.0,15,41.77,-2750
323.0,18,43.59,250
323.0,21,40.4,250
323.0,22,41.49,1500
323.0,25,35.4,250
323.0,27,37.57,-250
323.0,29,41.83,-3500
323.0,31,35.94,-1250
323.5,3,38.28,1250
323.5,6,38.79,1000
323.5,9,41.27,2000
323.5,15,41.96,-2750
323.5,18,44.08,250
323.5,21,40.39,250
323.5,22,42.11,1500
323.5,27,38.52,-250
323.5,29,38.63,-3500
323.5,30,35.89,2750
324.0,3,38.5,1250
324.0,6,39.24,1000
324.0,9,41.47,2000
324.0,15,43.3,-2750
324.0,18,43.9,250
324.0,21,36.38,250
324.0,22,41.15,1500
324.0,25,35.46,-2250
324.0,27,38.81,-250
324.0,29,40.65,-3500
324.5,3,38.21,1250
324.5,6,39.01,1000
324.5,9,41.06,2000
324.5,14,35.55,3000
324.5,15,42.47,-2750
324.5,18,44.07,250
324.5,21,39.21,250
324.5,22,42.03,1500
324.5,27,39.11,-250
324.5,28,35.25,-3000
324.5,29,40.95,-3500
324.5,31,35.07,-2000
325.0,3,37.65,1250
325.0,6,39.27,1000
325.0,9,42.24,2000
325.0,10,35.94,2000
325.0,13,35.42,3000
325.0,15,42.87,-2750
325.0,18,44.16,250
325.0,21,39.15,250
325.0,22,41.19,1500
325.0,27,37.01,-250
325.0,29,40.2,-3500
325.0,30,35.43,-2750
325.0,31,35.92,-2000
325.5,3,38.5,1250
325.5,6,39.61,1000
325.5,9,41.03,2000
325.5,10,35.25,1250
325.5,15,42.71,-2750
325.5,18,42.76,250
325.5,21,37.66,250
325.5,22,42.12,1500
325.5,27,37.15,-250
325.5,29,38.77,-3500
325.5,31,36.05,250
326.0,1,35.02,-4000
326.0,3,37.14,1250
326.0,6,38.3,1000
326.0,9,42.38,2000
326.0,14,35.69,3000
326.0,15,42.18,-2750
326.0,17,35.01,3250
326.0,18,43.38,250
326.0,20,35.59,-1750
326.0,21,39.39,250
326.0,22,41.08,1500
326.0,26,35.12,2250
326.0,27,37.81,-250
326.0,29,40.11,-3500
326.5,3,38.18,1250
326.5,5,35.31,-6000
326.5,6,40.13,1000
326.5,9,41.86,2000
326.5,13,35.27,5000
326.5,15,41.59,-2750
326.5,18,43.73,250
326.5,21,36.8,250
326.5,22,41.88,1500
326.5,27,37.52,-250
326.5,29,40.12,-3500
327.0,3,37.87,1250
327.0,6,40.08,1000
327.0,8,35.56,0
327.0,9,41.85,2000
327.0,11,35.01,-3500
327.0,14,38.21,3000
327.0,15,42.34,-2750
327.0,18,43.73,250
327.0,21,38.98,250
327.0,22,42.13,1500
327.0,26,35.51,-750
327.0,27,37.53,-250
327.0,29,40.3,-3500
327.5,3,38.89,1250
327.5,6,39.45,1000
327.5,9,42.21,2000
327.5,14,38.51,3000
327.5,15,41.64,-2750
327.5,17,35.12,-1750
327.5,18,42.97,250
327.5,21,37.86,250
327.5,22,41.35,1500
327.5,27,38.92,-250
327.5,29,38.58,-3500
327.5,31,35.09,-2000
328.0,1,35.04,-6000
328.0,3,36.48,1250
328.0,6,38.26,1000
328.0,9,42.66,2000
328.0,14,37.29,3000
328.0,15,41.44,-2750
328.0,18,43.35,250
328.0,21,39.11,250
328.0,22,43.02,1500
328.0,27,39.27,-250
328.0,29,37.75,-3500
328.0,31,35.22,-5500
328.5,3,38.94,1250
328.5,6,39.98,1000
328.5,9,41.19,2000
328.5,14,38.97,3000
328.5,15,42.86,-2750
328.5,18,43.47,250
328.5,21,39.32,250
328.5,22,43.06,1500
328.5,23,35.18,2500
328.5,27,37.56,-250
328.5,28,35.23,-750
328.5,29,39.97,-3500
329.0,3,37.16,1250
329.0,6,39.48,1000
329.0,9,41.27,2000
329.0,12,35.9,1500
329.0,15,42.58,-2750
329.0,18,42.92,250
329.0,21,36.42,250
329.0,22,42.3,1500
329.0,26,35.64,2250
329.0,27,38.17,-250
329.0,29,38.13,-3500
329.5,3,37.64,1250
329.5,6,39.44,1000
329.5,9,41.44,2000
329.5,15,42.14,-2750
329.5,17,35.18,-5250
329.5,18,43.02,250
329.5,21,37.78,250
329.5,22,41.64,1500
329.5,27,37.12,-250
329.5,29,39.55,-3500
329.5,30,35.43,250
330.0,3,37.91,1250
330.0,6,39.58,1000
330.0,8,35.12,-5000
330.0,9,41.59,2000
330.0,15,42.67,-2750
330.0,16,35.07,-1000
330.0,18,42.9,250
330.0,21,37.79,250
330.0,22,41.69,1500
330.0,27,36.48,-250
330.0,29,39.71,-3500
330.0,32,35.61,-5000
330.5,3,38.49,1250
330.5,6,39.59,1000
330.5,8,35.04,4000
330.5,9,39.95,2000
330.5,15,41.85,-2750
330.5,18,43.82,250
330.5,21,39.15,250
330.5,22,42.51,1500
330.5,27,38.99,-250
330.5,29,40.76,-3500
330.5,30,35.28,-4500
331.0,3,36.97,1250
331.0,6,40.42,1000
331.0,7,35.39,-5750
331.0,9,42.36,2000
331.0,12,35.14,2250
331.0,14,35.87,3000
331.0,15,41.94,-2750
331.0,16,35.7,3250
331.0,18,43.22,250
331.0,20,35.26,-6000
331.0,21,37.3,250
331.0,22,41.73,1500
331.0,23,35.15,250
331.0,27,39.34,-250
331.0,28,35.18,250
331.0,29,39.23,-3500
331.0,31,35.27,-5000
331.5,3,38.22,1250
331.5,6,38.26,1000
331.5,9,42.09,2000
331.5,14,35.24,3000
331.5,15,42.11,-2750
331.5,16,35.37,5500
331.5,18,43.41,250
331.5,21,39.95,250
331.5,22,41.05,1500
331.5,23,35.88,750
331.5,27,39.28,-250
331.5,29,37.45,-3500
331.5,30,35.58,750
332.0,3,37.67,1250
332.0,6,40.99,1000
332.0,9,41.83,1750
332.0,15,42.77,-2750
332.0,17,35.25,2750
332.0,18,43.42,250
332.0,21,38.33,250
332.0,22,41.97,1500
332.0,27,38.42,-250
332.0,29,38.03,-3500
332.5,3,36.81,1250
332.5,6,39.08,1000
332.5,9,41.55,2000
332.5,15,42.16,-2750
332.5,16,35.24,-1750
332.5,18,42.79,250
332.5,21,39.31,250
332.5,22,42.45,1500
332.5,27,36.85,-250
332.5,28,35.05,5500
332.5,29,37.52,-3500
333.0,3,37.27,1250
333.0,6,39.72,1000
333.0,9,42.53,2000
333.0,15,41.86,-2750
333.0,18,42.45,250
333.0,21,38.92,250
333.0,22,41.93,1500
333.0,27,37.79,-250
333.0,29,37.8,-3500
333.5,3,35.32,1250
333.5,4,35.78,-5000
333.5,6,37.87,1000
333.5,9,41.13,2000
333.5,15,43.21,-2750
333.5,18,43.43,250
333.5,21,40.04,250
333.5,22,42.39,1500
333.5,23,35.23,3500
333.5,27,37.63,-250
333.5,29,39.02,-3500
333.5,32,35.01,-3750
334.0,3,37.77,1250
334.0,4,35.43,-4000
334.0,6,39.12,1000
334.0,9,42.81,2000
334.0,11,35.01,0
334.0,15,42.49,-2750
334.0,17,35.12,5500
334.0,18,42.72,250
334.0,19,35.13,-3750
334.0,21,38.19,250
334.0,22,42.03,1500
334.0,27,39.75,-250
334.0,29,39.91,-3500
334.5,1,35.28,-2500
334.5,3,38.91,1250
334.5,5,35.65,1250
334.5,6,40.54,1000
334.5,9,42.13,2000
334.5,12,35.32,250
334.5,15,42.1,-2750
334.5,18,43.47,250
334.5,19,36.04,-750
334.5,21,39.32,250
334.5,22,41.47,1500
334.5,23,35.41,750
334.5,29,38.66,-3500
334.5,31,35.28,1000
335.0,3,35.82,1250
335.0,6,38.92,1000
335.0,9,41.55,2000
335.0,15,42.2,-2750
335.0,16,35.11,-2250
335.0,18,42.96,250
335.0,21,39.57,250
335.0,22,41.46,1500
335.0,27,37.85,-250
335.0,29,38.84,-3500
335.5,2,35.25,-2750
335.5,3,36.52,1250
335.5,6,38.23,1000
335.5,9,41.51,2000
335.5,12,36.18,-1000
335.5,14,35.27,3000
335.5,15,41.99,-2750
335.5,18,42.35,250
335.5,21,39.61,250
335.5,22,42.9,1500
335.5,27,39.34,-250
335.5,29,39.12,-3500
335.5,32,35.31,-2500
336.0,3,38.25,1250
336.0,6,38.67,1000
336.0,9,41.46,2000
336.0,10,35.25,4000
336.0,11,35.55,-5500
336.0,13,35.41,-3750
336.0,15,41.02,-2750
336.0,18,43.98,250
336.0,21,39.3,250
336.0,22,42.03,1500
336.0,25,35.19,-2500
336.0,27,38.09,-250
336.0,29,38.6,-3500
336.5,3,37.98,1250
336.5,6,40.21,1000
336.5,9,39.68,2000
336.5,15,42.74,-2750
336.5,18,42.8,250
336.5,19,35.18,4250
336.5,21,39.59,250
336.5,22,42.53,1500
336.5,27,37.65,-250
336.5,29,38.92,-3500
337.0,3,37.46,1250
337.0,6,40.11,1000
337.0,8,35.03,-3250
337.0,9,41.43,2000
337.0,14,37.04,3000
337.0,15,42.88,-2750
337.0,17,35.51,-2500
337.0,18,43.55,250
337.0,21,38.74,250
337.0,22,43.66,1500
337.0,26,35.21,-750
337.0,27,40.55,-250
337.0,29,38.93,-3500
337.0,32,35.35,500
337.5,3,38.21,1250
337.5,6,38.5,1000
337.5,7,35.28,-2250
337.5,9,40.89,2000
337.5,15,40.82,-2750
337.5,16,35.13,-1000
337.5,18,42.65,250
337.5,21,39.93,250
337.5,22,43.25,1500
337.5,23,35.36,1500
337.5,27,39.89,-250
337.5,28,35.17,1250
337.5,29,38.85,-3500
338.0,2,35.42,-5750
338.0,3,38.34,1250
338.0,6,39.83,1000
338.0,9,42.82,2000
338.0,14,35.06,750
338.0,15,42.31,-2750
338.0,18,44.03,250
338.0,21,38.97,250
338.0,22,41.56,1500
338.0,25,36.27,2500
338.0,27,40.06,-250
338.0,29,39.69,-3500
338.0,31,35.46,5500
338.5,3,40.4,1250
338.5,5,35.32,-3500
338.5,6,39.38,1000
338.5,9,41.17,2000
338.5,14,35.77,3000
338.5,15,41.7,-2750
338.5,17,36.32,2000
338.5,18,43.23,250
338.5,21,38.58,250
338.5,22,42.67,1500
338.5,27,39.24,-250
338.5,29,38.64,-3500
338.5,31,35.18,-5750
339.0,3,39.37,1250
339.0,5,35.09,2250
339.0,6,37.45,1000
339.0,9,40.38,2000
339.0,14,35.8,3000
339.0,15,41.77,-2750
339.0,18,43.44,250
339.0,21,38.83,250
339.0,22,43.84,1500
339.0,27,38.81,-250
339.0,29,39.04,-3500
339.0,31,36.3,2750
339.5,3,37.46,1250
339.5,5,35.34,-4500
339.5,6,38.21,1000
339.5,9,41.34,2000
339.5,10,35.25,-2750
339.5,11,35.59,-6000
339.5,12,35.82,0
339.5,14,37.43,3000
339.5,15,43.01,-2750
339.5,18,43.02,250
339.5,21,37.88,250
339.5,22,42.46,1500
339.5,27,40.58,-250
339.5,29,38.47,-3500
340.0,3,38.9,1250
340.0,6,38.45,1000
340.0,9,41.35,1750
340.0,14,36.44,3000
340.0,15,43.56,-2750
340.0,17,35.97,1000
340.0,18,43.0,250
340.0,21,38.35,250
340.0,22,42.61,1500
340.0,27,40.26,-250
340.0,29,37.74,-3500
340.5,3,38.26,1250
340.5,6,37.7,1000
340.5,7,36.22,2750
340.5,9,41.59,2000
340.5,11,36.18,0
340.5,14,35.25,-1750
340.5,15,41.19,-2750
340.5,18,44.06,250
340.5,21,38.05,250
340.5,22,42.89,1500
340.5,25,35.03,4250
340.5,26,35.01,-1750
340.5,27,40.32,-250
340.5,29,38.96,-3500
340.5,32,35.45,-5500
341.0,3,38.07,1250
341.0,4,35.2,1750
341.0,6,37.65,1000
341.0,9,42.56,2000
341.0,14,36.55,3000
341.0,15,42.4,-2750
341.0,17,35.08,1250
341.0,18,43.43,250
341.0,21,37.42,250
341.0,22,42.2,1500
341.0,27,40.34,-250
341.0,29,36.08,-3500
341.5,3,38.21,1250
341.5,6,37.2,1000
341.5,8,35.09,-3500
341.5,9,41.96,2000
341.5,10,35.02,-750
341.5,13,35.18,3000
341.5,15,42.15,-2750
341.5,18,43.73,250
341.5,21,38.55,250
341.5,22,43.36,1500
341.5,24,35.22,3250
341.5,27,39.14,-250
341.5,29,39.7,-3500
342.0,3,39.33,1250
342.0,6,37.55,1000
342.0,9,41.3,2000
342.0,15,42.79,-2750
342.0,16,35.3,250
342.0,18,43.35,250
342.0,21,37.59,250
342.0,22,43.24,1500
342.0,27,36.44,0
342.0,29,39.34,-3500
342.5,1,35.3,-250
342.5,3,38.04,1250
342.5,4,35.1,5250
342.5,6,36.88,1000
342.5,9,39.93,1750
342.5,14,35.44,3000
342.5,15,41.84,-2750
342.5,18,43.6,250
342.5,21,38.39,250
342.5,22,43.01,1500
342.5,27,39.18,-250
342.5,28,35.18,-5750
342.5,29,39.01,-3500
343.0,3,37.3,1250
343.0,4,36.43,-1250
343.0,6,38.96,1000
343.0,9,41.23,2000
343.0,15,42.74,-2750
343.0,18,42.99,250
343.0,21,38.11,250
343.0,22,42.26,1500
343.0,27,38.3,-250
343.0,29,38.47,-3500
343.5,3,37.46,1250
343.5,4,35.49,-5500
343.5,6,39.11,1000
343.5,9,39.2,2000
343.5,11,35.53,-2000
343.5,12,35.44,1250
343.5,15,42.6,-2750
343.5,17,35.25,2000
343.5,18,42.94,250
343.5,22,43.41,1500
343.5,27,39.56,-250
343.5,28,35.08,-2000
343.5,29,38.59,-3500
343.5,32,35.52,-4250
344.0,3,38.23,1250
344.0,4,35.11,-5500
344.0,6,37.4,1000
344.0,9,41.8,2000
344.0,15,41.8,-2750
344.0,18,43.08,250
344.0,19,35.09,250
344.0,21,37.69,250
344.0,22,43.56,1500
344.0,27,40.2,-250
344.0,29,40.06,-3500
344.0,30,35.05,-2750
344.5,3,38.22,1250
344.5,6,39.21,1000
344.5,9,40.8,2000
344.5,12,35.25,5000
344.5,13,35.49,-1750
344.5,15,42.17,-2750
344.5,18,43.08,250
344.5,21,38.86,250
344.5,22,43.56,1500
344.5,23,35.09,2500
344.5,27,38.7,-250
344.5,29,39.85,-3500
344.5,30,35.15,2000
345.0,3,37.42,1250
345.0,6,38.01,1000
345.0,9,42.11,2000
345.0,15,43.44,-2750
345.0,18,43.56,250
345.0,21,37.94,0
345.0,22,43.12,1500
345.0,26,35.36,3250
345.0,27,40.84,-250
345.0,29,39.6,-3500
345.5,3,37.13,1250
345.5,6,38.23,1000
345.5,9,41.75,2000
345.5,15,41.92,-2750
345.5,18,43.92,250
345.5,21,38.31,250
345.5,22,41.48,1500
345.5,25,35.2,2250
345.5,27,39.11,-250
345.5,29,38.48,-3500
346.0,3,39.38,1250
346.0,6,38.58,1000
346.0,8,35.36,-3750
346.0,9,42.05,2000
346.0,10,35.4,-1500
346.0,14,36.48,3000
346.0,15,42.74,-2750
346.0,18,43.62,250
346.0,21,38.53,250
346.0,22,41.98,1500
346.0,27,40.28,-250
346.0,29,38.67,-3500
346.5,3,37.63,1250
346.5,6,38.77,1000
346.5,9,42.17,2000
346.5,14,35.52,-750
346.5,15,41.37,-2750
346.5,17,35.11,-4000
346.5,18,43.3,250
346.5,21,37.78,250
346.5,22,42.6,1500
346.5,27,40.2,-250
346.5,28,35.06,-2000
346.5,29,39.52,-3500
347.0,1,35.64,-3750
347.0,3,41.23,1250
347.0,6,40.62,1000
347.0,9,41.05,1750
347.0,12,36.0,4250
347.0,13,35.83,-3750
347.0,15,43.2,-2750
347.0,18,42.92,250
347.0,21,38.65,250
347.0,22,41.4,1500
347.0,27,38.35,-250
347.0,29,37.16,-3500
347.5,2,35.22,-2250
347.5,3,40.49,1250
347.5,6,39.05,1000
347.5,9,42.46,2000
347.5,14,36.73,-5000
347.5,15,41.79,-2750
347.5,18,43.25,250
347.5,21,38.79,250
347.5,22,41.94,1500
347.5,25,35.78,4000
347.5,27,39.04,-250
347.5,29,38.68,-3500
348.0,3,38.23,1250
348.0,4,35.36,-4250
348.0,6,37.23,1000
348.0,9,41.46,2000
348.0,14,35.13,0
348.0,15,42.84,-2750
348.0,18,42.65,250
348.0,21,36.51,250
348.0,22,42.36,1500
348.0,27,38.95,-250
348.0,28,35.24,1750
348.0,29,37.75,-3500
348.0,30,35.78,-3250
348.5,3,40.07,1250
348.5,6,39.1,1000
348.5,9,41.17,2000
348.5,14,36.3,3000
348.5,15,42.61,-2750
348.5,18,42.69,250
348.5,21,37.89,250
348.5,22,42.57,1500
348.5,23,35.14,5250
348.5,27,38.25,-250
348.5,29,38.09,-3500
348.5,31,35.29,250
349.0,1,35.48,500
349.0,3,37.99,1250
349.0,6,39.66,1000
349.0,9,41.61,2000
349.0,10,35.06,250
349.0,15,43.06,-2750
349.0,17,35.44,5250
349.0,18,42.26,250
349.0,21,39.07,250
349.0,22,41.86,1500
349.0,27,39.18,-250
349.0,29,39.76,-3500
349.0,31,35.06,500
349.5,3,39.34,1250
349.5,6,39.29,1000
349.5,9,41.08,1750
349.5,14,35.17,3000
349.5,15,42.73,-2750
349.5,18,43.36,250
349.5,21,37.74,250
349.5,22,42.87,1500
349.5,24,35.09,-4750
349.5,27,38.4,-250
349.5,29,38.56,-3500
349.5,31,35.07,-6000
350.0,3,38.89,1250
350.0,6,37.19,1000
350.0,7,36.15,-1750
350.0,9,41.83,2000
350.0,13,35.32,5250
350.0,15,42.09,-2750
350.0,18,43.55,250
350.0,21,36.43,250
350.0,22,42.39,1500
350.0,23,35.03,-4750
350.0,27,38.36,-250
350.0,29,40.68,-3500
350.0,32,35.39,-4500
350.5,3,40.15,1250
350.5,5,35.58,4250
350.5,6,36.48,1000
350.5,9,40.27,2000
350.5,10,35.35,-750
350.5,14,35.25,3000
350.5,15,42.54,-2750
350.5,18,42.13,250
350.5,21,40.16,250
350.5,22,42.84,1500
350.5,27,38.04,-250
350.5,28,35.16,-750
350.5,29,38.34,-3500
350.5,31,35.4,1250
351.0,1,35.21,250
351.0,3,40.14,1250
351.0,6,38.56,1000
351.0,9,40.26,2000
351.0,15,42.47,-2750
351.0,18,43.13,250
351.0,21,39.77,250
351.0,22,41.02,1500
351.0,27,39.66,-250
351.0,29,38.91,-3500
351.5,3,39.95,1250
351.5,6,37.88,1000
351.5,9,40.55,2000
351.5,15,43.19,-2750
351.5,16,35.67,-4500
351.5,18,43.02,250
351.5,21,38.34,250
351.5,22,42.9,1500
351.5,27,39.47,-250
351.5,29,37.93,-3500
352.0,3,39.44,1250
352.0,4,35.03,-4500
352.0,6,39.42,1000
352.0,8,35.36,4250
352.0,9,41.23,2000
352.0,15,42.25,-2750
352.0,18,43.76,250
352.0,21,37.43,250
352.0,22,42.52,1500
352.0,27,38.56,-250
352.0,28,35.13,3250
352.0,29,36.28,-3500
352.5,3,40.95,1250
352.5,6,37.54,1000
352.5,9,40.36,2000
352.5,11,35.03,-3750
352.5,12,35.95,-1250
352.5,15,43.08,-2750
352.5,18,43.35,250
352.5,21,37.13,250
352.5,22,43.35,1500
352.5,24,35.0,-3500
352.5,27,39.86,-250
352.5,29,38.48,-3500
353.0,3,39.72,1250
353.0,6,36.62,1000
353.0,9,42.17,2000
353.0,15,43.02,-2750
353.0,18,43.37,250
353.0,21,37.46,250
353.0,22,41.04,1500
353.0,23,35.68,0
353.0,27,39.45,-250
353.0,29,39.49,-3500
353.0,31,36.14,2000
353.5,3,39.21,1250
353.5,4,35.06,2250
353.5,6,38.72,1000
353.5,9,41.66,2000
353.5,15,42.98,-2750
353.5,18,43.03,250
353.5,21,39.44,250
353.5,22,42.09,1500
353.5,26,35.57,1000
353.5,27,38.17,-250
353.5,29,38.08,-3500
354.0,3,39.55,1250
354.0,6,38.39,1000
354.0,9,41.31,2000
354.0,15,42.34,-2750
354.0,18,43.69,250
354.0,21,37.68,250
354.0,22,43.07,1500
354.0,23,35.28,-2750
354.0,27,36.53,-250
354.0,29,38.47,-3500
354.5,3,38.85,1250
354.5,6,37.91,1000
354.5,7,35.6,-500
354.5,9,40.85,2000
354.5,14,35.42,3000
354.5,15,41.88,-2750
354.5,18,42.58,250
354.5,21,38.53,250
354.5,22,43.14,1500
354.5,27,35.74,-250
354.5,29,38.21,-3500
355.0,3,39.33,1250
355.0,6,38.46,1000
355.0,9,39.82,2000
355.0,14,36.11,3000
355.0,15,42.2,-2750
355.0,18,42.17,250
355.0,21,37.19,250
355.0,22,41.82,1500
355.0,27,38.84,-250
355.0,29,39.75,-3500
355.0,30,35.74,250
355.5,3,39.42,1250
355.5,6,38.21,1000
355.5,8,35.82,250
355.5,9,40.45,1750
355.5,14,36.83,3000
355.5,15,43.6,-2750
355.5,18,42.57,250
355.5,21,39.7,250
355.5,22,42.97,1500
355.5,27,38.76,-250
355.5,29,37.6,-3500
356.0,3,39.92,1250
356.0,6,37.59,1000
356.0,9,41.68,2000
356.0,11,35.15,-4500
356.0,15,42.55,-2750
356.0,17,35.45,-500
356.0,18,42.92,250
356.0,21,38.44,250
356.0,22,42.89,1500
356.0,27,40.51,-250
356.0,29,36.81,-3500
356.0,30,35.09,5500
356.5,3,37.2,1250
356.5,6,37.21,1000
356.5,9,41.04,1750
356.5,14,37.94,3000
356.5,15,42.32,-2750
356.5,18,42.46,250
356.5,21,38.6,250
356.5,22,42.92,1500
356.5,27,39.17,-250
356.5,29,37.29,-3500
356.5,32,35.23,5250
357.0,3,36.1,1250
357.0,6,38.74,1000
357.0,9,40.87,2000
357.0,14,37.56,3000
357.0,15,42.96,-2750
357.0,18,42.55,250
357.0,21,37.13,250
357.0,22,43.41,1500
357.0,24,35.21,-3250
357.0,27,37.98,-250
357.0,29,36.21,-3500
357.5,3,36.11,1250
357.5,6,37.43,1000
357.5,9,42.12,2000
357.5,14,37.46,3000
357.5,15,42.68,-2750
357.5,18,43.69,250
357.5,19,37.23,5500
357.5,21,37.47,250
357.5,22,43.66,1500
357.5,24,35.08,-4750
357.5,25,35.08,1500
357.5,27,39.66,-250
357.5,29,38.24,-3500
358.0,3,37.7,1250
358.0,6,38.46,1000
358.0,9,40.88,2000
358.0,14,37.6,3000
358.0,15,43.16,-2750
358.0,16,35.1,4000
358.0,18,43.14,250
358.0,19,35.01,-1000
358.0,21,39.33,250
358.0,22,42.25,1500
358.0,27,40.71,-250
358.0,29,39.22,-3500
358.0,30,35.03,5000
358.5,3,38.38,1250
358.5,6,39.6,1000
358.5,8,35.25,-5750
358.5,9,41.62,2000
358.5,14,36.41,3000
358.5,15,42.49,-2750
358.5,18,42.29,250
358.5,21,38.85,250
358.5,22,42.12,1500
358.5,27,39.16,-250
358.5,28,35.14,2250
359.0,3,37.55,1250
359.0,6,40.63,1000
359.0,9,39.37,2000
359.0,11,36.02,-5250
359.0,15,42.15,-2750
359.0,18,43.54,250
359.0,21,37.21,250
359.0,22,42.48,1500
359.0,24,35.59,-5250
359.0,27,39.42,-250
359.5,3,38.13,1250
359.5,5,35.03,-4500
359.5,6,39.54,1000
359.5,7,36.45,-1500
359.5,9,42.32,2000
359.5,11,35.94,-5250
359.5,14,37.63,3000
359.5,15,41.75,-2750
359.5,18,43.15,250
359.5,19,35.07,1750
359.5,21,39.6,250
359.5,22,42.52,1500
359.5,25,35.84,4750
359.5,27,36.68,-250
360.0,2,35.05,-3750
360.0,3,35.19,1250
360.0,6,38.35,1000
360.0,7,35.69,-1750
360.0,9,40.83,2000
360.0,15,42.63,-2750
360.0,16,35.35,0
360.0,18,43.05,250
360.0,19,35.21,2000
360.0,20,35.31,-2250
360.0,21,38.85,250
360.0,22,43.49,1500
360.0,27,39.49,-250
360.0,29,36.66,-3500
360.5,3,38.39,1250
360.5,6,39.63,1000
360.5,7,35.14,-4000
360.5,9,41.63,2000
360.5,14,36.71,3000
360.5,15,42.35,-2750
360.5,18,42.83,250
360.5,19,35.62,-2750
360.5,21,40.37,250
360.5,22,41.95,1500
360.5,25,36.5,-250
360.5,26,35.98,1000
360.5,27,39.29,-250
360.5,29,35.18,-3500
361.0,3,36.57,1250
361.0,6,38.43,1000
361.0,9,40.77,2000
361.0,12,35.51,-5750
361.0,15,42.86,-2750
361.0,16,35.16,-3750
361.0,18,42.69,250
361.0,19,35.16,4250
361.0,21,37.82,250
361.0,22,43.35,1500
361.0,27,39.16,-250
361.0,29,38.98,-3500
361.5,3,37.49,1250
361.5,6,38.5,1000
361.5,7,35.09,-2000
361.5,9,41.27,2000
361.5,14,35.99,3000
361.5,15,43.4,-2750
361.5,18,42.64,250
361.5,19,35.76,-750
361.5,21,39.64,250
361.5,22,41.56,1500
361.5,27,37.68,-250
361.5,28,35.27,-2000
361.5,29,39.27,-3500
362.0,3,38.5,1250
362.0,6,38.05,1000
362.0,7,35.06,-3750
362.0,8,35.69,4250
362.0,9,41.76,2000
362.0,14,36.61,3000
362.0,15,43.99,-2750
362.0,16,35.48,-750
362.0,18,44.39,250
362.0,21,39.59,250
362.0,22,42.93,1500
362.0,27,38.94,-250
362.0,29,38.92,-3500
362.5,3,38.31,1250
362.5,6,36.73,1000
362.5,9,39.61,2000
362.5,14,36.85,3000
362.5,15,43.02,-2750
362.5,18,42.38,250
362.5,21,38.97,250
362.5,22,41.09,1500
362.5,27,40.96,-250
362.5,29,38.36,-3500
363.0,3,37.98,1250
363.0,6,38.18,1000
363.0,9,42.55,2000
363.0,14,37.02,3000
363.0,15,42.76,-2750
363.0,18,43.31,250
363.0,21,39.36,250
363.0,22,41.48,1500
363.0,27,41.14,-250
363.0,29,39.12,-3500
363.5,2,35.11,500
363.5,3,37.56,1250
363.5,6,35.74,1000
363.5,9,41.92,2000
363.5,10,35.05,-3750
363.5,14,38.65,3000
363.5,15,41.74,-2750
363.5,18,42.55,250
363.5,21,38.56,250
363.5,22,41.83,1500
363.5,24,35.76,-4000
363.5,27,39.89,-250
363.5,29,36.98,-3500
364.0,3,35.33,1250
364.0,4,35.29,2750
364.0,6,38.91,1000
364.0,9,39.2,2000
364.0,14,35.19,-3000
364.0,15,42.84,-2750
364.0,18,43.26,250
364.0,20,35.49,1250
364.0,21,36.67,250
364.0,22,41.36,1500
364.0,27,38.79,-250
364.0,29,38.09,-3500
364.5,2,35.65,750
364.5,4,35.01,3500
364.5,6,38.14,1000
364.5,9,42.63,1750
364.5,10,35.03,-1000
364.5,14,37.17,3000
364.5,15,43.17,-2750
364.5,18,40.29,250
364.5,19,35.45,-1500
364.5,21,36.67,0
364.5,22,44.04,1500
364.5,25,35.04,-250
364.5,27,39.48,-250
364.5,29,37.73,-3500
364.5,30,35.17,-750
364.5,32,35.6,5250
365.0,3,35.79,1250
365.0,6,36.32,1000
365.0,9,41.73,1750
365.0,13,35.35,5250
365.0,15,39.55,-2750
365.0,18,43.64,250
365.0,21,38.33,250
365.0,22,43.52,1500
365.0,23,35.39,-3250
365.0,24,35.56,3500
365.0,27,38.5,-250
365.0,29,38.86,-3500
365.0,30,35.36,-3250
365.5,1,35.1,-2000
365.5,8,35.67,3250
365.5,9,41.64,2000
365.5,12,35.06,-4500
365.5,14,38.24,3250
365.5,15,41.81,-2750
365.5,18,43.12,250
365.5,21,40.48,250
365.5,22,42.99,1500
365.5,25,36.25,-5750
365.5,26,35.84,5250
365.5,27,40.62,-250
365.5,29,38.13,-3500
366.0,6,37.95,1000
366.0,7,35.26,500
366.0,9,39.24,2000
366.0,10,35.19,5000
366.0,14,35.83,3250
366.0,15,42.93,-2750
366.0,17,35.15,-5750
366.0,18,43.32,250
366.0,21,39.0,250
366.0,22,42.98,1500
366.0,26,35.14,-2750
366.0,27,39.55,-250
366.0,29,38.78,-3500
366.5,3,35.42,3500
366.5,6,38.43,1000
366.5,9,38.93,2000
366.5,11,35.38,-4500
366.5,13,36.2,-4250
366.5,14,38.53,3250
366.5,15,41.59,-2750
366.5,18,42.88,250
366.5,19,35.04,3500
366.5,21,40.71,250
366.5,22,43.09,1500
366.5,24,35.81,-5750
366.5,25,35.1,1250
366.5,27,38.46,-250
366.5,29,38.24,-3500
367.0,9,41.48,1750
367.0,14,36.26,3250
367.0,15,42.22,-2750
367.0,17,35.13,1250
367.0,18,42.48,250
367.0,21,38.75,250
367.0,22,42.21,1500
367.0,24,35.12,-2750
367.0,27,39.26,-250
367.0,28,35.3,-4500
367.0,29,36.69,-3500
367.5,6,38.24,1000
367.5,9,39.52,2000
367.5,11,36.31,-6000
367.5,14,37.64,3250
367.5,15,42.56,-2750
367.5,18,43.1,250
367.5,21,37.94,250
367.5,22,43.58,1500
367.5,27,38.66,-250
367.5,29,38.45,-3500
368.0,3,35.56,-3000
368.0,6,39.47,1000
368.0,9,40.71,1750
368.0,13,35.35,4000
368.0,14,36.0,3250
368.0,15,42.21,-2750
368.0,18,43.76,250
368.0,21,37.51,250
368.0,22,43.83,1500
368.0,27,38.96,-250
368.0,29,37.67,-3500
368.5,2,35.2,-750
368.5,3,35.42,-1500
368.5,6,36.04,1000
368.5,7,35.28,2000
368.5,9,39.0,1750
368.5,12,35.31,2250
368.5,13,35.41,-5250
368.5,14,36.13,3250
368.5,15,40.01,-2750
368.5,18,43.07,250
368.5,21,39.17,250
368.5,22,44.02,1500
368.5,27,40.49,-250
368.5,28,36.04,-2000
368.5,29,37.11,-3500
368.5,31,35.13,-5000
368.5,32,35.23,-4750
369.0,2,35.8,5000
369.0,3,35.72,1250
369.0,6,37.76,1000
369.0,9,38.14,1750
369.0,14,36.65,3250
369.0,15,41.56,-2750
369.0,18,43.12,250
369.0,21,39.01,250
369.0,22,43.18,1500
369.0,27,39.1,-250
369.0,29,36.83,-3500
369.5,9,40.21,1750
369.5,14,35.87,3000
369.5,15,42.05,-2750
369.5,18,43.63,250
369.5,19,35.85,-5250
369.5,21,37.04,250
369.5,22,42.69,1500
369.5,27,40.34,-250
369.5,29,38.12,-3500
370.0,3,35.13,1250
370.0,4,35.13,3000
370.0,6,37.16,1000
370.0,7,35.16,1250
370.0,9,40.74,1750
370.0,11,35.63,-5500
370.0,12,35.06,250
370.0,13,35.12,0
370.0,15,40.86,-2750
370.0,16,35.1,-500
370.0,18,43.4,250
370.0,21,35.53,250
370.0,22,43.7,1500
370.0,27,36.04,-250
370.0,29,39.36,-3500
370.5,6,35.27,1000
370.5,7,35.41,4750
370.5,9,41.6,1750
370.5,11,35.0,-2500
370.5,14,37.38,3000
370.5,15,40.46,-2750
370.5,18,43.07,250
370.5,20,35.19,-5000
370.5,21,38.46,250
370.5,22,43.39,1500
370.5,27,36.57,-250
370.5,29,35.87,-3500
371.0,3,36.68,1250
371.0,6,41.07,1000
371.0,9,39.2,2000
371.0,11,35.71,1250
371.0,14,36.99,3250
371.0,15,38.59,-2750
371.0,17,35.21,250
371.0,18,42.98,250
371.0,21,38.37,0
371.0,22,42.89,1500
371.0,24,35.25,-5500
371.0,27,36.84,-250
371.0,29,38.94,-3500
371.5,2,35.37,-1500
371.5,3,36.22,1250
371.5,6,40.79,1000
371.5,7,36.04,-2750
371.5,9,40.93,1750
371.5,14,35.63,3000
371.5,15,41.17,-2750
371.5,16,35.02,-5000
371.5,18,43.48,250
371.5,21,38.54,250
371.5,22,43.59,1500
371.5,23,35.72,3000
371.5,27,39.17,-250
371.5,29,36.27,-3500
372.0,6,39.78,1000
372.0,9,41.92,1750
372.0,15,40.13,-2750
372.0,18,44.2,250
372.0,20,35.01,-3000
372.0,21,39.14,250
372.0,22,43.09,1500
372.0,26,35.06,-750
372.0,27,36.54,-250
372.0,29,36.77,-3500
372.5,3,35.28,1250
372.5,6,35.31,1000
372.5,8,35.34,2250
372.5,9,39.78,1750
372.5,12,35.56,1000
372.5,15,41.2,-3000
372.5,18,43.92,250
372.5,19,35.35,-2750
372.5,21,38.75,250
372.5,22,41.92,1500
372.5,27,36.76,-250
372.5,29,37.71,-3500
372.5,31,35.44,-4000
373.0,3,37.38,1250
373.0,6,36.05,1000
373.0,9,40.77,1750
373.0,10,35.04,5750
373.0,14,39.26,3250
373.0,15,41.06,-2750
373.0,18,41.43,250
373.0,19,35.36,0
373.0,21,39.25,250
373.0,22,41.58,1500
373.0,27,38.59,-250
373.0,29,40.75,-3500
373.5,2,35.1,5500
373.5,6,39.61,1000
373.5,8,35.31,-6000
373.5,9,41.07,1750
373.5,14,38.14,3250
373.5,15,40.11,-2750
373.5,18,41.82,250
373.5,21,38.59,250
373.5,22,44.22,1500
373.5,27,38.63,-250
373.5,29,37.92,-3500
374.0,3,36.43,1250
374.0,6,40.54,1000
374.0,9,40.02,1750
374.0,12,35.21,4750
374.0,14,36.44,3250
374.0,15,38.78,-2750
374.0,18,44.06,250
374.0,21,36.43,250
374.0,22,43.0,1500
374.0,23,35.13,-5250
374.0,25,36.14,-4750
374.0,26,35.94,-6000
374.0,27,39.04,-250
374.0,29,37.57,-3500
374.5,3,36.85,1250
374.5,6,39.08,1000
374.5,7,35.42,4500
374.5,9,40.92,1750
374.5,12,35.34,-1250
374.5,14,37.31,3000
374.5,15,38.79,-3000
374.5,18,43.65,250
374.5,21,40.34,250
374.5,22,43.18,1500
374.5,23,35.28,3250
374.5,27,37.09,-250
374.5,29,36.97,-3500
374.5,30,35.65,-250
374.5,31,35.28,3000
375.0,3,35.33,1250
375.0,5,35.14,-6000
375.0,6,35.95,1000
375.0,9,40.59,1750
375.0,13,35.35,500
375.0,14,35.54,3250
375.0,15,38.3,-2750
375.0,18,42.76,250
375.0,19,36.0,-1500
375.0,21,37.7,0
375.0,22,43.81,1500
375.0,24,35.07,-3000
375.0,27,37.94,-250
375.0,29,36.89,-3500
375.5,2,35.53,-3500
375.5,6,40.58,1000
375.5,9,39.5,1750
375.5,13,35.7,5750
375.5,14,36.91,3250
375.5,15,37.51,-2750
375.5,16,35.25,-1000
375.5,18,42.87,250
375.5,21,39.55,250
375.5,22,43.88,1500
375.5,25,35.18,500
375.5,27,37.51,-250
375.5,29,35.8,-3500
375.5,30,35.07,-3750
376.0,6,35.07,-1000
376.0,9,40.94,1750
376.0,11,35.07,0
376.0,14,39.28,3250
376.0,15,39.77,-3000
376.0,16,35.39,2000
376.0,18,44.17,250
376.0,21,39.02,250
376.0,22,36.3,1500
376.0,25,35.19,2000
376.0,27,38.35,-250
376.0,29,38.65,-3500
376.5,5,35.12,-6000
376.5,6,35.37,250
376.5,8,35.37,-2250
376.5,9,41.09,1750
376.5,10,35.14,5000
376.5,11,35.57,750
376.5,14,38.87,3250
376.5,15,39.55,-2750
376.5,18,43.65,250
376.5,20,35.23,4250
376.5,21,39.71,250
376.5,22,42.13,1500
376.5,27,39.81,-250
376.5,29,37.32,-3500
377.0,1,35.0,-5500
377.0,6,35.42,1000
377.0,9,37.82,1750
377.0,13,35.61,5500
377.0,14,41.37,3250
377.0,15,38.61,-3000
377.0,18,43.55,250
377.0,21,39.89,0
377.0,22,42.87,1500
377.0,27,38.99,-250
377.0,29,37.55,-3500
377.5,2,35.27,-4750
377.5,6,40.43,1000
377.5,9,38.82,1750
377.5,14,39.61,3250
377.5,15,40.02,-2750
377.5,16,35.28,-2750
377.5,18,42.88,250
377.5,21,38.24,250
377.5,22,44.21,1500
377.5,27,38.38,-250
377.5,29,37.78,-3500
377.5,30,35.3,2500
378.0,9,41.86,1750
378.0,11,35.39,1500
378.0,14,41.53,3000
378.0,15,37.48,-2750
378.0,18,44.18,250
378.0,21,39.76,250
378.0,22,40.3,1500
378.0,27,35.98,-250
378.0,29,37.16,-3500
378.0,30,35.01,500
378.0,31,35.14,-5750
378.5,6,39.99,1000
378.5,7,35.43,5000
378.5,9,36.39,1750
378.5,11,35.98,-5500
378.5,14,40.33,3250
378.5,15,37.87,-3000
378.5,18,44.25,250
378.5,21,38.57,0
378.5,22,43.01,1500
378.5,24,35.63,1000
378.5,25,35.54,500
378.5,27,38.35,-250
378.5,29,37.43,-3500
379.0,3,35.32,-4250
379.0,9,42.99,1750
379.0,14,37.72,3250
379.0,15,41.32,-2750
379.0,18,42.88,250
379.0,21,39.07,250
379.0,22,43.15,1500
379.0,27,38.62,-250
379.0,28,35.19,-5000
379.0,29,37.7,-3500
379.0,31,35.03,-5000
379.5,6,37.32,1000
379.5,9,40.09,1750
379.5,10,35.05,-4750
379.5,14,40.03,3250
379.5,15,40.19,-2750
379.5,16,35.07,-3500
379.5,18,41.93,250
379.5,21,39.74,250
379.5,22,43.47,1500
379.5,26,35.56,-4500
379.5,27,36.95,-250
379.5,29,36.73,-3500
379.5,30,35.02,-6000
379.5,32,35.49,5000
380.0,2,35.36,2750
380.0,3,35.15,5000
380.0,4,35.21,-750
380.0,6,36.97,1000
380.0,9,38.69,1750
380.0,12,35.09,4250
380.0,14,39.15,3250
380.0,15,40.61,-2750
380.0,18,43.57,250
380.0,21,39.22,250
380.0,22,42.06,1500
380.0,26,35.02,-5750
380.0,27,37.17,-250
380.0,29,37.51,-3500
380.0,31,36.08,0
380.0,32,35.05,1250
380.5,7,35.06,1500
380.5,9,37.71,1750
380.5,14,37.39,3250
380.5,15,41.46,-3000
380.5,16,35.11,4000
380.5,18,42.52,250
380.5,20,35.1,-4000
380.5,21,39.85,250
380.5,22,43.34,1500
380.5,24,35.21,-5000
380.5,26,35.59,4000
380.5,27,39.36,-250
380.5,29,35.81,-3500
380.5,31,35.52,-2250
381.0,4,35.14,-2250
381.0,6,37.43,1000
381.0,9,39.2,1750
381.0,13,35.2,-5750
381.0,14,36.93,3250
381.0,15,40.77,-2750
381.0,17,35.1,-2500
381.0,18,43.39,250
381.0,21,39.3,0
381.0,22,42.51,1500
381.0,24,35.07,1250
381.0,26,35.14,-5750
381.0,27,39.73,-250
381.0,29,36.28,-3500
381.5,6,39.61,1000
381.5,9,39.8,1750
381.5,13,35.45,3500
381.5,14,36.82,3250
381.5,15,39.89,-3000
381.5,18,42.68,250
381.5,21,38.68,0
381.5,22,42.98,1500
381.5,29,37.64,-3500
381.5,31,35.12,-3750
382.0,6,39.39,1000
382.0,9,40.47,1750
382.0,14,39.62,3250
382.0,15,39.9,-3000
382.0,18,42.47,250
382.0,21,38.24,250
382.0,22,44.86,1500
382.0,25,35.24,4000
382.0,27,38.38,-250
382.0,29,35.32,4250
382.0,30,35.41,250
382.5,1,35.49,250
382.5,6,39.32,1000
382.5,8,35.02,5250
382.5,9,40.43,1750
382.5,14,37.37,3250
382.5,15,39.93,-3000
382.5,18,43.47,250
382.5,20,35.0,2250
382.5,21,37.99,250
382.5,22,43.46,1500
382.5,25,35.01,-1750
382.5,27,35.76,-250
382.5,29,36.77,-3500
383.0,6,38.36,1000
383.0,9,36.86,1750
383.0,14,38.08,3250
383.0,15,40.86,-3000
383.0,18,43.2,250
383.0,21,37.44,250
383.0,22,44.64,1500
383.0,27,37.56,-250
383.0,29,35.88,-3500
383.5,1,35.24,-1750
383.5,6,40.29,1000
383.5,9,38.54,1750
383.5,10,36.07,1000
383.5,15,39.43,-2750
383.5,17,35.31,-4000
383.5,18,43.47,250
383.5,21,39.29,250
383.5,22,43.92,1500
383.5,27,38.65,-250
383.5,29,35.75,-3500
384.0,6,38.73,1000
384.0,9,37.71,1750
384.0,13,35.38,-2500
384.0,14,35.28,500
384.0,15,40.81,-2750
384.0,18,44.1,250
384.0,21,36.59,250
384.0,22,43.78,1500
384.0,27,36.73,-250
384.0,28,35.53,-1750
384.0,31,35.23,5500
384.5,2,35.13,1500
384.5,6,35.6,1000
384.5,8,35.24,4750
384.5,9,43.56,1750
384.5,14,37.15,3250
384.5,15,40.93,-2750
384.5,18,41.2,250
384.5,21,39.59,250
384.5,22,44.1,1500
384.5,27,39.12,-250
384.5,29,36.5,-3500
384.5,32,35.13,500
385.0,5,35.29,2000
385.0,6,36.96,1000
385.0,14,37.48,3250
385.0,15,40.3,-2750
385.0,18,43.76,250
385.0,21,38.33,250
385.0,22,43.79,1500
385.0,27,38.47,-250
385.0,29,36.59,-3500
385.5,5,36.0,4000
385.5,6,38.87,1000
385.5,7,35.49,4500
385.5,9,37.99,2000
385.5,10,35.51,-6000
385.5,14,37.46,3250
385.5,15,40.93,-3000
385.5,18,43.98,250
385.5,21,40.11,250
385.5,22,39.77,1500
385.5,24,35.53,250
385.5,26,35.91,4250
385.5,27,39.25,-250
385.5,28,35.95,-1000
385.5,29,37.39,-3500
385.5,30,35.12,250
386.0,9,40.41,1750
386.0,11,35.3,5250
386.0,14,39.37,3250
386.0,15,41.9,-3000
386.0,18,43.38,250
386.0,21,37.55,0
386.0,22,41.25,1500
386.0,25,35.09,-3250
386.0,27,37.15,-250
386.0,29,39.03,-3500
386.0,32,35.22,-3750
386.5,6,37.84,1000
386.5,9,38.89,1750
386.5,14,36.53,3250
386.5,15,41.53,-2750
386.5,17,35.91,-750
386.5,18,43.41,250
386.5,19,35.97,-4500
386.5,21,36.43,250
386.5,22,43.78,1500
386.5,26,35.17,-750
386.5,27,41.08,-250
386.5,29,35.22,-3750
387.0,4,35.26,5500
387.0,9,39.66,1750
387.0,10,35.17,1250
387.0,12,35.29,5000
387.0,14,37.33,3250
387.0,15,41.46,-2750
387.0,18,42.79,250
387.0,19,35.1,-1500
387.0,21,38.25,250
387.0,22,43.34,1500
387.0,26,35.6,0
387.0,27,36.67,-250
387.0,29,38.5,-3500
387.5,8,35.45,3750
387.5,9,39.52,1750
387.5,14,38.16,3250
387.5,15,42.18,-2750
387.5,17,35.54,-6000
387.5,18,44.41,250
387.5,21,36.79,250
387.5,22,42.28,1500
387.5,24,35.3,2250
387.5,26,35.34,4250
387.5,27,40.01,-250
387.5,30,35.23,-3500
387.5,32,35.1,-4500
388.0,4,35.38,-3500
388.0,6,37.2,1000
388.0,7,35.36,-4250
388.0,9,40.65,1750
388.0,12,35.48,-4250
388.0,14,36.12,3250
388.0,15,40.98,-2750
388.0,18,43.38,250
388.0,19,35.15,1750
388.0,21,38.95,0
388.0,22,40.53,1500
388.0,25,35.24,-2500
388.0,27,40.05,-250
388.0,29,37.5,-3500
388.5,4,35.28,3250
388.5,6,38.03,1000
388.5,9,39.73,1750
388.5,14,36.85,3250
388.5,15,41.79,-2750
388.5,18,43.08,250
388.5,21,39.16,250
388.5,22,42.68,1500
388.5,26,35.07,4000
388.5,27,40.24,-250
388.5,29,35.57,-3500
389.0,9,43.49,1750
389.0,10,35.16,250
389.0,14,36.8,3250
389.0,15,41.15,-2750
389.0,18,43.37,250
389.0,21,40.5,250
389.0,22,41.93,1500
389.0,27,38.28,-250
389.0,29,36.98,-3500
389.0,30,35.14,4000
389.5,4,35.45,-3750
389.5,6,41.51,1000
389.5,9,38.09,2000
389.5,14,37.97,3250
389.5,15,39.46,-2750
389.5,18,42.02,250
389.5,21,36.41,250
389.5,22,43.97,1500
389.5,24,35.67,-3000
389.5,26,35.16,-1750
389.5,27,39.32,-250
389.5,29,37.82,-3500
389.5,31,35.13,-5500
390.0,3,36.8,1250
390.0,5,35.3,-2000
390.0,6,38.51,1000
390.0,9,42.58,1750
390.0,11,35.04,3500
390.0,14,35.69,3250
390.0,15,39.94,-2750
390.0,16,35.22,5250
390.0,18,41.75,250
390.0,19,35.23,4250
390.0,21,37.35,250
390.0,22,44.21,1500
390.0,26,35.53,500
390.0,27,37.96,-250
390.5,6,35.14,250
390.5,9,41.92,1750
390.5,14,37.57,3250
390.5,15,40.73,-2750
390.5,16,35.16,-3000
390.5,18,43.32,250
390.5,20,35.61,3750
390.5,21,39.34,0
390.5,22,43.73,1500
390.5,27,38.79,-250
390.5,29,38.05,-3500
391.0,3,35.1,-5500
391.0,6,38.96,1000
391.0,8,35.23,3250
391.0,9,41.36,1750
391.0,10,36.5,-500
391.0,12,35.01,-3750
391.0,14,35.96,3250
391.0,15,40.69,-2750
391.0,16,35.02,1250
391.0,18,43.25,250
391.0,21,38.48,250
391.0,22,43.33,1500
391.0,27,37.34,-250
391.0,28,35.92,3000
391.0,29,37.04,-3500
391.5,5,35.4,-2500
391.5,6,39.01,1000
391.5,9,43.3,1750
391.5,14,36.45,3250
391.5,15,41.29,-2750
391.5,18,43.91,250
391.5,21,39.3,0
391.5,22,39.83,1500
391.5,23,35.5,4500
391.5,26,35.35,2500
391.5,27,40.38,-250
391.5,29,38.14,-3500
392.0,9,39.93,1750
392.0,14,37.16,3250
392.0,15,40.2,-2750
392.0,18,44.46,250
392.0,20,35.31,250
392.0,21,41.45,250
392.0,22,39.2,1500
392.0,24,35.12,250
392.0,27,41.14,-250
392.0,29,38.45,-3500
392.5,9,41.07,1750
392.5,14,37.8,3250
392.5,15,40.03,-2750
392.5,17,35.6,-2750
392.5,18,43.64,250
392.5,20,35.0,-4500
392.5,21,38.0,0
392.5,22,44.59,1500
392.5,24,35.18,-5000
392.5,27,40.0,-250
392.5,29,37.37,-3500
393.0,6,35.77,1000
393.0,9,42.71,1750
393.0,11,35.47,5250
393.0,14,38.71,3250
393.0,15,39.45,-2750
393.0,18,44.82,250
393.0,21,39.34,250
393.0,22,41.81,1500
393.0,27,38.53,-250
393.0,29,36.19,-3500
393.0,30,35.03,5000
393.0,31,35.08,1250
393.5,6,35.91,1000
393.5,9,40.07,1750
393.5,14,36.3,3250
393.5,15,39.72,-2750
393.5,18,42.66,250
393.5,19,35.51,-2000
393.5,20,35.8,4000
393.5,21,37.41,0
393.5,22,43.81,1500
393.5,27,39.75,-250
393.5,29,36.01,-3500
394.0,3,35.84,1250
394.0,6,39.97,1000
394.0,9,41.0,1750
394.0,14,38.21,3250
394.0,15,40.1,-2750
394.0,18,42.51,250
394.0,21,36.85,0
394.0,22,42.72,1500
394.0,27,38.03,-250
394.0,29,35.22,-3500
394.0,31,35.06,-5500
394.5,3,35.61,2250
394.5,6,39.33,1000
394.5,9,40.45,1750
394.5,13,35.43,-3500
394.5,14,37.37,3250
394.5,15,40.0,-2750
394.5,16,35.39,-3750
394.5,18,43.28,250
394.5,21,38.47,250
394.5,22,42.99,1500
394.5,27,35.01,-5750
394.5,29,37.62,-3500
395.0,6,40.08,1000
395.0,8,35.02,-2000
395.0,9,41.1,1750
395.0,11,35.45,4000
395.0,14,37.26,3250
395.0,15,40.51,-2750
395.0,17,35.16,1250
395.0,18,43.63,250
395.0,21,39.24,250
395.0,22,43.79,1500
395.0,23,35.52,-4250
395.0,27,37.52,-250
395.0,29,37.77,-3500
395.0,32,35.06,3250
395.5,3,36.85,1250
395.5,6,39.52,1000
395.5,7,35.2,0
395.5,9,39.82,1750
395.5,15,38.95,-2750
395.5,18,43.52,250
395.5,21,38.12,250
395.5,22,43.59,1500
395.5,23,35.4,1500
395.5,27,39.35,-250
395.5,29,37.38,-3500
395.5,31,35.29,250
396.0,2,35.59,-5000
396.0,6,37.53,1000
396.0,9,36.57,1750
396.0,13,35.13,5000
396.0,14,38.52,3250
396.0,15,40.21,-2750
396.0,18,42.22,250
396.0,21,38.9,0
396.0,22,44.24,1500
396.0,27,37.66,-250
396.0,29,36.01,-3500
396.0,32,35.49,3750
396.5,6,35.81,1000
396.5,8,35.2,-1000
396.5,9,42.84,1750
396.5,14,37.52,3250
396.5,15,40.42,-2750
396.5,18,42.54,250
396.5,19,35.78,-2500
396.5,21,39.82,250
396.5,22,44.11,1500
396.5,27,40.55,-250
396.5,29,37.57,-3500
397.0,6,37.35,1000
397.0,9,39.31,1750
397.0,14,39.31,3250
397.0,15,41.23,-2750
397.0,18,44.65,250
397.0,21,39.8,0
397.0,22,40.12,1500
397.0,25,35.22,-4000
397.0,27,37.88,-250
397.0,29,37.4,-3500
397.0,30,35.1,2750
397.5,5,35.18,1500
397.5,9,37.97,1750
397.5,10,35.29,-2500
397.5,11,35.26,1750
397.5,14,38.56,3250
397.5,15,40.1,-2750
397.5,18,43.72,250
397.5,21,37.39,250
397.5,22,42.06,1500
397.5,25,35.15,-4000
397.5,27,40.71,-250
397.5,28,36.12,4250
397.5,29,37.72,-3500
397.5,32,35.08,1000
398.0,3,35.6,-5500
398.0,6,37.42,1000
398.0,9,41.98,1750
398.0,10,35.17,1000
398.0,14,37.44,3000
398.0,15,40.24,-2750
398.0,17,35.65,-5000
398.0,18,43.9,250
398.0,21,39.49,250
398.0,22,38.89,1500
398.0,25,35.24,-3250
398.0,27,39.12,-250
398.0,29,37.32,-3500
398.0,32,35.04,250
398.5,4,36.05,750
398.5,6,36.32,-4250
398.5,9,41.39,1750
398.5,12,35.71,-2500
398.5,15,39.9,-3000
398.5,18,43.66,250
398.5,21,37.75,0
398.5,22,42.89,1500
398.5,27,40.06,-250
399.0,9,41.01,1750
399.0,15,41.05,-2750
399.0,16,35.06,0
399.0,18,44.5,250
399.0,21,38.44,250
399.0,22,37.85,1500
399.0,23,35.09,-3250
399.0,27,39.13,-250
399.0,29,38.29,-3500
399.0,30,35.47,-3750
399.0,32,36.14,-3000
399.5,3,35.55,-4250
399.5,4,35.02,-500
399.5,6,39.27,1000
399.5,9,41.46,1750
399.5,15,42.43,-2750
399.5,18,41.22,250
399.5,21,38.61,250
399.5,22,39.89,1500
399.5,24,35.71,-4000
399.5,25,35.15,-3750
399.5,27,40.25,-250
399.5,29,36.95,-3500
400.0,2,35.24,250
400.0,6,38.17,1000
400.0,7,35.1,3500
400.0,9,42.01,1750
400.0,14,37.31,3250
400.0,15,40.29,-3000
400.0,16,35.15,-1750
400.0,18,39.22,250
400.0,20,35.57,4250
400.0,21,39.54,0
400.0,22,41.98,1500
400.0,27,40.09,-250
400.0,29,38.97,-3500
400.5,1,35.67,-3500
400.5,4,35.06,1250
400.5,9,40.11,1750
400.5,14,37.06,3000
400.5,15,40.29,-2750
400.5,18,43.66,250
400.5,21,39.66,0
400.5,22,37.13,1500
400.5,26,35.75,3000
400.5,27,40.1,-250
400.5,29,35.87,4000
400.5,32,35.22,4000
401.0,6,35.83,1000
401.0,9,42.26,1750
401.0,14,39.66,3250
401.0,15,41.53,-3000
401.0,18,43.22,250
401.0,19,35.22,-3250
401.0,21,41.17,250
401.0,22,38.13,1500
401.0,27,38.52,-250
401.0,29,39.12,-3500
401.5,9,39.11,1750
401.5,14,39.68,3250
401.5,15,40.29,-2750
401.5,18,44.32,250
401.5,21,39.31,0
401.5,22,37.27,1500
401.5,27,39.29,-250
401.5,29,38.25,-3500
402.0,6,35.35,1000
402.0,9,39.02,2000
402.0,14,37.07,3250
402.0,15,41.52,-2750
402.0,17,35.04,-3250
402.0,18,44.07,250
402.0,19,35.09,3000
402.0,21,38.93,0
402.0,22,36.93,1500
402.0,27,37.77,-250
402.0,29,37.9,-3500
402.5,1,35.08,-1250
402.5,6,35.75,-750
402.5,9,40.73,1750
402.5,10,35.23,-4750
402.5,15,40.92,-2750
402.5,17,35.25,3000
402.5,18,44.79,250
402.5,20,35.1,2250
402.5,21,39.57,250
402.5,22,37.85,1500
402.5,25,35.62,-1000
402.5,26,35.18,3500
402.5,27,40.3,-250
402.5,29,37.27,-3500
402.5,30,35.52,5500
403.0,3,35.53,5500
403.0,6,37.3,1000
403.0,9,41.07,1750
403.0,10,35.35,5250
403.0,11,35.25,3500
403.0,14,38.42,3250
403.0,15,41.25,-2750
403.0,17,35.13,-4000
403.0,18,40.79,250
403.0,21,40.48,250
403.0,22,39.52,1500
403.0,24,35.23,4500
403.0,25,35.05,2250
403.0,27,39.44,-250
403.0,29,39.09,-3500
403.5,6,35.12,1000
403.5,9,42.05,1750
403.5,11,35.09,-5000
403.5,14,38.22,3250
403.5,15,41.82,-2750
403.5,18,43.08,250
403.5,21,40.23,0
403.5,22,41.36,1500
403.5,27,39.12,-250
403.5,29,37.72,-3500
403.5,32,35.54,3750
404.0,1,35.42,-2500
404.0,9,40.7,1750
404.0,12,35.18,5750
404.0,14,36.46,3250
404.0,15,41.05,-2750
404.0,18,42.11,250
404.0,21,40.26,250
404.0,27,41.86,-250
404.0,28,35.41,-1750
404.0,29,40.76,-3500
404.5,6,35.41,3000
404.5,8,35.49,-3000
404.5,9,39.92,1750
404.5,14,36.0,3000
404.5,15,42.66,-2750
404.5,17,35.39,1000
404.5,18,44.55,250
404.5,21,38.41,0
404.5,22,38.98,1500
404.5,27,39.09,-250
404.5,29,38.12,-3500
404.5,31,35.08,-1750
405.0,6,36.39,1000
405.0,9,41.84,1750
405.0,13,35.6,-2250
405.0,14,36.15,3250
405.0,15,41.44,-3000
405.0,18,43.55,250
405.0,21,40.81,250
405.0,22,37.22,1500
405.0,27,39.7,-250
405.0,29,36.96,-3500
405.0,31,35.33,0
405.5,6,38.49,1000
405.5,9,41.79,1750
405.5,14,35.11,3250
405.5,15,41.45,-2750
405.5,18,44.79,250
405.5,21,39.17,0
405.5,22,36.09,1500
405.5,27,38.8,-250
405.5,29,35.77,-3500
406.0,6,35.74,1000
406.0,8,35.74,-1500
406.0,9,41.66,1750
406.0,14,36.14,3250
406.0,15,42.27,-2750
406.0,18,44.16,250
406.0,21,40.66,0
406.0,22,36.76,1500
406.0,27,38.92,-250
406.0,29,36.31,-3500
406.0,31,35.04,5000
406.5,2,35.49,2000
406.5,6,35.88,1000
406.5,8,35.21,5000
406.5,9,40.07,1750
406.5,14,37.55,3250
406.5,15,40.7,-2750
406.5,18,44.14,250
406.5,19,35.17,-3000
406.5,21,39.72,0
406.5,22,40.39,1500
406.5,23,35.91,-5500
406.5,27,38.94,-250
406.5,29,37.08,-3500
407.0,2,35.3,-3250
407.0,5,35.59,-1750
407.0,6,36.4,1000
407.0,9,40.35,1750
407.0,14,35.29,3250
407.0,15,42.39,-2750
407.0,18,43.27,250
407.0,19,35.3,-2500
407.0,21,39.2,250
407.0,22,42.09,1500
407.0,24,35.52,1500
407.0,27,37.6,-250
407.0,29,37.57,-3500
407.5,6,35.05,3250
407.5,9,41.56,1750
407.5,12,35.26,2000
407.5,14,35.89,-3500
407.5,15,38.47,-2750
407.5,18,43.6,250
407.5,21,37.75,250
407.5,22,44.29,1500
407.5,23,35.46,3000
407.5,27,38.68,-250
407.5,28,35.43,-2250
407.5,29,37.8,-3500
408.0,1,35.2,1250
408.0,2,35.76,-6000
408.0,4,35.13,-3750
408.0,6,38.05,1000
408.0,7,35.1,-750
408.0,9,40.9,1750
408.0,14,36.08,3250
408.0,15,41.18,-2750
408.0,18,44.42,250
408.0,21,37.49,250
408.0,22,43.19,1500
408.0,26,35.44,-2750
408.0,27,39.48,-250
408.0,29,35.22,-3500
408.5,3,37.06,1250
408.5,6,37.61,1000
408.5,9,41.19,1750
408.5,10,35.44,-5000
408.5,13,35.0,5000
408.5,14,36.52,3250
408.5,15,39.82,-2750
408.5,16,35.26,0
408.5,18,43.31,250
408.5,19,35.06,-3750
408.5,21,36.18,250
408.5,22,44.02,1500
408.5,27,37.58,-250
408.5,29,38.38,-3500
409.0,2,35.34,3750
409.0,6,37.62,1000
409.0,7,35.96,500
409.0,9,40.98,1750
409.0,13,35.02,2000
409.0,14,36.28,3000
409.0,15,39.82,-2750
409.0,17,35.31,1500
409.0,18,42.8,250
409.0,21,39.04,0
409.0,22,43.71,1500
409.0,25,35.53,-4000
409.0,27,39.99,-250
409.0,29,36.6,-3500
409.0,31,35.24,-500
409.5,6,37.89,1000
409.5,9,40.21,1750
409.5,11,35.39,-6000
409.5,14,35.67,1750
409.5,15,40.27,-2750
409.5,18,44.2,250
409.5,19,35.28,3000
409.5,20,35.24,4250
409.5,21,39.37,250
409.5,22,43.47,1500
409.5,23,35.22,1250
409.5,26,36.15,-5500
409.5,27,39.84,-250
409.5,29,37.27,-3500
410.0,3,35.08,1250
410.0,4,35.26,-6000
410.0,6,37.45,1000
410.0,9,39.79,1750
410.0,10,35.35,4000
410.0,11,35.49,-4750
410.0,14,36.19,3250
410.0,15,40.38,-2750
410.0,18,43.07,250
410.0,21,38.37,0
410.0,22,43.58,1500
410.0,23,35.3,1500
410.0,27,39.1,-250
410.0,29,36.82,-3500
410.5,3,35.9,1250
410.5,6,37.4,1000
410.5,9,39.73,1750
410.5,14,36.11,3250
410.5,15,39.07,-2750
410.5,18,43.98,250
410.5,21,39.3,250
410.5,22,44.26,1500
410.5,23,35.88,1500
410.5,27,39.13,-250
410.5,29,37.21,-3500
411.0,3,36.91,1250
411.0,4,35.6,2250
411.0,5,35.05,3500
411.0,6,37.08,1000
411.0,9,41.46,1750
411.0,11,35.79,-1750
411.0,14,37.98,3250
411.0,15,40.51,-2750
411.0,18,43.78,250
411.0,21,39.06,0
411.0,22,43.28,1500
411.0,27,38.73,-250
411.0,29,36.97,-3500
411.5,4,35.1,2000
411.5,6,39.34,1000
411.5,9,40.57,1750
411.5,14,37.09,3250
411.5,15,39.73,-2750
411.5,18,43.19,250
411.5,21,37.98,250
411.5,22,43.24,1500
411.5,27,38.65,-250
411.5,28,35.4,1250
411.5,29,36.78,-3500
412.0,3,37.32,1250
412.0,6,38.29,1000
412.0,8,35.27,3250
412.0,9,41.36,1750
412.0,14,36.56,3250
412.0,15,40.38,-2750
412.0,18,43.1,250
412.0,21,39.86,0
412.0,22,43.16,1500
412.0,27,37.94,-250
412.0,29,37.33,-3500
412.5,6,37.29,1000
412.5,9,38.78,1750
412.5,14,37.78,3250
412.5,15,41.24,-2750
412.5,18,43.7,250
412.5,21,39.65,0
412.5,22,43.67,1500
412.5,23,35.3,4500
412.5,27,36.53,-250
412.5,29,35.73,-3500
412.5,32,35.05,1000
413.0,3,36.84,1250
413.0,9,41.39,1750
413.0,14,38.24,3250
413.0,15,41.17,-2750
413.0,18,43.17,250
413.0,19,35.12,3750
413.0,21,38.4,0
413.0,22,43.83,1500
413.0,27,38.37,-250
413.5,6,37.77,1000
413.5,8,35.61,-1750
413.5,9,41.61,1750
413.5,11,35.04,4750
413.5,12,35.9,1250
413.5,14,35.13,3250
413.5,15,39.23,-2750
413.5,18,42.85,250
413.5,21,39.9,0
413.5,22,44.52,1500
413.5,27,39.12,-250
413.5,29,36.79,-3500
413.5,32,35.02,250
414.0,9,38.39,1750
414.0,15,38.72,-2750
414.0,18,38.68,250
414.0,22,41.68,1500
414.0,27,35.31,-250
414.0,32,35.11,0
414.5,3,37.2,1250
414.5,5,35.13,3500
414.5,6,35.31,1250
414.5,9,40.43,1750
414.5,10,35.99,-4250
414.5,14,36.58,3000
414.5,15,41.75,-2750
414.5,16,35.71,-2000
414.5,17,35.29,-750
414.5,18,42.98,250
414.5,21,39.07,0
414.5,22,43.57,1500
414.5,24,35.39,2000
414.5,25,35.13,3250
414.5,27,39.4,-250
414.5,29,38.09,-3500
415.0,1,35.2,-5750
415.0,2,35.3,-2000
415.0,6,38.6,1000
415.0,7,35.24,2000
415.0,9,37.63,1750
415.0,10,35.1,-4500
415.0,14,38.54,3000
415.0,15,40.37,-2750
415.0,18,42.81,250
415.0,21,39.68,250
415.0,22,43.99,1500
415.0,27,36.93,-250
415.0,29,36.08,-3500
415.5,6,37.56,1000
415.5,7,36.04,-4500
415.5,9,39.98,1750
415.5,11,35.43,-4500
415.5,14,38.9,3000
415.5,15,39.65,-2750
415.5,16,35.25,-2750
415.5,18,44.14,250
415.5,21,41.11,0
415.5,22,44.17,1500
415.5,27,39.7,-250
415.5,29,37.31,-3500
415.5,32,35.11,-3000
416.0,3,35.28,-2750
416.0,6,38.32,1000
416.0,8,35.27,3500
416.0,9,39.3,1750
416.0,12,35.32,250
416.0,14,37.33,3000
416.0,15,39.79,-2750
416.0,16,35.52,2250
416.0,18,42.64,250
416.0,21,37.7,0
416.0,22,44.27,1500
416.0,27,38.78,-250
416.0,29,38.51,-3500
416.5,3,35.12,1250
416.5,4,36.18,-1750
416.5,7,35.05,5500
416.5,9,40.19,1750
416.5,11,35.49,-3500
416.5,14,36.69,3000
416.5,15,40.96,-2750
416.5,18,44.0,250
416.5,21,39.35,250
416.5,22,44.23,1500
416.5,27,38.74,-250
416.5,29,38.62,-3500
417.0,1,35.41,1750
417.0,2,35.01,0
417.0,3,35.62,1250
417.0,4,35.45,-3750
417.0,6,35.28,1000
417.0,8,35.39,-3000
417.0,9,40.2,1750
417.0,14,37.71,3250
417.0,15,41.22,-2750
417.0,18,42.99,250
417.0,21,38.65,250
417.0,22,44.28,1500
417.0,27,37.22,-250
417.0,29,35.12,-3500
417.5,3,35.07,1250
417.5,5,36.04,-2750
417.5,6,36.4,1000
417.5,7,35.31,-5250
417.5,9,39.61,1750
417.5,10,35.01,4000
417.5,12,35.08,5750
417.5,14,36.87,3000
417.5,15,41.36,-2750
417.5,18,43.31,250
417.5,21,38.89,0
417.5,22,44.2,1500
417.5,27,39.36,-250
417.5,29,37.7,-3500
417.5,30,35.17,1750
