Time,PRN,CN0_dBHz,Doppler
0.0,3,40.03,1000
0.0,6,41.43,-500
0.0,7,38.56,2000
0.0,8,35.64,2750
0.0,9,35.3,-4250
0.0,10,37.19,750
0.0,13,41.4,2000
0.0,16,42.76,-2750
0.0,19,40.72,2750
0.0,20,35.55,-3000
0.0,22,35.55,5250
0.0,23,44.33,-500
0.0,24,35.23,-500
0.0,25,35.05,-1500
0.0,31,35.21,250
0.5,3,42.55,750
0.5,6,40.65,-500
0.5,7,39.2,1750
0.5,13,41.71,2000
0.5,16,42.0,-2750
0.5,19,39.38,2500
0.5,20,37.2,-3000
0.5,21,36.02,0
0.5,23,44.03,-500
0.5,25,36.15,2500
1.0,3,41.14,1000
1.0,4,35.7,-2000
1.0,6,41.43,-500
1.0,7,38.93,1750
1.0,10,35.85,750
1.0,11,35.22,5750
1.0,13,42.01,1750
1.0,14,35.08,3000
1.0,16,41.56,-2750
1.0,17,35.0,-3250
1.0,19,38.88,2500
1.0,20,36.34,-3000
1.0,22,35.49,5250
1.0,23,43.98,-500
1.5,3,42.84,750
1.5,6,41.12,-500
1.5,7,38.45,1750
1.5,10,37.12,750
1.5,11,35.55,-4250
1.5,13,42.5,1750
1.5,14,35.16,750
1.5,16,42.54,-2750
1.5,19,39.08,2500
1.5,20,37.32,-3000
1.5,22,35.48,-5250
1.5,23,44.33,-500
2.0,3,39.79,1000
2.0,6,41.52,-500
2.0,7,38.74,1750
2.0,10,35.85,750
2.0,13,42.09,1750
2.0,16,42.1,-2750
2.0,19,39.03,2750
2.0,20,35.9,-3000
2.0,23,43.27,-500
2.0,25,35.22,4750
2.0,27,35.01,5000
2.0,29,35.09,2250
2.5,3,43.22,750
2.5,6,42.29,-500
2.5,7,38.38,1750
2.5,10,35.75,750
2.5,13,41.25,1750
2.5,16,43.36,-2750
2.5,17,35.07,0
2.5,19,39.92,2500
2.5,20,38.04,-3000
2.5,21,35.66,5250
2.5,23,43.82,-500
3.0,3,40.06,500
3.0,6,42.61,-500
3.0,7,40.11,1750
3.0,10,38.11,750
3.0,13,40.86,2000
3.0,16,42.53,-2750
3.0,19,40.24,2500
3.0,20,35.02,-3000
3.0,22,35.04,-2000
3.0,23,43.72,-500
3.0,30,35.66,-3250
3.5,3,43.48,750
3.5,4,35.19,2500
3.5,6,42.97,-500
3.5,7,40.23,1750
3.5,9,35.15,5750
3.5,10,35.58,750
3.5,11,35.51,4500
3.5,13,42.79,1750
3.5,16,42.45,-2750
3.5,19,39.76,2750
3.5,20,36.15,3750
3.5,23,44.45,-500
3.5,27,35.18,-4250
3.5,28,35.04,1000
3.5,29,35.1,1250
3.5,32,35.18,3750
4.0,3,43.13,750
4.0,6,41.24,-500
4.0,7,37.8,2000
4.0,10,35.18,750
4.0,13,41.67,1750
4.0,16,42.89,-2750
4.0,19,39.69,2500
4.0,23,44.06,-500
4.0,25,35.24,-750
4.0,30,36.02,-3250
4.0,32,35.08,3750
4.5,3,41.67,1000
4.5,6,41.77,-500
4.5,7,39.66,1750
4.5,13,42.88,1750
4.5,16,42.41,-2750
4.5,18,35.02,5250
4.5,19,39.58,2750
4.5,23,44.02,-500
4.5,30,35.04,-3250
4.5,31,35.57,-4000
5.0,3,40.09,1000
5.0,6,40.61,-500
5.0,7,38.44,1750
5.0,10,37.02,750
5.0,13,40.81,2000
5.0,16,42.7,-2750
5.0,19,36.77,2500
5.0,20,37.46,-3000
5.0,23,43.63,-500
5.0,24,35.31,-6000
5.0,25,35.96,0
5.0,30,35.27,-5250
5.5,3,43.66,750
5.5,6,40.94,-500
5.5,7,40.4,1750
5.5,8,35.67,5500
5.5,13,41.77,1750
5.5,16,41.6,-2750
5.5,18,35.35,-5500
5.5,19,39.4,2750
5.5,23,43.16,-500
5.5,26,35.04,-3500
5.5,27,35.11,5750
5.5,30,35.37,-3250
5.5,32,35.03,2750
6.0,2,35.68,-5500
6.0,3,42.42,750
6.0,6,41.25,-500
6.0,7,40.76,1750
6.0,10,36.43,750
6.0,13,42.1,1750
6.0,16,43.65,-2750
6.0,19,38.2,2500
6.0,20,36.33,-3000
6.0,22,35.39,-5500
6.0,23,43.77,-500
6.0,30,36.32,-3250
6.5,3,43.26,750
6.5,6,42.97,-500
6.5,7,40.35,1750
6.5,8,35.35,4750
6.5,10,35.57,750
6.5,13,41.05,1750
6.5,15,35.3,750
6.5,16,42.32,-2750
6.5,18,35.07,5500
6.5,19,38.62,2500
6.5,20,38.49,-3000
6.5,23,42.92,-500
6.5,25,35.29,-1500
6.5,30,36.35,-3250
7.0,3,40.83,1000
7.0,6,42.14,-500
7.0,7,38.12,1750
7.0,8,35.23,1500
7.0,11,35.42,-5500
7.0,13,41.36,1750
7.0,14,35.2,1500
7.0,15,35.06,-500
7.0,16,41.62,-2750
7.0,19,37.77,2750
7.0,20,37.42,-3000
7.0,23,43.7,-500
7.5,3,40.29,1000
7.5,6,41.4,-500
7.5,7,40.67,1750
7.5,10,35.02,2000
7.5,13,42.34,1750
7.5,16,43.08,-2750
7.5,19,40.14,2500
7.5,20,36.88,-3000
7.5,23,42.91,-500
7.5,29,35.05,1000
7.5,30,35.23,-1250
8.0,3,43.11,750
8.0,6,41.6,-500
8.0,7,39.94,1750
8.0,12,35.02,-5250
8.0,13,40.29,1750
8.0,16,42.43,-2750
8.0,19,38.8,2500
8.0,20,35.73,-3000
8.0,23,42.68,-500
8.0,27,35.21,-6000
8.5,3,40.45,1000
8.5,6,41.89,-500
8.5,7,37.79,2000
8.5,12,35.79,-4500
8.5,13,42.09,1750
8.5,16,42.47,-2750
8.5,19,39.68,2500
8.5,23,43.84,-500
8.5,31,35.3,0
9.0,3,40.43,1000
9.0,4,36.18,2500
9.0,5,35.66,5250
9.0,6,42.61,-500
9.0,7,38.76,1750
9.0,13,42.43,1750
9.0,16,42.35,-2750
9.0,19,39.65,2750
9.0,23,43.67,-500
9.0,25,35.3,-1500
9.0,31,35.22,-3750
9.5,2,35.0,500
9.5,3,43.81,750
9.5,6,42.09,-500
9.5,7,38.92,1750
9.5,12,35.52,-500
9.5,13,42.98,1750
9.5,16,41.8,-2750
9.5,18,35.25,-4000
9.5,19,39.44,2500
9.5,21,35.36,2000
9.5,23,45.15,-500
10.0,1,35.31,4500
10.0,3,44.75,750
10.0,6,40.3,-500
10.0,7,40.45,1750
10.0,8,35.0,1000
10.0,10,35.61,750
10.0,13,42.18,1750
10.0,16,41.94,-2750
10.0,19,39.54,2500
10.0,20,36.43,-3000
10.0,22,35.1,-2250
10.0,23,44.83,-500
10.0,25,35.14,4000
10.0,27,35.09,4750
10.0,30,35.39,-500
10.0,32,35.15,-3000
10.5,3,43.35,750
10.5,6,41.52,-500
10.5,7,39.09,1750
10.5,10,36.58,750
10.5,13,42.28,1750
10.5,14,35.08,-750
10.5,16,41.59,-2750
10.5,19,38.99,2500
10.5,20,37.11,-3000
10.5,23,42.63,-500
10.5,30,35.61,4750
10.5,31,35.57,-2750
11.0,3,39.59,1000
11.0,6,41.49,-500
11.0,7,38.94,2000
11.0,10,35.3,4500
11.0,11,35.66,5500
11.0,13,42.12,1750
11.0,16,42.67,-2750
11.0,19,40.83,2750
11.0,21,35.45,-6000
11.0,23,43.75,-500
11.0,24,35.05,2500
11.0,31,35.59,2250
11.5,3,44.18,750
11.5,6,41.15,-500
11.5,7,40.56,1750
11.5,10,35.34,750
11.5,13,42.25,1750
11.5,14,35.12,2000
11.5,16,42.5,-2750
11.5,18,35.68,-1000
11.5,19,39.58,2750
11.5,23,43.83,-500
11.5,30,35.53,-3250
11.5,32,36.13,-3000
12.0,2,35.03,500
12.0,3,43.16,750
12.0,6,41.65,-500
12.0,7,41.26,1750
12.0,13,42.6,1750
12.0,14,35.55,-2500
12.0,16,42.4,-2750
12.0,19,39.79,2500
12.0,23,43.99,-500
12.0,24,35.33,2500
12.0,27,35.01,2000
12.0,29,35.32,-2750
12.5,3,43.0,750
12.5,6,41.11,-500
12.5,7,40.08,1750
12.5,8,35.32,-2250
12.5,13,40.88,1750
12.5,16,41.33,-2750
12.5,19,37.94,2750
12.5,20,35.25,-3000
12.5,23,43.24,-500
12.5,27,35.02,5000
13.0,3,39.56,1000
13.0,6,41.46,-500
13.0,7,38.38,1750
13.0,13,42.16,1750
13.0,15,35.06,-5750
13.0,16,42.72,-2750
13.0,19,38.48,2750
13.0,20,37.35,-3000
13.0,23,43.66,-500
13.0,29,35.68,2000
13.5,2,35.17,5250
13.5,3,40.84,1000
13.5,5,35.73,-1500
13.5,6,41.45,-500
13.5,7,39.5,1750
13.5,9,35.73,0
13.5,10,38.94,750
13.5,11,35.9,-5000
13.5,13,42.94,1750
13.5,16,42.46,-2750
13.5,19,39.22,2500
13.5,20,35.77,-3000
13.5,23,43.64,-500
13.5,24,35.19,-5000
14.0,3,40.98,1000
14.0,4,35.7,3500
14.0,6,41.98,-500
14.0,7,41.34,1750
14.0,11,35.89,2000
14.0,13,40.72,2000
14.0,16,42.31,-2750
14.0,18,35.29,-3000
14.0,19,39.49,2500
14.0,21,35.4,4000
14.0,23,44.89,-500
14.0,25,35.5,3500
14.0,29,35.04,5750
14.0,32,37.39,-3000
14.5,3,39.82,500
14.5,6,41.43,-500
14.5,7,40.46,1750
14.5,11,35.05,-1500
14.5,13,41.09,1750
14.5,16,43.26,-2750
14.5,19,38.53,2750
14.5,23,43.98,-500
14.5,26,35.02,-3250
14.5,30,35.71,-3250
14.5,32,35.28,-3000
15.0,2,35.21,-4000
15.0,3,39.35,500
15.0,6,41.44,-500
15.0,7,38.8,1750
15.0,10,37.63,750
15.0,13,42.28,1750
15.0,16,41.62,-2750
15.0,18,35.09,-6000
15.0,19,39.88,2500
15.0,20,37.16,-3000
15.0,22,35.04,3750
15.0,23,43.01,-500
15.5,3,43.74,750
15.5,6,40.96,-500
15.5,7,39.02,1750
15.5,13,42.72,1750
15.5,16,41.65,-2750
15.5,19,38.77,2750
15.5,21,35.66,3000
15.5,23,42.91,-500
15.5,28,35.14,-4250
15.5,32,35.41,-3000
16.0,2,35.77,-2750
16.0,3,39.98,500
16.0,6,42.59,-500
16.0,7,40.33,1750
16.0,10,35.24,750
16.0,13,40.87,2000
16.0,16,42.92,-2750
16.0,19,39.46,2500
16.0,22,35.26,-1250
16.0,23,43.0,-500
16.0,28,35.43,4250
16.0,30,35.6,-3250
16.0,32,35.13,4750
16.5,2,36.07,-500
16.5,3,43.39,750
16.5,4,35.27,750
16.5,6,42.12,-500
16.5,7,38.1,1750
16.5,12,35.56,-2750
16.5,13,41.66,1750
16.5,16,42.05,-2750
16.5,19,40.6,2750
16.5,23,43.95,-500
16.5,27,35.54,-5250
17.0,3,42.44,750
17.0,6,41.89,-500
17.0,7,39.42,1750
17.0,8,35.36,0
17.0,13,43.01,1750
17.0,16,42.75,-2750
17.0,17,35.17,2000
17.0,19,40.25,2500
17.0,20,35.89,-3000
17.0,23,43.47,-500
17.0,30,36.59,-3250
17.5,3,43.42,750
17.5,6,41.54,-500
17.5,7,39.88,1750
17.5,9,35.2,1750
17.5,13,42.84,1750
17.5,16,43.07,-2750
17.5,19,36.41,2500
17.5,23,44.39,-500
17.5,24,35.56,-6000
18.0,3,41.51,1000
18.0,6,41.78,-500
18.0,7,41.0,1750
18.0,10,36.2,500
18.0,13,41.82,1750
18.0,15,35.73,2250
18.0,16,42.18,-2750
18.0,19,39.33,2500
18.0,23,44.14,-500
18.0,30,35.34,-3250
18.0,32,35.24,-2500
18.5,1,35.8,-3500
18.5,2,35.56,2750
18.5,3,39.3,500
18.5,6,41.62,-500
18.5,7,38.62,1750
18.5,10,37.0,750
18.5,11,35.12,4500
18.5,13,42.67,1750
18.5,16,43.51,-2750
18.5,19,39.47,2500
18.5,20,35.5,-3000
18.5,23,44.05,-500
18.5,30,35.71,-3250
18.5,32,36.73,4500
19.0,3,38.99,1000
19.0,6,42.31,-500
19.0,7,40.37,1750
19.0,10,35.67,750
19.0,12,35.78,-750
19.0,13,42.23,1750
19.0,14,35.08,-2000
19.0,16,43.15,-2750
19.0,19,38.88,2500
19.0,20,35.04,-1250
19.0,23,44.09,-500
19.0,24,36.27,2500
19.0,30,36.03,-3250
19.5,3,40.8,1000
19.5,6,41.0,-500
19.5,7,39.89,1750
19.5,8,35.49,-3250
19.5,10,35.13,750
19.5,13,41.95,1750
19.5,16,43.28,-2750
19.5,19,38.64,2500
19.5,21,35.36,1000
19.5,23,42.83,-500
19.5,30,35.03,-3250
20.0,3,42.78,750
20.0,6,42.43,-500
20.0,7,40.84,1750
20.0,8,36.95,-4750
20.0,13,41.81,1750
20.0,15,35.2,3500
20.0,16,41.84,-2750
20.0,19,40.0,2500
20.0,20,36.18,-3000
20.0,21,35.62,1250
20.0,22,35.37,1250
20.0,23,44.58,-500
20.0,24,35.04,5000
20.0,26,35.18,1000
20.0,30,36.05,4750
20.5,3,43.38,750
20.5,6,41.37,-500
20.5,7,39.41,1750
20.5,8,35.45,-250
20.5,13,43.27,1750
20.5,16,42.25,-2750
20.5,19,38.67,2500
20.5,20,38.23,-3000
20.5,21,35.57,-4500
20.5,23,44.8,-500
20.5,29,35.36,-3500
21.0,3,39.26,1000
21.0,6,42.92,-500
21.0,7,40.36,1750
21.0,10,35.9,750
21.0,13,41.12,1750
21.0,15,35.37,-5250
21.0,16,42.98,-2750
21.0,18,35.13,5750
21.0,19,40.11,2500
21.0,22,35.2,-1500
21.0,23,43.88,-500
21.5,3,42.67,750
21.5,6,42.34,-500
21.5,7,39.29,1750
21.5,10,36.08,750
21.5,12,35.02,2250
21.5,13,42.68,1750
21.5,16,41.19,-2750
21.5,19,37.72,2500
21.5,22,35.05,500
21.5,23,44.33,-500
21.5,24,35.51,5750
21.5,26,35.1,-1000
21.5,28,35.19,-4000
21.5,30,35.2,-5250
22.0,3,39.85,1000
22.0,4,35.26,-3750
22.0,6,43.26,-500
22.0,7,40.28,1750
22.0,10,35.81,0
22.0,11,35.03,-6000
22.0,13,42.38,1750
22.0,16,43.01,-2750
22.0,19,39.37,2500
22.0,21,35.08,0
22.0,23,43.6,-500
22.0,26,35.5,-5750
22.0,27,35.1,4500
22.0,28,35.3,-2000
22.0,30,35.91,-3250
22.0,32,35.19,4250
22.5,3,43.32,750
22.5,4,35.21,1750
22.5,6,41.67,-500
22.5,7,39.21,1750
22.5,8,35.48,-2500
22.5,12,35.04,1500
22.5,13,42.94,1750
22.5,16,42.92,-2750
22.5,19,40.09,2500
22.5,23,43.87,-500
22.5,30,36.83,-3250
22.5,32,35.45,-3000
23.0,2,35.44,-5500
23.0,3,39.52,500
23.0,4,35.71,-4250
23.0,6,41.63,-500
23.0,7,39.29,1750
23.0,9,35.8,-3500
23.0,12,35.08,2000
23.0,13,42.14,1750
23.0,14,35.74,-250
23.0,16,42.95,-2750
23.0,19,40.03,2500
23.0,23,44.54,-500
23.5,3,43.28,750
23.5,6,40.34,-500
23.5,7,38.58,1750
23.5,8,35.06,750
23.5,10,35.36,-4500
23.5,13,43.59,1750
23.5,16,43.06,-2750
23.5,18,35.03,1250
23.5,19,38.51,2500
23.5,20,37.07,-3000
23.5,22,35.33,4500
23.5,23,44.62,-500
23.5,30,36.11,-3250
23.5,32,35.45,-3000
24.0,2,35.1,-1750
24.0,3,43.52,750
24.0,6,41.0,-500
24.0,7,37.94,2000
24.0,13,43.1,1750
24.0,16,43.45,-2750
24.0,19,38.11,2750
24.0,23,44.01,-500
24.0,27,35.19,-1750
24.0,31,35.19,-4250
24.0,32,35.69,1500
24.5,3,42.43,750
24.5,6,40.24,-500
24.5,7,37.89,1750
24.5,13,43.07,1750
24.5,16,42.81,-2750
24.5,18,35.93,1000
24.5,19,38.88,2500
24.5,20,35.13,-250
24.5,22,35.44,-4250
24.5,23,43.92,-500
25.0,3,40.33,1000
25.0,6,41.77,-500
25.0,7,40.35,1750
25.0,10,35.46,-5500
25.0,13,41.58,1750
25.0,15,35.13,-1250
25.0,16,42.98,-2750
25.0,19,37.66,2750
25.0,20,35.11,-3000
25.0,23,44.86,-500
25.0,28,35.37,-3250
25.0,30,37.63,-3250
25.0,32,35.93,-3000
25.5,3,42.95,750
25.5,6,41.67,-500
25.5,7,40.0,1750
25.5,10,36.92,750
25.5,13,42.61,1750
25.5,14,35.17,-2250
25.5,16,43.0,-2750
25.5,18,35.51,-1000
25.5,19,36.96,2500
25.5,23,44.05,-500
25.5,26,35.23,1250
25.5,28,35.13,-2500
26.0,1,35.39,-4000
26.0,3,43.36,750
26.0,4,35.47,250
26.0,6,42.21,-500
26.0,7,39.3,1750
26.0,13,43.58,1750
26.0,16,43.61,-2750
26.0,19,38.66,2500
26.0,23,44.83,-500
26.0,25,35.15,2750
26.0,30,35.16,-3250
26.0,32,35.03,-4250
26.5,1,35.07,-4500
26.5,3,42.58,750
26.5,6,42.13,-500
26.5,7,38.67,1750
26.5,11,35.26,-500
26.5,13,42.37,1750
26.5,14,35.49,-1250
26.5,16,42.43,-2750
26.5,19,39.29,2500
26.5,20,35.12,-4000
26.5,23,43.64,-500
26.5,24,36.5,-4750
26.5,25,35.64,4250
26.5,32,35.36,5750
27.0,1,35.48,-3000
27.0,2,35.64,-500
27.0,3,40.68,1000
27.0,6,40.97,-500
27.0,7,38.89,1750
27.0,10,36.06,750
27.0,11,35.17,-2500
27.0,13,40.89,2000
27.0,15,35.33,-4000
27.0,16,42.24,-2750
27.0,19,39.17,2750
27.0,20,37.52,-3000
27.0,23,43.99,-500
27.0,25,35.13,-750
27.5,3,44.11,750
27.5,6,41.34,-500
27.5,7,38.91,1750
27.5,8,35.35,-4750
27.5,10,36.89,500
27.5,11,35.03,-5500
27.5,13,41.19,1750
27.5,16,43.06,-2750
27.5,19,40.05,2500
27.5,20,35.37,-4750
27.5,22,35.17,-5250
27.5,23,44.01,-500
28.0,3,40.88,500
28.0,4,35.05,500
28.0,5,35.03,1000
28.0,6,41.48,-500
28.0,7,39.63,1750
28.0,13,42.93,1750
28.0,16,43.26,-2750
28.0,18,35.01,4000
28.0,19,40.25,2500
28.0,23,43.34,-500
28.0,26,35.61,-3750
28.0,27,35.1,5000
28.0,30,35.89,-3250
28.5,3,43.48,750
28.5,6,42.08,-500
28.5,7,38.57,1750
28.5,13,43.01,1750
28.5,16,43.3,-2750
28.5,19,39.46,2500
28.5,20,36.45,-3000
28.5,23,44.38,-500
28.5,24,35.05,5750
29.0,3,40.2,500
29.0,6,41.27,-500
29.0,7,37.56,2000
29.0,13,44.2,1750
29.0,14,35.45,5750
29.0,16,43.96,-2750
29.0,19,38.0,2750
29.0,20,36.39,-3000
29.0,22,35.37,4500
29.0,23,43.17,-500
29.0,29,35.72,4250
29.0,30,36.17,-3250
29.0,31,35.04,2000
29.5,3,40.98,500
29.5,6,42.07,-500
29.5,7,39.86,1750
29.5,10,35.48,-1000
29.5,13,41.6,1750
29.5,14,35.07,1500
29.5,15,35.27,2500
29.5,16,43.73,-2750
29.5,19,40.63,2500
29.5,23,43.87,-500
29.5,27,35.16,-2250
29.5,28,35.66,3250
29.5,30,35.64,-3250
30.0,3,40.18,1000
30.0,4,35.92,0
30.0,6,41.25,-500
30.0,7,37.73,2000
30.0,8,35.03,500
30.0,11,35.04,3500
30.0,13,41.77,1750
30.0,16,42.71,-2750
30.0,19,39.51,2500
30.0,21,35.46,5250
30.0,23,43.14,-500
30.0,25,35.23,-750
30.0,26,36.0,-4000
30.0,27,35.34,5250
30.0,30,35.74,500
30.0,31,35.44,1750
30.0,32,35.28,-5750
30.5,1,35.23,-2750
30.5,3,44.17,750
30.5,6,40.87,-500
30.5,7,38.67,1750
30.5,10,35.29,-5250
30.5,13,42.81,1750
30.5,15,35.23,5750
30.5,16,43.31,-2750
30.5,18,35.6,1750
30.5,19,39.01,2500
30.5,23,43.86,-500
30.5,28,35.09,1250
30.5,29,36.83,4250
30.5,30,35.63,-3250
30.5,31,35.77,0
31.0,3,40.14,1000
31.0,5,35.44,3500
31.0,6,42.56,-500
31.0,7,40.97,1750
31.0,8,35.13,5000
31.0,11,35.33,3500
31.0,13,44.11,1750
31.0,16,43.55,-2750
31.0,18,35.06,-2000
31.0,19,38.31,2750
31.0,20,36.93,-3000
31.0,21,35.65,2500
31.0,23,42.95,-500
31.0,31,35.03,4250
31.5,2,35.05,-3000
31.5,3,42.2,750
31.5,4,35.48,1500
31.5,6,41.18,-500
31.5,7,38.21,2000
31.5,8,35.18,-4000
31.5,9,35.38,-500
31.5,10,35.38,-2250
31.5,12,35.93,-1250
31.5,13,42.78,1750
31.5,16,42.38,-2750
31.5,19,37.72,2500
31.5,23,43.43,-500
32.0,3,40.37,1000
32.0,6,40.93,-500
32.0,7,38.98,1750
32.0,9,35.35,5500
32.0,13,43.45,1750
32.0,16,42.66,-2750
32.0,18,35.63,-5750
32.0,19,39.81,2500
32.0,20,36.78,-3000
32.0,23,43.36,-500
32.0,30,35.71,-3250
32.5,3,44.38,750
32.5,6,41.6,-500
32.5,7,39.41,1750
32.5,9,35.75,750
32.5,13,41.11,2000
32.5,16,43.42,-2750
32.5,19,38.09,2750
32.5,23,44.52,-500
32.5,30,35.52,-3250
33.0,3,39.31,1000
33.0,6,41.21,-500
33.0,7,39.67,1750
33.0,13,41.5,1750
33.0,15,35.13,-3500
33.0,16,42.46,-2750
33.0,19,40.17,2750
33.0,20,35.82,-1250
33.0,22,35.01,500
33.0,23,43.62,-500
33.0,26,35.34,2250
33.0,30,35.43,-3250
33.0,31,35.41,4250
33.5,1,35.24,1000
33.5,3,43.0,750
33.5,6,42.2,-500
33.5,7,39.6,1750
33.5,12,35.28,2500
33.5,13,43.03,1750
33.5,16,43.19,-2750
33.5,19,39.14,2500
33.5,20,36.32,-3000
33.5,23,43.72,-500
33.5,24,35.06,3000
33.5,28,35.5,-5000
33.5,30,35.56,-3250
33.5,31,35.03,3750
34.0,2,35.37,5000
34.0,3,43.16,750
34.0,6,41.55,-500
34.0,7,38.2,1750
34.0,9,35.01,-1500
34.0,13,43.41,1750
34.0,16,42.73,-2750
34.0,19,39.44,2500
34.0,20,35.6,-3000
34.0,23,44.21,-500
34.0,26,35.33,1750
34.0,30,37.2,-3250
34.5,2,35.27,-1500
34.5,3,40.04,1000
34.5,6,41.8,-500
34.5,7,39.02,1750
34.5,9,35.11,5750
34.5,10,35.56,750
34.5,13,43.65,1750
34.5,16,43.3,-2750
34.5,19,38.29,2500
34.5,20,37.23,-3000
34.5,23,43.54,-500
34.5,26,35.06,-1500
34.5,29,35.17,-1500
35.0,3,39.93,1000
35.0,6,41.42,-500
35.0,7,39.22,1750
35.0,10,35.97,750
35.0,12,35.53,1750
35.0,13,42.45,1750
35.0,14,35.41,5250
35.0,16,42.85,-2750
35.0,19,40.13,2500
35.0,20,35.76,-6000
35.0,21,35.35,1750
35.0,23,44.3,-500
35.0,25,36.15,750
35.0,26,35.08,500
35.0,30,37.21,-3250
35.5,3,43.28,750
35.5,6,40.28,-500
35.5,7,38.93,1750
35.5,9,35.32,0
35.5,13,42.11,1750
35.5,15,35.46,-4250
35.5,16,42.55,-2750
35.5,19,38.85,2500
35.5,20,35.06,3750
35.5,23,44.32,-500
35.5,26,35.02,750
35.5,29,35.46,-3000
36.0,2,35.25,3750
36.0,3,43.38,750
36.0,4,35.4,3000
36.0,6,41.28,-500
36.0,7,39.18,1750
36.0,9,35.23,1500
36.0,13,44.27,1750
36.0,14,35.13,2000
36.0,16,43.95,-2750
36.0,18,35.44,-5750
36.0,19,39.32,2500
36.0,21,35.19,-5000
36.0,23,43.98,-500
36.0,31,35.11,0
36.5,3,43.99,750
36.5,6,42.2,-500
36.5,7,38.88,1750
36.5,8,35.44,-6000
36.5,9,36.23,5750
36.5,10,35.19,-1000
36.5,13,41.75,1750
36.5,16,43.67,-2750
36.5,19,39.87,2500
36.5,23,43.31,-500
36.5,30,35.74,-3250
37.0,3,39.36,500
37.0,4,35.28,-500
37.0,6,42.25,-500
37.0,7,38.63,1750
37.0,9,35.01,-1500
37.0,10,35.87,750
37.0,11,35.26,3250
37.0,12,35.05,3500
37.0,13,42.77,1750
37.0,16,42.41,-2750
37.0,19,39.5,2500
37.0,23,43.57,-500
37.0,30,38.35,-3250
37.5,2,35.08,4500
37.5,3,39.91,1000
37.5,5,35.06,-5500
37.5,6,39.96,-500
37.5,7,39.85,1750
37.5,8,35.66,-250
37.5,13,42.12,1750
37.5,16,42.77,-2750
37.5,18,36.11,-1750
37.5,19,39.53,2500
37.5,20,36.36,-3000
37.5,23,43.81,-500
37.5,25,35.5,4250
37.5,30,35.05,-5000
37.5,31,35.02,500
38.0,2,35.32,3750
38.0,3,43.8,750
38.0,6,41.35,-500
38.0,7,39.1,1750
38.0,13,42.19,1750
38.0,16,42.79,-2750
38.0,19,39.46,2500
38.0,20,35.79,-3000
38.0,23,43.72,-500
38.0,29,35.12,5500
38.0,30,35.03,-3250
38.5,3,38.74,1000
38.5,6,41.48,-500
38.5,7,38.68,1750
38.5,8,35.01,4000
38.5,11,35.09,5750
38.5,13,42.33,1750
38.5,16,42.83,-2750
38.5,19,39.56,2500
38.5,20,35.81,-3000
38.5,23,44.07,-500
38.5,28,35.22,500
38.5,29,35.47,2250
38.5,30,35.44,-3250
39.0,2,35.21,-5000
39.0,3,39.86,1000
39.0,5,35.14,3500
39.0,6,41.94,-500
39.0,7,39.04,1750
39.0,13,40.44,1750
39.0,16,42.87,-2750
39.0,18,35.03,-2250
39.0,19,40.72,2500
39.0,20,35.7,-3000
39.0,21,35.09,1750
39.0,23,44.14,-500
39.0,30,36.87,-3250
39.0,31,35.32,-2250
39.5,1,35.39,0
39.5,3,42.71,750
39.5,6,42.3,-500
39.5,7,37.7,1750
39.5,13,43.81,1750
39.5,15,35.17,2750
39.5,16,43.61,-2750
39.5,19,39.05,2500
39.5,20,35.49,-3000
39.5,23,44.11,-500
39.5,25,35.14,5500
39.5,32,35.48,-3000
40.0,1,35.08,-5000
40.0,3,41.77,1000
40.0,5,35.63,-3000
40.0,6,42.09,-500
40.0,7,39.07,1750
40.0,10,35.5,4750
40.0,13,42.03,1750
40.0,16,43.24,-2750
40.0,19,39.15,2500
40.0,20,35.55,-3000
40.0,22,35.3,-4000
40.0,23,43.34,-500
40.0,27,35.19,-5000
40.0,32,35.03,-3000
40.5,3,39.36,1000
40.5,4,35.31,-6000
40.5,6,41.5,-500
40.5,7,39.16,1750
40.5,13,40.61,2000
40.5,16,43.21,-2750
40.5,19,39.42,2500
40.5,20,37.2,-3000
40.5,23,43.92,-500
40.5,27,35.01,2000
40.5,30,35.53,-3250
41.0,3,39.89,500
41.0,5,35.03,5500
41.0,6,41.89,-500
41.0,7,39.19,1750
41.0,9,35.17,-3000
41.0,13,40.87,1750
41.0,14,35.36,-4500
41.0,16,42.65,-2750
41.0,19,39.01,2750
41.0,21,35.06,-3500
41.0,22,35.06,1000
41.0,23,44.59,-500
41.0,26,35.02,-4500
41.0,27,35.12,1500
41.0,29,35.11,5000
41.0,32,35.06,-3000
41.5,3,43.6,750
41.5,6,41.28,-500
41.5,7,36.84,1750
41.5,8,35.45,3250
41.5,10,35.94,4250
41.5,11,35.09,2000
41.5,13,42.5,1750
41.5,16,41.64,-2750
41.5,19,39.51,2500
41.5,23,44.58,-500
41.5,30,35.8,-3250
42.0,3,45.03,750
42.0,6,41.52,-500
42.0,7,38.62,1750
42.0,13,41.11,1750
42.0,15,35.33,4250
42.0,16,43.19,-2750
42.0,19,38.78,2500
42.0,20,37.06,-3000
42.0,23,44.36,-500
42.0,25,35.43,-4250
42.0,28,35.18,-4250
42.0,30,36.67,-3250
42.5,3,39.46,500
42.5,6,41.18,-500
42.5,7,39.06,1750
42.5,8,35.46,-2000
42.5,11,35.65,-750
42.5,13,41.61,1750
42.5,16,43.19,-2750
42.5,19,40.2,2500
42.5,20,35.24,-3000
42.5,21,35.07,-5250
42.5,23,44.26,-500
42.5,30,36.6,-3250
43.0,3,43.86,750
43.0,4,35.14,-4500
43.0,5,35.11,2750
43.0,6,41.3,-500
43.0,7,39.76,1750
43.0,13,42.35,1750
43.0,16,42.35,-2750
43.0,19,39.88,2500
43.0,23,43.76,-500
43.0,26,35.28,2500
43.0,27,35.03,3000
43.0,28,35.35,-5250
43.5,3,43.54,750
43.5,6,42.0,-500
43.5,7,37.28,1750
43.5,13,43.71,1750
43.5,14,35.07,4000
43.5,16,42.11,-2750
43.5,19,39.92,2500
43.5,20,35.47,-3000
43.5,23,44.22,-500
43.5,30,35.52,-3250
44.0,3,43.45,750
44.0,6,41.83,-500
44.0,7,39.7,1750
44.0,13,42.77,1750
44.0,16,43.0,-2750
44.0,19,39.2,2500
44.0,23,43.38,-500
44.0,25,35.9,4250
44.0,26,35.06,-4500
44.5,3,42.64,750
44.5,4,35.0,0
44.5,6,41.28,-500
44.5,7,36.12,1750
44.5,13,43.13,1750
44.5,16,42.7,-2750
44.5,17,35.27,-3750
44.5,19,38.11,2500
44.5,20,36.17,-3000
44.5,23,44.36,-500
44.5,26,35.31,-1750
44.5,29,35.09,1500
44.5,30,37.6,-3250
45.0,3,41.23,1000
45.0,6,42.08,-500
45.0,7,40.29,1750
45.0,10,36.75,750
45.0,13,40.7,1750
45.0,16,41.4,-2750
45.0,19,39.32,2500
45.0,20,37.53,-3000
45.0,23,43.99,-500
45.5,3,43.92,750
45.5,6,42.21,-500
45.5,7,40.08,1750
45.5,8,35.7,2250
45.5,13,42.55,1750
45.5,16,42.85,-2750
45.5,19,39.33,2500
45.5,20,36.49,-3000
45.5,23,44.34,-500
45.5,25,35.19,-500
45.5,30,35.37,-3250
46.0,3,39.03,1000
46.0,5,35.7,-3750
46.0,6,41.13,-500
46.0,7,39.54,1750
46.0,10,35.03,750
46.0,13,41.76,1750
46.0,14,35.5,1500
46.0,16,42.6,-2750
46.0,19,36.95,2500
46.0,20,37.48,-3000
46.0,22,35.03,3750
46.0,23,44.06,-500
46.0,27,35.1,-3250
46.5,3,43.56,750
46.5,6,40.11,-500
46.5,7,39.35,1750
46.5,10,35.23,-5750
46.5,13,43.04,1750
46.5,16,43.37,-2750
46.5,17,35.35,4500
46.5,19,39.99,2500
46.5,20,35.71,-3000
46.5,23,44.1,-500
46.5,25,35.41,250
46.5,27,35.71,3750
46.5,28,35.5,-1750
47.0,3,42.9,750
47.0,6,41.46,-500
47.0,7,37.59,1750
47.0,13,43.11,1750
47.0,16,43.0,-2750
47.0,19,39.6,2500
47.0,23,43.97,-500
47.0,24,35.45,1750
47.0,30,35.63,500
47.5,3,43.79,750
47.5,6,40.49,-500
47.5,7,39.02,1750
47.5,13,43.61,1750
47.5,16,43.0,-2750
47.5,18,35.0,3000
47.5,19,40.08,2500
47.5,20,36.17,-3000
47.5,21,35.07,-2000
47.5,22,35.58,4250
47.5,23,44.29,-500
47.5,24,35.1,-2500
47.5,25,35.03,-2250
47.5,30,37.31,-3250
48.0,2,36.26,4000
48.0,3,42.82,750
48.0,6,41.25,-500
48.0,7,39.56,1750
48.0,8,35.02,2000
48.0,13,42.86,1750
48.0,14,35.23,-1000
48.0,16,42.41,-2750
48.0,19,38.11,2500
48.0,23,44.08,-500
48.0,24,35.2,-1000
48.0,25,35.33,5250
48.0,28,36.43,-1750
48.5,3,40.57,500
48.5,6,40.55,-500
48.5,7,39.15,1750
48.5,13,42.3,1750
48.5,16,43.15,-2750
48.5,19,37.18,2500
48.5,20,36.49,-3000
48.5,23,44.33,-500
48.5,30,35.94,-3250
48.5,31,35.2,-1250
48.5,32,35.31,-3000
49.0,3,43.25,750
49.0,6,41.36,-500
49.0,7,39.06,1750
49.0,12,35.08,-2750
49.0,13,43.18,1750
49.0,16,42.14,-2750
49.0,19,37.22,2500
49.0,23,44.27,-500
49.0,31,35.07,-3250
49.0,32,35.7,-3000
49.5,3,39.95,500
49.5,6,42.81,-500
49.5,7,38.33,1750
49.5,13,40.74,1750
49.5,16,43.33,-2750
49.5,17,35.2,3000
49.5,19,38.39,2500
49.5,20,35.32,-3000
49.5,21,36.05,-4750
49.5,23,44.14,-500
49.5,24,35.06,-750
50.0,3,42.41,750
50.0,4,35.27,-2750
50.0,6,41.39,-500
50.0,7,38.9,1750
50.0,10,35.5,500
50.0,13,42.19,1750
50.0,16,43.41,-2750
50.0,19,38.42,2500
50.0,23,44.82,-500
50.0,24,35.16,1000
50.0,29,35.83,-250
50.5,3,43.3,750
50.5,6,41.41,-500
50.5,7,37.69,2000
50.5,8,35.21,1750
50.5,10,35.59,750
50.5,13,43.45,1750
50.5,14,35.07,2500
50.5,15,35.52,5750
50.5,16,42.71,-2750
50.5,18,36.56,-4750
50.5,19,38.11,2500
50.5,20,35.59,-3000
50.5,22,35.62,750
50.5,23,43.87,-500
50.5,25,35.27,3500
50.5,26,35.06,-250
50.5,28,35.63,-1250
50.5,30,35.77,-3250
51.0,3,38.98,500
51.0,5,35.09,2000
51.0,6,42.41,-500
51.0,7,39.59,1750
51.0,12,35.46,1500
51.0,13,41.95,1750
51.0,16,41.67,-2750
51.0,19,39.4,2750
51.0,23,44.82,-500
51.0,27,35.95,-1250
51.5,3,44.0,750
51.5,6,40.45,-500
51.5,7,37.33,1750
51.5,10,35.15,1000
51.5,13,43.91,1750
51.5,14,36.0,0
51.5,15,35.36,3500
51.5,16,43.44,-2750
51.5,19,40.03,2500
51.5,23,44.61,-500
51.5,26,35.37,0
51.5,30,35.21,-3250
52.0,3,39.25,1000
52.0,6,41.68,-500
52.0,7,39.23,1750
52.0,8,35.12,-1500
52.0,11,35.36,-1250
52.0,13,42.34,1750
52.0,16,41.21,-2750
52.0,19,37.78,2500
52.0,23,43.46,-500
52.0,26,35.62,2500
52.0,29,35.64,-1750
52.0,31,35.01,5250
52.0,32,35.23,-6000
52.5,3,42.65,750
52.5,5,35.77,250
52.5,6,41.71,-500
52.5,7,39.14,2000
52.5,8,36.05,750
52.5,10,35.27,-5500
52.5,13,44.4,1750
52.5,16,43.02,-2750
52.5,19,38.42,2500
52.5,20,36.01,-3000
52.5,21,35.44,-2250
52.5,22,35.04,2250
52.5,23,44.72,-500
52.5,26,35.07,0
52.5,28,35.06,-1250
52.5,29,35.04,-3000
52.5,31,35.03,-2000
53.0,3,39.62,500
53.0,6,41.14,-500
53.0,7,39.11,1750
53.0,10,35.13,2000
53.0,11,35.55,3750
53.0,13,42.49,1750
53.0,16,42.82,-2750
53.0,19,40.24,2500
53.0,22,35.05,3000
53.0,23,44.43,-500
53.0,25,35.55,2000
53.0,26,35.2,-3750
53.0,30,35.35,3750
53.0,31,35.77,3500
53.5,3,43.7,750
53.5,6,41.26,-500
53.5,7,37.98,1750
53.5,13,42.84,1750
53.5,15,35.18,1000
53.5,16,43.38,-2750
53.5,19,41.28,2500
53.5,20,36.46,-3000
53.5,21,35.51,-2000
53.5,22,35.2,5250
53.5,23,44.73,-500
53.5,30,35.13,-3250
53.5,31,35.24,1500
53.5,32,35.29,-3000
54.0,1,35.25,-250
54.0,2,35.13,2000
54.0,3,43.89,750
54.0,6,40.22,-500
54.0,7,39.3,1750
54.0,11,35.96,2000
54.0,12,35.08,4500
54.0,13,43.3,1750
54.0,16,43.0,-2750
54.0,19,38.88,2500
54.0,23,44.32,-500
54.0,28,35.55,1750
54.0,29,35.09,3750
54.5,3,42.86,750
54.5,6,41.71,-500
54.5,7,38.41,1750
54.5,13,43.89,1750
54.5,15,35.75,5000
54.5,16,41.91,-2750
54.5,19,38.21,2500
54.5,20,37.15,-3000
54.5,23,43.08,-500
54.5,25,35.84,-3750
54.5,29,35.02,-2250
54.5,32,36.07,-3000
55.0,3,39.44,500
55.0,4,35.03,500
55.0,6,40.29,-500
55.0,7,39.82,1750
55.0,13,41.68,1750
55.0,16,42.69,-2750
55.0,19,40.19,2500
55.0,20,36.07,-5500
55.0,23,43.92,-500
55.0,24,35.22,3250
55.0,27,35.21,-250
55.5,3,44.23,750
55.5,6,41.93,-500
55.5,7,37.87,1750
55.5,13,43.11,1750
55.5,16,43.62,-2750
55.5,19,40.79,2500
55.5,21,35.12,-4250
55.5,22,35.67,500
55.5,23,43.76,-500
55.5,32,35.24,750
56.0,3,43.96,750
56.0,6,41.14,-500
56.0,7,39.05,1750
56.0,8,35.34,4250
56.0,10,35.74,500
56.0,11,35.13,2000
56.0,12,35.35,-3000
56.0,13,42.76,1750
56.0,16,42.76,-2750
56.0,18,35.27,1250
56.0,19,38.5,2500
56.0,20,35.76,-3000
56.0,23,44.02,-500
56.0,30,35.41,-3250
56.0,31,35.24,750
56.5,2,35.31,-5500
56.5,3,43.26,750
56.5,6,40.91,-500
56.5,7,38.81,1750
56.5,11,35.46,2000
56.5,13,40.92,1750
56.5,14,35.08,500
56.5,16,41.68,-2750
56.5,19,39.44,2500
56.5,23,44.45,-500
56.5,24,35.01,-4250
56.5,29,35.72,5500
56.5,31,35.06,-500
56.5,32,35.02,-4000
57.0,3,40.33,500
57.0,6,40.96,-500
57.0,7,38.9,1750
57.0,13,41.14,1750
57.0,16,41.85,-2750
57.0,17,35.26,5000
57.0,19,39.7,2500
57.0,22,35.61,-2750
57.0,23,44.04,-500
57.5,3,43.43,750
57.5,4,35.5,1000
57.5,6,41.75,-500
57.5,7,39.98,1750
57.5,12,35.31,-2250
57.5,13,43.51,1750
57.5,16,41.32,-2750
57.5,18,35.2,1750
57.5,19,40.32,2500
57.5,20,35.57,-3000
57.5,23,44.67,-500
57.5,29,35.65,-5500
58.0,3,37.96,500
58.0,4,35.04,-2250
58.0,6,40.93,-500
58.0,7,38.79,1750
58.0,8,35.31,4750
58.0,13,41.5,1750
58.0,14,35.02,1750
58.0,15,35.42,-5750
58.0,16,42.48,-2750
58.0,17,35.54,-2000
58.0,19,40.42,2500
58.0,20,36.46,-3000
58.0,23,44.65,-500
58.0,25,35.35,5250
58.0,30,35.12,-3250
58.5,1,35.18,5000
58.5,3,42.09,750
58.5,4,35.31,3250
58.5,6,41.43,-500
58.5,7,38.02,1750
58.5,11,35.25,1500
58.5,13,42.71,1750
58.5,16,42.65,-2750
58.5,17,35.24,-750
58.5,19,38.69,2500
58.5,20,36.78,-3000
58.5,23,44.41,-500
58.5,27,35.06,-5750
58.5,28,35.09,-5500
58.5,32,35.01,3250
59.0,3,40.55,500
59.0,6,40.79,-500
59.0,7,41.08,1750
59.0,9,35.88,1250
59.0,10,35.23,0
59.0,11,35.21,2000
59.0,12,35.3,500
59.0,13,44.3,1750
59.0,16,43.09,-2750
59.0,19,40.47,2500
59.0,20,36.24,-3000
59.0,23,43.66,-500
59.0,25,35.47,-4750
59.0,30,35.9,5250
59.5,2,35.24,-750
59.5,3,40.97,1000
59.5,6,40.34,-500
59.5,7,39.76,1750
59.5,9,35.39,-750
59.5,11,36.11,2000
59.5,13,41.05,1750
59.5,16,41.82,-2750
59.5,17,35.08,5500
59.5,19,37.27,2500
59.5,20,36.27,-3000
59.5,23,44.64,-500
59.5,31,35.15,-2000
59.5,32,35.34,4750
60.0,3,39.52,1000
60.0,6,41.43,-500
60.0,7,39.85,1750
60.0,8,35.97,-2750
60.0,13,41.4,1750
60.0,16,41.98,-2750
60.0,19,39.59,2500
60.0,20,35.49,-3000
60.0,23,44.23,-500
60.5,2,36.05,-2750
60.5,3,42.86,750
60.5,6,40.86,-500
60.5,7,37.88,1750
60.5,9,35.25,-1750
60.5,13,40.49,1750
60.5,16,41.03,-2750
60.5,17,35.31,-4500
60.5,19,38.21,2500
60.5,20,37.05,-3000
60.5,21,35.31,2000
60.5,23,43.5,-500
61.0,2,35.99,1500
61.0,3,40.46,1000
61.0,6,40.94,-500
61.0,7,39.97,1750
61.0,10,35.52,500
61.0,11,35.14,2000
61.0,13,43.48,1750
61.0,14,35.63,1000
61.0,16,41.88,-2750
61.0,17,35.52,5500
61.0,19,40.11,2500
61.0,23,44.24,-500
61.0,25,35.1,5500
61.5,2,35.31,-4750
61.5,3,44.27,750
61.5,6,42.38,-500
61.5,7,41.37,1750
61.5,13,43.09,1750
61.5,15,36.41,1250
61.5,16,41.98,-2750
61.5,18,35.64,3750
61.5,19,37.97,2500
61.5,23,44.07,-500
61.5,24,35.08,-1750
61.5,30,35.34,4750
61.5,31,35.29,0
62.0,2,35.21,-3500
62.0,3,39.7,1000
62.0,6,41.85,-500
62.0,7,40.44,1750
62.0,13,43.14,1750
62.0,16,41.5,-2750
62.0,18,35.99,0
62.0,19,41.04,2500
62.0,20,36.98,-3000
62.0,23,44.62,-500
62.0,30,35.05,3000
62.0,32,35.47,750
62.5,3,43.52,750
62.5,4,35.44,-4250
62.5,6,40.99,-500
62.5,7,42.03,1750
62.5,10,35.69,500
62.5,13,41.29,1750
62.5,16,41.93,-2750
62.5,19,39.74,2500
62.5,20,37.55,-3000
62.5,21,35.27,2250
62.5,23,44.08,-500
62.5,27,35.09,-5000
62.5,28,35.82,-6000
62.5,30,35.32,-3250
63.0,3,36.78,500
63.0,4,35.38,-3750
63.0,6,42.19,-500
63.0,7,40.4,1750
63.0,9,35.12,-3750
63.0,11,35.89,2000
63.0,13,41.32,1750
63.0,16,41.07,-2750
63.0,19,40.33,2500
63.0,20,35.97,-3000
63.0,21,35.22,-2000
63.0,22,35.55,1500
63.0,23,44.6,-500
63.0,29,35.26,-4500
63.5,1,36.33,3250
63.5,3,43.71,750
63.5,6,40.41,-500
63.5,7,39.57,1750
63.5,13,43.38,1750
63.5,16,41.84,-2750
63.5,19,39.19,2500
63.5,23,44.05,-500
63.5,30,35.12,5000
63.5,31,35.11,-5250
63.5,32,35.02,-6000
64.0,3,43.79,750
64.0,4,35.39,-4500
64.0,6,39.48,-500
64.0,7,38.36,1750
64.0,8,36.01,-4250
64.0,13,43.04,1750
64.0,16,41.23,-2750
64.0,19,39.9,2500
64.0,21,35.1,-4250
64.0,23,45.13,-500
64.0,25,35.63,4500
64.0,26,35.09,1000
64.0,30,35.77,4250
64.5,3,39.47,500
64.5,5,35.34,1500
64.5,6,41.2,-500
64.5,7,39.96,1750
64.5,13,43.23,1750
64.5,16,42.23,-2750
64.5,17,35.17,2750
64.5,19,39.8,2500
64.5,20,36.58,-3000
64.5,23,43.88,-500
64.5,25,35.4,4000
64.5,30,35.58,-3250
65.0,3,38.57,1000
65.0,6,38.86,-500
65.0,7,39.55,1750
65.0,8,35.09,-4750
65.0,13,41.03,1750
65.0,14,35.24,-5250
65.0,16,43.03,-2750
65.0,17,35.53,2000
65.0,19,38.7,2500
65.0,20,36.53,-3000
65.0,23,43.82,-500
65.0,25,35.6,3000
65.0,27,35.12,-3750
65.0,32,35.62,-3000
65.5,2,35.68,-5000
65.5,3,44.06,750
65.5,6,40.47,-500
65.5,7,36.74,1750
65.5,13,40.88,1750
65.5,14,35.42,-3250
65.5,16,42.85,-2750
65.5,19,37.68,2500
65.5,23,44.17,-500
65.5,24,35.05,5000
66.0,3,43.49,750
66.0,6,41.18,-500
66.0,7,38.53,1750
66.0,9,35.18,-2500
66.0,10,36.11,750
66.0,12,35.23,4000
66.0,13,43.93,1750
66.0,16,43.41,-2750
66.0,18,35.54,3500
66.0,19,38.26,2500
66.0,20,38.04,-3000
66.0,23,43.73,-500
66.0,26,35.39,3000
66.5,1,35.04,750
66.5,3,43.49,750
66.5,6,40.77,-500
66.5,7,39.12,1750
66.5,10,35.46,3000
66.5,13,40.7,1750
66.5,14,35.12,3750
66.5,16,42.19,-2750
66.5,19,41.25,2500
66.5,20,35.27,-3000
66.5,21,35.14,-3250
66.5,22,35.01,2750
66.5,23,44.0,-500
66.5,24,35.4,1000
66.5,32,35.4,-1500
67.0,2,35.28,-250
67.0,3,39.28,500
67.0,4,35.1,750
67.0,6,41.15,-500
67.0,7,37.98,1750
67.0,9,36.37,-2250
67.0,10,35.49,5500
67.0,13,43.18,1750
67.0,15,35.13,-1500
67.0,16,40.59,-2750
67.0,19,40.21,2500
67.0,20,35.41,-3000
67.0,23,43.95,-500
67.0,26,35.09,1750
67.0,30,37.12,-3250
67.5,3,40.7,500
67.5,6,41.68,-500
67.5,7,40.34,1750
67.5,10,35.92,500
67.5,13,42.55,1750
67.5,16,40.55,-2750
67.5,17,35.13,-4000
67.5,19,39.52,2500
67.5,20,37.21,-3000
67.5,21,35.1,3500
67.5,23,43.97,-500
67.5,27,35.8,-500
67.5,30,35.67,-3250
68.0,3,43.39,750
68.0,6,40.75,-500
68.0,7,38.48,1750
68.0,11,35.34,2000
68.0,13,41.86,1750
68.0,16,41.92,-2750
68.0,19,38.65,2500
68.0,20,35.72,-3000
68.0,21,35.26,-4250
68.0,23,44.11,-500
68.5,3,39.38,500
68.5,6,40.63,-500
68.5,7,39.62,1750
68.5,10,35.3,5750
68.5,13,42.11,1750
68.5,14,35.1,5500
68.5,15,35.23,-4750
68.5,16,41.0,-2750
68.5,19,38.92,2500
68.5,20,37.18,-3000
68.5,23,45.06,-500
68.5,27,35.1,-3500
68.5,28,35.05,3750
68.5,30,37.92,-3250
69.0,1,35.96,4500
69.0,3,39.9,500
69.0,4,35.44,2500
69.0,6,39.9,-500
69.0,7,38.1,2000
69.0,8,35.38,2250
69.0,13,41.89,1750
69.0,14,35.03,2000
69.0,15,35.57,-1750
69.0,16,41.44,-2750
69.0,19,40.38,2750
69.0,20,37.08,-3000
69.0,23,44.01,-500
69.0,30,35.02,-2500
69.5,3,43.08,750
69.5,6,41.49,-500
69.5,7,39.97,1750
69.5,10,35.14,-500
69.5,13,43.56,1750
69.5,16,40.79,-2750
69.5,19,39.54,2500
69.5,20,37.87,-3000
69.5,23,43.49,-500
69.5,30,35.24,-3250
70.0,1,35.06,-750
70.0,3,43.88,750
70.0,6,39.99,-500
70.0,7,37.65,1750
70.0,8,35.11,-5500
70.0,11,36.4,-2750
70.0,13,42.07,1750
70.0,16,42.06,-2750
70.0,19,39.89,2500
70.0,21,35.06,-4500
70.0,23,44.77,-500
70.0,30,36.53,-3250
70.5,3,44.21,750
70.5,5,35.01,-1500
70.5,6,42.15,-500
70.5,7,39.64,1750
70.5,12,35.34,-3750
70.5,13,42.82,1750
70.5,15,36.2,3750
70.5,16,40.89,-2750
70.5,19,37.56,2500
70.5,20,36.52,-3000
70.5,22,35.2,750
70.5,23,44.51,-500
70.5,27,35.39,-250
71.0,3,43.88,750
71.0,6,41.03,-500
71.0,7,40.66,1750
71.0,11,35.28,-1500
71.0,13,43.72,1750
71.0,15,35.48,1000
71.0,16,41.82,-2750
71.0,19,40.34,2500
71.0,20,37.02,-3000
71.0,23,44.99,-500
71.0,25,35.6,1750
71.0,28,35.31,4750
71.0,30,35.61,-3250
71.5,1,35.67,1750
71.5,3,43.56,750
71.5,6,41.3,-500
71.5,7,36.77,1750
71.5,10,35.64,500
71.5,11,36.02,-4250
71.5,13,42.78,1750
71.5,16,41.26,-2750
71.5,19,40.3,2500
71.5,20,36.11,-3000
71.5,21,36.06,-5250
71.5,23,44.36,-500
71.5,29,35.09,5750
72.0,3,39.12,500
72.0,5,35.45,5000
72.0,6,41.7,-500
72.0,7,39.56,1750
72.0,8,35.31,-750
72.0,13,41.32,1750
72.0,16,42.27,-2750
72.0,19,37.85,2500
72.0,20,35.81,-3000
72.0,22,35.32,0
72.0,23,43.67,-500
72.0,30,35.12,5000
72.5,3,43.86,750
72.5,6,39.9,-500
72.5,7,40.15,1750
72.5,8,35.16,3500
72.5,12,35.45,2250
72.5,13,43.04,1750
72.5,16,41.48,-2750
72.5,18,36.87,-750
72.5,19,39.15,2500
72.5,20,36.52,-3000
72.5,23,44.49,-500
72.5,24,35.32,3750
72.5,30,35.93,-3250
72.5,32,35.18,1250
73.0,3,39.56,500
73.0,4,35.27,5000
73.0,6,41.51,-500
73.0,7,39.35,1750
73.0,13,41.68,1750
73.0,14,35.0,-250
73.0,16,42.44,-2750
73.0,19,40.21,2500
73.0,20,35.23,-3000
73.0,23,43.58,-500
73.0,27,35.43,-6000
73.0,30,36.14,-3250
73.0,31,35.42,1750
73.5,3,39.54,500
73.5,4,35.15,-2250
73.5,6,39.89,-500
73.5,7,40.48,1750
73.5,13,41.77,1750
73.5,15,35.36,1750
73.5,16,41.57,-2750
73.5,19,38.44,2500
73.5,20,36.01,-3000
73.5,21,35.71,750
73.5,23,45.03,-500
73.5,30,38.26,-3250
74.0,3,44.19,750
74.0,6,39.69,-500
74.0,7,39.73,1750
74.0,9,35.42,750
74.0,13,44.46,1750
74.0,16,41.48,-2750
74.0,17,35.1,-5500
74.0,19,40.5,2500
74.0,20,36.98,-3000
74.0,22,35.24,2500
74.0,23,44.97,-500
74.0,26,35.14,500
74.0,30,35.49,-3250
74.5,3,39.64,500
74.5,5,35.45,4000
74.5,6,41.78,-500
74.5,7,40.47,1750
74.5,9,35.36,-1000
74.5,13,43.14,1750
74.5,16,42.51,-2750
74.5,19,38.33,2500
74.5,20,36.9,-3000
74.5,23,44.28,-500
74.5,26,35.06,0
74.5,30,35.39,-3250
75.0,3,39.32,1000
75.0,6,40.05,-500
75.0,7,38.36,1750
75.0,9,35.24,-4750
75.0,11,35.23,500
75.0,13,42.3,1750
75.0,16,42.65,-2750
75.0,19,39.93,2500
75.0,23,44.14,-500
75.0,24,35.27,-4250
75.0,30,37.31,-3250
75.5,3,43.97,750
75.5,6,41.23,-500
75.5,7,40.14,1750
75.5,13,43.49,1750
75.5,14,35.07,3750
75.5,16,42.11,-2750
75.5,17,35.45,-4000
75.5,18,35.27,-3250
75.5,19,39.04,2500
75.5,20,38.75,-3000
75.5,23,44.51,-500
75.5,28,35.55,250
75.5,29,35.2,5750
76.0,3,39.68,500
76.0,6,42.14,-500
76.0,7,37.26,2000
76.0,8,35.34,-3250
76.0,13,41.99,1750
76.0,16,41.96,-2750
76.0,18,35.1,1750
76.0,19,38.53,2500
76.0,20,37.78,-3000
76.0,23,45.34,-500
76.0,24,35.27,-5250
76.0,28,35.19,4750
76.5,3,43.45,750
76.5,4,35.65,-1750
76.5,6,41.41,-500
76.5,7,38.31,1750
76.5,13,43.5,1750
76.5,14,35.19,-4500
76.5,16,42.15,-2750
76.5,19,39.59,2500
76.5,20,36.12,-3000
76.5,23,44.37,-500
76.5,25,35.22,-5500
76.5,29,35.0,500
76.5,30,36.04,-3250
76.5,32,35.52,0
77.0,2,35.27,-1250
77.0,3,43.58,750
77.0,6,40.83,-500
77.0,7,39.65,1750
77.0,12,35.01,3000
77.0,13,44.02,1750
77.0,16,42.27,-2750
77.0,17,35.73,-250
77.0,19,39.97,2500
77.0,23,44.81,-500
77.0,25,35.01,-3000
77.0,26,35.44,-2500
77.0,30,35.31,-3250
77.5,1,35.46,-2250
77.5,3,44.07,750
77.5,4,35.02,-4500
77.5,5,35.34,4250
77.5,6,40.0,-500
77.5,7,38.39,1750
77.5,8,35.42,3250
77.5,10,35.81,500
77.5,13,42.5,1750
77.5,16,41.0,-2750
77.5,18,35.21,-1750
77.5,19,40.01,2500
77.5,23,44.99,-500
77.5,28,35.1,-4000
77.5,32,35.32,1250
78.0,1,35.11,5500
78.0,3,40.75,500
78.0,5,35.29,-3250
78.0,6,39.89,-500
78.0,7,39.75,1750
78.0,8,35.6,1000
78.0,13,43.04,1750
78.0,16,42.48,-2750
78.0,18,35.22,-4500
78.0,19,38.79,2500
78.0,20,37.88,-3000
78.0,21,35.14,-1000
78.0,22,35.82,0
78.0,23,44.82,-500
78.0,24,35.47,0
78.0,30,36.51,-5250
78.5,3,43.48,750
78.5,6,40.23,-500
78.5,7,37.47,1750
78.5,8,35.28,1750
78.5,13,42.8,1750
78.5,16,41.64,-2750
78.5,19,40.7,2500
78.5,20,38.6,-3000
78.5,23,44.25,-500
78.5,26,35.28,-4250
79.0,2,35.35,-3000
79.0,3,41.07,500
79.0,4,35.01,5750
79.0,6,40.58,-500
79.0,7,39.57,1750
79.0,8,35.27,-500
79.0,10,35.01,500
79.0,13,42.1,1750
79.0,16,43.32,-2750
79.0,18,35.21,2500
79.0,19,38.57,2500
79.0,22,35.31,1000
79.0,23,44.5,-500
79.0,30,35.05,-3250
79.0,32,35.77,-3000
79.5,3,43.45,750
79.5,5,35.15,-1750
79.5,6,40.02,-500
79.5,7,40.7,1750
79.5,13,43.19,1750
79.5,16,41.94,-2750
79.5,19,40.43,2500
79.5,23,44.78,-500
79.5,31,35.22,4250
80.0,2,35.39,-5500
80.0,3,39.61,500
80.0,5,35.48,1750
80.0,6,39.9,-500
80.0,7,38.11,1750
80.0,12,35.15,500
80.0,13,42.66,1750
80.0,16,41.1,-2750
80.0,17,35.16,3250
80.0,18,35.41,-2000
80.0,19,39.35,2500
80.0,23,44.25,-500
80.0,26,35.27,-4750
80.5,1,35.28,4000
80.5,3,43.35,750
80.5,6,41.08,-500
80.5,7,37.66,1750
80.5,10,36.44,750
80.5,13,42.87,1750
80.5,16,41.97,-2750
80.5,19,39.78,2500
80.5,20,36.99,-3000
80.5,23,44.9,-500
80.5,30,35.17,1500
81.0,1,35.67,2500
81.0,2,35.97,2250
81.0,3,39.54,500
81.0,6,41.12,-500
81.0,7,39.42,1750
81.0,9,35.3,3500
81.0,13,40.9,1750
81.0,15,35.34,-3000
81.0,16,43.31,-2750
81.0,19,39.71,2500
81.0,20,37.28,-3000
81.0,21,35.5,0
81.0,23,43.43,-500
81.0,24,35.18,-3250
81.0,29,35.15,3500
81.0,30,35.82,-3250
81.5,2,35.2,3000
81.5,3,43.99,750
81.5,6,41.44,-500
81.5,7,38.97,1750
81.5,8,35.4,1500
81.5,10,37.19,500
81.5,13,43.11,1750
81.5,16,41.3,-2750
81.5,18,35.03,-4250
81.5,19,38.95,2500
81.5,20,35.78,-3000
81.5,23,44.51,-500
81.5,29,36.48,-250
81.5,30,36.09,-3250
82.0,3,39.35,500
82.0,5,35.81,-3750
82.0,6,40.23,-500
82.0,7,39.65,1750
82.0,8,35.11,5500
82.0,10,37.12,500
82.0,11,35.94,-4250
82.0,13,42.68,1750
82.0,16,41.83,-2750
82.0,19,40.93,2500
82.0,20,35.7,-3000
82.0,21,35.45,-2750
82.0,23,43.64,-500
82.0,25,36.3,2250
82.0,29,35.22,750
82.0,30,36.19,-3250
82.5,3,43.56,750
82.5,6,40.08,-500
82.5,7,40.09,1750
82.5,10,36.48,500
82.5,13,43.24,1750
82.5,16,42.08,-2750
82.5,19,39.07,2500
82.5,20,35.37,-3000
82.5,21,35.06,-1000
82.5,23,43.9,-500
82.5,30,35.41,-3500
82.5,32,35.14,-3000
83.0,3,40.45,1000
83.0,5,35.0,5750
83.0,6,40.3,-500
83.0,7,40.1,1750
83.0,10,35.08,-5000
83.0,13,42.67,1750
83.0,14,35.4,750
83.0,16,42.15,-2750
83.0,19,39.24,2500
83.0,23,44.5,-500
83.0,30,35.81,-3250
83.0,32,35.05,-500
83.5,1,35.37,750
83.5,3,44.35,750
83.5,6,40.58,-500
83.5,7,37.24,1750
83.5,10,36.5,500
83.5,11,35.15,-3000
83.5,13,43.59,1750
83.5,14,35.9,-4250
83.5,16,43.42,-2750
83.5,18,35.31,-4500
83.5,19,42.24,2500
83.5,20,35.1,-750
83.5,23,43.7,-500
84.0,1,35.63,-250
84.0,3,42.93,750
84.0,6,40.3,-500
84.0,7,38.55,1750
84.0,11,35.21,-5250
84.0,13,44.47,1750
84.0,16,41.64,-2750
84.0,18,35.26,-500
84.0,19,40.78,2500
84.0,21,35.25,-500
84.0,23,43.8,-500
84.0,27,35.01,0
84.0,28,35.35,-4500
84.0,30,35.37,-3250
84.0,32,36.94,-3000
84.5,3,44.21,750
84.5,6,39.61,-500
84.5,7,38.48,1750
84.5,13,43.97,1750
84.5,16,43.5,-2750
84.5,19,38.62,2500
84.5,20,35.34,-3000
84.5,23,44.37,-500
84.5,29,36.42,-6000
84.5,32,35.86,-3000
85.0,3,40.38,500
85.0,6,41.48,-500
85.0,7,39.44,1750
85.0,10,36.08,-3250
85.0,11,35.2,-250
85.0,13,42.24,1750
85.0,16,43.53,-2750
85.0,19,38.19,2500
85.0,20,36.04,-3000
85.0,23,44.54,-500
85.0,26,35.14,-500
85.0,31,35.14,1500
85.0,32,35.41,-6000
85.5,3,42.62,750
85.5,6,41.39,-500
85.5,7,37.56,1750
85.5,8,35.25,4500
85.5,13,43.5,1750
85.5,14,35.62,-250
85.5,16,42.6,-2750
85.5,19,40.14,2500
85.5,20,38.01,-3000
85.5,23,43.83,-500
85.5,26,35.16,4750
85.5,30,36.4,-3250
86.0,2,35.12,5750
86.0,3,44.72,750
86.0,6,42.14,-500
86.0,7,37.8,1750
86.0,8,35.71,5750
86.0,10,35.63,500
86.0,12,35.41,0
86.0,13,43.42,1750
86.0,14,35.16,4500
86.0,16,42.18,-2750
86.0,19,40.99,2500
86.0,21,35.21,500
86.0,23,43.79,-500
86.5,3,43.35,750
86.5,6,41.54,-500
86.5,7,37.92,2000
86.5,13,42.54,1750
86.5,15,35.4,-3250
86.5,16,43.02,-2750
86.5,19,41.95,2500
86.5,20,36.07,-3000
86.5,23,43.12,-500
86.5,30,35.59,-3250
86.5,31,35.31,1000
87.0,3,40.67,500
87.0,5,35.78,-750
87.0,6,41.8,-500
87.0,7,37.97,1750
87.0,8,35.81,2250
87.0,13,42.26,1750
87.0,14,35.44,-2000
87.0,16,42.28,-2750
87.0,18,35.06,0
87.0,19,40.33,2500
87.0,23,43.93,-500
87.0,27,35.14,-2000
87.5,3,43.98,750
87.5,6,40.7,-500
87.5,7,37.36,1750
87.5,9,35.64,-3000
87.5,11,35.38,-2000
87.5,13,43.63,1750
87.5,14,35.29,-1250
87.5,16,41.53,-2750
87.5,19,40.15,2500
87.5,23,44.37,-500
87.5,24,35.25,5250
87.5,26,35.6,2000
87.5,30,37.56,-3250
87.5,32,35.19,-500
88.0,3,41.47,500
88.0,5,35.03,0
88.0,6,39.4,-500
88.0,7,38.75,1750
88.0,10,37.02,750
88.0,13,40.61,1750
88.0,16,41.59,-2750
88.0,19,40.21,2500
88.0,20,35.13,-2250
88.0,23,43.89,-500
88.0,25,35.21,5500
88.0,30,36.5,-3250
88.0,31,35.1,-5500
88.0,32,35.1,-1250
88.5,3,43.64,750
88.5,6,40.31,-500
88.5,7,36.51,2000
88.5,13,43.57,1750
88.5,16,42.09,-2750
88.5,19,40.51,2500
88.5,20,35.8,-3000
88.5,23,44.74,-500
88.5,29,35.02,1500
88.5,30,35.3,-3500
89.0,3,41.18,500
89.0,6,40.64,-500
89.0,7,38.46,1750
89.0,10,35.86,500
89.0,13,43.67,1750
89.0,16,40.38,-2750
89.0,17,35.38,-1500
89.0,19,39.75,2500
89.0,20,36.55,-3000
89.0,23,44.43,-500
89.5,1,35.15,-4500
89.5,3,39.25,1000
89.5,6,40.83,-500
89.5,7,39.45,1750
89.5,10,35.0,5000
89.5,11,35.3,-500
89.5,12,35.14,5250
89.5,13,41.43,1750
89.5,14,35.42,-5000
89.5,16,43.25,-2750
89.5,18,35.11,-5750
89.5,19,40.74,2500
89.5,22,35.54,-4500
89.5,23,44.25,-500
89.5,29,35.85,-250
89.5,30,35.62,-3250
90.0,3,40.19,500
90.0,6,40.32,-500
90.0,7,39.68,1750
90.0,11,35.09,-500
90.0,12,35.09,5500
90.0,13,41.6,1750
90.0,14,35.32,-2000
90.0,15,35.15,0
90.0,16,42.42,-2750
90.0,18,35.09,-5250
90.0,19,41.34,2500
90.0,23,44.28,-500
90.0,30,35.21,4750
90.5,3,43.79,750
90.5,6,40.34,-500
90.5,7,38.97,1750
90.5,10,35.37,500
90.5,13,41.23,1750
90.5,16,41.51,-2750
90.5,17,35.14,4000
90.5,19,39.88,2500
90.5,20,38.5,-3000
90.5,22,35.07,1750
90.5,23,44.75,-500
90.5,30,35.22,-3250
90.5,31,35.32,4500
91.0,3,40.25,500
91.0,4,35.1,1500
91.0,6,40.01,-500
91.0,7,38.87,1750
91.0,11,35.34,2000
91.0,13,43.86,1750
91.0,14,35.21,-5250
91.0,16,41.86,-2750
91.0,17,35.0,3000
91.0,19,42.06,2500
91.0,23,43.11,-500
91.0,25,35.37,2000
91.0,30,35.08,-3250
91.0,31,35.05,3500
91.5,2,35.31,-5250
91.5,3,42.85,750
91.5,5,35.88,-500
91.5,6,40.55,-500
91.5,7,37.68,1750
91.5,10,35.25,-2500
91.5,13,43.88,1750
91.5,16,42.18,-2750
91.5,18,35.22,-1250
91.5,19,40.65,2500
91.5,20,38.2,-3000
91.5,23,43.45,-500
91.5,26,35.11,-3000
91.5,29,35.59,-2000
91.5,30,35.2,-3250
92.0,3,40.01,500
92.0,6,40.69,-500
92.0,7,39.09,1750
92.0,9,35.25,2250
92.0,11,35.45,4250
92.0,13,43.91,1750
92.0,16,41.57,-2750
92.0,19,40.07,2500
92.0,20,35.86,-3000
92.0,23,44.81,-500
92.0,27,35.18,1500
92.0,30,38.03,-3250
92.5,3,43.83,750
92.5,5,35.02,-1750
92.5,6,40.1,-500
92.5,7,36.53,1750
92.5,10,35.48,-2250
92.5,13,42.09,1750
92.5,14,35.08,4500
92.5,15,35.37,0
92.5,16,42.65,-2750
92.5,19,40.52,2500
92.5,23,45.02,-500
92.5,25,35.58,-4000
93.0,2,35.22,2750
93.0,3,40.35,1000
93.0,5,35.16,3000
93.0,6,40.8,-500
93.0,7,40.75,1750
93.0,13,40.68,1750
93.0,14,35.39,4250
93.0,16,41.74,-2750
93.0,18,35.04,-3750
93.0,19,39.91,2500
93.0,20,36.42,-3000
93.0,21,35.16,-2500
93.0,23,44.23,-500
93.5,3,43.5,750
93.5,4,35.55,-3750
93.5,5,35.63,1250
93.5,6,41.64,-500
93.5,7,39.62,1750
93.5,10,36.02,500
93.5,13,43.13,1750
93.5,16,42.51,-2750
93.5,19,38.28,2500
93.5,23,44.27,-500
93.5,30,35.39,-3250
94.0,3,43.42,750
94.0,4,35.23,750
94.0,6,40.35,-500
94.0,7,36.82,1750
94.0,8,36.42,-3750
94.0,9,35.95,5750
94.0,12,35.12,1750
94.0,13,43.89,1750
94.0,16,42.17,-2750
94.0,19,39.79,2500
94.0,23,44.35,-500
94.0,27,35.33,5000
94.0,32,35.16,-3000
94.5,2,35.21,-1250
94.5,3,41.22,500
94.5,5,35.45,5000
94.5,6,39.59,-500
94.5,7,37.97,1750
94.5,10,35.38,-500
94.5,12,35.09,1000
94.5,13,43.63,1750
94.5,16,42.82,-2750
94.5,19,38.37,2500
94.5,20,35.22,3000
94.5,23,43.91,-500
94.5,31,35.36,-5000
95.0,3,39.4,500
95.0,6,41.04,-500
95.0,7,38.75,1750
95.0,13,40.47,1750
95.0,16,40.97,-2750
95.0,19,41.8,2500
95.0,20,37.73,-3000
95.0,23,43.36,-500
95.0,25,35.12,-4000
95.0,28,35.02,-1000
95.5,3,43.83,750
95.5,6,41.0,-500
95.5,7,39.32,1750
95.5,10,36.31,500
95.5,13,41.94,1750
95.5,16,42.68,-2750
95.5,18,35.24,-4500
95.5,19,40.69,2500
95.5,20,35.05,-3000
95.5,23,44.29,-500
95.5,26,35.31,4500
95.5,27,35.12,1750
95.5,29,35.03,-2000
95.5,30,35.03,-3250
95.5,32,35.74,-500
96.0,3,43.1,750
96.0,4,35.33,-1000
96.0,6,39.88,-500
96.0,7,38.73,1750
96.0,13,43.3,1750
96.0,15,35.93,-2500
96.0,16,43.62,-2750
96.0,17,35.44,-4500
96.0,19,40.15,2500
96.0,23,45.24,-500
96.0,27,35.51,-3000
96.0,29,35.97,750
96.0,30,36.61,-3250
96.5,3,43.03,750
96.5,6,40.93,-500
96.5,7,36.47,2000
96.5,9,35.45,-3750
96.5,13,41.03,1750
96.5,16,42.17,-2750
96.5,17,35.47,1750
96.5,19,40.07,2500
96.5,23,44.47,-500
96.5,26,35.24,-2750
96.5,30,36.3,-3250
97.0,2,35.14,4500
97.0,3,40.73,500
97.0,6,41.11,-500
97.0,7,38.59,1750
97.0,10,35.34,500
97.0,11,35.01,2000
97.0,13,44.61,1750
97.0,16,41.91,-2750
97.0,19,38.36,2500
97.0,23,43.44,-500
97.0,30,36.42,-3250
97.5,3,41.37,500
97.5,6,40.98,-500
97.5,7,38.97,1750
97.5,10,35.18,500
97.5,11,37.14,2000
97.5,12,35.08,2000
97.5,13,41.22,1750
97.5,15,35.32,750
97.5,16,42.47,-2750
97.5,19,39.78,2500
97.5,20,35.36,2250
97.5,23,44.57,-500
97.5,30,37.83,-3250
98.0,3,44.86,750
98.0,6,41.21,-500
98.0,7,38.61,1750
98.0,8,35.65,2250
98.0,10,35.59,500
98.0,11,36.12,1250
98.0,13,40.71,1750
98.0,16,42.74,-2750
98.0,17,35.7,-1500
98.0,18,35.03,-3500
98.0,19,40.45,2500
98.0,21,36.69,1750
98.0,23,44.85,-500
98.0,31,35.08,3750
98.5,3,40.01,1000
98.5,6,39.69,-500
98.5,7,38.57,1750
98.5,10,36.46,500
98.5,12,35.08,-4250
98.5,13,42.47,1750
98.5,16,42.57,-2750
98.5,19,39.98,2500
98.5,23,44.37,-500
98.5,25,35.08,2500
99.0,3,41.35,500
99.0,6,39.53,-500
99.0,7,37.29,1750
99.0,10,36.08,500
99.0,13,41.42,1750
99.0,15,35.37,-3500
99.0,16,41.71,-2750
99.0,19,39.45,2500
99.0,20,35.03,1500
99.0,23,43.72,-500
99.5,3,43.77,750
99.5,4,35.16,-500
99.5,5,35.7,2500
99.5,6,38.89,-500
99.5,7,38.94,1750
99.5,8,35.38,2250
99.5,9,35.26,1250
99.5,13,43.84,1750
99.5,16,41.91,-2750
99.5,19,39.15,2500
99.5,20,36.56,-3000
99.5,23,44.94,-500
99.5,24,35.04,2750
99.5,28,35.14,-5500
99.5,30,35.5,-3250
99.5,32,35.29,4750
100.0,3,44.0,750
100.0,4,35.67,-4750
100.0,6,41.34,-500
100.0,7,38.62,1750
100.0,10,35.52,500
100.0,13,43.42,1750
100.0,16,42.25,-2750
100.0,19,41.81,2500
100.0,23,44.57,-500
100.0,24,35.35,-5250
100.5,3,42.75,750
100.5,6,40.49,-500
100.5,7,35.27,1750
100.5,8,35.16,2250
100.5,13,43.29,1750
100.5,16,42.23,-2750
100.5,19,39.55,2500
100.5,20,35.64,-2000
100.5,23,44.23,-500
100.5,24,35.06,3750
100.5,25,35.3,500
100.5,28,36.11,-3500
100.5,29,35.19,1250
100.5,30,37.34,-3250
100.5,31,35.25,2500
101.0,1,35.09,-4250
101.0,3,40.09,500
101.0,6,40.44,-500
101.0,7,38.23,1750
101.0,9,35.35,5000
101.0,11,35.32,5500
101.0,12,35.13,-1750
101.0,13,41.59,1750
101.0,16,41.78,-2750
101.0,19,40.65,2500
101.0,23,44.21,-500
101.0,27,35.53,0
101.0,30,35.6,-3250
101.5,1,35.42,1250
101.5,3,44.15,750
101.5,5,35.44,4750
101.5,6,40.66,-500
101.5,7,38.92,1750
101.5,13,43.32,1750
101.5,15,35.22,500
101.5,16,41.68,-2750
101.5,17,35.15,-2500
101.5,19,41.11,2500
101.5,23,44.17,-500
101.5,25,35.62,3250
101.5,30,37.17,-3250
102.0,3,40.33,500
102.0,4,35.24,3250
102.0,6,39.71,-500
102.0,7,39.07,1750
102.0,13,43.52,1750
102.0,16,42.39,-2750
102.0,19,38.77,2500
102.0,23,44.66,-500
102.0,31,35.28,-5000
102.5,2,35.24,-4500
102.5,3,40.64,500
102.5,6,40.89,-500
102.5,7,38.1,2000
102.5,10,37.04,500
102.5,13,41.42,1750
102.5,14,35.45,-1750
102.5,16,41.41,-2750
102.5,18,35.28,1000
102.5,19,39.83,2500
102.5,23,44.07,-500
103.0,3,43.77,750
103.0,6,41.15,-500
103.0,7,37.08,1750
103.0,10,35.48,500
103.0,11,35.85,2000
103.0,13,43.24,1750
103.0,14,35.24,750
103.0,16,41.99,-2750
103.0,19,40.38,2500
103.0,21,35.05,3000
103.0,23,44.28,-500
103.0,32,35.11,0
103.5,3,42.96,750
103.5,4,35.13,-5000
103.5,6,40.53,-500
103.5,7,39.07,1750
103.5,12,35.16,-3250
103.5,13,43.03,1750
103.5,16,42.35,-2750
103.5,19,40.54,2500
103.5,23,44.83,-500
103.5,30,35.64,-3250
103.5,31,35.56,4750
103.5,32,35.54,-4750
104.0,3,44.36,750
104.0,6,42.14,-500
104.0,7,39.37,1750
104.0,10,37.78,500
104.0,13,43.02,1750
104.0,16,42.53,-2750
104.0,19,38.62,2500
104.0,20,36.74,-3000
104.0,23,44.52,-500
104.0,25,35.37,3750
104.0,28,35.63,2500
104.0,30,35.55,-3250
104.0,31,35.48,-1750
104.5,3,40.13,1000
104.5,4,35.45,2750
104.5,6,41.2,-500
104.5,7,40.03,1750
104.5,10,35.27,1000
104.5,13,43.03,1750
104.5,16,42.45,-2750
104.5,19,41.02,2500
104.5,20,36.47,-3000
104.5,23,44.65,-500
104.5,28,35.14,-6000
104.5,29,35.3,-3500
104.5,30,37.46,-3250
104.5,31,35.67,1000
105.0,3,40.38,500
105.0,6,40.76,-500
105.0,7,40.52,1750
105.0,10,35.72,-500
105.0,13,40.94,1750
105.0,16,42.34,-2750
105.0,18,35.19,4500
105.0,19,40.65,2500
105.0,20,35.67,-5500
105.0,23,44.63,-500
105.0,24,35.09,5500
105.0,30,36.89,-3250
105.5,3,43.78,750
105.5,6,41.45,-500
105.5,7,38.3,1750
105.5,10,35.89,500
105.5,13,43.36,1750
105.5,16,42.17,-2750
105.5,19,40.44,2500
105.5,23,44.42,-500
105.5,25,35.99,-4750
105.5,30,36.01,0
105.5,31,35.29,5750
106.0,3,40.61,500
106.0,4,35.46,-2750
106.0,6,41.1,-500
106.0,7,39.43,1750
106.0,13,42.26,1750
106.0,14,35.08,2750
106.0,16,42.24,-2750
106.0,19,38.69,2500
106.0,23,44.1,-500
106.0,30,36.66,-3250
106.5,3,43.41,750
106.5,6,41.41,-500
106.5,7,39.69,1750
106.5,13,43.3,1750
106.5,16,43.14,-2750
106.5,19,39.63,2500
106.5,23,44.01,-500
106.5,24,35.17,0
106.5,30,38.95,-3250
107.0,3,42.47,750
107.0,6,40.64,-500
107.0,7,38.63,1750
107.0,11,36.13,2500
107.0,13,43.46,1750
107.0,14,35.23,5000
107.0,15,35.76,-1000
107.0,16,41.98,-2750
107.0,19,38.05,2500
107.0,20,35.96,-3000
107.0,23,44.54,-500
107.0,28,35.18,0
107.0,30,36.85,-3250
107.0,31,35.24,-2000
107.5,2,35.87,-2250
107.5,3,43.68,750
107.5,6,41.19,-500
107.5,7,39.91,1750
107.5,13,43.68,1750
107.5,16,41.77,-2750
107.5,19,40.37,2500
107.5,23,45.11,-500
107.5,27,35.06,3000
107.5,30,35.6,-3250
108.0,1,35.62,3000
108.0,3,43.4,750
108.0,6,41.04,-500
108.0,7,38.44,1750
108.0,10,35.19,-750
108.0,12,35.04,2750
108.0,13,44.44,1750
108.0,16,42.9,-2750
108.0,19,39.3,2500
108.0,21,35.34,500
108.0,23,44.95,-500
108.0,28,35.03,5500
108.0,30,35.57,-4000
108.5,3,42.36,750
108.5,4,35.13,1000
108.5,6,40.68,-500
108.5,7,38.79,1750
108.5,10,36.61,500
108.5,12,35.08,5000
108.5,13,43.14,1750
108.5,16,41.68,-2750
108.5,18,35.1,1000
108.5,19,40.32,2500
108.5,23,44.66,-500
108.5,30,36.97,-3250
109.0,1,35.98,250
109.0,2,35.04,-500
109.0,3,39.88,500
109.0,4,35.84,-3500
109.0,6,40.03,-500
109.0,7,40.1,1750
109.0,10,36.22,500
109.0,11,35.34,4500
109.0,12,35.7,-3500
109.0,13,42.5,1750
109.0,16,42.9,-2750
109.0,19,40.07,2500
109.0,23,44.86,-500
109.0,26,35.02,-2250
109.0,30,35.54,-3250
109.5,2,35.15,250
109.5,3,39.96,500
109.5,6,40.5,-500
109.5,7,39.78,1750
109.5,13,41.53,1750
109.5,16,42.49,-2750
109.5,19,39.08,2500
109.5,20,37.1,-3000
109.5,23,44.12,-500
109.5,31,35.14,-5250
110.0,3,38.78,1000
110.0,6,41.87,-500
110.0,7,38.68,1750
110.0,8,35.42,750
110.0,10,35.22,500
110.0,13,44.95,1750
110.0,16,42.07,-2750
110.0,18,35.48,-4000
110.0,19,39.71,2500
110.0,20,35.54,-3000
110.0,23,44.64,-500
110.0,24,35.46,-4750
110.0,30,35.58,-3250
110.5,2,35.13,3500
110.5,3,41.42,500
110.5,6,40.21,-500
110.5,7,39.77,1750
110.5,13,42.36,1750
110.5,14,35.73,1750
110.5,16,43.17,-2750
110.5,19,39.28,2500
110.5,23,44.2,-500
110.5,30,35.31,-3250
111.0,3,40.1,500
111.0,4,35.57,-2000
111.0,6,39.75,-500
111.0,7,39.49,1750
111.0,9,35.18,-1750
111.0,13,40.86,1750
111.0,16,42.84,-2750
111.0,19,41.34,2500
111.0,20,35.5,-5250
111.0,21,36.04,2750
111.0,23,43.51,-500
111.0,32,35.18,-5250
111.5,3,43.19,750
111.5,5,35.14,-5750
111.5,6,40.61,-500
111.5,7,37.88,2000
111.5,8,35.47,-1500
111.5,9,35.11,5500
111.5,10,35.23,500
111.5,11,35.37,-1000
111.5,13,43.82,1750
111.5,14,35.08,-5000
111.5,16,41.74,-2750
111.5,19,40.35,2500
111.5,20,35.0,5250
111.5,23,44.34,-500
111.5,27,35.19,0
112.0,3,39.71,1000
112.0,6,40.92,-500
112.0,7,39.64,1750
112.0,9,35.06,2750
112.0,10,36.65,500
112.0,12,35.05,-4000
112.0,13,41.8,1750
112.0,16,42.22,-2750
112.0,19,40.14,2500
112.0,22,35.87,2000
112.0,23,44.34,-500
112.0,24,35.14,500
112.0,30,36.06,-3250
112.5,3,43.36,750
112.5,6,40.43,-500
112.5,7,38.77,1750
112.5,10,35.14,5750
112.5,13,43.91,1750
112.5,16,43.37,-2750
112.5,19,40.5,2500
112.5,20,37.83,-3000
112.5,23,44.09,-500
112.5,30,35.38,-3250
113.0,3,39.65,1000
113.0,6,40.67,-500
113.0,7,38.84,1750
113.0,10,35.14,500
113.0,13,41.95,1750
113.0,16,43.32,-2750
113.0,18,36.84,-2250
113.0,19,41.16,2500
113.0,23,44.8,-500
113.0,27,35.62,0
113.0,30,35.94,-3250
113.5,3,42.73,750
113.5,6,40.19,-500
113.5,9,35.25,1750
113.5,10,37.27,500
113.5,11,35.79,2000
113.5,13,44.08,1750
113.5,16,43.67,-2750
113.5,19,40.83,2500
113.5,20,35.76,-3000
113.5,22,35.24,5750
113.5,23,43.72,-500
113.5,24,35.33,3500
113.5,30,35.39,-3250
114.0,3,43.41,750
114.0,6,41.17,-500
114.0,7,37.51,1750
114.0,8,35.2,-1500
114.0,12,35.42,-500
114.0,13,43.8,1750
114.0,14,35.18,4500
114.0,16,42.9,-2750
114.0,19,40.04,2500
114.0,20,36.93,-3000
114.0,22,35.43,-6000
114.0,23,44.05,-500
114.0,24,35.54,-1250
114.0,26,35.66,5750
114.0,30,35.39,5500
114.5,1,35.72,1250
114.5,3,43.65,750
114.5,6,39.5,-500
114.5,7,37.87,1750
114.5,8,35.47,1250
114.5,10,35.8,500
114.5,11,35.05,-4500
114.5,13,43.22,1750
114.5,16,42.58,-2750
114.5,18,35.49,-3750
114.5,19,39.07,2500
114.5,23,43.86,-500
114.5,24,35.34,-1250
114.5,29,35.46,-3000
114.5,31,35.14,-250
115.0,2,35.13,-500
115.0,3,41.79,1000
115.0,6,40.03,-500
115.0,7,36.61,1750
115.0,9,35.17,5250
115.0,10,35.38,500
115.0,13,43.43,2000
115.0,16,41.96,-2750
115.0,17,35.1,4000
115.0,19,40.37,2500
115.0,22,35.33,-3250
115.0,23,43.81,-500
115.0,26,35.29,-1750
115.0,27,35.05,1250
115.0,30,37.47,-3250
115.5,1,35.55,-5750
115.5,3,43.15,750
115.5,5,35.84,5250
115.5,6,41.67,-500
115.5,7,39.41,1750
115.5,10,36.82,500
115.5,11,35.39,2000
115.5,13,42.99,1750
115.5,16,42.18,-2750
115.5,19,41.43,2500
115.5,23,45.12,-500
115.5,28,35.19,0
115.5,30,35.92,-3250
115.5,32,35.17,-5000
116.0,1,35.19,-250
116.0,3,43.82,750
116.0,6,40.71,-500
116.0,7,38.79,1750
116.0,10,35.11,-250
116.0,11,35.35,-1000
116.0,13,43.35,1750
116.0,16,42.75,-2750
116.0,19,41.5,2500
116.0,23,44.2,-500
116.0,30,35.01,-3250
116.5,3,42.25,750
116.5,6,39.39,-500
116.5,7,36.91,2000
116.5,10,36.06,500
116.5,13,42.57,2000
116.5,16,43.16,-2750
116.5,19,38.3,2500
116.5,23,44.31,-500
116.5,30,37.29,-3250
116.5,31,35.68,500
116.5,32,35.45,-250
117.0,1,35.28,2750
117.0,2,35.05,2750
117.0,3,40.68,1000
117.0,6,41.05,-500
117.0,7,38.58,1750
117.0,13,42.14,2000
117.0,16,42.4,-2750
117.0,17,35.64,3000
117.0,19,38.82,2500
117.0,22,35.15,4750
117.0,23,43.46,-500
117.0,30,35.95,5750
117.5,3,43.96,750
117.5,6,41.62,-500
117.5,7,39.57,1750
117.5,8,35.33,5750
117.5,10,35.67,500
117.5,13,43.67,1750
117.5,15,35.06,1500
117.5,16,41.89,-2750
117.5,19,39.18,2500
117.5,20,36.78,-3000
117.5,21,35.05,-1500
117.5,23,43.86,-500
118.0,3,42.62,750
118.0,5,35.21,-5750
118.0,6,40.49,-500
118.0,7,38.87,1750
118.0,13,43.95,2000
118.0,16,42.36,-2750
118.0,19,40.31,2500
118.0,22,35.96,1500
118.0,23,43.85,-500
118.5,3,42.68,750
118.5,6,39.15,-500
118.5,7,38.27,1750
118.5,8,35.27,3750
118.5,13,43.01,1750
118.5,16,42.73,-2750
118.5,18,35.08,-5750
118.5,19,40.96,2500
118.5,20,36.22,-3000
118.5,21,35.65,-5500
118.5,23,43.19,-500
118.5,27,35.24,2750
118.5,32,35.58,1750
119.0,3,41.97,1000
119.0,4,35.17,-6000
119.0,5,35.04,3500
119.0,6,40.39,-500
119.0,7,37.48,1750
119.0,9,35.12,0
119.0,10,36.35,500
119.0,13,43.78,1750
119.0,16,41.47,-2750
119.0,18,35.02,4250
119.0,19,40.73,2500
119.0,21,35.13,1750
119.0,23,43.92,-500
119.0,32,35.19,4000
119.5,3,43.28,1000
119.5,6,39.87,-500
119.5,7,38.95,1750
119.5,9,35.38,-4000
119.5,11,35.48,-3750
119.5,13,44.04,2000
119.5,16,43.47,-2750
119.5,19,40.45,2500
119.5,23,44.13,-500
119.5,31,35.05,750
119.5,32,35.0,0
120.0,3,42.37,1000
120.0,5,35.06,-6000
120.0,6,41.65,-500
120.0,7,38.27,1750
120.0,10,35.22,500
120.0,11,35.08,-500
120.0,13,43.91,2000
120.0,16,43.04,-2750
120.0,17,35.15,-3500
120.0,19,40.85,2500
120.0,23,43.63,-500
120.0,25,35.05,3250
120.0,29,35.38,-1750
120.5,3,43.26,750
120.5,6,40.62,-500
120.5,7,37.31,1750
120.5,11,35.02,3250
120.5,13,44.63,2000
120.5,16,40.5,-2750
120.5,19,38.73,2500
120.5,23,42.94,-500
120.5,31,35.31,2750
121.0,2,35.46,-1500
121.0,3,43.37,1000
121.0,6,40.22,-500
121.0,7,36.43,2000
121.0,10,35.05,500
121.0,13,42.97,1750
121.0,16,42.25,-2750
121.0,19,40.75,2500
121.0,20,36.19,-3000
121.0,21,36.43,3750
121.0,23,43.6,-500
121.0,30,35.4,5000
121.5,3,42.78,750
121.5,6,42.36,-500
121.5,7,39.56,1750
121.5,13,43.22,1750
121.5,16,43.49,-2750
121.5,19,40.34,2500
121.5,20,35.58,-3000
121.5,23,44.08,-500
121.5,26,35.43,-4500
121.5,29,35.65,-4500
121.5,30,36.11,-3250
121.5,32,35.75,-4750
122.0,3,44.15,1000
122.0,6,41.72,-500
122.0,7,36.56,1750
122.0,10,36.02,500
122.0,13,42.19,1750
122.0,16,43.8,-2750
122.0,19,39.17,2500
122.0,20,36.48,-3000
122.0,23,42.66,-500
122.0,24,35.04,-5250
122.0,26,35.28,3750
122.5,3,44.82,750
122.5,6,39.14,-500
122.5,7,39.36,1750
122.5,13,43.88,2000
122.5,16,42.71,-2750
122.5,18,35.78,-2000
122.5,19,40.54,2500
122.5,20,36.24,-3000
122.5,23,43.76,-500
122.5,32,35.1,2000
123.0,3,43.92,750
123.0,5,35.23,1500
123.0,6,38.04,-500
123.0,7,36.66,1750
123.0,13,45.11,2000
123.0,16,42.19,-2750
123.0,19,40.18,2500
123.0,23,43.73,-500
123.0,29,35.8,2000
123.5,3,42.58,750
123.5,6,38.58,-500
123.5,7,38.82,1750
123.5,11,35.76,-4250
123.5,12,35.21,0
123.5,13,42.97,1750
123.5,16,42.8,-2750
123.5,18,35.05,-5500
123.5,19,40.5,2500
123.5,20,35.08,0
123.5,23,44.54,-500
123.5,24,35.3,-1000
123.5,25,35.05,2000
123.5,30,36.34,1750
124.0,1,36.08,-3250
124.0,3,43.98,750
124.0,4,35.09,2250
124.0,6,39.94,-500
124.0,7,38.39,1750
124.0,9,35.12,5250
124.0,10,35.49,500
124.0,13,43.99,1750
124.0,14,35.01,4500
124.0,16,41.03,-2750
124.0,17,35.64,1750
124.0,18,35.09,2000
124.0,19,39.14,2500
124.0,21,35.23,3250
124.0,23,44.13,-500
124.0,25,35.15,3750
124.0,32,35.46,-1750
124.5,1,35.07,-5750
124.5,3,43.25,1000
124.5,5,36.15,-4250
124.5,6,38.98,-500
124.5,7,36.95,1750
124.5,8,35.96,4000
124.5,10,35.33,500
124.5,13,44.16,1750
124.5,16,41.99,-2750
124.5,19,40.53,2500
124.5,20,35.81,-3000
124.5,21,35.53,-3750
124.5,23,44.19,-500
124.5,27,35.32,1250
124.5,30,36.6,-3250
124.5,32,35.1,-1000
125.0,2,35.04,-5750
125.0,3,42.31,1000
125.0,6,40.38,-500
125.0,7,38.43,1750
125.0,13,43.48,2000
125.0,16,41.4,-2750
125.0,18,35.0,-250
125.0,19,40.85,2500
125.0,21,35.26,1500
125.0,22,35.7,-5250
125.0,23,43.45,-500
125.0,27,35.19,-3500
125.5,3,42.65,750
125.5,6,39.52,-500
125.5,7,39.17,1750
125.5,10,35.31,500
125.5,13,46.23,2000
125.5,16,41.99,-2750
125.5,19,41.94,2500
125.5,23,44.0,-500
125.5,25,35.97,5750
125.5,27,35.06,-3500
125.5,29,35.61,-6000
125.5,31,35.26,-2500
126.0,3,43.7,750
126.0,6,39.14,-500
126.0,7,36.42,1750
126.0,13,42.72,1750
126.0,15,35.09,-5750
126.0,16,41.4,-2750
126.0,18,35.23,-2500
126.0,19,39.79,2500
126.0,20,35.32,4250
126.0,23,43.81,-500
126.0,24,35.54,1750
126.0,25,36.17,-4250
126.0,27,35.91,-2000
126.0,29,35.0,-3000
126.0,30,35.94,2250
126.5,3,42.81,750
126.5,6,40.08,-500
126.5,7,39.22,1750
126.5,9,35.01,-6000
126.5,10,36.61,500
126.5,11,35.43,-2250
126.5,13,44.31,2000
126.5,16,42.01,-2750
126.5,19,40.34,2500
126.5,23,42.11,-500
127.0,3,43.41,750
127.0,5,35.42,1750
127.0,6,39.93,-500
127.0,7,37.52,1750
127.0,8,35.35,4500
127.0,9,35.01,-2750
127.0,13,43.49,1750
127.0,16,42.35,-2750
127.0,19,40.63,2500
127.0,20,35.09,-3000
127.0,23,43.41,-500
127.0,24,35.46,-3250
127.0,28,35.33,3750
127.0,31,35.21,4500
127.5,3,44.08,750
127.5,5,35.03,-3250
127.5,6,37.96,-500
127.5,7,37.99,1750
127.5,10,36.3,500
127.5,13,43.88,2000
127.5,16,40.58,-2750
127.5,19,40.9,2500
127.5,22,35.06,-3500
127.5,23,43.53,-500
127.5,29,35.29,-1000
127.5,31,35.03,-750
128.0,2,35.48,-1500
128.0,3,43.98,750
128.0,6,38.64,-500
128.0,7,39.11,1750
128.0,13,44.1,2000
128.0,16,42.39,-2750
128.0,19,41.46,2500
128.0,21,35.81,-6000
128.0,23,44.41,-500
128.0,30,37.12,-3250
128.5,2,35.12,3250
128.5,3,43.59,750
128.5,4,35.89,4000
128.5,5,35.14,0
128.5,6,37.79,-500
128.5,7,38.43,1750
128.5,13,44.9,2000
128.5,16,40.92,-2750
128.5,18,35.83,1000
128.5,19,38.82,2500
128.5,20,36.42,-3000
128.5,23,43.78,-500
128.5,24,35.56,-1000
129.0,3,43.54,500
129.0,6,39.86,-500
129.0,7,37.75,1750
129.0,10,35.16,-2750
129.0,11,35.12,2000
129.0,13,44.28,2000
129.0,15,35.44,3500
129.0,16,41.12,-2750
129.0,19,40.27,2500
129.0,20,36.48,-3000
129.0,23,43.62,-500
129.0,27,35.0,5500
129.0,29,35.1,-4250
129.5,2,35.27,-4500
129.5,3,42.67,750
129.5,6,39.14,-500
129.5,7,38.57,1750
129.5,8,36.0,2250
129.5,13,43.39,1750
129.5,16,43.17,-2750
129.5,19,41.5,2500
129.5,23,43.83,-500
130.0,2,35.35,750
130.0,3,42.69,750
130.0,6,38.45,-500
130.0,7,37.92,1750
130.0,13,43.79,1750
130.0,15,35.08,-4000
130.0,16,41.79,-2750
130.0,19,39.89,2500
130.0,20,36.32,-3000
130.0,21,35.53,-500
130.0,22,35.02,-4500
130.0,23,43.58,-500
130.0,28,35.14,1750
130.0,30,35.99,-3250
130.5,3,42.63,750
130.5,4,35.03,750
130.5,6,40.1,-500
130.5,7,39.19,1750
130.5,10,35.27,500
130.5,11,35.93,500
130.5,13,43.48,1750
130.5,14,35.07,1000
130.5,15,35.04,-2000
130.5,16,42.71,-2750
130.5,18,35.32,2000
130.5,19,39.74,2500
130.5,23,44.01,-500
130.5,26,35.2,4250
130.5,28,35.27,-4250
131.0,3,43.81,750
131.0,6,38.58,-500
131.0,7,39.91,1750
131.0,13,44.19,2000
131.0,16,41.34,-2750
131.0,18,35.25,1750
131.0,19,39.2,2500
131.0,23,43.3,-500
131.0,24,35.16,-4750
131.0,30,35.12,-3250
131.0,32,35.26,1500
131.5,3,43.02,750
131.5,4,35.03,-250
131.5,6,38.89,-500
131.5,10,35.12,500
131.5,13,43.86,1750
131.5,16,42.21,-2750
131.5,19,40.52,2500
131.5,20,35.2,1750
131.5,23,44.15,-500
131.5,28,35.58,-1250
132.0,2,35.72,-4250
132.0,3,43.5,500
132.0,6,37.97,-500
132.0,7,40.2,1750
132.0,8,35.22,-5500
132.0,13,43.01,2000
132.0,14,35.12,5500
132.0,16,41.04,-2750
132.0,17,35.33,2500
132.0,19,40.43,2500
132.0,23,42.6,-500
132.0,30,35.91,-3250
132.5,3,42.76,750
132.5,4,35.21,-6000
132.5,6,39.43,-500
132.5,7,39.81,1750
132.5,13,43.98,1750
132.5,16,40.48,-2750
132.5,17,35.92,5750
132.5,19,41.04,2500
132.5,20,35.11,-4500
132.5,23,44.27,-500
132.5,27,36.8,1750
132.5,30,37.07,-3250
133.0,3,42.14,750
133.0,5,35.17,-2250
133.0,6,39.31,-500
133.0,7,38.87,1750
133.0,8,35.26,5500
133.0,10,36.07,500
133.0,11,35.39,-3500
133.0,13,44.93,1750
133.0,16,41.51,-2750
133.0,17,35.13,-1500
133.0,18,35.98,-250
133.0,19,39.42,2500
133.0,20,37.13,-3000
133.0,22,35.93,-500
133.0,23,44.09,-500
133.5,2,35.71,-2500
133.5,3,42.52,750
133.5,6,36.8,-500
133.5,7,39.98,1750
133.5,8,35.18,750
133.5,10,35.73,500
133.5,13,42.78,1750
133.5,14,35.69,-750
133.5,16,41.52,-2750
133.5,19,41.29,2500
133.5,23,43.48,-500
133.5,26,35.64,1750
133.5,27,35.39,-2750
133.5,30,36.22,-3250
133.5,32,35.08,-4500
134.0,3,43.05,500
134.0,5,36.09,-3500
134.0,6,39.74,-500
134.0,7,38.08,1750
134.0,9,35.07,0
134.0,13,44.31,2000
134.0,14,35.99,-6000
134.0,16,41.03,-2750
134.0,19,38.54,2500
134.0,20,35.39,-3000
134.0,23,43.28,-500
134.0,32,35.73,-3000
134.5,3,43.0,750
134.5,6,40.75,-500
134.5,7,38.44,1750
134.5,13,42.85,1750
134.5,16,42.29,-2750
134.5,19,40.8,2500
134.5,23,43.6,-500
134.5,30,35.1,-3250
134.5,32,35.66,250
135.0,2,35.3,-750
135.0,3,43.08,500
135.0,6,37.81,-500
135.0,7,40.17,1750
135.0,8,35.34,250
135.0,13,44.77,2000
135.0,16,41.04,-2750
135.0,19,37.92,2500
135.0,23,42.63,-500
135.5,3,42.42,750
135.5,6,39.84,-750
135.5,7,39.26,1750
135.5,9,35.36,-750
135.5,13,43.25,1750
135.5,16,41.78,-2750
135.5,18,35.12,1750
135.5,19,41.41,2500
135.5,21,35.15,4250
135.5,23,43.12,-500
135.5,30,36.15,-3250
136.0,3,42.91,500
136.0,6,37.87,-500
136.0,7,38.06,1750
136.0,13,44.16,2000
136.0,16,40.79,-2750
136.0,19,40.07,2500
136.0,20,35.7,-3000
136.0,23,43.41,-500
136.0,26,35.01,-3750
136.0,28,35.11,4000
136.0,30,35.03,-3500
136.0,32,35.03,250
136.5,3,42.2,750
136.5,6,39.25,-500
136.5,7,38.45,1750
136.5,9,36.52,3250
136.5,10,35.16,500
136.5,13,43.25,1750
136.5,16,41.07,-2750
136.5,18,35.23,-2750
136.5,19,39.98,2500
136.5,20,36.42,-3000
136.5,23,43.11,-500
136.5,24,35.0,5500
136.5,27,35.18,5500
136.5,30,36.79,-3250
137.0,3,42.4,750
137.0,5,35.62,-5500
137.0,6,39.24,-500
137.0,7,39.27,1750
137.0,11,35.23,250
137.0,13,44.77,1750
137.0,16,41.34,-2750
137.0,17,35.18,3500
137.0,19,40.29,2500
137.0,20,36.72,-3000
137.0,23,43.82,-500
137.0,24,35.38,1750
137.0,32,35.05,-3250
137.5,3,40.52,750
137.5,5,35.86,5750
137.5,6,40.57,-500
137.5,7,37.56,1750
137.5,10,35.85,500
137.5,13,43.23,1750
137.5,16,40.86,-2750
137.5,18,35.28,-1250
137.5,19,39.11,2500
137.5,20,35.95,-3000
137.5,22,35.72,-1750
137.5,23,44.41,-500
137.5,24,35.21,250
137.5,30,36.03,-3250
138.0,3,41.93,750
138.0,6,39.88,-500
138.0,7,38.89,1750
138.0,10,35.82,500
138.0,13,43.56,1750
138.0,16,41.32,-2750
138.0,18,35.8,-2500
138.0,19,39.74,2500
138.0,20,37.65,-3000
138.0,23,43.07,-500
138.0,27,35.09,1500
138.5,3,42.6,750
138.5,6,37.21,-500
138.5,7,38.98,1750
138.5,8,35.14,3000
138.5,10,36.76,500
138.5,13,44.16,1750
138.5,16,41.02,-2750
138.5,19,40.26,2500
138.5,20,35.92,-3000
138.5,23,43.49,-500
138.5,29,35.42,1500
139.0,1,35.32,0
139.0,3,42.39,750
139.0,6,39.96,-500
139.0,7,38.47,1750
139.0,8,35.16,4500
139.0,9,35.27,-3500
139.0,10,35.83,500
139.0,13,43.57,1750
139.0,15,35.1,2250
139.0,16,40.93,-2750
139.0,19,40.29,2500
139.0,23,43.42,-500
139.0,25,37.2,-6000
139.5,3,43.1,500
139.5,6,38.27,-500
139.5,7,37.1,2000
139.5,10,35.92,500
139.5,13,44.35,2000
139.5,16,40.55,-2750
139.5,19,38.18,2500
139.5,20,35.83,-3000
139.5,23,43.45,-500
139.5,30,35.28,0
140.0,1,35.14,1250
140.0,3,43.37,500
140.0,6,37.17,-750
140.0,7,38.84,1750
140.0,13,43.85,1750
140.0,16,41.47,-2750
140.0,18,35.41,-3000
140.0,19,40.65,2500
140.0,20,37.07,-3000
140.0,23,43.13,-500
140.0,30,35.65,-3250
140.5,3,43.1,750
140.5,4,35.51,-2250
140.5,6,35.57,-500
140.5,7,41.09,1750
140.5,13,44.1,2000
140.5,15,35.11,-500
140.5,16,41.1,-2750
140.5,19,39.86,2500
140.5,20,35.58,-3000
140.5,21,35.41,-5250
140.5,23,43.44,-500
141.0,3,43.77,500
141.0,5,35.09,2000
141.0,6,40.13,-500
141.0,7,38.9,1750
141.0,13,44.16,2000
141.0,16,41.26,-2750
141.0,17,35.5,-1000
141.0,19,39.44,2500
141.0,20,35.24,4000
141.0,22,35.02,5500
141.0,23,43.13,-500
141.5,1,35.01,3750
141.5,3,42.57,750
141.5,6,39.84,-500
141.5,7,40.55,1750
141.5,9,35.05,1250
141.5,10,35.48,500
141.5,13,43.5,1750
141.5,16,40.19,-2750
141.5,19,41.95,2500
141.5,20,36.19,-3000
141.5,23,43.59,-500
141.5,29,35.16,1750
141.5,32,35.08,3250
142.0,3,42.85,500
142.0,6,38.95,-500
142.0,7,40.07,1750
142.0,8,35.15,4500
142.0,10,37.25,500
142.0,13,44.11,1500
142.0,16,39.91,-2750
142.0,17,35.21,5500
142.0,19,39.88,2500
142.0,20,36.43,-3000
142.0,23,44.11,-500
142.5,3,42.88,750
142.5,6,37.81,-500
142.5,7,38.67,1750
142.5,13,42.91,1750
142.5,14,35.26,-3250
142.5,16,41.23,-2750
142.5,19,42.05,2500
142.5,20,37.41,-3000
142.5,23,42.78,-500
143.0,1,35.02,-5500
143.0,3,42.53,500
143.0,4,36.33,5500
143.0,6,38.01,-500
143.0,7,37.46,2000
143.0,8,35.33,-1000
143.0,11,35.72,500
143.0,13,43.91,2000
143.0,16,40.5,-2750
143.0,19,40.12,2500
143.0,20,35.25,-3000
143.0,23,43.22,-500
143.0,25,35.06,-250
143.0,26,35.92,-1500
143.0,30,35.59,-2000
143.5,2,35.42,-2000
143.5,3,42.52,750
143.5,6,38.87,-500
143.5,7,37.71,1750
143.5,13,44.41,1750
143.5,16,39.28,-2750
143.5,17,35.5,-2500
143.5,19,40.6,2500
143.5,20,35.82,-3000
143.5,23,43.84,-500
143.5,28,35.59,4500
143.5,30,35.94,-3250
144.0,2,35.01,-2500
144.0,3,42.89,750
144.0,6,39.46,-500
144.0,7,39.25,1750
144.0,10,35.01,500
144.0,13,43.29,1750
144.0,16,41.54,-2750
144.0,19,40.12,2500
144.0,20,36.02,-3000
144.0,23,44.11,-500
144.0,26,35.2,1500
144.0,30,35.38,-3250
144.5,3,43.22,750
144.5,6,37.82,-500
144.5,7,39.2,1750
144.5,13,43.01,1750
144.5,15,35.05,-1500
144.5,16,41.95,-2750
144.5,19,41.43,2500
144.5,20,36.71,-3000
144.5,23,43.88,-500
144.5,25,35.86,-4250
144.5,32,35.12,2750
145.0,2,35.06,5000
145.0,3,42.92,500
145.0,6,37.91,-500
145.0,7,40.02,1750
145.0,13,44.37,2000
145.0,16,41.36,-2750
145.0,18,35.66,-3750
145.0,19,38.9,2500
145.0,23,42.66,-500
145.5,3,41.92,750
145.5,6,36.59,-500
145.5,7,39.49,1750
145.5,10,35.54,500
145.5,13,44.09,1750
145.5,16,41.72,-2750
145.5,17,35.2,-2750
145.5,18,35.17,0
145.5,19,40.57,2500
145.5,20,36.34,-3000
145.5,21,35.44,1500
145.5,22,35.26,2750
145.5,23,43.86,-500
145.5,25,35.93,2000
145.5,26,35.31,-4000
145.5,30,35.37,-4250
146.0,2,35.04,-1250
146.0,3,42.57,750
146.0,6,39.86,-500
146.0,7,38.18,1750
146.0,10,37.79,500
146.0,13,43.72,1750
146.0,16,41.04,-2750
146.0,18,35.0,1000
146.0,19,39.9,2500
146.0,20,37.6,-3000
146.0,23,43.17,-500
146.0,25,35.17,-250
146.0,27,35.21,-1000
146.0,30,36.48,-3250
146.5,3,43.12,750
146.5,4,35.28,-4000
146.5,6,38.72,-500
146.5,7,40.25,1750
146.5,9,35.31,2500
146.5,10,37.54,500
146.5,11,35.38,5750
146.5,13,44.21,2000
146.5,15,35.14,-4250
146.5,16,40.03,-2750
146.5,17,35.23,2750
146.5,19,39.42,2500
146.5,20,36.11,-3000
146.5,23,43.81,-500
146.5,30,35.33,-3250
146.5,31,35.8,-2500
147.0,3,43.66,500
147.0,5,35.24,-6000
147.0,6,38.39,-500
147.0,7,39.07,1750
147.0,12,35.13,5000
147.0,13,43.66,2000
147.0,16,39.44,-2750
147.0,18,35.03,5000
147.0,19,40.18,2500
147.0,20,35.43,-3000
147.0,23,42.57,-500
147.0,24,35.46,4000
147.0,30,37.27,-3250
147.0,31,35.44,-2250
147.5,3,41.5,750
147.5,4,35.78,3250
147.5,6,39.84,-500
147.5,7,39.8,1750
147.5,9,35.19,-2750
147.5,13,43.77,1750
147.5,16,41.94,-2750
147.5,17,35.1,-2750
147.5,18,35.0,2750
147.5,19,40.54,2500
147.5,20,36.97,-3000
147.5,23,44.34,-500
147.5,24,35.11,-500
147.5,28,35.19,1000
147.5,30,35.49,-2250
147.5,31,35.16,-2750
148.0,3,43.54,500
148.0,6,39.32,-500
148.0,7,39.52,1750
148.0,13,44.94,2000
148.0,16,40.29,-2750
148.0,19,41.17,2500
148.0,20,36.25,-3000
148.0,23,42.43,-500
148.0,26,35.28,4250
148.5,3,42.93,750
148.5,6,40.55,-500
148.5,7,38.32,1750
148.5,9,35.23,5750
148.5,13,42.84,1750
148.5,14,35.52,-3500
148.5,16,42.62,-2750
148.5,18,35.12,5500
148.5,19,41.4,2500
148.5,20,35.75,-3000
148.5,23,43.57,-500
148.5,27,35.03,4000
148.5,28,35.37,-5000
148.5,32,35.3,-3000
149.0,3,42.95,500
149.0,6,39.8,-500
149.0,7,38.72,1750
149.0,8,35.1,0
149.0,10,36.42,500
149.0,11,35.41,-3500
149.0,12,35.16,-1500
149.0,13,42.12,1750
149.0,14,36.23,0
149.0,16,41.14,-2750
149.0,18,35.09,5000
149.0,19,40.57,2500
149.0,20,37.74,-3000
149.0,23,43.09,-500
149.0,27,35.13,5000
149.5,3,43.92,500
149.5,6,39.66,-500
149.5,7,38.16,1750
149.5,12,35.07,-250
149.5,13,45.03,2000
149.5,16,40.68,-2750
149.5,19,39.24,2500
149.5,20,35.45,-3000
149.5,23,43.69,-500
150.0,2,35.29,-6000
150.0,3,43.45,500
150.0,6,39.66,-500
150.0,7,42.07,1750
150.0,12,35.58,4500
150.0,13,44.49,2000
150.0,16,40.34,-2750
150.0,19,39.53,2500
150.0,20,36.18,-3000
150.0,21,35.65,-5500
150.0,22,35.23,5000
150.0,23,43.29,-500
150.0,31,35.33,3000
150.5,3,42.68,750
150.5,5,35.04,4500
150.5,6,38.04,-500
150.5,7,39.0,1750
150.5,9,35.3,5000
150.5,13,44.91,2000
150.5,16,41.3,-2750
150.5,19,39.95,2500
150.5,20,36.46,-3000
150.5,22,35.53,750
150.5,23,43.31,-500
150.5,24,35.1,2500
150.5,29,35.35,-4000
151.0,3,43.09,500
151.0,5,35.51,-5250
151.0,6,40.04,-500
151.0,7,37.2,1750
151.0,9,35.05,3500
151.0,13,43.54,1750
151.0,15,35.2,-5500
151.0,16,40.44,-2750
151.0,19,41.17,2500
151.0,22,35.18,1500
151.0,23,43.44,-500
151.0,24,35.01,3500
151.0,32,35.22,-5250
151.5,1,35.12,-750
151.5,3,42.41,750
151.5,5,35.83,-2000
151.5,6,40.02,-500
151.5,7,39.16,1750
151.5,10,37.31,500
151.5,13,44.02,1750
151.5,16,41.38,-2750
151.5,19,40.64,2500
151.5,20,36.78,-3000
151.5,21,35.36,1500
151.5,23,43.4,-500
152.0,1,35.06,2500
152.0,3,44.54,500
152.0,6,39.21,-750
152.0,7,36.73,1750
152.0,9,36.13,-4250
152.0,10,35.14,500
152.0,11,35.48,-4500
152.0,13,43.66,1750
152.0,16,39.47,-2750
152.0,17,35.66,2000
152.0,18,35.22,-5500
152.0,19,41.41,2500
152.0,20,37.99,-3000
152.0,22,35.66,500
152.0,23,44.37,-500
152.0,29,35.33,-500
152.0,30,36.06,-2250
152.5,1,36.62,-1250
152.5,3,42.33,750
152.5,6,38.19,-500
152.5,7,39.13,1750
152.5,13,44.55,1500
152.5,16,42.52,-2750
152.5,18,35.03,-5000
152.5,19,41.2,2500
152.5,20,35.71,-3000
152.5,23,43.31,-500
152.5,28,36.09,-5000
153.0,2,35.54,-3000
153.0,3,43.55,750
153.0,6,37.03,-500
153.0,7,39.68,1750
153.0,10,36.05,500
153.0,13,44.53,2000
153.0,16,38.87,-2750
153.0,17,35.36,-4250
153.0,19,40.04,2500
153.0,20,35.69,-3000
153.0,21,35.02,5000
153.0,23,43.54,-500
153.0,24,36.08,-1250
153.0,30,35.76,-3250
153.5,1,35.19,-4500
153.5,3,42.45,750
153.5,6,41.15,-500
153.5,7,37.86,1750
153.5,8,35.01,3750
153.5,10,37.33,500
153.5,11,35.2,-5000
153.5,13,43.8,1750
153.5,16,41.1,-2750
153.5,19,41.14,2500
153.5,20,35.73,-3000
153.5,23,43.45,-500
153.5,25,35.23,1000
153.5,26,35.84,4250
153.5,27,35.37,-6000
153.5,32,35.51,1000
154.0,2,35.88,1000
154.0,3,42.82,750
154.0,4,36.48,-1000
154.0,6,38.31,-500
154.0,7,39.59,1750
154.0,8,35.25,1000
154.0,13,43.69,1750
154.0,15,35.33,-2500
154.0,16,40.56,-2750
154.0,18,35.39,750
154.0,19,41.49,2500
154.0,20,35.52,-3000
154.0,23,43.17,-500
154.0,24,35.03,-5000
154.0,28,35.35,-4750
154.0,30,35.02,-3250
154.5,3,43.51,500
154.5,5,35.27,-1250
154.5,6,40.13,-500
154.5,7,36.93,1750
154.5,9,35.5,-1250
154.5,10,36.15,500
154.5,13,43.75,1750
154.5,15,35.94,-2500
154.5,16,41.08,-2750
154.5,19,41.21,2500
154.5,20,35.51,-3000
154.5,23,43.29,-500
154.5,27,35.25,2750
154.5,30,35.42,-3250
155.0,3,43.34,500
155.0,4,35.1,-5000
155.0,6,38.18,-500
155.0,7,38.21,1750
155.0,9,35.33,-1500
155.0,10,35.17,-500
155.0,13,44.8,2000
155.0,15,35.38,-5500
155.0,16,40.19,-2750
155.0,19,39.48,2500
155.0,22,36.4,-1250
155.0,23,43.26,-500
155.0,31,35.61,-1750
155.5,3,41.26,750
155.5,4,35.21,4000
155.5,6,37.62,-750
155.5,7,37.67,1750
155.5,10,35.63,500
155.5,13,44.97,2000
155.5,16,40.51,-2750
155.5,19,40.03,2500
155.5,20,35.67,-3000
155.5,23,43.48,-500
155.5,25,35.18,-250
155.5,26,35.13,3000
155.5,28,35.54,1000
155.5,31,35.62,1000
155.5,32,35.26,4250
156.0,3,41.77,750
156.0,5,35.36,-750
156.0,6,38.32,-500
156.0,7,38.09,1750
156.0,9,35.45,4750
156.0,10,35.76,-2250
156.0,11,35.35,2250
156.0,13,43.57,1750
156.0,16,42.08,-2750
156.0,17,35.17,-5000
156.0,19,41.09,2500
156.0,20,35.6,-3000
156.0,23,43.19,-500
156.0,25,36.06,-250
156.0,26,35.33,-750
156.0,30,36.47,-3250
156.5,3,42.04,750
156.5,5,35.47,1500
156.5,6,37.94,-500
156.5,7,38.53,1750
156.5,11,35.72,3000
156.5,13,44.4,2000
156.5,16,40.48,-2750
156.5,19,40.18,2500
156.5,23,42.27,-500
156.5,27,35.41,-1000
156.5,31,35.36,-250
157.0,3,43.51,500
157.0,6,37.77,-750
157.0,7,36.59,1750
157.0,10,35.07,-2750
157.0,13,43.26,1750
157.0,16,38.95,-2750
157.0,19,40.34,2500
157.0,20,35.31,-3000
157.0,21,36.46,-5250
157.0,23,42.53,-500
157.0,24,35.85,1250
157.0,27,35.27,5750
157.0,30,35.49,-3250
157.0,31,35.13,5500
157.0,32,35.48,-3000
157.5,3,43.49,500
157.5,5,35.07,3500
157.5,6,36.08,-500
157.5,7,36.8,1750
157.5,10,35.25,500
157.5,13,43.99,1500
157.5,16,40.47,-2750
157.5,18,35.47,5750
157.5,19,39.32,2500
157.5,23,43.19,-500
157.5,31,35.19,1500
157.5,32,35.12,4000
158.0,3,42.0,750
158.0,6,36.53,-500
158.0,7,39.79,1750
158.0,10,37.0,500
158.0,13,44.09,2000
158.0,16,40.14,-2750
158.0,18,35.19,-2000
158.0,19,39.97,2500
158.0,23,42.69,-500
158.0,28,35.36,0
158.0,30,36.46,-3250
158.5,3,42.51,500
158.5,6,39.4,-500
158.5,7,38.75,1750
158.5,8,36.09,-1000
158.5,10,37.23,500
158.5,13,44.34,2000
158.5,16,40.76,-2750
158.5,18,35.21,-500
158.5,19,39.9,2500
158.5,20,35.66,-3000
158.5,23,41.7,-500
158.5,26,35.35,-4000
159.0,3,43.17,500
159.0,5,35.36,4000
159.0,6,38.52,-500
159.0,7,35.87,2000
159.0,9,35.66,-2000
159.0,10,36.32,500
159.0,12,35.2,2250
159.0,13,44.27,2000
159.0,14,35.19,-3500
159.0,16,40.77,-2750
159.0,19,38.4,2500
159.0,23,42.81,-500
159.0,29,35.14,-500
159.0,31,35.4,1250
159.5,3,41.14,750
159.5,6,38.78,-500
159.5,7,39.33,1750
159.5,10,35.19,5000
159.5,12,35.24,1500
159.5,13,43.18,1750
159.5,16,42.3,-2750
159.5,19,39.54,2500
159.5,23,43.73,-500
160.0,1,35.25,1750
160.0,3,40.18,750
160.0,6,38.52,-500
160.0,7,38.95,1750
160.0,10,35.56,500
160.0,13,43.78,1750
160.0,16,40.9,-2750
160.0,19,39.86,2500
160.0,23,43.67,-500
160.0,30,35.51,-750
160.0,32,35.25,500
160.5,3,41.1,750
160.5,6,38.21,-500
160.5,7,39.27,1750
160.5,12,35.01,4000
160.5,13,43.2,1750
160.5,14,35.39,-1000
160.5,16,40.64,-2750
160.5,18,35.96,-3000
160.5,19,40.51,2500
160.5,20,36.31,-3000
160.5,23,44.32,-500
161.0,1,35.1,-2500
161.0,3,43.07,500
161.0,6,37.89,-750
161.0,7,38.39,1750
161.0,13,44.04,2000
161.0,15,35.17,-1750
161.0,16,41.02,-2750
161.0,19,38.06,2500
161.0,20,35.07,2750
161.0,22,35.15,-750
161.0,23,43.02,-500
161.0,29,35.13,3500
161.0,30,35.21,-5500
161.5,3,41.94,750
161.5,6,36.46,-500
161.5,7,37.41,1750
161.5,9,35.34,-5250
161.5,10,36.3,500
161.5,13,43.22,1750
161.5,16,39.95,-2750
161.5,17,35.98,1250
161.5,19,40.42,2500
161.5,20,35.28,5500
161.5,23,43.28,-500
161.5,26,35.12,3250
161.5,30,36.38,-3250
162.0,3,41.34,750
162.0,6,38.52,-500
162.0,7,38.36,1750
162.0,13,43.78,1750
162.0,16,41.68,-2750
162.0,19,41.95,2500
162.0,23,42.97,-500
162.0,32,35.09,-3000
162.5,3,41.35,750
162.5,6,37.66,-500
162.5,7,38.51,1750
162.5,8,35.02,-5250
162.5,10,35.89,500
162.5,13,43.91,1750
162.5,16,40.27,-2750
162.5,19,39.37,2500
162.5,20,35.14,-3000
162.5,21,35.58,5000
162.5,23,42.61,-500
162.5,25,35.99,-1750
162.5,27,36.27,-5500
163.0,1,35.24,-250
163.0,3,43.31,750
163.0,4,35.63,-750
163.0,6,38.49,-500
163.0,7,37.06,1750
163.0,10,35.38,4000
163.0,12,35.18,4500
163.0,13,44.02,2000
163.0,16,40.02,-2750
163.0,18,35.03,-250
163.0,19,39.01,2500
163.0,23,41.3,-500
163.0,29,35.08,-4750
163.0,31,35.28,2250
163.5,3,40.95,750
163.5,5,35.4,-2750
163.5,6,38.11,-500
163.5,7,38.74,1750
163.5,13,43.26,1750
163.5,14,36.19,-5250
163.5,16,41.75,-2750
163.5,18,35.24,1500
163.5,19,39.0,2500
163.5,20,35.07,-1750
163.5,23,42.49,-500
163.5,28,35.14,0
164.0,3,42.74,500
164.0,6,39.99,-500
164.0,7,39.09,1750
164.0,10,36.68,500
164.0,13,44.09,2000
164.0,16,40.33,-2750
164.0,19,40.06,2500
164.0,20,35.8,-3000
164.0,22,35.85,250
164.0,23,43.27,-500
164.0,24,35.6,1000
164.0,29,35.23,4750
164.5,1,35.12,-2500
164.5,3,41.65,750
164.5,6,38.1,-750
164.5,7,39.13,1750
164.5,12,35.78,-1500
164.5,13,43.49,1750
164.5,16,40.78,-2750
164.5,19,39.74,2500
164.5,21,36.01,-5750
164.5,23,43.32,-500
164.5,27,35.04,-2000
165.0,3,43.47,500
165.0,4,35.25,2250
165.0,6,37.21,-500
165.0,7,37.38,1750
165.0,8,35.55,-5250
165.0,13,44.57,2000
165.0,16,41.14,-2750
165.0,19,37.09,2500
165.0,23,43.18,-500
165.0,24,35.26,4000
165.0,26,35.28,-4500
165.0,30,35.53,-3250
165.5,3,42.8,750
165.5,6,38.01,-500
165.5,7,38.01,1750
165.5,13,44.39,1750
165.5,16,41.31,-2750
165.5,19,40.22,2500
165.5,22,35.5,-6000
165.5,23,43.35,-500
165.5,27,35.12,-5750
165.5,28,35.53,-6000
165.5,29,35.08,-5750
165.5,31,35.07,4750
166.0,1,35.06,1500
166.0,3,44.03,750
166.0,4,36.19,750
166.0,6,38.26,-500
166.0,7,38.64,1750
166.0,13,44.18,1500
166.0,16,40.41,-2750
166.0,18,35.16,1000
166.0,19,41.37,2500
166.0,23,43.21,-500
166.0,30,36.65,-3250
166.5,3,40.71,750
166.5,6,38.17,-500
166.5,7,39.32,1750
166.5,8,35.19,-3250
166.5,13,42.82,1750
166.5,16,40.28,-2750
166.5,19,40.56,2500
166.5,20,35.4,-4500
166.5,23,43.0,-500
166.5,31,35.54,1250
167.0,3,41.87,750
167.0,6,37.81,-750
167.0,7,38.93,1750
167.0,8,35.36,4750
167.0,9,35.23,1750
167.0,11,35.17,-250
167.0,13,43.38,1750
167.0,16,42.23,-2750
167.0,19,39.64,2500
167.0,20,36.03,-500
167.0,23,43.51,-500
167.0,28,35.16,4750
167.0,30,35.07,-5500
167.0,32,35.06,4000
167.5,3,40.61,750
167.5,6,36.91,-500
167.5,7,36.96,2000
167.5,10,37.3,500
167.5,13,42.34,1750
167.5,16,39.71,-2750
167.5,19,40.37,2500
167.5,20,35.44,5000
167.5,23,43.44,-500
167.5,25,35.39,3750
167.5,26,35.69,1750
167.5,30,35.44,-1500
168.0,2,35.85,3000
168.0,3,42.27,750
168.0,5,35.32,5500
168.0,6,36.0,-750
168.0,7,39.12,1750
168.0,10,35.76,500
168.0,13,44.03,2000
168.0,16,40.32,-2750
168.0,18,36.14,-3750
168.0,19,40.61,2500
168.0,21,35.21,1500
168.0,23,42.19,-500
168.5,2,35.14,-1000
168.5,3,43.46,500
168.5,6,35.87,-750
168.5,7,35.77,1750
168.5,8,35.28,-2750
168.5,13,43.75,1500
168.5,16,39.66,-2750
168.5,19,38.92,2500
168.5,23,42.64,-500
168.5,24,36.07,4500
168.5,30,35.4,-3250
168.5,31,35.09,-2000
168.5,32,35.45,2750
169.0,3,40.84,750
169.0,5,35.14,-5250
169.0,6,39.18,-500
169.0,7,39.3,1750
169.0,10,35.19,1000
169.0,13,42.9,1750
169.0,15,35.63,2750
169.0,16,41.43,-2750
169.0,19,40.08,2500
169.0,23,43.31,-500
169.0,26,35.49,1500
169.0,28,35.44,3750
169.5,3,43.22,500
169.5,6,37.32,-750
169.5,7,37.09,1750
169.5,10,35.56,3000
169.5,11,35.4,5500
169.5,13,44.29,2000
169.5,16,40.55,-2750
169.5,19,39.4,2500
169.5,22,35.35,4250
169.5,23,42.64,-500
170.0,1,35.71,-3750
170.0,3,44.1,750
170.0,6,37.5,-500
170.0,7,36.68,1750
170.0,13,43.8,2000
170.0,16,39.86,-2750
170.0,17,35.26,500
170.0,19,39.5,2500
170.0,23,42.71,-500
170.5,1,35.15,250
170.5,3,43.2,750
170.5,5,35.04,-2250
170.5,6,38.86,-500
170.5,7,37.04,1750
170.5,10,35.28,-3750
170.5,11,35.03,-4250
170.5,13,42.48,1750
170.5,15,35.23,-1000
170.5,16,40.92,-2750
170.5,19,40.21,2500
170.5,23,43.28,-500
170.5,25,35.0,-500
171.0,2,35.1,-6000
171.0,3,42.95,500
171.0,6,36.34,-750
171.0,7,37.27,1750
171.0,13,44.56,1500
171.0,14,35.26,-3750
171.0,16,40.47,-2750
171.0,17,35.36,4500
171.0,19,38.88,2500
171.0,23,42.05,-500
171.0,24,35.12,-1000
171.5,3,41.36,750
171.5,6,36.04,-750
171.5,7,36.21,1750
171.5,13,43.38,1750
171.5,16,40.82,-2750
171.5,19,41.28,2500
171.5,23,43.37,-500
171.5,30,35.12,4750
172.0,3,42.97,500
172.0,6,38.62,-500
172.0,7,37.88,1750
172.0,9,35.02,-500
172.0,13,44.47,1500
172.0,16,41.16,-2750
172.0,17,35.25,1500
172.0,19,39.12,2500
172.0,23,43.03,-500
172.5,3,41.18,750
172.5,6,38.21,-750
172.5,7,38.64,1750
172.5,8,35.93,-4500
172.5,10,35.33,500
172.5,12,35.32,5000
172.5,13,42.77,1750
172.5,15,35.41,3000
172.5,16,39.85,-2750
172.5,18,35.24,3500
172.5,19,41.15,2500
172.5,23,42.7,-500
172.5,26,35.04,5750
172.5,31,35.17,-5000
173.0,3,43.95,500
173.0,6,36.6,-750
173.0,7,37.12,1750
173.0,8,35.14,-4500
173.0,9,35.02,2000
173.0,10,36.89,500
173.0,13,43.97,2000
173.0,16,40.34,-2750
173.0,19,40.55,2500
173.0,23,41.27,-500
173.0,25,35.17,-4750
173.5,3,40.91,750
173.5,6,37.0,-500
173.5,7,37.3,1750
173.5,10,35.47,-1500
173.5,13,43.42,1750
173.5,16,40.14,-2750
173.5,19,40.35,2500
173.5,20,36.73,-3000
173.5,23,42.97,-500
173.5,24,35.22,-4000
173.5,28,35.02,-2750
174.0,3,40.54,750
174.0,5,35.2,3500
174.0,6,37.99,-500
174.0,7,36.34,1750
174.0,10,37.54,500
174.0,12,35.09,2500
174.0,13,43.04,1750
174.0,16,40.46,-2750
174.0,19,39.75,2500
174.0,23,43.99,-500
174.0,29,36.4,750
174.5,3,40.88,750
174.5,4,35.04,-5000
174.5,6,37.01,-750
174.5,7,37.03,1750
174.5,12,35.08,-5000
174.5,13,42.81,1750
174.5,14,35.09,5000
174.5,16,41.41,-2750
174.5,17,35.4,3500
174.5,19,40.76,2500
174.5,23,42.47,-500
174.5,27,35.18,-3750
174.5,30,35.91,-3250
174.5,32,35.04,1000
175.0,3,43.48,500
175.0,5,35.57,-1000
175.0,7,35.48,1750
175.0,10,35.56,500
175.0,13,43.85,1500
175.0,16,40.91,-2750
175.0,19,38.38,2500
175.0,20,37.26,-3000
175.0,23,42.46,-500
175.5,3,41.69,750
175.5,5,35.46,750
175.5,6,38.62,-500
175.5,7,39.84,1750
175.5,8,35.06,0
175.5,10,35.37,500
175.5,11,35.14,5000
175.5,12,35.39,0
175.5,13,42.41,1750
175.5,16,39.82,-2750
175.5,17,35.06,1750
175.5,19,38.68,2500
175.5,23,43.16,-500
175.5,32,35.11,-5500
176.0,3,41.74,750
176.0,6,38.1,-750
176.0,7,35.59,-2000
176.0,13,42.01,1750
176.0,16,40.67,-2750
176.0,19,41.09,2500
176.0,20,35.06,-3000
176.0,23,42.68,-500
176.0,30,37.12,-3250
176.5,3,41.01,750
176.5,6,35.74,-750
176.5,12,35.29,-1250
176.5,13,44.05,1500
176.5,16,40.73,-2750
176.5,17,35.7,3000
176.5,18,35.14,-4500
176.5,19,38.4,2500
176.5,21,35.63,1750
176.5,23,42.48,-500
176.5,24,35.06,4000
177.0,3,43.59,750
177.0,4,35.02,-6000
177.0,6,37.19,-750
177.0,7,37.83,1750
177.0,13,43.92,2000
177.0,16,39.54,-2750
177.0,19,38.22,2500
177.0,20,35.99,-3000
177.0,23,42.05,-500
177.0,24,35.33,1500
177.0,25,35.86,-6000
177.0,26,35.13,0
177.5,3,41.97,750
177.5,6,38.16,-750
177.5,7,37.63,1750
177.5,8,36.02,-5750
177.5,9,35.14,250
177.5,12,35.1,500
177.5,13,42.7,1750
177.5,14,35.05,250
177.5,16,41.15,-2750
177.5,19,40.37,2500
177.5,23,42.84,-500
177.5,27,36.13,-1000
177.5,28,35.11,5750
178.0,3,42.55,500
178.0,6,36.89,-500
178.0,7,36.97,1750
178.0,12,35.09,1250
178.0,13,44.59,2000
178.0,16,40.32,-2750
178.0,19,39.81,2500
178.0,23,41.64,-500
178.0,27,36.27,-5750
178.5,2,35.2,-2500
178.5,3,39.26,750
178.5,5,35.77,5250
178.5,6,36.99,-500
178.5,7,38.0,1750
178.5,8,35.06,3250
178.5,11,36.48,0
178.5,13,42.86,1750
178.5,15,35.01,-3500
178.5,16,39.93,-2750
178.5,18,35.06,5250
178.5,19,38.19,2500
178.5,20,35.05,-3000
178.5,23,43.13,-500
178.5,26,35.08,-4250
178.5,28,35.37,0
179.0,3,43.67,750
179.0,6,37.54,-500
179.0,7,37.62,1750
179.0,9,35.1,4500
179.0,13,43.19,1750
179.0,15,35.49,-2500
179.0,16,41.06,-2750
179.0,19,39.12,2500
179.0,20,35.34,-3000
179.0,23,42.04,-500
179.0,27,35.39,5500
179.5,3,41.87,500
179.5,5,36.03,-4250
179.5,6,35.59,-500
179.5,7,37.98,1750
179.5,12,35.57,-3750
179.5,13,44.79,2000
179.5,16,39.7,-2750
179.5,17,36.01,-4500
179.5,19,40.12,2500
179.5,23,42.22,-500
179.5,29,35.26,3500
179.5,31,35.18,3250
179.5,32,35.63,2500
180.0,1,35.05,-3000
180.0,2,35.44,0
180.0,3,41.78,500
180.0,5,35.71,-3500
180.0,6,37.98,-750
180.0,7,37.64,1750
180.0,9,36.45,1000
180.0,13,44.45,1500
180.0,16,40.91,-2750
180.0,19,39.47,2500
180.0,23,41.53,-500
180.0,30,36.49,-3250
180.5,3,40.75,750
180.5,6,37.56,-500
180.5,7,39.56,1750
180.5,13,44.09,2000
180.5,16,39.01,-2750
180.5,19,38.76,2500
180.5,20,35.29,-3000
180.5,23,43.54,-500
180.5,28,35.33,3250
181.0,3,43.3,750
181.0,4,35.08,-2750
181.0,6,39.4,-500
181.0,7,36.21,1750
181.0,11,35.3,5750
181.0,13,42.31,1750
181.0,16,38.39,-2750
181.0,17,35.18,-1000
181.0,19,39.76,2500
181.0,23,43.18,-500
181.0,27,35.4,-3000
181.0,30,35.4,-2750
181.5,3,40.74,750
181.5,5,35.62,4500
181.5,6,37.26,-750
181.5,7,36.03,1750
181.5,10,35.62,1750
181.5,12,35.01,1500
181.5,13,42.95,1750
181.5,16,39.69,-2750
181.5,19,40.71,2500
181.5,20,35.59,-3750
181.5,23,42.85,-500
181.5,30,35.04,-3250
181.5,31,35.22,2750
182.0,3,43.83,500
182.0,6,38.03,-500
182.0,7,38.3,1750
182.0,13,42.41,1750
182.0,16,40.63,-2750
182.0,19,40.58,2500
182.0,22,35.49,250
182.0,23,43.23,-500
182.0,28,35.32,4500
182.0,31,35.23,0
182.5,3,40.62,750
182.5,6,36.16,-500
182.5,7,37.67,1750
182.5,10,37.56,500
182.5,11,36.14,-3000
182.5,12,35.38,4750
182.5,13,43.13,2000
182.5,16,40.65,-2750
182.5,19,38.15,2500
182.5,23,42.0,-500
182.5,26,35.05,1000
183.0,3,42.82,500
183.0,5,35.39,3500
183.0,6,36.32,-500
183.0,7,37.28,1750
183.0,8,35.68,-3500
183.0,9,35.38,2250
183.0,13,43.59,2000
183.0,16,39.16,-2750
183.0,19,41.34,2500
183.0,23,42.77,-500
183.0,27,35.69,-4500
183.0,31,35.07,-2500
183.0,32,35.03,2000
183.5,3,39.95,750
183.5,5,35.17,-250
183.5,6,37.38,-750
183.5,7,38.3,1750
183.5,8,35.24,-3500
183.5,10,35.68,500
183.5,11,35.1,4000
183.5,12,35.84,2000
183.5,13,42.23,1750
183.5,14,36.07,-3000
183.5,16,38.87,-2750
183.5,19,38.84,2500
183.5,21,35.31,4500
183.5,22,35.85,5250
183.5,23,43.2,-500
183.5,32,35.28,-5000
184.0,3,41.06,750
184.0,6,36.83,-750
184.0,7,36.94,1750
184.0,13,41.11,1750
184.0,16,38.27,-2750
184.0,19,39.36,2500
184.0,20,35.93,2250
184.0,22,35.02,-500
184.0,23,42.7,-500
184.0,24,35.44,500
184.5,2,35.21,750
184.5,3,43.06,750
184.5,6,37.55,-500
184.5,7,36.52,1750
184.5,8,35.1,-250
184.5,10,36.26,500
184.5,13,42.59,1750
184.5,14,35.08,-6000
184.5,16,40.05,-2750
184.5,18,35.07,-500
184.5,19,37.99,2500
184.5,23,43.45,-500
184.5,24,35.21,0
184.5,30,35.57,5250
184.5,32,35.18,-4500
185.0,1,35.73,1750
185.0,3,43.2,750
185.0,6,38.23,-500
185.0,7,37.93,1750
185.0,10,35.17,500
185.0,13,41.79,2000
185.0,16,40.29,-2750
185.0,19,41.7,2500
185.0,23,41.43,-500
185.5,3,40.87,750
185.5,6,36.28,-500
185.5,7,36.64,1750
185.5,13,44.56,2000
185.5,16,38.66,-2750
185.5,19,40.0,2500
185.5,20,35.43,5000
185.5,21,35.05,750
185.5,23,43.52,-500
185.5,25,35.15,5000
185.5,27,36.15,-2750
185.5,29,35.54,4500
185.5,30,35.25,2000
185.5,31,35.6,-3750
186.0,3,39.58,750
186.0,4,35.35,5250
186.0,6,36.33,-750
186.0,7,36.54,1750
186.0,10,38.23,500
186.0,11,35.26,2000
186.0,13,43.11,1750
186.0,16,38.39,-2750
186.0,17,36.31,-5500
186.0,19,40.66,2500
186.0,23,43.81,-500
186.0,27,35.14,-3000
186.0,29,35.16,-4250
186.5,3,41.36,750
186.5,6,37.41,-750
186.5,7,38.08,1750
186.5,13,43.78,2000
186.5,16,40.37,-2750
186.5,19,38.93,2500
186.5,23,44.03,-500
187.0,1,35.9,2000
187.0,3,43.26,750
187.0,6,38.69,-750
187.0,13,42.51,1750
187.0,16,40.01,-2750
187.0,19,39.43,2500
187.0,20,35.05,-5750
187.0,21,35.18,-1500
187.0,23,42.88,-500
187.0,27,35.07,4750
187.0,29,35.23,4250
187.5,3,43.7,750
187.5,6,37.53,-500
187.5,7,37.97,1750
187.5,9,35.46,-5000
187.5,10,35.93,500
187.5,13,43.55,2000
187.5,16,39.99,-2750
187.5,19,39.44,2500
187.5,20,35.35,4500
187.5,23,43.2,-500
187.5,31,35.19,-2500
187.5,32,35.05,3750
188.0,3,38.93,750
188.0,4,35.05,750
188.0,6,38.88,-750
188.0,7,38.58,1750
188.0,10,35.56,500
188.0,11,35.01,2000
188.0,13,43.78,1500
188.0,16,40.57,-2750
188.0,17,35.61,-500
188.0,19,40.4,2500
188.0,23,42.57,-500
188.0,30,35.56,-3250
188.5,1,35.07,-3500
188.5,3,42.8,500
188.5,5,35.6,-2000
188.5,6,37.22,-500
188.5,7,36.11,1750
188.5,9,35.73,-2750
188.5,13,43.46,1500
188.5,16,39.45,-2750
188.5,19,39.33,2500
188.5,20,35.44,-3000
188.5,23,43.02,-500
188.5,27,35.26,-1250
188.5,31,35.06,1500
189.0,1,35.03,-5000
189.0,3,43.4,500
189.0,4,35.36,250
189.0,5,35.38,4250
189.0,6,37.65,-750
189.0,7,37.96,1750
189.0,8,35.7,-2500
189.0,10,35.78,4250
189.0,13,43.82,1500
189.0,14,35.21,4250
189.0,16,39.96,-2750
189.0,18,35.04,-1500
189.0,19,37.7,2500
189.0,23,41.35,-500
189.0,26,35.62,5500
189.5,3,40.66,750
189.5,5,35.04,-4500
189.5,6,39.52,-750
189.5,7,37.73,1750
189.5,10,35.19,-4250
189.5,13,43.72,1750
189.5,16,38.29,-2750
189.5,19,39.04,2500
189.5,20,35.12,2750
189.5,23,44.41,-500
190.0,3,43.32,500
190.0,6,36.96,-750
190.0,7,36.56,2000
190.0,13,42.24,2000
190.0,14,35.22,5000
190.0,16,39.7,-2750
190.0,19,40.1,2500
190.0,23,41.58,-500
190.0,24,35.31,1000
190.5,3,43.04,500
190.5,7,37.44,1750
190.5,12,35.06,2000
190.5,13,44.93,2000
190.5,14,35.09,4500
190.5,16,40.62,-2750
190.5,19,39.66,2500
190.5,20,35.45,5250
190.5,23,40.66,-500
191.0,3,44.53,750
191.0,6,37.17,-750
191.0,7,38.06,1750
191.0,13,44.24,2000
191.0,16,39.48,-2750
191.0,19,38.98,2500
191.0,20,35.68,-3000
191.0,21,35.2,-4500
191.0,23,41.29,-500
191.0,32,35.47,4000
191.5,3,39.33,750
191.5,4,35.23,5750
191.5,6,37.54,-750
191.5,7,38.76,2000
191.5,10,36.85,500
191.5,13,43.83,1750
191.5,16,38.25,-2750
191.5,19,40.37,2500
191.5,23,42.73,-500
191.5,25,35.19,-3750
191.5,26,35.54,5000
191.5,30,35.06,-250
192.0,1,36.19,-5000
192.0,3,39.98,750
192.0,6,35.76,-500
192.0,7,37.75,1750
192.0,8,35.09,-1750
192.0,10,36.59,500
192.0,13,42.77,1750
192.0,16,39.6,-2750
192.0,17,35.15,-2000
192.0,19,40.84,2500
192.0,20,36.19,1000
192.0,23,42.57,-500
192.0,25,35.1,-3000
192.0,30,35.69,-1000
192.5,3,42.99,500
192.5,6,36.79,-750
192.5,7,38.67,1750
192.5,13,44.02,2000
192.5,16,39.01,-2750
192.5,19,38.89,2500
192.5,21,35.6,-4250
192.5,23,41.75,-500
192.5,24,35.18,-5500
192.5,28,35.42,-3500
193.0,2,35.03,-1750
193.0,3,40.82,750
193.0,6,39.25,-500
193.0,7,35.61,1750
193.0,8,35.29,-3750
193.0,13,43.25,1750
193.0,15,35.82,3750
193.0,16,38.72,-2750
193.0,19,39.44,2500
193.0,22,35.54,250
193.0,23,43.17,-500
193.0,28,35.03,-3750
193.0,30,35.4,-3250
193.5,3,40.3,750
193.5,6,37.77,-500
193.5,7,35.39,2000
193.5,10,35.11,500
193.5,13,42.81,1750
193.5,16,36.67,-2750
193.5,19,40.61,2500
193.5,23,43.5,-500
193.5,28,35.52,-3750
193.5,32,35.0,2000
194.0,2,35.13,3500
194.0,3,40.52,750
194.0,6,36.47,-750
194.0,7,37.65,1750
194.0,10,36.72,500
194.0,13,42.94,1750
194.0,16,39.06,-2750
194.0,19,39.16,2500
194.0,23,42.2,-500
194.0,24,35.4,750
194.0,29,35.44,-500
194.5,1,35.02,-5000
194.5,2,35.09,-4750
194.5,3,38.61,750
194.5,6,35.95,-750
194.5,7,39.26,1750
194.5,10,35.0,500
194.5,13,43.87,1750
194.5,14,35.36,-500
194.5,16,39.23,-2750
194.5,19,41.37,2500
194.5,20,35.5,-1750
194.5,21,35.43,-1000
194.5,22,35.17,-4000
194.5,23,42.86,-500
195.0,1,35.98,750
195.0,2,35.07,5500
195.0,3,43.24,750
195.0,6,36.77,-750
195.0,7,38.07,1750
195.0,13,44.11,2000
195.0,16,38.59,-2750
195.0,19,38.19,2500
195.0,23,42.21,-500
195.0,28,36.3,5250
195.0,29,35.19,-5750
195.5,3,42.17,750
195.5,6,37.13,-750
195.5,7,37.37,1750
195.5,10,36.08,500
195.5,13,43.28,2000
195.5,16,38.95,-2750
195.5,19,39.03,2500
195.5,23,42.34,-500
195.5,25,35.32,-5000
195.5,27,35.46,3000
195.5,32,35.51,-2250
196.0,3,42.85,750
196.0,4,35.26,4250
196.0,5,35.61,-750
196.0,6,36.63,-750
196.0,7,37.52,1750
196.0,10,35.26,500
196.0,13,42.74,1500
196.0,16,39.02,-2750
196.0,19,39.89,2500
196.0,22,35.15,-3000
196.0,23,42.38,-500
196.0,31,35.08,4000
196.5,3,40.33,750
196.5,6,36.56,-500
196.5,7,37.49,1750
196.5,13,44.04,1750
196.5,16,38.7,-2750
196.5,18,35.25,-3750
196.5,19,39.54,2500
196.5,23,42.18,-500
196.5,28,35.24,1500
197.0,3,43.29,500
197.0,6,38.61,-750
197.0,7,38.33,1750
197.0,10,35.8,500
197.0,13,44.32,1500
197.0,16,38.72,-2750
197.0,19,39.95,2500
197.0,23,42.5,-500
197.0,26,35.5,-3250
197.0,28,36.03,-3000
197.5,1,35.37,4500
197.5,3,39.53,750
197.5,6,39.03,-750
197.5,7,39.48,1750
197.5,10,37.32,500
197.5,11,35.26,-5250
197.5,13,42.48,1750
197.5,16,38.94,-2750
197.5,19,40.47,2500
197.5,20,35.0,3500
197.5,23,43.58,-500
197.5,31,35.33,2500
198.0,1,35.25,-4000
198.0,3,39.85,750
198.0,6,38.18,-750
198.0,7,36.89,1750
198.0,10,37.42,500
198.0,11,35.59,-2750
198.0,12,35.19,5000
198.0,13,43.53,1750
198.0,16,37.04,-2750
198.0,19,39.07,2500
198.0,20,35.01,1750
198.0,23,42.25,-500
198.0,25,35.05,-4000
198.5,2,35.29,5500
198.5,3,42.15,500
198.5,4,35.01,-3000
198.5,6,37.66,-750
198.5,7,36.86,1750
198.5,10,35.77,500
198.5,13,43.58,2000
198.5,16,39.35,-2750
198.5,19,38.71,2500
198.5,23,41.55,-500
198.5,25,35.25,-5000
199.0,3,39.3,750
199.0,4,35.06,5000
199.0,6,37.72,-750
199.0,7,36.99,1750
199.0,10,35.05,500
199.0,13,42.03,1750
199.0,14,35.32,-1000
199.0,16,39.15,-2750
199.0,17,35.84,-250
199.0,19,40.77,2500
199.0,20,36.41,-3000
199.0,23,43.79,-500
199.5,3,41.41,750
199.5,4,35.31,-1500
199.5,6,38.21,-750
199.5,7,36.52,1750
199.5,10,35.33,500
199.5,13,41.59,1750
199.5,16,38.08,-2750
199.5,19,39.48,2500
199.5,20,35.86,-3000
199.5,22,36.34,-2750
199.5,23,42.81,-500
200.0,2,35.6,-500
200.0,3,38.44,750
200.0,6,35.59,-500
200.0,7,36.62,2000
200.0,13,42.71,2000
200.0,16,37.56,-2750
200.0,19,40.49,2500
200.0,23,43.91,-500
200.5,3,44.73,750
200.5,6,37.07,-500
200.5,7,36.2,1750
200.5,9,35.62,-2000
200.5,10,35.76,500
200.5,13,43.23,2000
200.5,14,36.19,2500
200.5,15,35.07,-4500
200.5,16,39.66,-2750
200.5,19,36.92,2500
200.5,21,35.15,-3500
200.5,23,43.39,-500
201.0,3,42.76,500
201.0,5,35.12,2750
201.0,6,38.01,-750
201.0,7,37.83,1750
201.0,10,38.26,500
201.0,13,43.62,2000
201.0,15,35.64,-2000
201.0,16,38.42,-2750
201.0,18,36.35,-750
201.0,19,38.86,2500
201.0,23,43.41,-500
201.5,3,43.66,750
201.5,6,35.95,-750
201.5,7,37.26,1750
201.5,10,35.51,500
201.5,13,42.68,1500
201.5,15,35.09,5000
201.5,16,37.33,-2750
201.5,18,36.08,-1000
201.5,19,39.36,2500
201.5,23,42.95,-500
201.5,31,35.43,1250
202.0,3,43.61,750
202.0,6,36.36,-750
202.0,7,37.44,1750
202.0,9,35.21,3250
202.0,10,35.94,500
202.0,13,42.81,1500
202.0,16,38.54,-2750
202.0,17,35.2,-1750
202.0,19,40.15,2500
202.0,23,42.19,-500
202.0,24,35.13,5000
202.0,32,35.01,2250
202.5,3,39.96,750
202.5,4,35.22,3000
202.5,6,39.21,-750
202.5,7,37.33,1750
202.5,10,35.91,500
202.5,13,42.12,1750
202.5,16,35.99,-2750
202.5,19,39.96,2500
202.5,22,35.35,-4000
202.5,23,42.52,-500
202.5,25,35.02,5750
202.5,29,35.33,-4250
203.0,3,43.67,500
203.0,4,35.15,-4750
203.0,6,36.01,-750
203.0,7,36.12,1750
203.0,13,43.58,1500
203.0,16,39.01,-2750
203.0,17,35.21,4250
203.0,19,38.19,2500
203.0,23,43.34,-500
203.0,25,35.01,-500
203.0,27,35.3,-3750
203.5,2,35.09,-3500
203.5,3,38.53,750
203.5,4,35.11,2250
203.5,6,39.57,-750
203.5,7,38.54,1750
203.5,8,35.43,-4000
203.5,10,37.11,500
203.5,13,41.41,1750
203.5,14,35.46,5250
203.5,16,36.88,-2750
203.5,19,38.43,2500
203.5,23,43.6,-500
203.5,24,35.17,3750
203.5,25,35.09,-250
203.5,26,35.49,-2500
203.5,32,35.19,-5000
204.0,3,40.84,750
204.0,6,38.55,-750
204.0,7,38.88,1750
204.0,10,36.34,500
204.0,13,42.05,1750
204.0,16,39.33,-2750
204.0,18,36.08,-4500
204.0,19,40.25,2500
204.0,22,35.07,2250
204.0,23,43.02,-500
204.0,25,35.13,4000
204.5,3,40.77,750
204.5,4,35.03,2000
204.5,6,37.43,-750
204.5,7,37.26,1750
204.5,10,35.19,500
204.5,13,41.68,1750
204.5,14,35.93,-2750
204.5,16,39.97,-2750
204.5,19,40.31,2500
204.5,23,42.85,-500
204.5,28,35.18,-5000
205.0,1,35.15,-3250
205.0,2,35.09,-250
205.0,3,43.5,750
205.0,6,37.16,-500
205.0,7,37.83,1750
205.0,11,35.06,2750
205.0,13,43.58,1500
205.0,16,38.35,-2750
205.0,17,35.25,4500
205.0,19,40.03,2500
205.0,20,37.24,-3000
205.0,23,41.22,-500
205.0,24,35.02,3500
205.0,25,35.28,-500
205.5,3,40.29,750
205.5,6,37.92,-500
205.5,7,37.86,1750
205.5,8,35.0,5250
205.5,12,35.62,0
205.5,13,43.42,1750
205.5,16,39.75,-2750
205.5,19,41.29,2500
205.5,23,43.0,-500
205.5,26,35.28,-3250
205.5,27,35.56,-1250
205.5,29,35.3,0
206.0,3,40.41,750
206.0,5,35.43,-4500
206.0,6,39.37,-750
206.0,7,37.87,1750
206.0,9,35.47,2000
206.0,10,35.5,500
206.0,11,35.57,-500
206.0,12,35.38,3250
206.0,13,42.89,1750
206.0,16,38.13,-2750
206.0,19,40.8,2500
206.0,23,42.8,-500
206.0,30,35.16,-2000
206.0,32,35.01,5000
206.5,1,35.25,2500
206.5,2,35.23,-2250
206.5,3,40.07,750
206.5,4,36.28,-4500
206.5,6,38.48,-750
206.5,7,37.13,1750
206.5,9,35.33,1500
206.5,10,36.03,500
206.5,13,44.09,1500
206.5,16,38.53,-2750
206.5,19,39.96,2500
206.5,23,44.05,-500
207.0,1,35.15,3000
207.0,3,43.43,500
207.0,6,38.67,-750
207.0,7,37.93,1750
207.0,13,43.39,1500
207.0,16,39.14,-2750
207.0,19,38.0,2500
207.0,20,36.71,-3000
207.0,23,43.65,-500
207.0,28,35.01,2500
207.5,3,43.31,750
207.5,6,38.55,-750
207.5,7,39.5,1750
207.5,10,36.41,500
207.5,13,42.69,2000
207.5,16,38.51,-2750
207.5,19,37.72,2500
207.5,20,36.84,-3000
207.5,23,42.21,-500
208.0,3,42.59,500
208.0,6,38.9,-750
208.0,7,37.97,1750
208.0,11,35.05,5500
208.0,13,42.64,2000
208.0,16,37.93,-2750
208.0,19,41.23,2500
208.0,21,35.0,2500
208.0,23,43.33,-500
208.5,3,40.51,500
208.5,5,35.43,4750
208.5,6,39.19,-750
208.5,7,38.65,1750
208.5,9,35.2,-2250
208.5,10,36.0,500
208.5,13,43.04,1750
208.5,14,35.06,750
208.5,16,39.57,-2750
208.5,17,35.21,-5250
208.5,19,40.0,2500
208.5,23,42.97,-500
208.5,27,35.0,-5000
208.5,31,35.75,2250
208.5,32,35.38,-1000
209.0,3,44.31,500
209.0,6,38.43,-750
209.0,12,35.16,4000
209.0,13,43.24,1750
209.0,16,37.34,-2750
209.0,18,35.23,-1000
209.0,19,39.22,2500
209.0,20,35.07,-2000
209.0,22,35.91,3000
209.0,23,43.08,-500
209.0,24,35.02,-2500
209.0,29,35.72,-2500
209.5,3,42.6,500
209.5,5,35.35,-4250
209.5,6,37.87,-750
209.5,7,36.79,1750
209.5,10,35.99,500
209.5,13,43.22,2000
209.5,15,35.36,-500
209.5,16,39.07,-2750
209.5,17,35.05,3250
209.5,19,40.17,2500
209.5,20,37.18,-3000
209.5,21,35.54,-1750
209.5,23,42.25,-500
209.5,28,35.54,500
209.5,32,35.36,-250
210.0,3,43.34,500
210.0,6,37.6,-750
210.0,7,37.22,1750
210.0,9,36.53,2750
210.0,13,42.19,2000
210.0,16,37.42,-2750
210.0,19,40.26,2500
210.0,23,42.85,-500
210.0,27,35.29,3750
210.5,3,40.51,750
210.5,6,37.85,-500
210.5,7,35.96,1750
210.5,10,35.31,1750
210.5,13,42.62,1500
210.5,16,38.7,-2750
210.5,19,39.43,2500
210.5,23,42.53,-500
210.5,24,35.19,-750
211.0,1,35.01,-1750
211.0,3,43.28,500
211.0,6,37.78,-750
211.0,7,38.29,1750
211.0,10,35.76,-250
211.0,13,41.95,1750
211.0,16,38.36,-2750
211.0,19,38.44,2500
211.0,23,42.95,-500
211.5,3,40.93,750
211.5,6,35.05,-500
211.5,7,37.72,1750
211.5,12,35.3,4500
211.5,13,42.53,1750
211.5,16,37.72,-2750
211.5,18,35.23,2000
211.5,19,40.66,2500
211.5,23,42.86,-500
211.5,26,35.46,4500
211.5,30,35.29,-2250
212.0,1,35.05,500
212.0,3,43.25,750
212.0,6,37.93,-750
212.0,7,37.6,1750
212.0,13,42.98,1750
212.0,16,39.02,-2750
212.0,19,40.77,2500
212.0,23,42.42,-500
212.0,28,35.69,4500
212.5,3,39.62,750
212.5,6,36.59,-500
212.5,7,38.93,1750
212.5,10,35.24,500
212.5,13,43.01,2000
212.5,16,38.9,-2750
212.5,17,35.25,-1000
212.5,19,39.62,2500
212.5,20,35.87,-3000
212.5,23,42.57,-500
212.5,25,35.49,1250
213.0,3,43.49,750
213.0,4,35.09,-3500
213.0,6,39.17,-750
213.0,7,38.85,1750
213.0,9,36.32,-2250
213.0,10,35.85,500
213.0,13,43.37,2000
213.0,14,35.55,-5750
213.0,16,38.31,-2750
213.0,17,35.51,4750
213.0,19,40.22,2500
213.0,22,36.21,-500
213.0,23,41.8,-500
213.0,24,35.93,-5750
213.5,3,42.64,500
213.5,6,39.49,-750
213.5,7,35.62,1750
213.5,10,36.27,500
213.5,13,42.45,1500
213.5,14,35.12,-4500
213.5,16,38.64,-2750
213.5,18,36.08,-4750
213.5,19,39.31,2500
213.5,23,43.2,-500
213.5,25,35.64,-500
214.0,3,38.59,750
214.0,6,38.36,-750
214.0,7,35.94,1750
214.0,10,35.34,500
214.0,12,35.6,-5000
214.0,13,43.48,1750
214.0,15,35.7,3500
214.0,16,39.39,-2750
214.0,18,35.44,-3750
214.0,19,39.55,2500
214.0,20,37.21,-3000
214.0,21,35.45,-750
214.0,23,42.43,-500
214.0,27,35.33,-2000
214.0,29,35.2,-6000
214.5,2,35.06,3500
214.5,3,42.81,500
214.5,5,35.42,-3750
214.5,6,38.79,-750
214.5,7,38.7,1750
214.5,10,35.6,3750
214.5,13,42.29,1750
214.5,16,39.43,-2750
214.5,19,39.05,2500
214.5,22,35.56,1750
214.5,23,42.62,-500
214.5,29,35.21,-750
214.5,31,35.32,1000
215.0,3,43.02,500
215.0,6,37.02,-500
215.0,7,35.79,1750
215.0,12,35.91,4500
215.0,13,43.01,1500
215.0,16,38.41,-2750
215.0,19,39.18,2500
215.0,23,41.57,-500
215.0,26,35.11,-1000
215.0,27,35.06,0
215.0,29,35.64,1250
215.5,3,40.2,750
215.5,6,38.28,-750
215.5,7,35.77,1750
215.5,11,35.53,1750
215.5,13,42.44,1500
215.5,16,39.64,-2750
215.5,19,39.59,2500
215.5,20,35.12,-1500
215.5,21,35.29,5500
215.5,22,35.03,-4000
215.5,23,42.8,-500
215.5,29,35.42,2000
216.0,3,39.8,750
216.0,6,39.09,-750
216.0,7,38.82,1750
216.0,12,35.05,0
216.0,13,42.78,1750
216.0,16,39.34,-2750
216.0,19,39.63,2500
216.0,20,35.93,-5750
216.0,22,35.07,5000
216.0,23,42.93,-500
216.0,26,35.24,4750
216.0,30,37.38,-3250
216.5,3,41.49,750
216.5,6,38.41,-750
216.5,7,36.1,1750
216.5,10,35.62,500
216.5,13,43.51,2000
216.5,16,39.17,-2750
216.5,18,35.04,-2500
216.5,19,38.29,2500
216.5,23,42.23,-500
216.5,31,35.06,2000
217.0,2,35.6,-3500
217.0,3,42.6,750
217.0,6,39.82,-750
217.0,7,37.48,1750
217.0,8,35.2,250
217.0,10,37.06,500
217.0,13,42.07,1750
217.0,14,35.22,1750
217.0,16,38.39,-2750
217.0,19,39.47,2500
217.0,20,35.5,5500
217.0,23,43.19,-500
217.0,26,35.22,750
217.0,28,35.21,1250
217.0,29,35.13,-4250
217.0,32,35.13,750
217.5,1,36.11,1250
217.5,3,43.23,500
217.5,6,38.59,-750
217.5,7,38.95,1750
217.5,8,35.1,-1750
217.5,10,37.15,500
217.5,13,42.3,1500
217.5,14,35.45,5000
217.5,16,37.62,-2750
217.5,19,38.2,2500
217.5,20,37.04,-3000
217.5,23,41.23,-500
218.0,3,40.19,750
218.0,6,38.28,-500
218.0,7,36.69,1750
218.0,13,42.07,1500
218.0,16,39.01,-2750
218.0,19,39.74,2500
218.0,20,35.52,-3000
218.0,23,41.47,-500
218.5,3,42.65,750
218.5,6,38.85,-750
218.5,7,38.91,1750
218.5,8,35.01,4750
218.5,10,35.3,3250
218.5,13,42.32,2000
218.5,16,38.99,-2750
218.5,19,40.34,2500
218.5,21,35.37,1750
218.5,22,35.18,3000
218.5,23,42.07,-500
218.5,26,35.28,0
218.5,32,35.35,2000
219.0,3,43.66,750
219.0,6,38.73,-750
219.0,7,36.15,1750
219.0,10,35.67,500
219.0,12,35.46,-3750
219.0,13,42.47,1500
219.0,16,39.1,-2750
219.0,19,40.75,2500
219.0,22,35.39,-3000
219.0,23,42.28,-500
219.0,24,35.3,5000
219.5,3,43.56,500
219.5,6,36.94,-750
219.5,7,35.54,2000
219.5,8,35.21,500
219.5,10,35.34,3750
219.5,13,42.45,2000
219.5,16,38.1,-2750
219.5,19,39.39,2500
219.5,23,41.58,-500
219.5,26,35.12,4250
219.5,29,35.02,-4750
219.5,31,35.11,2500
220.0,3,38.98,750
220.0,6,36.39,-750
220.0,7,38.35,1750
220.0,13,43.19,1750
220.0,14,36.08,2250
220.0,16,38.01,-2750
220.0,17,35.33,-1750
220.0,19,40.11,2500
220.0,23,42.05,-500
220.0,27,35.87,2750
220.5,3,39.97,750
220.5,6,37.71,-750
220.5,7,35.65,1750
220.5,9,35.58,3500
220.5,13,41.77,1750
220.5,16,37.76,-2750
220.5,18,35.4,-3000
220.5,19,39.94,2500
220.5,22,35.27,4000
220.5,23,42.31,-500
220.5,25,35.39,-1000
220.5,27,35.04,5500
220.5,29,35.14,-2750
221.0,2,35.27,5500
221.0,3,43.58,750
221.0,4,35.55,2000
221.0,6,36.69,-750
221.0,7,37.15,1750
221.0,13,42.35,1500
221.0,16,38.81,-2750
221.0,19,39.84,2500
221.0,20,36.33,-3000
221.0,23,42.49,-500
221.0,27,35.32,-2000
221.0,32,35.37,-4000
221.5,1,35.18,-2750
221.5,2,35.08,-250
221.5,3,38.86,500
221.5,6,40.4,-750
221.5,7,37.59,1750
221.5,9,35.07,-1000
221.5,10,36.95,500
221.5,13,42.28,1750
221.5,16,39.02,-2750
221.5,19,38.84,2500
221.5,20,35.33,-3000
221.5,21,35.33,-1250
221.5,23,42.26,-500
222.0,3,43.69,750
222.0,5,35.27,-5750
222.0,6,37.76,-750
222.0,7,37.4,1750
222.0,10,35.98,500
222.0,13,42.48,1500
222.0,16,38.4,-2750
222.0,19,39.58,2500
222.0,23,42.48,-500
222.0,25,35.12,-3000
222.0,26,35.65,-5500
222.5,2,35.09,-1500
222.5,3,41.13,750
222.5,6,38.15,-750
222.5,7,36.35,1750
222.5,10,35.53,500
222.5,13,42.16,1750
222.5,16,39.84,-2750
222.5,19,39.58,2500
222.5,20,36.66,-3000
222.5,23,43.11,-500
222.5,24,35.01,-2750
223.0,3,39.27,750
223.0,6,40.04,-750
223.0,7,38.89,1750
223.0,10,37.06,500
223.0,13,42.38,1750
223.0,16,37.04,-2750
223.0,19,38.64,2500
223.0,23,42.32,-500
223.0,28,35.91,-2500
223.0,32,36.18,-6000
223.5,3,43.11,750
223.5,6,38.09,-750
223.5,7,38.22,1750
223.5,10,35.94,3250
223.5,13,42.55,1500
223.5,14,35.21,-3000
223.5,16,38.88,-2750
223.5,19,38.67,2500
223.5,23,42.03,-500
223.5,27,35.19,-1500
223.5,32,35.27,1500
224.0,3,43.59,500
224.0,6,38.24,-750
224.0,7,37.03,1750
224.0,10,35.42,500
224.0,13,42.55,1500
224.0,16,40.03,-2750
224.0,19,40.37,2500
224.0,23,42.09,-500
224.0,25,35.1,-4000
224.5,1,35.05,-4250
224.5,3,38.13,750
224.5,6,37.81,-500
224.5,7,38.35,1750
224.5,10,37.34,500
224.5,11,35.48,3250
224.5,13,42.45,1750
224.5,16,38.11,-2750
224.5,19,39.5,2500
224.5,23,42.67,-500
224.5,24,35.73,-2250
225.0,3,43.35,750
225.0,4,35.59,-4750
225.0,6,38.64,-750
225.0,7,36.62,1750
225.0,13,41.84,1500
225.0,15,35.14,3250
225.0,16,38.82,-2750
225.0,19,39.39,2500
225.0,20,36.47,-3000
225.0,23,42.18,-500
225.0,25,35.2,-1750
225.0,30,35.28,-750
225.5,3,43.44,500
225.5,6,39.31,-750
225.5,7,36.15,1750
225.5,8,35.66,-4750
225.5,10,36.21,500
225.5,13,42.2,1500
225.5,16,40.17,-2750
225.5,19,37.84,2500
225.5,20,36.06,1250
225.5,23,43.07,-500
225.5,31,35.75,1750
226.0,3,39.68,500
226.0,6,38.63,-750
226.0,7,35.88,1750
226.0,9,35.72,750
226.0,10,35.99,500
226.0,13,42.27,1750
226.0,16,39.45,-2750
226.0,17,35.49,-1000
226.0,19,38.37,2500
226.0,20,35.68,5250
226.0,21,35.22,5750
226.0,22,35.48,-1750
226.0,23,42.76,-500
226.0,29,35.64,-3000
226.0,30,35.28,5500
226.5,2,35.15,-6000
226.5,3,39.98,500
226.5,6,38.74,-750
226.5,7,37.28,1750
226.5,10,37.49,500
226.5,13,42.0,1750
226.5,14,35.14,-5500
226.5,16,38.76,-2750
226.5,17,35.43,-4250
226.5,19,39.78,2500
226.5,21,35.72,2250
226.5,23,41.89,-500
226.5,27,35.13,1500
227.0,3,40.09,750
227.0,6,40.02,-750
227.0,7,36.89,1750
227.0,8,36.07,2250
227.0,10,37.74,500
227.0,13,42.95,1750
227.0,15,35.02,-250
227.0,16,39.81,-2750
227.0,19,40.13,2500
227.0,20,35.03,-3000
227.0,21,35.53,3750
227.0,23,42.05,-500
227.0,26,35.09,-6000
227.0,30,35.68,0
227.5,2,35.49,-5750
227.5,3,39.47,500
227.5,5,35.35,750
227.5,6,39.62,-750
227.5,7,37.07,1750
227.5,11,35.39,-1750
227.5,12,35.16,750
227.5,13,42.66,1750
227.5,16,37.14,-3000
227.5,19,40.09,2500
227.5,20,35.06,250
227.5,23,42.62,-500
227.5,24,35.1,-4750
227.5,26,35.31,-4750
227.5,31,35.32,3000
228.0,3,44.19,750
228.0,5,35.4,-500
228.0,6,38.17,-750
228.0,7,37.64,1750
228.0,10,35.27,500
228.0,13,42.21,2000
228.0,16,37.97,-2750
228.0,19,39.2,2500
228.0,23,42.79,-500
228.0,25,35.8,750
228.0,30,35.51,2500
228.0,32,35.03,-2500
228.5,3,39.99,750
228.5,5,35.38,3750
228.5,6,39.14,-750
228.5,7,38.44,1750
228.5,8,35.25,4000
228.5,13,42.91,1750
228.5,16,38.41,-2750
228.5,19,39.17,2500
228.5,23,42.78,-500
228.5,25,35.17,-500
228.5,26,35.02,-5000
228.5,32,35.8,-3500
229.0,1,35.31,1500
229.0,3,43.93,500
229.0,5,35.22,3750
229.0,6,37.08,-750
229.0,7,39.4,1750
229.0,10,36.73,500
229.0,13,42.04,2000
229.0,14,35.14,4500
229.0,16,38.92,-2750
229.0,18,35.03,-3500
229.0,19,38.95,2500
229.0,23,42.11,-500
229.0,29,35.16,-2250
229.0,30,35.6,-2000
229.0,31,35.96,-1000
229.5,3,43.15,750
229.5,6,37.64,-750
229.5,7,38.83,1750
229.5,10,36.55,500
229.5,12,35.01,-5500
229.5,13,42.56,1500
229.5,16,37.74,-2750
229.5,19,39.51,2500
229.5,22,35.22,5250
229.5,23,42.01,-500
229.5,29,35.17,-5000
230.0,3,42.96,500
230.0,6,40.15,-750
230.0,7,36.18,2000
230.0,13,42.32,2000
230.0,16,41.26,-2750
230.0,18,35.69,250
230.0,19,38.05,2500
230.0,20,35.22,0
230.0,23,42.8,-500
230.0,31,35.56,-2250
230.5,3,40.18,750
230.5,6,39.69,-750
230.5,7,39.64,1750
230.5,10,37.22,500
230.5,12,35.71,1500
230.5,13,41.82,1750
230.5,16,38.65,-2750
230.5,18,35.78,-750
230.5,19,38.9,2500
230.5,23,43.78,-500
230.5,26,35.3,2500
230.5,27,35.26,4500
231.0,2,35.07,-2500
231.0,3,42.48,500
231.0,6,36.75,-750
231.0,7,38.93,1750
231.0,8,35.02,-1000
231.0,11,35.51,3000
231.0,13,42.01,1500
231.0,15,35.01,-1250
231.0,16,39.44,-2750
231.0,19,38.89,2500
231.0,23,43.24,-500
231.5,3,43.31,750
231.5,6,38.2,-750
231.5,7,39.16,1750
231.5,10,36.27,500
231.5,11,35.66,1000
231.5,13,42.77,1750
231.5,16,37.5,-2750
231.5,19,40.1,2500
231.5,23,43.4,-500
231.5,28,35.56,2000
231.5,31,35.88,2500
232.0,2,35.05,2250
232.0,3,42.56,500
232.0,4,35.14,3500
232.0,6,39.93,-750
232.0,7,37.05,1750
232.0,10,37.19,500
232.0,13,41.79,2000
232.0,16,39.2,-2750
232.0,19,38.45,2500
232.0,22,35.12,2000
232.0,23,43.66,-500
232.0,31,35.21,-5750
232.5,1,35.18,-2500
232.5,2,35.33,2250
232.5,3,38.52,500
232.5,6,37.3,-750
232.5,7,39.56,1750
232.5,9,35.35,2000
232.5,10,37.7,500
232.5,13,42.19,1750
232.5,16,38.34,-2750
232.5,19,40.34,2500
232.5,20,36.11,-500
232.5,22,35.63,-1250
232.5,23,42.24,-500
232.5,25,35.04,-500
232.5,27,35.12,-1000
232.5,30,35.43,4000
232.5,32,35.36,-5500
233.0,3,42.53,500
233.0,5,35.44,5750
233.0,6,37.44,-500
233.0,7,38.96,1750
233.0,9,36.03,-3500
233.0,10,35.51,-2000
233.0,11,35.34,0
233.0,13,41.66,1500
233.0,16,41.42,-2750
233.0,19,39.26,2500
233.0,20,35.46,-3000
233.0,22,35.45,5500
233.0,23,42.3,-500
233.0,25,35.19,-5750
233.0,26,35.4,-3250
233.5,1,35.24,3000
233.5,3,39.64,500
233.5,5,35.03,5750
233.5,6,39.26,-750
233.5,7,39.3,1750
233.5,10,36.66,500
233.5,13,41.32,1750
233.5,16,38.93,-2750
233.5,19,40.9,2500
233.5,23,43.18,-500
233.5,31,35.58,-3000
234.0,2,35.13,1750
234.0,3,38.75,500
234.0,6,38.77,-750
234.0,7,37.88,1750
234.0,11,35.43,0
234.0,13,42.41,1750
234.0,16,39.04,-2750
234.0,19,40.55,2500
234.0,23,42.69,-500
234.0,24,35.09,3000
234.0,29,35.34,1000
234.5,3,39.82,500
234.5,6,40.4,-750
234.5,7,38.52,1750
234.5,12,35.34,4250
234.5,13,42.4,1750
234.5,16,37.44,-3000
234.5,19,41.49,2500
234.5,20,35.07,-3000
234.5,22,35.08,-4500
234.5,23,41.48,-500
235.0,3,43.55,500
235.0,6,38.48,-750
235.0,7,39.3,1750
235.0,13,42.2,1500
235.0,16,38.52,-2750
235.0,19,39.76,2500
235.0,23,42.5,-500
235.5,3,39.92,500
235.5,6,39.93,-750
235.5,7,37.56,1750
235.5,10,35.9,500
235.5,13,43.37,1750
235.5,14,35.24,1000
235.5,15,35.37,-750
235.5,16,39.63,-2750
235.5,19,40.08,2500
235.5,20,36.45,-3000
235.5,21,35.2,-2500
235.5,23,42.24,-500
235.5,25,36.36,-3250
235.5,26,35.17,-2000
235.5,27,35.31,5500
235.5,29,35.68,-250
235.5,32,35.07,4250
236.0,3,40.75,500
236.0,6,38.22,-750
236.0,7,39.13,1750
236.0,8,36.11,-2500
236.0,10,35.25,4500
236.0,13,43.3,1750
236.0,16,39.76,-2750
236.0,17,35.34,-1250
236.0,19,40.56,2500
236.0,22,35.17,3500
236.0,23,42.95,-500
236.5,3,39.44,500
236.5,6,37.02,-750
236.5,7,40.85,1750
236.5,8,35.15,750
236.5,9,35.13,500
236.5,13,41.87,1500
236.5,16,39.15,-2750
236.5,17,35.45,-3750
236.5,19,41.19,2500
236.5,23,43.31,-500
236.5,32,35.08,2750
237.0,1,35.36,5500
237.0,3,42.95,500
237.0,4,35.12,1000
237.0,6,38.91,-750
237.0,7,39.37,1750
237.0,10,37.94,500
237.0,12,35.4,-4000
237.0,13,41.38,1500
237.0,16,38.15,-2750
237.0,17,35.06,-5250
237.0,19,40.65,2500
237.0,20,35.15,3250
237.0,23,41.95,-500
237.0,24,35.52,-1250
237.0,25,35.01,4750
237.0,26,35.71,1250
237.0,28,35.48,250
237.0,29,35.09,2000
237.0,30,35.05,-500
237.0,32,35.1,5750
237.5,1,35.11,-750
237.5,3,41.66,500
237.5,5,35.45,-5000
237.5,6,38.52,-500
237.5,7,37.39,1750
237.5,10,37.03,500
237.5,13,42.36,1750
237.5,14,35.13,750
237.5,15,35.68,4500
237.5,16,39.44,-2750
237.5,19,38.39,2500
237.5,20,36.21,-3000
237.5,23,42.22,-500
237.5,25,35.24,5250
237.5,32,35.36,-500
238.0,3,43.21,750
238.0,6,37.92,-750
238.0,7,37.65,1750
238.0,8,35.43,5250
238.0,10,35.13,500
238.0,13,41.75,1500
238.0,16,37.88,-3000
238.0,19,38.9,2500
238.0,20,35.53,-3000
238.0,23,42.88,-500
238.0,25,35.54,0
238.5,3,39.53,500
238.5,6,39.9,-750
238.5,7,37.12,1750
238.5,9,35.12,3750
238.5,12,35.33,-4500
238.5,13,41.72,1750
238.5,14,35.2,3500
238.5,16,39.01,-2750
238.5,19,39.21,2500
238.5,23,44.09,-500
238.5,32,35.04,-4500
239.0,3,43.15,500
239.0,6,38.49,-750
239.0,7,38.12,1750
239.0,10,36.36,500
239.0,13,41.18,1750
239.0,15,35.25,500
239.0,16,41.26,-2750
239.0,19,39.92,2500
239.0,23,42.69,-500
239.0,30,35.11,-5500
239.5,3,43.17,750
239.5,5,35.42,-3500
239.5,6,37.8,-750
239.5,7,39.01,1750
239.5,10,36.09,500
239.5,13,42.47,1500
239.5,16,40.49,-2750
239.5,17,35.03,-5250
239.5,19,40.89,2500
239.5,21,35.43,-3750
239.5,23,41.78,-500
239.5,30,35.98,-3250
239.5,31,35.25,1500
240.0,3,43.54,750
240.0,6,39.24,-750
240.0,7,39.54,1750
240.0,9,35.27,750
240.0,10,36.85,500
240.0,13,42.09,1500
240.0,16,40.08,-2750
240.0,19,40.88,2500
240.0,23,42.88,-500
240.0,27,35.22,5250
240.0,28,35.58,-2500
240.5,3,39.91,750
240.5,4,35.16,2000
240.5,6,39.3,-750
240.5,7,38.95,1750
240.5,10,36.44,500
240.5,13,42.18,1750
240.5,16,38.45,-3000
240.5,19,39.8,2500
240.5,20,35.95,-3000
240.5,23,42.08,-500
240.5,27,35.3,1750
241.0,1,35.18,-500
241.0,2,35.78,-750
241.0,3,43.52,750
241.0,6,37.66,-750
241.0,7,37.21,1750
241.0,10,37.66,500
241.0,13,42.66,1750
241.0,16,39.78,-2750
241.0,19,40.02,2500
241.0,23,42.21,-500
241.0,29,36.1,2000
241.0,30,35.28,4000
241.5,1,35.32,-2000
241.5,3,38.95,750
241.5,6,38.25,-750
241.5,7,38.84,1750
241.5,10,35.67,5500
241.5,13,41.88,1750
241.5,16,39.58,-2750
241.5,19,39.69,2500
241.5,23,41.7,-500
241.5,29,35.56,0
242.0,3,43.16,750
242.0,6,39.86,-750
242.0,7,36.98,1750
242.0,9,35.56,4000
242.0,10,38.13,500
242.0,13,42.48,1750
242.0,15,35.06,5500
242.0,16,38.93,-2750
242.0,19,39.61,2500
242.0,20,35.66,-3000
242.0,22,35.1,750
242.0,23,41.48,-500
242.5,3,39.74,500
242.5,6,37.61,-750
242.5,7,38.31,1750
242.5,8,35.05,4500
242.5,10,36.72,500
242.5,12,35.25,-5500
242.5,13,42.23,1500
242.5,14,35.12,-6000
242.5,16,40.44,-2750
242.5,19,39.21,2500
242.5,23,42.58,-500
242.5,24,36.26,-1750
242.5,26,35.29,3000
242.5,32,35.03,-2000
243.0,1,35.05,-250
243.0,3,42.2,500
243.0,4,35.84,250
243.0,6,38.46,-750
243.0,7,37.77,1750
243.0,8,35.12,-6000
243.0,10,37.98,500
243.0,13,42.73,1750
243.0,16,38.54,-2750
243.0,19,39.17,2500
243.0,21,36.01,-6000
243.0,23,41.79,-500
243.0,30,35.04,-2000
243.0,31,35.61,-5500
243.5,3,43.37,500
243.5,4,35.79,-5500
243.5,6,40.46,-750
243.5,7,39.19,1750
243.5,10,36.91,500
243.5,13,42.8,1750
243.5,16,38.26,-3000
243.5,19,38.98,2500
243.5,20,36.89,-3000
243.5,23,42.65,-500
243.5,24,36.22,250
243.5,26,35.2,-5750
244.0,3,38.48,750
244.0,4,35.83,-1750
244.0,6,40.06,-750
244.0,7,38.45,1750
244.0,10,36.65,500
244.0,13,42.28,1750
244.0,16,39.7,-2750
244.0,19,41.55,2500
244.0,20,36.14,-3000
244.0,23,42.65,-500
244.0,31,35.28,-3500
244.0,32,35.0,-3500
244.5,3,42.8,500
244.5,6,39.99,-750
244.5,7,39.13,1750
244.5,10,37.4,500
244.5,13,43.26,1750
244.5,16,39.72,-2750
244.5,19,41.82,2500
244.5,23,42.32,-500
244.5,24,35.01,2250
244.5,31,35.23,1500
245.0,3,42.54,500
245.0,6,40.59,-750
245.0,7,38.86,1750
245.0,8,35.13,-2500
245.0,9,35.36,3500
245.0,10,36.1,500
245.0,13,40.38,2000
245.0,16,39.24,-2750
245.0,19,39.25,2500
245.0,23,41.8,-500
245.0,28,35.12,0
245.0,32,35.62,-3250
245.5,3,38.85,500
245.5,6,40.58,-750
245.5,7,37.52,1750
245.5,9,35.1,-250
245.5,10,36.19,500
245.5,13,42.41,1500
245.5,14,35.02,-750
245.5,15,36.13,-1250
245.5,16,39.76,-2750
245.5,19,39.77,2500
245.5,20,36.01,3250
245.5,23,41.6,-500
245.5,24,35.32,-5250
245.5,31,35.06,1750
246.0,3,39.81,500
246.0,6,39.77,-750
246.0,7,39.63,1750
246.0,9,35.38,-500
246.0,10,36.71,500
246.0,12,36.71,500
246.0,13,43.67,1750
246.0,16,39.06,-2750
246.0,19,40.37,2500
246.0,20,35.89,-3000
246.0,23,42.67,-500
246.0,30,35.13,3250
246.0,32,35.01,-4000
246.5,3,40.42,500
246.5,4,35.45,-250
246.5,6,38.86,-750
246.5,7,37.37,1750
246.5,9,35.22,-500
246.5,10,38.27,500
246.5,13,41.36,2000
246.5,14,35.15,3000
246.5,16,38.2,-2750
246.5,19,40.24,2500
246.5,23,42.55,-500
246.5,24,35.01,500
246.5,30,35.51,-5250
247.0,1,35.1,-4750
247.0,2,35.04,2500
247.0,3,43.11,500
247.0,6,39.36,-750
247.0,7,37.6,1750
247.0,9,35.07,-2000
247.0,10,38.55,500
247.0,13,43.22,1750
247.0,16,40.58,-2750
247.0,17,35.48,2000
247.0,19,40.3,2500
247.0,23,42.86,-500
247.5,2,35.43,1250
247.5,3,43.29,500
247.5,6,38.36,-750
247.5,7,38.79,1750
247.5,10,35.97,500
247.5,13,42.08,1500
247.5,16,37.6,-2750
247.5,18,35.75,5750
247.5,19,38.71,2500
247.5,20,35.42,1250
247.5,23,42.2,-500
247.5,31,35.66,1250
248.0,3,40.03,500
248.0,4,35.56,-4750
248.0,5,35.0,-3000
248.0,6,40.03,-750
248.0,7,38.34,1750
248.0,8,35.42,250
248.0,10,37.16,500
248.0,11,35.1,1000
248.0,13,41.8,2000
248.0,16,39.58,-2750
248.0,19,39.31,2500
248.0,20,36.4,-3000
248.0,23,42.53,-500
248.0,26,35.7,1500
248.5,3,43.19,750
248.5,5,36.19,5750
248.5,6,39.58,-750
248.5,7,39.94,1750
248.5,9,35.11,4500
248.5,10,35.13,500
248.5,11,35.0,1500
248.5,13,42.51,1500
248.5,16,40.13,-2750
248.5,18,35.45,-1500
248.5,19,41.03,2500
248.5,23,42.83,-500
248.5,26,35.27,-2000
248.5,28,35.94,-4750
249.0,3,42.01,750
249.0,6,39.31,-750
249.0,7,37.58,1750
249.0,10,36.08,500
249.0,13,42.64,1750
249.0,16,37.05,-2750
249.0,19,40.15,2500
249.0,20,35.97,-3000
249.0,23,42.83,-500
249.0,25,35.14,-1000
249.0,28,35.27,-1750
249.0,29,35.54,4750
249.5,3,42.85,500
249.5,6,39.92,-750
249.5,7,36.79,2000
249.5,13,42.46,1750
249.5,15,35.02,4000
249.5,16,38.3,-2750
249.5,19,37.84,2500
249.5,23,43.65,-500
249.5,26,35.09,5000
249.5,30,35.52,-3250
250.0,2,35.03,750
250.0,3,42.01,750
250.0,4,35.12,2500
250.0,5,35.1,-4000
250.0,6,39.67,-750
250.0,7,38.23,1750
250.0,10,37.98,500
250.0,13,42.16,1750
250.0,16,40.08,-2750
250.0,17,35.07,-5500
250.0,18,35.15,-3250
250.0,19,39.65,2500
250.0,23,43.21,-500
250.0,24,35.03,0
250.0,25,35.19,1000
250.5,2,35.34,5000
250.5,3,39.29,750
250.5,5,35.16,1250
250.5,6,39.96,-750
250.5,7,39.87,1750
250.5,10,36.74,500
250.5,13,43.27,1750
250.5,14,35.41,-6000
250.5,16,39.96,-2750
250.5,19,41.28,2500
250.5,23,42.73,-500
250.5,24,35.22,-3750
250.5,28,35.0,5000
250.5,30,37.67,-3250
250.5,32,35.21,-250
251.0,3,42.7,750
251.0,6,39.89,-750
251.0,7,36.84,1750
251.0,8,35.34,2750
251.0,10,35.9,500
251.0,13,43.3,1750
251.0,16,40.37,-2750
251.0,19,39.95,2500
251.0,23,43.77,-500
251.0,30,38.4,-3250
251.5,2,35.26,-1250
251.5,3,41.83,750
251.5,6,39.57,-750
251.5,7,39.77,1750
251.5,10,37.15,500
251.5,12,35.06,-5250
251.5,13,43.32,1750
251.5,14,35.03,-1750
251.5,16,39.04,-2750
251.5,19,41.4,2500
251.5,23,41.67,-500
252.0,3,42.78,750
252.0,5,35.16,-1000
252.0,6,38.88,-750
252.0,7,39.46,1750
252.0,9,35.16,-5000
252.0,10,36.97,500
252.0,12,35.18,2750
252.0,13,41.87,1500
252.0,16,39.38,-2750
252.0,18,35.56,2750
252.0,19,39.43,2500
252.0,22,35.42,-5250
252.0,23,42.24,-500
252.0,30,35.77,-4500
252.0,31,35.02,1250
252.5,3,42.83,500
252.5,6,41.24,-750
252.5,7,38.36,1750
252.5,10,36.8,500
252.5,13,42.71,1750
252.5,16,37.66,-2750
252.5,19,40.51,2500
252.5,20,35.0,3500
252.5,21,35.44,4000
252.5,22,35.0,-5750
252.5,23,42.44,-500
253.0,2,36.09,-1500
253.0,3,40.12,500
253.0,6,38.62,-750
253.0,7,36.19,1750
253.0,8,35.45,5250
253.0,10,35.16,500
253.0,13,42.98,1750
253.0,16,39.03,-3000
253.0,18,35.2,4750
253.0,19,40.13,2500
253.0,20,36.48,-3000
253.0,23,41.32,-500
253.0,31,35.32,-2250
253.5,3,42.62,750
253.5,6,40.62,-750
253.5,7,36.75,1750
253.5,10,38.62,500
253.5,12,35.06,-2500
253.5,13,43.9,1750
253.5,16,41.37,-2750
253.5,17,35.35,-2250
253.5,18,35.71,1750
253.5,19,38.08,2500
253.5,23,42.21,-500
253.5,30,35.07,2250
254.0,3,42.34,750
254.0,6,38.92,-750
254.0,7,37.03,1750
254.0,9,35.33,1250
254.0,10,38.12,500
254.0,13,40.97,1750
254.0,16,40.79,-2750
254.0,17,35.27,-4250
254.0,19,40.22,2500
254.0,23,42.69,-500
254.0,25,35.48,4250
254.5,3,42.14,500
254.5,6,40.78,-750
254.5,7,36.83,1750
254.5,10,37.36,500
254.5,11,35.08,-1000
254.5,13,42.66,1750
254.5,15,35.46,-1000
254.5,16,38.93,-2750
254.5,17,35.24,2750
254.5,19,40.11,2500
254.5,20,35.16,1750
254.5,21,35.02,-2750
254.5,22,35.55,-3500
254.5,23,41.49,-500
254.5,27,35.08,500
255.0,3,42.15,750
255.0,6,39.87,-750
255.0,7,37.24,1750
255.0,10,36.53,500
255.0,11,35.88,2000
255.0,13,42.73,1750
255.0,14,35.84,-2500
255.0,16,39.58,-2750
255.0,17,35.9,0
255.0,19,39.47,2500
255.0,23,41.13,-500
255.0,26,35.11,-2250
255.0,27,35.03,2000
255.0,28,35.0,4500
255.0,30,35.57,-3250
255.5,1,35.86,2500
255.5,2,35.39,2500
255.5,3,43.35,500
255.5,6,39.46,-750
255.5,7,37.7,1750
255.5,10,35.61,500
255.5,13,42.17,1750
255.5,16,39.66,-2750
255.5,17,35.22,-1500
255.5,18,35.51,2500
255.5,19,39.83,2500
255.5,23,40.98,-500
255.5,24,35.02,5000
255.5,26,35.06,-4500
255.5,30,35.23,-3250
256.0,3,38.31,500
256.0,6,40.17,-750
256.0,7,38.23,1750
256.0,11,35.17,-1000
256.0,13,43.68,1750
256.0,16,39.07,-2750
256.0,19,39.63,2500
256.0,20,36.19,-3000
256.0,23,42.38,-500
256.0,28,35.08,-2250
256.5,3,40.65,500
256.5,4,35.23,-1500
256.5,5,35.44,-2500
256.5,6,39.88,-750
256.5,7,38.68,1750
256.5,10,38.11,500
256.5,12,35.27,2250
256.5,13,41.62,1750
256.5,16,40.56,-2750
256.5,19,40.03,2500
256.5,23,41.99,-500
256.5,24,35.48,-2500
256.5,30,35.14,-3250
257.0,2,35.65,-5750
257.0,3,42.62,500
257.0,5,35.13,-250
257.0,6,40.96,-750
257.0,7,36.32,1750
257.0,10,36.31,500
257.0,13,41.75,1500
257.0,16,40.55,-2750
257.0,17,35.07,1500
257.0,19,40.44,2500
257.0,23,41.89,-500
257.0,28,35.07,4250
257.5,3,40.37,500
257.5,4,35.19,1250
257.5,6,39.34,-750
257.5,7,38.67,1750
257.5,10,36.28,500
257.5,11,35.62,1000
257.5,13,42.57,1750
257.5,16,38.72,-2750
257.5,19,40.59,2500
257.5,20,35.28,-500
257.5,23,43.0,-500
257.5,25,35.26,-3750
257.5,32,35.22,-500
258.0,3,40.12,500
258.0,4,35.33,1000
258.0,6,39.91,-750
258.0,7,38.81,1750
258.0,8,35.97,2250
258.0,10,37.47,500
258.0,11,35.04,5500
258.0,12,35.12,4000
258.0,13,42.51,1750
258.0,15,35.24,2500
258.0,16,39.77,-2750
258.0,19,39.68,2500
258.0,20,35.05,500
258.0,21,35.45,2250
258.0,23,42.89,-500
258.0,24,35.16,2250
258.5,2,36.06,-250
258.5,3,38.9,500
258.5,6,40.02,-750
258.5,7,37.73,2000
258.5,10,37.48,500
258.5,13,42.56,1750
258.5,15,35.16,4250
258.5,16,40.74,-2750
258.5,19,39.34,2500
258.5,20,35.09,5750
258.5,23,40.88,-500
258.5,28,35.17,-2000
258.5,29,35.14,2500
259.0,1,36.22,-3250
259.0,3,42.98,500
259.0,6,38.54,-750
259.0,7,39.28,1750
259.0,8,35.03,-250
259.0,10,35.08,500
259.0,11,35.03,-3500
259.0,13,41.78,1750
259.0,16,38.59,-2750
259.0,18,35.17,-750
259.0,19,39.34,2500
259.0,20,36.39,-3000
259.0,23,42.38,-500
259.0,24,35.15,-3250
259.0,30,35.36,1500
259.5,1,35.06,4750
259.5,3,41.41,500
259.5,6,39.06,-750
259.5,7,38.0,1750
259.5,10,37.81,500
259.5,13,42.99,1750
259.5,16,40.28,-2750
259.5,19,40.87,2500
259.5,20,35.87,-3000
259.5,21,35.25,-4750
259.5,23,42.5,-500
259.5,29,35.29,4750
260.0,3,41.99,500
260.0,4,35.41,750
260.0,6,39.09,-750
260.0,7,39.16,1750
260.0,8,35.02,-3750
260.0,13,43.31,1750
260.0,15,35.06,1250
260.0,16,40.63,-2750
260.0,18,35.41,2000
260.0,19,40.01,2500
260.0,20,37.08,-3000
260.0,23,42.07,-500
260.5,1,35.18,4000
260.5,3,42.97,500
260.5,6,39.13,-750
260.5,7,37.52,2000
260.5,8,35.07,4500
260.5,10,38.04,500
260.5,13,43.59,1750
260.5,16,39.58,-2750
260.5,17,35.15,500
260.5,19,40.71,2500
260.5,20,35.11,-3000
260.5,23,42.3,-500
260.5,29,35.9,-4750
260.5,30,35.25,-4500
261.0,1,35.22,-4250
261.0,3,42.51,750
261.0,6,40.7,-750
261.0,7,38.8,1750
261.0,8,35.18,5000
261.0,10,37.08,500
261.0,13,42.19,1750
261.0,15,35.59,-2250
261.0,16,37.46,-2750
261.0,19,40.24,2500
261.0,20,36.1,-3000
261.0,22,36.19,3750
261.0,23,41.65,-500
261.0,25,35.15,500
261.0,26,35.23,-4250
261.0,29,35.12,0
261.5,2,35.8,4500
261.5,3,41.49,500
261.5,6,38.72,-750
261.5,7,38.79,1750
261.5,10,37.34,500
261.5,12,35.31,1000
261.5,13,42.02,2000
261.5,15,35.79,-4250
261.5,16,38.04,-3000
261.5,19,38.68,2500
261.5,23,42.65,-500
261.5,27,35.47,-4000
261.5,28,35.17,4250
262.0,3,41.92,500
262.0,6,39.46,-750
262.0,7,38.77,1750
262.0,13,41.37,1500
262.0,16,38.04,-2750
262.0,19,40.08,2500
262.0,20,35.64,-3000
262.0,23,41.95,-500
262.0,26,35.16,5500
262.0,32,35.42,-3250
262.5,1,36.23,5250
262.5,2,35.14,0
262.5,3,40.02,500
262.5,6,38.65,-750
262.5,7,38.66,1750
262.5,13,42.7,1750
262.5,14,35.48,3250
262.5,16,40.09,-2750
262.5,18,35.2,-3750
262.5,19,40.42,2500
262.5,21,35.13,1000
262.5,23,40.92,-500
262.5,28,35.13,3000
262.5,30,35.03,-4250
262.5,31,35.26,-4750
263.0,2,35.02,1500
263.0,3,43.06,750
263.0,6,39.85,-750
263.0,7,39.75,1750
263.0,10,36.29,500
263.0,13,41.76,1500
263.0,16,39.98,-2750
263.0,19,39.02,2500
263.0,20,35.36,-3000
263.0,22,35.5,2000
263.0,23,41.33,-500
263.0,27,35.46,-1500
263.0,29,35.03,3750
263.5,3,41.23,500
263.5,6,38.34,-750
263.5,7,37.03,1750
263.5,10,37.34,500
263.5,13,41.18,1750
263.5,16,39.2,-2750
263.5,19,40.19,2500
263.5,22,35.35,5500
263.5,23,42.48,-500
263.5,25,35.03,5750
264.0,1,35.15,2000
264.0,3,40.38,750
264.0,6,39.08,-750
264.0,7,39.21,1750
264.0,9,35.62,-4000
264.0,10,37.39,500
264.0,11,35.87,-3000
264.0,12,35.12,3750
264.0,13,42.95,1750
264.0,14,35.45,-1750
264.0,16,39.59,-2750
264.0,19,39.81,2500
264.0,23,40.79,-500
264.0,27,35.15,3500
264.0,30,35.26,1000
264.0,31,35.05,-2750
264.5,3,40.06,500
264.5,5,35.45,-4750
264.5,6,38.27,-750
264.5,7,38.24,1750
264.5,10,35.6,500
264.5,13,43.35,1750
264.5,16,40.98,-2750
264.5,19,39.24,2500
264.5,20,35.31,-3000
264.5,23,43.25,-500
264.5,27,35.56,5500
264.5,28,35.57,2000
265.0,2,35.47,1250
265.0,3,42.86,500
265.0,6,40.58,-750
265.0,7,40.86,1750
265.0,8,35.36,1250
265.0,9,35.45,-3500
265.0,10,37.75,500
265.0,13,42.64,1500
265.0,16,38.39,-3000
265.0,19,39.35,2500
265.0,20,35.99,5000
265.0,23,42.44,-500
265.0,27,35.29,-2750
265.0,28,35.51,-4750
265.0,31,35.08,-5750
265.5,3,39.68,500
265.5,6,39.51,-750
265.5,7,36.94,1750
265.5,10,37.16,500
265.5,13,42.23,1750
265.5,16,38.42,-2750
265.5,19,40.97,2500
265.5,22,35.01,4000
265.5,23,42.12,-500
265.5,26,35.4,-5500
265.5,28,35.11,500
266.0,1,35.23,4000
266.0,3,41.7,500
266.0,6,39.67,-750
266.0,7,38.15,1750
266.0,13,42.98,1750
266.0,16,40.49,-2750
266.0,19,39.53,2500
266.0,22,35.03,2500
266.0,23,41.83,-500
266.0,24,35.32,1250
266.5,1,35.47,3500
266.5,3,39.78,500
266.5,6,39.62,-750
266.5,7,39.15,1750
266.5,9,35.05,-1000
266.5,11,35.31,2250
266.5,13,42.83,1750
266.5,16,39.61,-2750
266.5,17,35.73,-3500
266.5,19,40.81,2500
266.5,23,42.07,-500
266.5,26,35.13,4500
267.0,1,35.46,4750
267.0,3,42.37,500
267.0,6,37.84,-750
267.0,7,37.77,1750
267.0,10,36.82,500
267.0,13,42.76,1750
267.0,15,35.66,-1000
267.0,16,38.87,-2750
267.0,19,40.12,2500
267.0,23,42.28,-500
267.0,30,35.42,250
267.0,31,36.97,5750
267.0,32,35.13,-3250
267.5,3,42.27,750
267.5,6,40.33,-750
267.5,7,37.84,1750
267.5,8,35.23,5750
267.5,9,35.59,-3000
267.5,10,37.21,500
267.5,12,35.27,-3500
267.5,13,41.89,1750
267.5,15,35.35,-1500
267.5,16,40.61,-2750
267.5,17,35.36,-2750
267.5,19,41.69,2500
267.5,21,35.36,-4000
267.5,23,41.91,-500
267.5,24,35.03,4750
267.5,25,35.02,-1250
267.5,31,35.62,3000
268.0,3,41.92,500
268.0,6,38.33,-750
268.0,7,38.0,2000
268.0,10,36.56,500
268.0,11,36.42,2000
268.0,13,41.32,1500
268.0,15,35.03,1000
268.0,16,40.76,-2750
268.0,19,40.11,2500
268.0,20,35.83,-3000
268.0,23,41.54,-500
268.0,28,35.29,750
268.0,29,36.05,5250
268.0,30,35.26,-3250
268.0,31,35.79,1250
268.5,3,41.82,500
268.5,6,39.94,-750
268.5,7,39.63,1750
268.5,10,38.3,500
268.5,13,42.22,1750
268.5,16,40.26,-2750
268.5,19,38.08,2500
268.5,20,35.18,2000
268.5,22,35.18,-5500
268.5,23,41.03,-500
268.5,24,35.2,-3000
268.5,28,35.05,3500
268.5,29,35.56,2000
268.5,30,35.27,1500
269.0,3,43.06,500
269.0,4,35.2,-1250
269.0,6,40.54,-750
269.0,7,36.85,1750
269.0,8,35.41,-4000
269.0,10,36.18,500
269.0,13,42.15,1750
269.0,16,40.69,-2750
269.0,19,41.24,2500
269.0,23,41.82,-500
269.0,29,35.39,-3500
269.5,3,42.33,500
269.5,6,39.99,-750
269.5,7,39.39,1750
269.5,10,36.95,500
269.5,12,35.13,-4500
269.5,13,41.53,1750
269.5,16,38.12,-2750
269.5,19,39.42,2500
269.5,23,41.31,-500
269.5,25,35.26,1500
269.5,29,35.25,4250
270.0,3,42.86,500
270.0,6,40.22,-750
270.0,7,37.65,1750
270.0,10,35.33,500
270.0,13,41.68,1750
270.0,16,40.2,-2750
270.0,19,38.99,2500
270.0,20,36.27,-3000
270.0,21,35.52,-1750
270.0,23,42.35,-500
270.0,27,35.12,1250
270.0,30,35.17,-3250
270.0,31,35.14,250
270.5,3,40.37,500
270.5,4,35.49,5000
270.5,5,35.01,4000
270.5,6,40.23,-750
270.5,7,38.44,1750
270.5,8,35.67,-4000
270.5,10,37.3,500
270.5,13,42.62,1750
270.5,16,38.93,-2750
270.5,19,39.88,2500
270.5,20,35.53,-500
270.5,23,42.68,-500
270.5,24,35.29,-2500
271.0,3,41.51,750
271.0,6,38.72,-750
271.0,7,38.81,1750
271.0,10,36.64,500
271.0,13,43.87,1750
271.0,16,39.23,-2750
271.0,19,38.2,2500
271.0,20,36.05,-3000
271.0,22,35.7,-750
271.0,23,42.4,-500
271.0,28,36.54,-2750
271.5,3,40.29,500
271.5,6,40.18,-750
271.5,7,38.75,1750
271.5,12,35.23,5750
271.5,13,41.95,1750
271.5,16,38.3,-3000
271.5,19,38.49,2500
271.5,20,38.32,-3000
271.5,21,35.13,-2500
271.5,22,35.22,-1750
271.5,23,41.08,-500
271.5,31,35.12,3000
272.0,3,42.59,500
272.0,6,40.08,-750
272.0,7,37.69,1750
272.0,8,35.13,3250
272.0,10,38.4,500
272.0,13,42.52,1750
272.0,16,39.37,-2750
272.0,19,41.54,2500
272.0,20,35.29,-3000
272.0,22,35.51,5000
272.0,23,42.83,-500
272.0,27,35.37,-750
272.0,30,35.22,2250
272.5,3,40.01,500
272.5,4,35.07,1000
272.5,5,35.06,-5750
272.5,6,40.75,-750
272.5,7,39.03,1750
272.5,10,37.77,500
272.5,13,42.02,1750
272.5,16,38.67,-2750
272.5,17,35.15,500
272.5,19,40.98,2500
272.5,20,37.69,-3000
272.5,21,35.38,4250
272.5,23,42.86,-500
272.5,27,35.21,3500
272.5,30,35.41,-3250
273.0,3,43.1,750
273.0,6,39.39,-750
273.0,7,38.17,1750
273.0,10,37.5,500
273.0,13,41.15,1750
273.0,16,38.83,-2750
273.0,18,35.05,-2500
273.0,19,41.55,2500
273.0,20,35.04,-3000
273.0,23,41.87,-500
273.0,32,36.24,-3000
273.5,1,35.19,4250
273.5,3,43.29,500
273.5,6,40.03,-750
273.5,7,38.29,1750
273.5,8,35.32,-250
273.5,9,35.17,-2250
273.5,13,42.43,1750
273.5,16,40.15,-2750
273.5,19,40.14,2500
273.5,23,41.71,-500
273.5,26,35.12,3500
273.5,29,35.09,1750
274.0,3,40.56,500
274.0,4,35.69,-1500
274.0,6,40.96,-750
274.0,7,39.61,1750
274.0,10,37.81,500
274.0,13,42.03,1750
274.0,16,40.28,-2750
274.0,18,35.81,-4250
274.0,19,40.84,2500
274.0,23,41.42,-500
274.0,27,35.82,-3500
274.0,29,35.34,-4750
274.0,30,35.65,-2500
274.5,1,36.03,-1250
274.5,3,42.75,500
274.5,6,39.09,-750
274.5,7,38.46,2000
274.5,13,44.03,1750
274.5,14,35.53,3250
274.5,16,40.98,-2750
274.5,18,35.24,4250
274.5,19,40.14,2500
274.5,21,35.81,-5500
274.5,23,41.76,-500
274.5,25,35.81,-4500
274.5,31,35.17,5000
275.0,3,41.51,500
275.0,4,35.13,-3750
275.0,6,39.71,-750
275.0,7,39.0,1750
275.0,10,37.64,500
275.0,13,40.75,1500
275.0,16,37.9,-3000
275.0,19,40.94,2500
275.0,23,41.19,-500
275.0,26,35.17,2000
275.0,29,35.77,2750
275.0,30,36.04,-3250
275.5,3,39.95,500
275.5,6,38.92,-750
275.5,7,38.66,1750
275.5,8,35.26,0
275.5,13,41.45,1500
275.5,14,35.95,-1250
275.5,16,39.99,-2750
275.5,17,35.19,5250
275.5,19,39.89,2500
275.5,20,35.12,3500
275.5,22,35.1,-4250
275.5,23,42.28,-500
275.5,27,35.04,-4250
275.5,30,36.15,-750
276.0,2,35.43,-4500
276.0,3,40.71,500
276.0,5,35.16,-6000
276.0,6,39.4,-750
276.0,7,38.78,1750
276.0,8,35.12,2250
276.0,10,36.61,500
276.0,12,35.07,5000
276.0,13,42.66,1750
276.0,14,35.61,3000
276.0,16,39.49,-2750
276.0,17,35.14,1000
276.0,19,40.04,2500
276.0,20,37.07,-3000
276.0,23,41.08,-500
276.0,25,35.89,750
276.0,27,35.66,-1000
276.0,32,35.06,-4000
276.5,3,40.3,500
276.5,6,41.66,-750
276.5,7,39.4,1750
276.5,10,37.74,500
276.5,13,42.47,1750
276.5,16,40.64,-2750
276.5,19,39.43,2500
276.5,20,35.15,-500
276.5,22,35.36,2500
276.5,23,41.1,-500
276.5,29,35.04,-500
276.5,30,35.42,-3250
276.5,31,35.65,2000
277.0,3,41.66,750
277.0,5,35.24,-4750
277.0,6,40.55,-750
277.0,7,38.11,1750
277.0,8,35.28,-4500
277.0,10,37.15,500
277.0,13,43.21,1750
277.0,16,39.52,-2750
277.0,19,40.46,2500
277.0,23,42.11,-500
277.5,3,42.2,500
277.5,4,35.02,-2250
277.5,6,39.99,-750
277.5,7,38.28,1750
277.5,10,36.18,500
277.5,13,41.98,1500
277.5,16,37.73,-3000
277.5,19,39.49,2500
277.5,23,42.03,-500
277.5,26,35.4,-5000
277.5,32,35.57,-3000
278.0,3,40.65,500
278.0,4,35.15,-4750
278.0,6,39.76,-750
278.0,7,40.52,1750
278.0,13,42.4,1750
278.0,16,39.05,-2750
278.0,18,35.46,4500
278.0,19,40.78,2500
278.0,23,42.12,-500
278.0,32,35.65,-250
278.5,3,41.57,500
278.5,6,40.58,-750
278.5,7,39.89,1750
278.5,8,35.17,2250
278.5,10,36.82,500
278.5,11,35.63,-2250
278.5,13,43.19,1750
278.5,16,40.26,-2750
278.5,19,41.13,2500
278.5,23,41.54,-500
279.0,1,35.51,5500
279.0,2,36.55,-1500
279.0,3,42.65,500
279.0,6,39.46,-750
279.0,7,40.14,1750
279.0,9,35.07,2750
279.0,13,42.64,1750
279.0,16,37.18,-2750
279.0,19,41.46,2500
279.0,20,36.43,-3000
279.0,22,35.21,3000
279.0,23,41.63,-500
279.0,27,35.09,1000
279.5,3,41.71,500
279.5,4,35.36,3500
279.5,6,40.14,-750
279.5,7,37.05,1750
279.5,8,35.5,2250
279.5,9,35.54,-750
279.5,10,37.7,500
279.5,13,42.09,1750
279.5,14,35.19,-3500
279.5,16,38.97,-2750
279.5,17,35.02,3500
279.5,19,40.54,2500
279.5,21,35.43,4750
279.5,22,35.02,0
279.5,23,41.78,-500
279.5,31,35.28,5500
280.0,3,42.54,500
280.0,4,35.3,-5500
280.0,6,39.8,-750
280.0,7,38.32,1750
280.0,10,38.22,500
280.0,13,42.17,1750
280.0,16,40.45,-2750
280.0,19,39.94,2500
280.0,21,35.38,-4500
280.0,23,41.84,-500
280.0,26,35.35,-5750
280.0,28,35.58,-2500
280.0,32,35.18,-2500
280.5,3,41.71,500
280.5,4,35.35,-4000
280.5,5,35.16,-250
280.5,6,39.7,-750
280.5,7,39.36,1750
280.5,10,36.61,500
280.5,11,36.18,-2250
280.5,13,42.26,1750
280.5,16,41.02,-2750
280.5,19,41.79,2500
280.5,22,35.03,0
280.5,23,41.82,-500
281.0,3,42.07,500
281.0,6,40.07,-750
281.0,7,40.04,1750
281.0,13,42.59,1750
281.0,16,38.73,-2750
281.0,17,35.03,3500
281.0,19,40.19,2500
281.0,21,35.82,-2750
281.0,23,41.14,-500
281.0,25,35.41,2000
281.0,29,35.12,-2500
281.5,2,36.4,0
281.5,3,42.84,500
281.5,6,38.38,-750
281.5,7,37.6,1750
281.5,10,37.33,500
281.5,13,41.59,1750
281.5,16,38.54,-2750
281.5,19,41.83,2500
281.5,23,41.66,-500
282.0,3,42.43,750
282.0,5,35.15,3500
282.0,6,40.92,-750
282.0,7,39.62,1750
282.0,13,42.44,1750
282.0,14,36.05,1500
282.0,16,38.48,-2750
282.0,19,39.86,2500
282.0,22,35.29,5750
282.0,23,41.87,-500
282.0,24,35.52,1250
282.5,3,41.74,500
282.5,6,39.86,-750
282.5,7,38.24,1750
282.5,8,35.1,250
282.5,11,35.26,-4750
282.5,12,35.47,0
282.5,13,40.6,1500
282.5,16,37.13,-2750
282.5,19,39.97,2500
282.5,23,41.39,-500
283.0,2,35.12,0
283.0,3,42.73,500
283.0,6,38.49,-750
283.0,7,40.15,1750
283.0,10,35.62,-5750
283.0,13,43.11,1750
283.0,16,39.56,-2750
283.0,17,35.0,3000
283.0,19,39.88,2500
283.0,21,35.18,5000
283.0,22,35.46,3250
283.0,23,41.51,-500
283.0,26,35.32,3500
283.0,32,35.02,-6000
283.5,2,35.22,3000
283.5,3,41.31,500
283.5,6,40.67,-750
283.5,7,40.1,1750
283.5,10,36.5,500
283.5,13,42.32,1750
283.5,16,37.96,-3000
283.5,19,40.27,2500
283.5,23,41.13,-500
283.5,25,35.05,2000
283.5,27,35.5,-250
283.5,28,35.27,-2500
283.5,30,35.06,-4000
284.0,3,41.63,500
284.0,6,40.92,-750
284.0,7,39.72,1750
284.0,10,35.15,500
284.0,13,41.23,2000
284.0,16,39.57,-2750
284.0,18,36.26,2750
284.0,19,40.66,2500
284.0,21,35.39,-1000
284.0,23,41.45,-500
284.0,28,35.38,-500
284.5,1,35.13,2500
284.5,3,42.18,500
284.5,6,40.34,-750
284.5,7,38.98,1750
284.5,10,36.94,500
284.5,13,42.69,1750
284.5,16,38.98,-2750
284.5,19,39.74,2500
284.5,20,36.68,-3000
284.5,23,41.93,-500
285.0,1,35.18,3750
285.0,3,42.45,500
285.0,5,35.19,1750
285.0,6,39.16,-750
285.0,7,40.72,1750
285.0,10,35.78,500
285.0,13,42.71,1750
285.0,14,35.4,-4500
285.0,16,38.38,-2750
285.0,19,40.56,2500
285.0,23,42.09,-500
285.0,27,35.09,-2500
285.0,32,35.19,5250
285.5,2,35.21,2500
285.5,3,41.45,750
285.5,4,35.01,3000
285.5,6,40.47,-750
285.5,7,38.75,1750
285.5,8,35.4,-4500
285.5,10,36.44,500
285.5,13,41.61,1750
285.5,16,39.64,-2750
285.5,19,42.67,2500
285.5,20,35.11,-3000
285.5,23,41.09,-500
285.5,30,35.74,-3250
285.5,31,35.53,4750
285.5,32,35.48,-3000
286.0,3,41.73,500
286.0,6,41.0,-750
286.0,7,39.32,1750
286.0,10,38.54,500
286.0,13,42.56,1750
286.0,16,38.33,-2750
286.0,17,35.81,-5500
286.0,19,41.65,2500
286.0,20,35.83,2500
286.0,23,40.98,-500
286.5,3,41.79,500
286.5,6,40.48,-750
286.5,7,37.47,1750
286.5,10,35.66,500
286.5,13,42.11,1750
286.5,14,35.04,-2250
286.5,16,39.97,-2750
286.5,19,40.52,2500
286.5,23,40.85,-500
286.5,30,35.07,2250
287.0,3,42.45,500
287.0,4,35.95,-1750
287.0,6,42.11,-750
287.0,7,37.89,1750
287.0,9,35.06,-250
287.0,10,36.12,500
287.0,13,41.23,1500
287.0,14,35.12,3250
287.0,16,38.94,-2750
287.0,19,40.68,2500
287.0,21,35.08,-3250
287.0,23,41.66,-500
287.0,32,35.32,1250
287.5,3,41.96,500
287.5,6,39.27,-750
287.5,7,37.59,1750
287.5,9,35.2,500
287.5,11,35.29,-1500
287.5,13,42.92,1750
287.5,16,40.41,-2750
287.5,19,42.75,2500
287.5,23,41.02,-500
287.5,24,35.69,2750
287.5,27,35.39,2250
288.0,3,39.11,500
288.0,6,42.64,-750
288.0,7,36.6,1750
288.0,10,36.96,500
288.0,13,44.0,1750
288.0,16,38.14,-2750
288.0,17,35.24,750
288.0,19,42.11,2500
288.0,20,36.31,2250
288.0,22,35.43,4500
288.0,23,42.33,-500
288.0,27,35.03,5000
288.0,32,36.52,-3000
288.5,1,35.11,-5000
288.5,3,42.69,500
288.5,6,40.65,-750
288.5,7,38.72,1750
288.5,10,38.12,500
288.5,13,42.64,1750
288.5,14,35.15,1250
288.5,16,39.71,-2750
288.5,19,41.04,2500
288.5,22,35.75,4250
288.5,23,41.61,-500
288.5,24,35.28,1500
288.5,26,35.43,-3750
288.5,31,35.25,-1500
289.0,2,35.88,-2250
289.0,3,41.79,500
289.0,5,35.05,-4500
289.0,6,41.04,-750
289.0,7,39.0,1750
289.0,10,37.03,500
289.0,13,42.77,1750
289.0,15,35.32,3500
289.0,16,39.99,-2750
289.0,19,41.92,2500
289.0,21,35.07,4250
289.0,23,41.02,-500
289.0,26,35.66,-6000
289.5,3,40.73,500
289.5,4,35.47,1000
289.5,6,39.86,-750
289.5,7,38.35,1750
289.5,10,36.69,500
289.5,13,43.1,1750
289.5,16,38.05,-3000
289.5,19,40.85,2500
289.5,20,35.14,-4250
289.5,23,42.84,-500
289.5,32,35.05,-3000
290.0,3,42.01,500
290.0,6,39.15,-750
290.0,7,36.52,1750
290.0,10,38.97,500
290.0,13,42.72,1750
290.0,16,40.35,-2750
290.0,19,41.44,2500
290.0,20,37.65,-3000
290.0,23,42.26,-500
290.0,27,35.15,-2000
290.0,29,35.77,0
290.0,31,35.36,2750
290.5,1,35.86,-1750
290.5,3,41.14,500
290.5,6,40.24,-750
290.5,7,37.44,1750
290.5,10,38.01,500
290.5,11,35.3,500
290.5,13,43.18,1750
290.5,16,40.41,-2750
290.5,17,35.27,-2750
290.5,19,40.66,2500
290.5,23,42.33,-500
291.0,3,42.08,500
291.0,6,39.26,-750
291.0,7,37.35,1750
291.0,10,36.25,500
291.0,11,35.02,4250
291.0,13,41.85,1750
291.0,15,35.04,-5000
291.0,16,40.54,-2750
291.0,19,41.09,2500
291.0,20,35.21,-1750
291.0,23,41.65,-500
291.0,27,35.06,5250
291.5,2,35.61,3750
291.5,3,42.84,500
291.5,5,35.08,2000
291.5,6,39.6,-750
291.5,7,37.9,1750
291.5,8,35.31,-1250
291.5,13,42.21,1750
291.5,16,40.6,-2750
291.5,18,35.07,750
291.5,19,39.06,2500
291.5,22,35.18,-5000
291.5,23,40.98,-500
291.5,29,35.67,-5000
292.0,3,43.01,500
292.0,6,40.78,-750
292.0,7,38.92,1750
292.0,10,36.25,500
292.0,13,41.61,1750
292.0,16,38.76,-2750
292.0,17,35.99,-4750
292.0,19,39.89,2500
292.0,23,42.27,-500
292.0,30,35.05,3000
292.0,31,35.77,500
292.5,3,42.04,500
292.5,6,40.37,-750
292.5,7,38.46,1750
292.5,10,35.68,500
292.5,13,42.48,1750
292.5,16,39.34,-2750
292.5,19,41.45,2500
292.5,20,36.33,-3000
292.5,22,35.26,-4500
292.5,23,41.59,-500
292.5,28,35.14,-5000
292.5,29,35.0,-4250
293.0,3,41.64,500
293.0,6,40.23,-750
293.0,7,37.36,1750
293.0,8,35.61,4000
293.0,10,36.68,500
293.0,13,42.22,1750
293.0,16,41.47,-2750
293.0,19,39.7,2500
293.0,22,35.02,-2750
293.0,23,40.84,-500
293.0,24,35.22,-5000
293.0,31,35.16,1000
293.5,3,41.13,500
293.5,6,41.29,-750
293.5,7,36.39,1750
293.5,10,35.27,-5750
293.5,11,35.3,-3750
293.5,13,42.24,1750
293.5,16,40.52,-2750
293.5,19,40.82,2500
293.5,20,37.29,-3000
293.5,23,41.26,-500
293.5,27,35.06,5250
294.0,3,40.97,500
294.0,6,40.08,-750
294.0,7,37.39,1750
294.0,10,36.92,500
294.0,13,41.64,1750
294.0,16,40.38,-2750
294.0,19,41.0,2500
294.0,23,42.43,-500
294.0,25,35.1,1250
294.0,30,36.78,-3250
294.5,2,35.12,500
294.5,3,41.45,500
294.5,6,39.36,-750
294.5,7,38.67,1750
294.5,10,38.37,500
294.5,11,35.07,-2750
294.5,13,42.7,1750
294.5,14,35.32,-4250
294.5,16,38.09,-3000
294.5,19,41.86,2500
294.5,22,35.43,3250
294.5,23,41.47,-500
294.5,29,35.34,-6000
295.0,3,42.59,500
295.0,6,40.29,-750
295.0,7,38.66,1750
295.0,9,35.38,-3750
295.0,10,37.01,500
295.0,11,35.88,1000
295.0,13,41.34,1750
295.0,16,39.23,-2750
295.0,17,35.37,4250
295.0,19,41.58,2500
295.0,23,41.45,-500
295.0,25,35.34,2750
295.0,30,35.01,-3250
295.5,3,41.84,500
295.5,4,35.37,-1750
295.5,6,39.18,-750
295.5,7,37.27,1750
295.5,11,35.37,500
295.5,13,43.53,1750
295.5,16,39.49,-2750
295.5,17,35.92,-6000
295.5,19,41.3,2500
295.5,20,37.26,-3000
295.5,23,41.12,-500
295.5,24,35.22,1000
295.5,27,35.06,-4500
295.5,28,36.18,4500
296.0,2,36.28,2250
296.0,3,42.02,500
296.0,6,40.32,-750
296.0,7,35.19,1500
296.0,9,35.3,-3250
296.0,10,37.27,500
296.0,11,35.36,4000
296.0,13,43.23,1750
296.0,15,35.01,-5500
296.0,16,39.77,-2750
296.0,17,35.31,-3750
296.0,19,42.24,2500
296.0,20,35.41,-1750
296.0,23,41.02,-500
296.0,30,37.04,-3250
296.0,31,35.25,-3250
296.5,3,40.87,500
296.5,6,41.75,-750
296.5,7,38.94,1750
296.5,8,35.6,-2000
296.5,11,35.34,5750
296.5,13,43.52,1750
296.5,14,35.05,1750
296.5,16,38.05,-2750
296.5,19,40.98,2500
296.5,22,35.04,-1250
296.5,23,41.5,-500
296.5,25,36.06,-2750
297.0,2,35.09,-3000
297.0,3,42.71,500
297.0,5,35.06,-750
297.0,6,40.86,-750
297.0,7,40.6,1750
297.0,8,35.53,2250
297.0,10,35.96,500
297.0,13,42.68,1750
297.0,16,38.46,-3000
297.0,19,42.2,2500
297.0,20,35.03,4250
297.0,23,40.81,-500
297.0,26,36.54,-1500
297.5,3,42.87,500
297.5,6,40.84,-750
297.5,7,39.98,1750
297.5,10,38.77,500
297.5,11,35.14,-4500
297.5,13,43.15,1750
297.5,16,37.8,-2750
297.5,19,40.34,2500
297.5,23,41.8,-500
297.5,28,35.14,-1750
297.5,32,35.4,1500
298.0,1,35.4,1250
298.0,3,43.19,500
298.0,6,38.86,-750
298.0,7,40.26,1750
298.0,10,36.48,500
298.0,13,43.05,1750
298.0,16,40.07,-2750
298.0,18,35.11,500
298.0,19,40.45,2500
298.0,20,35.15,-3000
298.0,22,35.05,4250
298.0,23,40.12,-500
298.0,25,35.11,4000
298.0,31,35.07,-6000
298.0,32,35.52,-1250
298.5,3,41.65,500
298.5,4,35.42,5250
298.5,6,39.0,-750
298.5,7,39.62,1750
298.5,10,36.64,500
298.5,13,43.97,1750
298.5,16,38.97,-2750
298.5,17,35.16,-5000
298.5,19,41.78,2500
298.5,20,35.97,-3000
298.5,23,41.57,-500
298.5,28,35.57,-750
299.0,3,41.87,500
299.0,4,35.4,-4500
299.0,6,41.32,-750
299.0,7,38.78,1750
299.0,10,38.55,500
299.0,13,43.02,1750
299.0,16,38.86,-2750
299.0,18,35.12,3750
299.0,19,42.38,2500
299.0,23,42.6,-500
299.0,31,35.06,-1000
299.5,1,35.09,2750
299.5,2,35.46,1000
299.5,3,41.48,500
299.5,6,40.25,-750
299.5,7,37.45,1750
299.5,10,37.31,500
299.5,11,35.18,4750
299.5,12,35.01,500
299.5,13,42.58,1750
299.5,16,38.92,-2750
299.5,17,35.26,-1750
299.5,19,41.09,2500
299.5,20,35.94,-3000
299.5,23,40.74,-500
299.5,32,35.43,-3000
300.0,3,42.53,500
300.0,6,41.32,-750
300.0,7,39.21,1750
300.0,8,35.44,-1000
300.0,9,35.03,750
300.0,10,38.1,500
300.0,13,42.21,1750
300.0,14,35.68,-6000
300.0,16,37.5,-3000
300.0,19,41.21,2500
300.0,20,36.2,-3000
300.0,23,41.06,-500
300.0,31,35.24,5500
300.5,1,35.23,3250
300.5,3,40.78,500
300.5,6,41.06,-750
300.5,7,36.49,2000
300.5,10,37.76,500
300.5,11,35.21,4500
300.5,13,42.0,1750
300.5,16,40.19,-2750
300.5,17,35.22,2500
300.5,19,40.54,2500
300.5,20,36.07,-3000
300.5,22,35.41,3750
300.5,23,40.97,-500
300.5,24,35.82,5250
301.0,2,35.13,-250
301.0,3,42.95,500
301.0,6,40.33,-750
301.0,7,37.09,1750
301.0,10,36.03,500
301.0,11,35.42,-3750
301.0,13,43.22,1750
301.0,16,39.07,-2750
301.0,19,41.33,2500
301.0,20,35.63,2000
301.0,22,35.52,2250
301.0,23,41.53,-500
301.0,24,35.16,1750
301.0,27,35.03,1250
301.0,29,35.78,1500
301.0,30,35.23,-3250
301.0,32,35.1,3000
301.5,2,35.09,5750
301.5,3,41.41,500
301.5,5,35.63,-3250
301.5,6,40.29,-750
301.5,7,37.24,1750
301.5,10,38.31,500
301.5,11,35.3,-3250
301.5,12,35.01,5750
301.5,13,42.33,1750
301.5,16,39.6,-2750
301.5,19,40.47,2500
301.5,20,35.67,-3000
301.5,21,35.15,-1000
301.5,23,40.47,-500
301.5,29,35.1,2500
302.0,3,42.31,500
302.0,6,39.88,-750
302.0,7,39.62,1750
302.0,9,35.22,1250
302.0,10,36.74,500
302.0,13,43.33,1750
302.0,16,38.3,-3000
302.0,18,35.06,-750
302.0,19,40.31,2500
302.0,20,35.45,-3000
302.0,23,40.62,-500
302.0,24,35.63,-1500
302.0,25,35.03,3250
302.5,3,40.79,500
302.5,6,40.6,-750
302.5,7,37.79,1750
302.5,10,37.28,500
302.5,13,43.37,1750
302.5,16,39.43,-2750
302.5,18,35.24,-2000
302.5,19,41.83,2500
302.5,22,35.19,-5500
302.5,23,40.38,-500
302.5,28,36.17,-3750
302.5,30,35.52,-3250
303.0,2,35.99,5500
303.0,3,42.08,500
303.0,6,39.01,-750
303.0,7,36.64,1750
303.0,13,42.35,1750
303.0,16,39.09,-2750
303.0,18,35.37,2250
303.0,19,40.6,2500
303.0,20,36.43,-3000
303.0,23,39.05,-500
303.5,2,35.78,250
303.5,3,42.18,500
303.5,6,41.03,-750
303.5,7,38.69,1750
303.5,9,35.0,-5500
303.5,10,36.87,500
303.5,11,35.1,-5500
303.5,13,42.38,1750
303.5,14,35.1,5500
303.5,15,35.25,5000
303.5,16,38.23,-3000
303.5,17,35.72,3500
303.5,19,41.36,2500
303.5,20,36.35,-4500
303.5,22,35.09,-3500
303.5,23,39.97,-500
303.5,24,35.2,-6000
303.5,26,35.05,-2500
303.5,30,37.01,-3250
304.0,3,41.32,500
304.0,6,40.66,-750
304.0,7,38.88,1750
304.0,8,35.45,3000
304.0,10,37.05,500
304.0,12,35.7,5000
304.0,13,42.92,1750
304.0,16,41.11,-2750
304.0,19,42.12,2500
304.0,23,41.23,-500
304.5,2,35.31,4750
304.5,3,41.81,500
304.5,6,40.04,-750
304.5,7,36.66,1750
304.5,8,35.77,-5500
304.5,9,35.64,1750
304.5,10,36.26,500
304.5,13,42.76,1750
304.5,14,35.69,4250
304.5,16,39.32,-2750
304.5,17,35.31,2500
304.5,19,41.82,2500
304.5,20,35.8,4250
304.5,23,41.94,-500
304.5,31,35.07,4000
304.5,32,35.18,2250
305.0,3,42.07,500
305.0,6,40.28,-750
305.0,7,37.65,1750
305.0,10,39.58,500
305.0,13,43.36,1750
305.0,16,39.52,-2750
305.0,17,35.01,-2750
305.0,19,41.34,2500
305.0,23,41.51,-500
305.0,26,36.2,4750
305.0,28,35.89,-1750
305.0,32,35.92,-2000
305.5,3,42.25,500
305.5,6,40.71,-750
305.5,7,37.61,1750
305.5,8,36.31,-1000
305.5,10,37.36,500
305.5,13,41.59,1750
305.5,16,40.78,-2750
305.5,19,41.23,2500
305.5,20,36.89,-3000
305.5,21,35.06,-2750
305.5,23,41.88,-500
305.5,24,35.0,4250
305.5,32,35.41,-4250
306.0,1,35.08,1500
306.0,3,41.87,500
306.0,6,40.24,-750
306.0,7,38.0,1750
306.0,10,37.35,500
306.0,13,43.44,1750
306.0,14,35.36,1500
306.0,16,41.35,-2750
306.0,19,40.79,2500
306.0,22,35.19,-3500
306.0,23,40.87,-500
306.0,26,35.28,-2000
306.0,31,35.46,3250
306.5,3,41.23,500
306.5,4,36.0,1750
306.5,6,40.72,-750
306.5,7,39.27,1750
306.5,10,35.08,500
306.5,13,41.51,1500
306.5,16,38.46,-3000
306.5,19,41.01,2500
306.5,20,35.32,-3000
306.5,21,35.07,-2750
306.5,22,35.46,-2250
306.5,23,41.47,-500
306.5,31,35.04,-750
306.5,32,35.84,500
307.0,3,42.77,500
307.0,6,40.21,-750
307.0,7,35.67,2000
307.0,8,35.54,2000
307.0,10,38.18,500
307.0,11,35.02,500
307.0,13,43.01,1750
307.0,16,39.99,-2750
307.0,19,41.48,2500
307.0,23,40.43,-500
307.0,24,35.0,3000
307.0,26,35.91,-5500
307.0,30,35.03,5000
307.5,3,42.46,500
307.5,4,35.16,4500
307.5,6,41.19,-750
307.5,7,37.74,1750
307.5,8,35.45,2250
307.5,10,36.99,500
307.5,12,35.22,-4750
307.5,13,42.46,1750
307.5,16,39.97,-2750
307.5,17,35.28,-2000
307.5,19,41.46,2500
307.5,23,41.08,-500
307.5,26,35.66,2750
307.5,32,35.35,4000
308.0,3,41.53,500
308.0,4,35.02,-4000
308.0,6,41.79,-750
308.0,7,37.76,2000
308.0,10,35.42,500
308.0,11,35.6,5250
308.0,13,42.87,1750
308.0,16,39.96,-2750
308.0,19,41.07,2500
308.0,23,41.41,-500
308.5,2,35.02,-4250
308.5,3,42.31,500
308.5,6,40.68,-750
308.5,7,37.23,1750
308.5,10,35.48,500
308.5,12,36.28,-2750
308.5,13,41.68,1750
308.5,16,38.64,-2750
308.5,19,41.58,2500
308.5,20,35.67,-3000
308.5,21,35.39,-5250
308.5,22,35.48,-2750
308.5,23,41.08,-500
308.5,26,35.21,-3500
309.0,3,41.47,500
309.0,6,40.42,-750
309.0,7,38.08,1750
309.0,13,41.69,1750
309.0,16,39.01,-2750
309.0,19,41.22,2500
309.0,22,35.43,-750
309.0,23,40.03,-500
309.0,27,35.51,-5250
309.5,2,35.03,1250
309.5,3,41.5,500
309.5,5,35.22,-1750
309.5,6,40.19,-750
309.5,7,37.7,1750
309.5,10,37.78,500
309.5,13,43.25,1750
309.5,16,39.85,-2750
309.5,19,41.29,2500
309.5,23,40.99,-500
309.5,25,35.03,3500
309.5,27,35.02,2500
309.5,30,35.26,-3250
309.5,32,35.24,5250
310.0,3,41.77,500
310.0,6,41.22,-750
310.0,7,37.16,1750
310.0,8,35.23,5000
310.0,9,35.09,-4000
310.0,10,36.77,500
310.0,13,42.19,1750
310.0,16,41.17,-2750
310.0,19,41.04,2500
310.0,23,40.11,-500
310.0,27,35.15,-3750
310.5,3,41.69,500
310.5,6,40.02,-750
310.5,7,39.06,1750
310.5,10,36.95,500
310.5,12,35.19,-500
310.5,13,41.37,1750
310.5,16,39.59,-2750
310.5,18,35.54,500
310.5,19,40.27,2500
310.5,20,35.84,-3000
310.5,23,40.96,-500
310.5,24,35.02,4500
310.5,26,35.17,2750
310.5,30,35.15,3500
311.0,3,41.62,500
311.0,6,39.59,-750
311.0,7,37.45,1750
311.0,10,37.2,500
311.0,13,42.98,1750
311.0,16,40.06,-2750
311.0,19,41.51,2500
311.0,21,35.33,2750
311.0,23,40.03,-500
311.0,24,35.95,-1250
311.0,25,35.43,5750
311.0,26,35.46,2750
311.0,30,35.16,1000
311.5,3,42.87,500
311.5,6,40.84,-750
311.5,7,37.11,1750
311.5,10,36.46,500
311.5,13,41.69,1750
311.5,15,35.6,-3750
311.5,16,38.72,-2750
311.5,18,35.29,-2750
311.5,19,41.08,2500
311.5,21,35.1,4750
311.5,23,40.8,-500
312.0,3,41.61,500
312.0,6,40.61,-750
312.0,7,37.52,1750
312.0,10,36.69,500
312.0,13,43.42,1750
312.0,16,39.08,-2750
312.0,19,41.78,2500
312.0,20,35.85,-250
312.0,22,35.05,-3750
312.0,23,41.23,-500
312.0,27,35.09,-5500
312.0,29,35.22,-4750
312.0,31,35.3,1500
312.5,1,35.2,-1750
312.5,3,42.72,500
312.5,6,38.79,-750
312.5,7,38.06,1750
312.5,10,36.23,500
312.5,13,42.51,1750
312.5,14,35.16,500
312.5,16,40.52,-2750
312.5,19,42.4,2500
312.5,20,35.05,5750
312.5,22,35.74,-2250
312.5,23,40.28,-500
312.5,28,35.17,-5500
313.0,1,35.31,5000
313.0,3,42.07,500
313.0,4,35.17,-4250
313.0,6,41.54,-750
313.0,7,38.53,1750
313.0,13,41.82,1750
313.0,16,37.48,-3000
313.0,18,35.68,1000
313.0,19,42.52,2500
313.0,20,36.55,-3000
313.0,23,39.86,-500
313.0,24,35.41,3500
313.0,26,36.05,-3000
313.5,1,35.27,-3500
313.5,3,43.02,500
313.5,6,38.94,-750
313.5,7,38.37,1750
313.5,10,36.58,500
313.5,13,42.19,1750
313.5,14,35.1,-4500
313.5,16,38.63,-2750
313.5,18,35.31,2250
313.5,19,43.44,2500
313.5,20,35.28,-3000
313.5,23,42.19,-500
313.5,30,36.18,-3250
313.5,32,36.66,1500
314.0,3,41.16,500
314.0,5,35.07,4750
314.0,6,40.75,-750
314.0,7,37.16,2000
314.0,10,36.19,500
314.0,13,43.25,1750
314.0,15,35.96,750
314.0,16,40.57,-2750
314.0,19,40.13,2500
314.0,20,36.19,-3000
314.0,23,42.0,-500
314.5,1,35.04,-1750
314.5,3,42.1,500
314.5,5,35.35,-5750
314.5,6,38.23,-750
314.5,7,38.56,1750
314.5,10,38.19,500
314.5,11,35.46,3000
314.5,13,42.62,1750
314.5,16,39.68,-2750
314.5,19,41.19,2500
314.5,23,40.72,-500
314.5,30,35.14,-3250
314.5,31,35.16,0
314.5,32,35.25,4500
315.0,3,43.37,500
315.0,4,35.45,-3750
315.0,6,40.65,-750
315.0,7,38.8,1750
315.0,9,35.45,-2250
315.0,10,38.74,500
315.0,11,35.18,2500
315.0,12,35.3,-1750
315.0,13,42.41,1750
315.0,16,39.09,-2750
315.0,19,41.29,2500
315.0,20,35.54,-4250
315.0,23,41.66,-500
315.0,30,36.43,-3250
315.5,3,42.8,500
315.5,6,40.68,-750
315.5,7,36.1,1750
315.5,9,35.48,2000
315.5,10,36.69,500
315.5,13,41.72,1750
315.5,16,41.07,-2750
315.5,18,35.11,2750
315.5,19,42.34,2500
315.5,23,40.26,-500
315.5,31,37.03,-4000
316.0,3,42.08,500
316.0,4,35.2,5750
316.0,6,42.23,-750
316.0,7,38.15,1750
316.0,10,36.74,500
316.0,13,43.74,1750
316.0,16,39.81,-3000
316.0,19,41.54,2500
316.0,20,37.45,-3000
316.0,23,40.93,-750
316.0,28,35.63,500
316.0,31,35.09,2500
316.5,1,35.18,-2750
316.5,3,41.54,500
316.5,6,41.24,-750
316.5,7,38.68,1750
316.5,10,36.27,500
316.5,13,43.59,1750
316.5,14,35.58,-3000
316.5,16,39.82,-2750
316.5,19,40.18,2500
316.5,20,35.23,-5500
316.5,22,36.06,0
316.5,23,41.69,-500
316.5,25,35.46,-3000
316.5,27,35.37,5750
316.5,31,35.39,-5250
316.5,32,35.68,-2250
317.0,3,41.74,500
317.0,5,35.02,4250
317.0,6,40.31,-750
317.0,7,37.8,1750
317.0,10,35.72,500
317.0,11,35.65,0
317.0,13,43.9,1750
317.0,16,39.51,-2750
317.0,19,41.21,2500
317.0,22,35.37,-2250
317.0,23,40.25,-750
317.5,1,35.14,1750
317.5,3,42.46,500
317.5,6,40.68,-750
317.5,7,36.12,1750
317.5,10,38.71,500
317.5,13,41.93,1750
317.5,16,39.97,-2750
317.5,19,42.0,2500
317.5,23,40.0,-500
317.5,25,35.49,2750
317.5,30,35.05,-2500
318.0,3,40.83,500
318.0,6,41.59,-750
318.0,7,38.36,1750
318.0,9,35.04,3250
318.0,10,38.22,500
318.0,13,43.03,1750
318.0,16,41.28,-2750
318.0,19,41.66,2500
318.0,23,41.05,-500
318.0,27,35.46,750
318.5,3,42.27,500
318.5,6,40.19,-750
318.5,7,35.65,1750
318.5,9,35.16,-500
318.5,10,37.67,500
318.5,11,35.35,-2000
318.5,13,43.5,1750
318.5,14,35.15,3750
318.5,16,39.78,-2750
318.5,18,35.96,1250
318.5,19,41.07,2500
318.5,23,39.25,-500
318.5,24,35.16,2750
318.5,29,35.19,-1750
318.5,30,35.79,-3250
319.0,2,35.66,5500
319.0,3,41.55,500
319.0,6,41.59,-750
319.0,7,35.04,2000
319.0,10,37.57,500
319.0,12,35.44,-2000
319.0,13,41.5,1750
319.0,16,38.48,-2750
319.0,18,35.23,750
319.0,19,41.88,2500
319.0,20,37.04,-3000
319.0,23,41.02,-500
319.0,24,35.77,3750
319.0,25,35.11,-5750
319.0,27,35.86,-2500
319.0,32,35.43,-3500
319.5,1,35.32,-250
319.5,2,35.71,750
319.5,3,41.9,500
319.5,4,35.13,-250
319.5,6,40.65,-750
319.5,7,37.83,1750
319.5,9,35.29,-500
319.5,10,36.46,500
319.5,13,42.6,1750
319.5,14,35.11,-5250
319.5,16,39.58,-2750
319.5,17,35.57,-2250
319.5,19,40.95,2500
319.5,20,35.16,-500
319.5,23,42.16,-500
319.5,24,35.33,1750
319.5,30,35.14,-3250
320.0,3,42.33,500
320.0,6,41.04,-750
320.0,7,37.56,1750
320.0,9,35.01,-2750
320.0,10,37.18,500
320.0,13,43.01,1750
320.0,14,35.2,5000
320.0,15,35.18,1500
320.0,16,40.36,-2750
320.0,18,35.55,4500
320.0,19,41.29,2500
320.0,23,40.97,-500
320.0,29,35.04,-5750
320.5,3,42.3,500
320.5,6,41.21,-750
320.5,7,36.74,1750
320.5,13,41.53,1750
320.5,16,40.05,-2750
320.5,18,35.3,-2750
320.5,19,39.27,2500
320.5,23,41.68,-500
320.5,24,35.05,-500
320.5,26,35.07,-5500
321.0,3,42.52,500
321.0,4,35.29,-3000
321.0,5,35.49,-4000
321.0,6,39.47,-750
321.0,7,35.87,1750
321.0,10,36.19,500
321.0,13,41.5,1750
321.0,14,35.39,-1000
321.0,15,35.35,-3750
321.0,16,39.64,-2750
321.0,17,35.11,5500
321.0,19,41.5,2500
321.0,23,39.99,-500
321.0,29,35.62,-5750
321.5,2,35.12,-2250
321.5,3,42.76,500
321.5,6,39.68,-750
321.5,7,39.64,1750
321.5,8,35.75,-500
321.5,10,36.99,500
321.5,12,35.09,3750
321.5,13,41.33,1750
321.5,16,40.12,-2750
321.5,18,35.63,500
321.5,19,41.14,2500
321.5,20,36.37,-3000
321.5,23,40.86,-500
321.5,28,35.32,2000
321.5,32,35.86,-500
322.0,1,35.14,1500
322.0,2,35.11,1500
322.0,3,40.44,500
322.0,6,40.4,-750
322.0,7,35.92,2000
322.0,10,35.34,500
322.0,13,42.28,1750
322.0,16,40.38,-2750
322.0,17,36.03,-250
322.0,19,41.09,2500
322.0,23,40.11,-750
322.0,29,35.12,-1000
322.5,3,42.22,500
322.5,5,35.37,-6000
322.5,6,40.37,-750
322.5,7,37.53,1750
322.5,10,35.93,500
322.5,13,42.15,1750
322.5,16,38.78,-2750
322.5,19,40.86,2500
322.5,20,35.15,-5000
322.5,22,35.17,-1250
322.5,23,40.68,-750
322.5,26,35.25,-4250
323.0,1,35.42,-5250
323.0,3,42.25,500
323.0,6,41.22,-750
323.0,7,35.13,1750
323.0,10,36.9,500
323.0,13,43.54,1750
323.0,16,41.27,-2750
323.0,18,35.21,1250
323.0,19,41.35,2500
323.0,22,35.36,-2750
323.0,23,40.45,-500
323.5,3,42.21,500
323.5,6,41.7,-750
323.5,7,37.64,1750
323.5,10,36.45,500
323.5,11,35.36,3250
323.5,13,40.53,1750
323.5,15,35.23,3500
323.5,16,38.39,-2750
323.5,19,42.01,2500
323.5,21,35.4,-3000
323.5,23,40.55,-750
324.0,3,42.28,500
324.0,6,41.27,-750
324.0,7,38.15,1750
324.0,10,37.02,500
324.0,11,35.06,-4500
324.0,13,42.74,1750
324.0,15,35.95,-2250
324.0,16,40.04,-2750
324.0,19,41.17,2500
324.0,20,35.84,-3000
324.0,21,35.51,5000
324.0,23,41.37,-750
324.0,25,35.03,-4750
324.0,28,35.61,-1250
324.0,29,35.36,-2750
324.0,30,36.16,-3250
324.5,3,42.33,500
324.5,6,40.87,-750
324.5,7,37.51,1750
324.5,10,37.72,500
324.5,13,42.54,1750
324.5,14,35.16,1500
324.5,16,40.89,-2750
324.5,19,41.64,2500
324.5,23,40.61,-750
324.5,24,35.06,5000
324.5,26,35.57,250
324.5,29,35.03,-2000
325.0,3,41.93,500
325.0,5,35.35,-4500
325.0,6,41.86,-750
325.0,7,36.37,2000
325.0,10,37.17,500
325.0,11,35.39,-1000
325.0,12,35.44,500
325.0,13,41.3,1750
325.0,14,35.56,4250
325.0,16,39.78,-2750
325.0,19,42.57,2500
325.0,20,35.32,-3000
325.0,23,41.04,-500
325.0,31,35.0,-750
325.5,2,35.54,-1000
325.5,3,42.62,500
325.5,6,41.3,-750
325.5,7,35.59,1750
325.5,10,38.41,500
325.5,13,42.37,1750
325.5,16,38.5,-2750
325.5,17,35.01,-750
325.5,19,42.11,2500
325.5,20,37.37,-3000
325.5,23,42.3,-500
325.5,24,35.37,-1250
325.5,28,35.08,-1750
326.0,3,41.69,500
326.0,6,40.04,-750
326.0,7,37.01,1750
326.0,9,35.12,-4250
326.0,10,35.45,500
326.0,13,42.5,1750
326.0,16,40.08,-2750
326.0,19,42.48,2500
326.0,20,37.3,-3000
326.0,21,35.34,2000
326.0,23,39.66,-500
326.0,27,35.17,-5000
326.0,28,35.26,2000
326.0,29,35.02,3750
326.0,30,35.24,-3250
326.0,31,35.47,4500
326.5,3,42.39,500
326.5,5,35.24,1250
326.5,6,39.52,-750
326.5,7,37.03,1750
326.5,8,35.41,-1000
326.5,9,35.16,-4500
326.5,10,35.67,500
326.5,13,41.96,1750
326.5,16,38.58,-3000
326.5,19,40.41,2500
326.5,21,35.84,500
326.5,23,40.97,-500
327.0,2,35.21,2500
327.0,3,41.71,500
327.0,6,40.18,-750
327.0,7,38.29,1750
327.0,10,36.53,500
327.0,13,42.72,1750
327.0,16,40.11,-2750
327.0,19,41.37,2500
327.0,23,40.61,-750
327.0,25,35.02,5500
327.0,26,35.06,-2250
327.0,28,35.62,-500
327.0,30,35.1,3750
327.0,32,35.34,-4000
327.5,1,35.49,2500
327.5,3,42.07,500
327.5,6,41.24,-750
327.5,7,39.28,1750
327.5,8,35.02,-6000
327.5,10,36.62,500
327.5,13,42.58,1750
327.5,16,39.53,-2750
327.5,19,41.31,2500
327.5,23,40.69,-750
327.5,24,35.26,5500
327.5,25,35.48,2000
328.0,3,42.72,500
328.0,6,40.5,-750
328.0,7,36.31,1750
328.0,8,35.33,2250
328.0,10,35.49,500
328.0,12,35.05,4250
328.0,13,42.73,1750
328.0,16,38.92,-2750
328.0,19,42.85,2500
328.0,23,39.94,-500
328.5,3,42.12,500
328.5,6,39.74,-750
328.5,7,39.77,1750
328.5,9,35.15,-750
328.5,10,37.21,500
328.5,13,42.85,1750
328.5,16,39.66,-2750
328.5,17,35.73,2000
328.5,19,41.56,2500
328.5,20,36.15,-3000
328.5,23,41.82,-750
328.5,27,35.02,500
329.0,1,36.25,-3750
329.0,3,42.09,500
329.0,6,41.11,-750
329.0,7,37.94,1750
329.0,13,43.71,1750
329.0,16,40.23,-2750
329.0,17,35.65,1000
329.0,19,41.67,2500
329.0,23,39.56,-500
329.5,2,35.47,5500
329.5,3,42.85,500
329.5,4,35.05,-4250
329.5,6,39.97,-750
329.5,7,37.27,1750
329.5,10,37.9,500
329.5,12,35.61,5750
329.5,13,41.83,1750
329.5,16,39.93,-2750
329.5,19,40.02,2500
329.5,20,35.43,3750
329.5,23,39.31,-500
329.5,24,35.26,-4250
329.5,26,35.06,-2750
329.5,27,35.26,2250
329.5,30,35.22,-2750
330.0,3,42.39,500
330.0,5,35.04,-1750
330.0,6,40.55,-750
330.0,7,38.95,1750
330.0,10,35.14,500
330.0,11,35.47,2250
330.0,13,43.68,1750
330.0,16,38.72,-2750
330.0,18,35.02,500
330.0,19,41.26,2500
330.0,21,35.82,4000
330.0,22,35.07,5250
330.0,23,39.12,-750
330.0,24,35.52,-6000
330.0,25,35.22,-5000
330.5,2,35.15,-4250
330.5,3,42.0,500
330.5,5,36.2,250
330.5,6,40.05,-750
330.5,7,36.89,2000
330.5,10,35.41,500
330.5,11,35.36,500
330.5,13,42.54,1750
330.5,14,35.64,4250
330.5,16,38.86,-2750
330.5,19,40.77,2500
330.5,20,37.46,-3000
330.5,22,35.89,3250
330.5,23,40.13,-500
330.5,24,35.6,500
330.5,28,35.37,-1250
331.0,3,42.27,500
331.0,6,41.57,-750
331.0,7,35.07,-500
331.0,8,35.58,-3000
331.0,9,35.18,-4500
331.0,10,36.49,500
331.0,13,41.86,1750
331.0,16,40.19,-3000
331.0,19,40.1,2500
331.0,20,36.67,-3000
331.0,23,41.3,-500
331.0,24,35.23,0
331.5,3,42.02,500
331.5,6,38.91,-750
331.5,7,36.41,1750
331.5,10,35.84,500
331.5,12,35.45,-500
331.5,13,43.36,1750
331.5,14,35.77,-3500
331.5,16,38.38,-2750
331.5,19,41.27,2500
331.5,20,35.92,-3000
331.5,23,40.39,-500
331.5,25,35.2,-2250
331.5,28,35.04,-3000
331.5,32,35.06,4250
332.0,3,42.22,500
332.0,6,40.9,-750
332.0,7,38.3,1750
332.0,10,37.05,500
332.0,13,42.83,1750
332.0,16,38.85,-3000
332.0,19,42.06,2500
332.0,23,40.07,-750
332.0,24,35.02,-2000
332.0,31,35.13,-1500
332.5,3,40.82,500
332.5,6,40.47,-750
332.5,7,39.44,1750
332.5,13,43.88,1750
332.5,16,39.04,-2750
332.5,19,40.57,2500
332.5,23,40.78,-500
332.5,24,35.66,-3750
332.5,30,35.39,-2250
333.0,3,43.43,500
333.0,4,35.14,4750
333.0,6,40.99,-750
333.0,7,38.04,1750
333.0,10,36.4,500
333.0,13,42.58,1750
333.0,14,35.02,1250
333.0,16,37.97,-2750
333.0,19,41.48,2500
333.0,20,35.84,-3000
333.0,23,41.47,-500
333.0,25,35.01,-250
333.0,29,35.37,1000
333.0,31,35.83,1500
333.0,32,35.4,-1000
333.5,3,41.93,500
333.5,6,40.59,-750
333.5,7,37.82,1750
333.5,8,36.4,2250
333.5,10,35.82,500
333.5,13,42.89,1750
333.5,16,40.44,-2750
333.5,19,41.69,2500
333.5,23,41.08,-500
334.0,3,42.03,500
334.0,6,40.62,-750
334.0,7,38.31,1750
334.0,10,35.67,2250
334.0,13,42.26,1750
334.0,16,38.76,-2750
334.0,19,42.04,2500
334.0,20,36.73,-3000
334.0,21,35.06,-2250
334.0,23,40.86,-750
334.0,28,35.06,-3500
334.0,29,36.55,-500
334.5,1,36.72,-1750
334.5,3,41.97,500
334.5,6,40.88,-750
334.5,7,36.32,1750
334.5,10,39.39,500
334.5,11,35.17,-5750
334.5,12,35.1,5000
334.5,13,43.02,1750
334.5,16,39.24,-3000
334.5,18,35.11,500
334.5,19,41.25,2500
334.5,21,35.16,750
334.5,23,41.56,-750
335.0,3,43.02,500
335.0,5,35.62,500
335.0,6,40.28,-750
335.0,7,38.89,1750
335.0,8,35.08,-2500
335.0,9,35.88,0
335.0,10,36.62,500
335.0,13,43.64,1750
335.0,16,39.42,-2750
335.0,19,42.05,2500
335.0,23,41.27,-750
335.0,26,35.25,-3000
335.0,30,36.24,1500
335.0,31,35.57,2250
335.0,32,35.36,0
335.5,3,41.48,500
335.5,5,35.07,-4750
335.5,6,40.67,-750
335.5,7,37.49,1750
335.5,9,35.68,-250
335.5,10,35.87,500
335.5,11,35.78,4750
335.5,12,35.31,5500
335.5,13,42.43,1750
335.5,14,35.92,-4250
335.5,16,38.67,-2750
335.5,19,41.47,2500
335.5,20,35.23,-3000
335.5,21,35.25,250
335.5,23,41.19,-750
335.5,26,35.49,-4500
336.0,3,42.9,500
336.0,5,35.09,-3000
336.0,6,41.28,-750
336.0,7,40.41,1750
336.0,13,42.39,1750
336.0,16,38.42,-3000
336.0,19,40.82,2500
336.0,20,37.68,-3000
336.0,23,41.54,-750
336.5,2,35.39,5250
336.5,3,41.99,500
336.5,6,40.18,-750
336.5,7,37.49,1750
336.5,10,36.66,500
336.5,13,42.77,1750
336.5,16,39.41,-2750
336.5,18,35.49,-4500
336.5,19,40.6,2500
336.5,20,36.5,-3000
336.5,23,40.49,-500
337.0,1,35.54,4250
337.0,3,41.36,500
337.0,4,35.16,2750
337.0,5,36.1,-1250
337.0,6,40.6,-750
337.0,7,37.43,1750
337.0,8,35.4,-1250
337.0,11,35.11,-3000
337.0,13,43.47,1750
337.0,16,39.94,-3000
337.0,17,35.23,2000
337.0,19,41.44,2500
337.0,20,36.33,-3000
337.0,23,40.94,-750
337.0,28,35.07,-1000
337.0,30,35.56,-3250
337.0,32,35.07,-250
337.5,1,35.07,-4750
337.5,3,43.03,500
337.5,6,40.25,-750
337.5,7,38.34,1750
337.5,10,36.39,500
337.5,12,35.19,-2250
337.5,13,42.93,1750
337.5,16,39.4,-2750
337.5,19,42.01,2500
337.5,23,42.39,-750
337.5,30,35.2,-500
338.0,3,42.13,500
338.0,6,40.64,-750
338.0,7,37.55,1750
338.0,10,37.35,500
338.0,13,43.6,1750
338.0,16,37.34,-3000
338.0,18,35.68,-1750
338.0,19,41.46,2500
338.0,20,36.56,-3000
338.0,21,35.18,4250
338.0,23,40.22,-500
338.0,25,35.39,-250
338.0,32,35.44,-3000
338.5,1,35.2,-5250
338.5,3,41.08,500
338.5,6,39.5,-750
338.5,7,38.56,1750
338.5,11,35.3,1500
338.5,13,44.08,1750
338.5,16,39.16,-3000
338.5,18,35.21,-500
338.5,19,42.72,2500
338.5,20,35.51,2750
338.5,22,35.3,-2750
338.5,23,39.73,-500
338.5,29,35.37,-2750
339.0,3,41.84,500
339.0,6,40.98,-750
339.0,7,37.62,1750
339.0,10,37.02,500
339.0,13,42.83,1750
339.0,16,38.38,-2750
339.0,17,35.06,-3500
339.0,19,41.43,2500
339.0,21,35.48,3250
339.0,23,40.4,-500
339.0,28,35.47,-6000
339.0,29,35.03,-3250
339.0,31,36.05,2000
339.5,3,43.54,500
339.5,4,35.07,-4000
339.5,5,35.51,3250
339.5,6,41.52,-750
339.5,7,38.64,1750
339.5,8,35.08,-5750
339.5,10,36.7,500
339.5,13,42.38,1750
339.5,16,39.38,-2750
339.5,19,41.52,2500
339.5,20,35.17,-5500
339.5,23,41.31,-750
339.5,31,35.37,-500
340.0,1,35.49,4750
340.0,2,35.12,3750
340.0,3,42.82,500
340.0,4,35.12,-3250
340.0,6,40.81,-750
340.0,7,39.03,1750
340.0,10,39.21,500
340.0,12,35.37,-250
340.0,13,42.05,1750
340.0,14,35.73,0
340.0,16,37.28,-3000
340.0,17,35.78,-1250
340.0,19,41.54,2500
340.0,20,35.35,-3000
340.0,23,41.66,-500
340.0,30,35.77,-5250
340.0,32,35.3,-1250
340.5,3,43.0,500
340.5,6,40.36,-750
340.5,7,37.88,1750
340.5,10,36.11,500
340.5,12,35.42,-750
340.5,13,42.12,1750
340.5,15,35.39,3750
340.5,16,38.41,-2750
340.5,19,40.13,2500
340.5,20,35.68,-3000
340.5,23,41.03,-750
340.5,24,35.23,1250
340.5,25,35.18,-500
340.5,30,35.36,-3250
340.5,32,35.41,-3000
341.0,3,42.72,500
341.0,4,35.55,-3000
341.0,6,40.56,-750
341.0,7,39.44,1750
341.0,9,35.05,-3000
341.0,13,42.42,1750
341.0,16,38.89,-2750
341.0,19,40.74,2500
341.0,20,35.39,-3000
341.0,22,35.33,-4250
341.0,23,41.52,-750
341.0,24,36.07,-1500
341.0,29,36.63,4250
341.0,31,35.3,-5000
341.5,2,36.21,-4000
341.5,3,42.56,500
341.5,4,35.21,5250
341.5,6,40.73,-750
341.5,7,39.14,1750
341.5,10,36.67,500
341.5,13,40.86,1750
341.5,15,35.32,-2250
341.5,16,39.63,-2750
341.5,18,35.29,-3750
341.5,19,40.94,2500
341.5,20,36.22,-3000
341.5,23,39.92,-500
341.5,32,35.04,-500
342.0,3,43.2,500
342.0,5,35.3,2000
342.0,6,40.81,-750
342.0,7,38.36,1750
342.0,9,35.35,-250
342.0,13,43.12,1750
342.0,16,38.57,-2750
342.0,19,41.21,2500
342.0,23,40.59,-500
342.0,24,35.4,500
342.0,30,35.12,-3250
342.5,1,35.58,3750
342.5,3,42.68,500
342.5,6,40.62,-750
342.5,7,37.67,1750
342.5,9,35.11,2000
342.5,10,38.35,500
342.5,11,35.2,3750
342.5,12,35.32,3500
342.5,13,42.24,1750
342.5,14,35.64,-1250
342.5,16,39.48,-2750
342.5,19,42.31,2500
342.5,21,35.27,-2000
342.5,23,40.23,-750
342.5,31,35.19,-3750
342.5,32,35.46,-3250
343.0,3,43.4,500
343.0,6,40.21,-750
343.0,7,38.62,1750
343.0,10,36.25,500
343.0,13,42.72,1750
343.0,16,38.81,-2750
343.0,19,41.41,2500
343.0,23,42.13,-750
343.0,29,35.02,5750
343.0,32,35.02,-2750
343.5,2,35.05,1250
343.5,3,41.07,500
343.5,6,39.61,-750
343.5,7,38.24,1750
343.5,10,36.97,500
343.5,11,35.04,250
343.5,13,40.92,1750
343.5,14,35.16,-4250
343.5,16,36.92,-2750
343.5,19,40.87,2500
343.5,21,35.18,4500
343.5,23,41.3,-750
343.5,25,35.17,-250
343.5,26,35.02,-3250
343.5,28,35.56,1500
343.5,30,35.24,-3250
343.5,32,35.8,4750
344.0,3,41.61,500
344.0,6,39.31,-750
344.0,7,37.98,1750
344.0,13,42.33,1750
344.0,14,35.0,-1500
344.0,16,37.88,-3000
344.0,17,35.01,750
344.0,19,42.54,2500
344.0,20,35.1,-3000
344.0,23,42.61,-750
344.0,28,35.76,-4750
344.0,30,35.93,-3250
344.0,31,36.55,4250
344.0,32,35.01,-3000
344.5,3,42.33,500
344.5,6,40.84,-750
344.5,7,38.34,1750
344.5,9,35.05,3000
344.5,10,36.47,500
344.5,11,35.73,-2250
344.5,13,42.8,1750
344.5,16,37.15,-2750
344.5,19,41.71,2500
344.5,22,35.01,-4500
344.5,23,41.44,-750
344.5,26,35.28,-1500
344.5,27,35.08,-5500
344.5,32,36.23,1750
345.0,2,35.12,-2500
345.0,3,42.45,500
345.0,5,35.12,-4750
345.0,6,40.46,-750
345.0,7,36.81,1750
345.0,10,37.0,500
345.0,13,43.84,1750
345.0,15,35.04,4500
345.0,16,38.42,-3000
345.0,19,40.61,2500
345.0,20,35.38,4000
345.0,23,39.93,-750
345.0,24,35.21,-4750
345.0,26,35.27,4500
345.0,30,35.01,-3250
345.5,2,35.45,-750
345.5,3,41.74,500
345.5,6,40.54,-750
345.5,7,36.23,1750
345.5,10,35.41,500
345.5,13,42.6,1750
345.5,16,39.09,-2750
345.5,19,41.18,2500
345.5,20,37.22,-3000
345.5,23,39.96,-750
345.5,24,35.34,-5000
345.5,26,35.52,-5000
345.5,30,36.13,-3250
345.5,32,35.04,1500
346.0,3,42.28,500
346.0,5,35.02,500
346.0,6,39.69,-750
346.0,7,38.68,1750
346.0,10,35.56,500
346.0,13,42.44,1750
346.0,16,38.58,-2750
346.0,18,35.02,2250
346.0,19,41.13,2500
346.0,20,37.4,-3000
346.0,22,35.12,-6000
346.0,23,42.2,-750
346.0,24,35.53,3250
346.0,28,35.18,2750
346.5,3,42.41,500
346.5,4,35.24,500
346.5,6,41.74,-750
346.5,7,37.01,1750
346.5,8,35.31,-1500
346.5,10,36.5,500
346.5,13,42.71,1750
346.5,15,35.13,-2500
346.5,16,38.44,-2750
346.5,19,40.54,2500
346.5,20,37.43,-3000
346.5,23,40.96,-750
346.5,30,35.67,-3250
346.5,32,35.21,1500
347.0,3,43.23,500
347.0,4,35.12,500
347.0,6,39.18,-750
347.0,7,37.81,1750
347.0,10,36.44,500
347.0,11,35.64,2000
347.0,13,42.36,1750
347.0,16,40.03,-2750
347.0,17,35.19,500
347.0,19,42.14,2500
347.0,23,41.53,-750
347.0,26,35.24,1750
347.0,27,35.43,-2750
347.0,30,35.85,0
347.5,2,35.21,-4750
347.5,3,41.98,500
347.5,6,41.45,-750
347.5,7,38.35,1750
347.5,8,35.64,250
347.5,13,41.74,1750
347.5,15,35.11,-4250
347.5,16,38.63,-3000
347.5,19,40.68,2500
347.5,21,35.28,-5500
347.5,23,40.36,-750
347.5,29,35.1,-5750
347.5,32,35.05,2250
348.0,2,35.11,-3250
348.0,3,42.9,500
348.0,6,40.89,-750
348.0,7,38.6,1750
348.0,10,35.32,500
348.0,13,43.07,1750
348.0,16,37.63,-2750
348.0,19,41.48,2500
348.0,23,41.33,-750
348.0,29,36.21,4000
348.5,3,41.37,500
348.5,6,40.93,-750
348.5,7,39.89,1750
348.5,8,35.26,-3500
348.5,13,42.52,1750
348.5,16,36.73,-2750
348.5,19,41.73,2500
348.5,22,35.7,5750
348.5,23,39.52,-750
348.5,24,35.17,3500
348.5,26,35.04,3750
348.5,28,35.86,1250
349.0,1,35.1,-6000
349.0,2,35.14,750
349.0,3,41.71,500
349.0,6,42.08,-750
349.0,7,37.72,1750
349.0,8,35.65,3750
349.0,10,35.25,500
349.0,11,35.21,4500
349.0,13,43.19,1750
349.0,15,35.06,2750
349.0,16,39.32,-2750
349.0,19,39.48,2500
349.0,20,35.65,-3000
349.0,23,41.87,-750
349.0,32,35.26,5500
349.5,3,41.42,500
349.5,4,35.36,-3500
349.5,6,39.65,-750
349.5,7,39.26,1750
349.5,10,36.15,500
349.5,13,41.18,1750
349.5,16,39.34,-2750
349.5,19,41.75,2500
349.5,20,37.77,-3000
349.5,21,35.57,750
349.5,23,40.36,-750
349.5,25,36.03,-2000
349.5,32,35.1,-5500
350.0,3,43.31,500
350.0,6,40.51,-750
350.0,7,35.24,1750
350.0,8,35.31,2250
350.0,10,36.74,500
350.0,11,35.12,-3000
350.0,13,41.63,1750
350.0,15,35.16,-250
350.0,16,38.18,-2750
350.0,19,41.12,2500
350.0,20,35.3,-3750
350.0,23,39.72,-500
350.0,24,35.01,4250
350.0,28,35.87,3250
350.0,31,35.06,-2250
350.0,32,36.34,500
350.5,1,35.18,-500
350.5,2,35.1,1250
350.5,3,42.8,500
350.5,6,39.59,-750
350.5,7,38.63,1750
350.5,9,35.32,-750
350.5,10,35.82,500
350.5,13,42.97,1750
350.5,16,38.87,-2750
350.5,19,40.75,2500
350.5,20,36.21,-3000
350.5,23,39.28,-500
350.5,30,36.0,-3250
350.5,32,35.57,-3000
351.0,3,42.52,500
351.0,4,35.59,2250
351.0,5,35.67,-3000
351.0,6,40.79,-750
351.0,7,39.26,1750
351.0,9,35.79,-4000
351.0,10,36.43,500
351.0,12,35.03,4500
351.0,13,42.84,1750
351.0,16,38.65,-2750
351.0,18,35.03,500
351.0,19,42.87,2500
351.0,23,40.42,-750
351.5,2,35.02,-500
351.5,3,41.14,500
351.5,6,41.1,-750
351.5,7,38.17,1750
351.5,10,36.0,500
351.5,11,35.14,2000
351.5,13,43.76,1750
351.5,15,35.39,0
351.5,16,37.5,-2750
351.5,19,42.3,2500
351.5,20,35.52,-5000
351.5,23,41.06,-750
351.5,29,35.57,3750
351.5,32,35.01,-3500
352.0,3,41.84,500
352.0,6,39.87,-750
352.0,7,38.37,1750
352.0,8,35.04,5000
352.0,10,35.03,500
352.0,12,35.11,-4250
352.0,13,43.08,1750
352.0,16,36.58,-3000
352.0,19,40.59,2500
352.0,23,41.25,-750
352.0,26,35.2,-5750
352.0,30,36.13,-3250
352.5,2,35.02,-1000
352.5,3,41.77,500
352.5,4,35.27,-3000
352.5,6,41.08,-750
352.5,7,37.76,1750
352.5,10,37.7,500
352.5,11,36.25,2000
352.5,12,35.63,750
352.5,13,42.82,1750
352.5,16,39.9,-2750
352.5,19,40.9,2500
352.5,21,35.16,3500
352.5,22,35.48,-2750
352.5,23,41.03,-500
352.5,29,35.17,500
352.5,32,35.62,-3000
353.0,1,35.71,-1000
353.0,3,41.9,500
353.0,6,40.78,-750
353.0,7,38.5,1750
353.0,8,35.33,-6000
353.0,13,42.35,1750
353.0,16,38.75,-3000
353.0,19,42.14,2500
353.0,20,36.72,-3000
353.0,23,41.19,-750
353.0,26,35.01,0
353.0,28,35.56,-1250
353.0,29,35.36,-4750
353.0,32,35.2,3250
353.5,3,42.36,500
353.5,4,35.1,750
353.5,6,41.22,-750
353.5,7,38.12,1750
353.5,9,35.07,-4500
353.5,10,35.34,-1750
353.5,11,35.73,2000
353.5,13,43.15,1750
353.5,16,38.86,-2750
353.5,18,35.09,-5500
353.5,19,40.93,2500
353.5,22,35.69,-1500
353.5,23,41.08,-750
353.5,31,35.66,-250
353.5,32,35.19,-1250
354.0,2,35.56,5750
354.0,3,41.96,500
354.0,6,40.78,-750
354.0,7,37.36,1750
354.0,11,35.31,2750
354.0,13,42.38,1750
354.0,16,37.69,-2750
354.0,19,41.81,2500
354.0,23,40.88,-750
354.0,26,35.03,1500
354.0,28,35.23,5250
354.0,29,35.14,2500
354.0,30,37.15,-3250
354.0,31,35.05,-2000
354.5,3,42.92,500
354.5,4,35.1,-2250
354.5,6,40.47,-750
354.5,7,38.14,1750
354.5,13,41.75,1750
354.5,15,35.08,5000
354.5,16,37.19,-3000
354.5,19,42.11,2500
354.5,20,36.23,-3000
354.5,23,42.05,-750
354.5,24,35.92,-2500
354.5,27,35.19,1000
354.5,32,35.44,-1000
355.0,1,35.28,-4000
355.0,2,35.09,-2250
355.0,3,41.99,500
355.0,6,40.1,-750
355.0,7,39.22,1750
355.0,8,35.51,-2750
355.0,13,42.87,1750
355.0,16,37.61,-2750
355.0,18,35.24,4000
355.0,19,42.24,2500
355.0,20,36.83,-3000
355.0,22,35.72,5750
355.0,23,39.91,-750
355.0,24,35.66,-1500
355.0,26,35.06,4250
355.5,1,35.07,3250
355.5,3,43.11,500
355.5,6,40.1,-750
355.5,7,37.4,1750
355.5,10,35.48,-1500
355.5,13,43.0,1750
355.5,16,38.75,-2750
355.5,19,41.38,2500
355.5,20,35.75,-3000
355.5,22,36.69,4500
355.5,23,40.63,-750
355.5,30,35.77,-3250
355.5,32,36.39,5750
356.0,2,35.12,-1500
356.0,3,42.6,500
356.0,4,35.04,3750
356.0,6,41.16,-750
356.0,7,39.34,1750
356.0,8,35.0,-5750
356.0,10,35.38,2250
356.0,13,41.22,1750
356.0,15,35.56,4000
356.0,16,38.36,-2750
356.0,17,36.73,-3000
356.0,19,40.79,2500
356.0,23,40.39,-750
356.0,30,35.82,-3250
356.5,3,41.86,500
356.5,6,41.27,-750
356.5,7,39.7,1750
356.5,10,35.36,500
356.5,13,42.87,1750
356.5,16,39.21,-2750
356.5,17,35.18,5750
356.5,19,42.12,2500
356.5,22,35.54,0
356.5,23,40.97,-750
356.5,32,35.82,2500
357.0,2,35.13,-1500
357.0,3,42.8,500
357.0,6,40.62,-750
357.0,7,38.81,1750
357.0,10,35.15,1000
357.0,13,42.28,1750
357.0,16,38.38,-2750
357.0,19,41.61,2500
357.0,20,35.1,-3000
357.0,21,35.51,-500
357.0,23,39.34,-750
357.0,25,35.07,-1750
357.0,27,35.09,750
357.5,2,35.7,-1250
357.5,3,42.75,500
357.5,6,39.41,-750
357.5,7,37.61,1750
357.5,8,35.22,-2750
357.5,10,36.32,500
357.5,13,42.27,1750
357.5,16,37.58,-2750
357.5,19,41.22,2500
357.5,22,35.61,-5250
357.5,23,41.09,-750
357.5,25,35.03,5750
358.0,1,35.7,-2500
358.0,2,35.0,2750
358.0,3,42.01,500
358.0,6,39.41,-750
358.0,7,38.28,1750
358.0,8,35.94,2250
358.0,13,42.9,1750
358.0,16,39.84,-3000
358.0,18,35.16,0
358.0,19,41.49,2500
358.0,20,36.43,-3000
358.0,23,40.47,-750
358.0,28,35.11,3500
358.0,31,35.3,4000
358.5,3,41.77,500
358.5,6,40.4,-750
358.5,7,39.99,1750
358.5,10,37.28,500
358.5,13,42.57,1750
358.5,14,35.1,0
358.5,16,38.31,-3000
358.5,19,40.65,2500
358.5,20,36.83,-3000
358.5,23,41.32,-750
358.5,26,35.21,250
358.5,29,35.13,2250
358.5,30,35.47,-3250
359.0,3,42.29,500
359.0,4,35.51,3250
359.0,5,35.13,250
359.0,6,40.08,-750
359.0,7,37.54,1750
359.0,11,35.45,-500
359.0,13,41.31,1750
359.0,16,38.61,-2750
359.0,18,35.15,-4000
359.0,19,40.78,2500
359.0,23,41.04,-750
359.5,3,41.85,500
359.5,6,39.18,-750
359.5,7,38.15,1750
359.5,8,35.78,2250
359.5,11,35.64,2000
359.5,13,42.72,1750
359.5,14,35.45,-750
359.5,16,37.95,-2750
359.5,18,35.65,-250
359.5,19,41.55,2500
359.5,20,35.42,-3000
359.5,22,35.55,-5750
359.5,23,41.54,-750
359.5,30,35.85,250
360.0,3,41.7,500
360.0,6,40.67,-750
360.0,7,40.02,1750
360.0,8,35.05,2250
360.0,10,35.2,3000
360.0,13,42.5,1750
360.0,16,39.93,-2750
360.0,19,42.48,2500
360.0,23,41.75,-750
360.0,24,35.46,5000
360.0,27,35.08,-1250
360.0,29,35.28,-3000
360.0,30,35.16,-3250
360.0,31,35.03,0
360.5,3,42.31,500
360.5,6,38.91,-750
360.5,7,38.47,1750
360.5,10,37.1,500
360.5,13,43.14,1750
360.5,16,39.37,-2750
360.5,19,41.14,2500
360.5,21,35.11,4250
360.5,22,35.82,-750
360.5,23,42.0,-750
360.5,26,35.26,4000
361.0,1,35.07,-3250
361.0,2,35.32,4250
361.0,3,43.14,500
361.0,4,35.11,1000
361.0,6,40.24,-750
361.0,7,40.01,1750
361.0,10,35.33,500
361.0,13,42.36,1750
361.0,16,39.68,-2750
361.0,19,40.62,2500
361.0,22,35.05,1250
361.0,23,40.66,-750
361.0,25,35.49,2250
361.0,26,35.31,-4500
361.0,27,35.34,5500
361.0,30,35.01,5000
361.5,3,42.5,500
361.5,4,35.13,-4500
361.5,6,40.46,-750
361.5,7,39.95,1750
361.5,8,35.02,-1250
361.5,10,36.09,500
361.5,13,42.82,1750
361.5,16,39.62,-3000
361.5,19,40.44,2500
361.5,23,41.31,-750
361.5,30,35.09,2500
362.0,3,42.16,500
362.0,6,41.22,-750
362.0,7,39.42,1750
362.0,8,35.19,2250
362.0,12,35.42,-4000
362.0,13,42.11,1750
362.0,16,39.14,-2750
362.0,17,35.12,3500
362.0,19,40.73,2500
362.0,20,36.11,-3000
362.0,23,41.08,-500
362.0,24,35.34,-5000
362.0,26,35.42,-2000
362.5,3,41.81,500
362.5,6,41.1,-750
362.5,7,37.78,1750
362.5,8,35.11,-5750
362.5,9,35.17,3500
362.5,10,35.51,500
362.5,13,43.81,1750
362.5,16,37.78,-3000
362.5,19,40.4,2500
362.5,20,35.91,-3000
362.5,21,35.47,-2500
362.5,22,35.02,3000
362.5,23,42.39,-750
362.5,31,35.09,-3750
362.5,32,35.03,-4250
363.0,2,35.04,5750
363.0,3,41.82,500
363.0,6,40.51,-750
363.0,7,39.41,1750
363.0,13,42.08,1750
363.0,16,37.92,-3000
363.0,19,41.78,2500
363.0,20,35.35,-3000
363.0,23,41.47,-750
363.0,25,35.23,-4750
363.0,30,35.66,-4500
363.5,3,40.75,500
363.5,6,40.58,-750
363.5,7,39.5,1750
363.5,9,35.06,-3000
363.5,10,35.66,-3000
363.5,11,35.4,-5500
363.5,13,42.36,1750
363.5,16,38.91,-2750
363.5,19,40.68,2500
363.5,23,40.8,-750
363.5,24,35.2,4250
363.5,25,35.3,1250
363.5,28,36.03,-3250
363.5,29,35.22,4250
364.0,2,35.11,-750
364.0,3,42.05,500
364.0,6,40.57,-750
364.0,7,38.49,1750
364.0,9,35.03,5500
364.0,10,37.28,500
364.0,11,35.29,3250
364.0,12,35.03,3500
364.0,13,41.06,1750
364.0,16,38.09,-3000
364.0,17,35.12,-2750
364.0,19,42.19,2500
364.0,20,35.03,3500
364.0,23,42.19,-750
364.0,25,35.44,4000
364.0,28,35.33,-5750
364.5,2,35.01,-3750
364.5,3,41.25,500
364.5,6,40.52,-750
364.5,7,40.34,1750
364.5,9,35.07,-2750
364.5,10,38.06,500
364.5,11,35.07,1750
364.5,13,42.34,1750
364.5,16,39.9,-2750
364.5,19,39.92,2500
364.5,20,37.17,-3000
364.5,21,35.46,-3750
364.5,23,41.32,-750
364.5,25,35.06,-1000
365.0,3,41.39,500
365.0,6,40.39,-750
365.0,7,38.92,1750
365.0,10,37.32,500
365.0,11,35.63,2250
365.0,13,43.98,1750
365.0,16,39.89,-3000
365.0,19,39.82,2500
365.0,23,40.13,-750
365.0,28,35.22,1000
365.0,29,35.16,3000
365.0,30,37.25,-3250
365.0,31,35.76,3750
365.0,32,35.13,-6000
365.5,3,42.99,500
365.5,5,35.32,-3250
365.5,6,39.06,-750
365.5,7,37.24,1750
365.5,10,36.5,500
365.5,13,44.24,1750
365.5,16,37.35,-2750
365.5,19,40.78,2500
365.5,20,36.87,-3000
365.5,23,41.67,-750
365.5,24,35.3,-6000
365.5,30,35.78,-3250
365.5,31,35.79,-4250
366.0,2,35.65,-2500
366.0,3,43.08,500
366.0,5,35.32,-5000
366.0,6,40.84,-750
366.0,7,38.82,1750
366.0,11,35.54,-4000
366.0,13,42.22,1750
366.0,16,39.91,-2750
366.0,19,40.45,2500
366.0,20,37.1,-3000
366.0,23,41.6,-750
366.0,30,35.55,-3250
366.5,3,41.82,500
366.5,6,39.54,-750
366.5,7,39.22,1750
366.5,8,35.1,2250
366.5,11,35.29,1250
366.5,12,35.19,-3500
366.5,13,42.6,1750
366.5,15,35.19,-2750
366.5,16,39.35,-2750
366.5,19,41.61,2500
366.5,20,36.57,-3000
366.5,22,35.19,-4250
366.5,23,40.64,-500
366.5,24,35.21,2500
366.5,30,36.77,-3250
366.5,32,35.76,3250
367.0,3,41.6,500
367.0,6,40.29,-750
367.0,7,39.36,1750
367.0,9,35.02,5000
367.0,10,35.7,500
367.0,12,35.56,0
367.0,13,43.56,1750
367.0,16,38.11,-2750
367.0,19,42.3,2500
367.0,20,37.07,-3000
367.0,23,41.45,-750
367.0,28,35.11,0
367.5,3,41.76,500
367.5,6,39.78,-750
367.5,7,38.93,1750
367.5,8,35.55,-2750
367.5,10,35.52,500
367.5,11,35.09,4500
367.5,12,35.02,4750
367.5,13,43.77,1750
367.5,16,39.5,-2750
367.5,18,35.31,-5500
367.5,19,40.64,2500
367.5,23,41.34,-750
367.5,30,36.9,-3250
367.5,32,35.0,-2000
368.0,3,42.76,500
368.0,6,40.22,-750
368.0,7,37.73,1750
368.0,10,35.19,500
368.0,12,35.56,500
368.0,13,42.47,1750
368.0,16,38.45,-3000
368.0,19,41.31,2500
368.0,23,41.02,-750
368.0,24,35.15,-4750
368.0,31,35.62,-2750
368.5,3,41.38,500
368.5,6,39.67,-750
368.5,7,39.54,1750
368.5,10,35.44,-4250
368.5,13,41.9,1750
368.5,16,38.0,-3000
368.5,19,41.53,2500
368.5,20,35.07,-3000
368.5,23,42.14,-750
368.5,29,36.01,2750
368.5,32,35.08,-500
369.0,3,41.5,500
369.0,6,39.97,-750
369.0,7,39.47,1750
369.0,9,35.34,-1250
369.0,13,42.68,1750
369.0,14,35.6,5500
369.0,16,37.98,-3000
369.0,19,40.16,2500
369.0,20,35.05,4500
369.0,23,42.07,-750
369.0,28,35.04,4000
369.5,3,41.94,500
369.5,6,40.11,-750
369.5,7,38.88,1750
369.5,13,42.19,1750
369.5,16,38.47,-3000
369.5,19,41.62,2500
369.5,20,36.36,-3000
369.5,23,40.54,-750
369.5,32,35.67,-3000
370.0,3,40.99,500
370.0,6,39.82,-750
370.0,7,39.08,1750
370.0,13,42.98,1750
370.0,16,38.74,-2750
370.0,18,35.57,-4750
370.0,19,41.22,2500
370.0,20,37.57,-3000
370.0,21,35.43,-4500
370.0,22,35.04,-250
370.0,23,40.61,-750
370.0,30,35.16,3000
370.0,32,36.19,1000
370.5,2,35.15,-1250
370.5,3,42.34,500
370.5,4,35.02,2500
370.5,6,40.35,-750
370.5,7,39.31,1750
370.5,13,42.29,1750
370.5,16,40.01,-3000
370.5,17,35.86,-750
370.5,19,41.1,2500
370.5,23,42.42,-750
370.5,24,35.16,-2250
370.5,29,35.27,-5500
371.0,2,36.01,-500
371.0,3,42.92,500
371.0,6,40.43,-750
371.0,7,38.43,1750
371.0,8,35.29,2000
371.0,13,41.4,1750
371.0,16,39.54,-2750
371.0,17,35.72,-3750
371.0,18,35.33,-1000
371.0,19,40.45,2500
371.0,22,35.24,-2750
371.0,23,41.93,-750
371.0,30,36.26,-3250
371.0,32,35.29,2750
371.5,3,43.55,500
371.5,5,35.04,-1750
371.5,6,41.67,-750
371.5,7,38.78,1750
371.5,11,35.24,5000
371.5,13,42.14,1750
371.5,14,35.03,2500
371.5,16,38.94,-2750
371.5,19,41.32,2500
371.5,23,41.09,-750
371.5,25,35.09,1250
371.5,28,35.04,-5000
372.0,3,43.06,500
372.0,5,35.2,-5250
372.0,6,41.55,-750
372.0,7,39.67,1750
372.0,10,36.08,500
372.0,11,35.01,4500
372.0,13,42.89,1750
372.0,15,35.41,-5000
372.0,16,40.31,-3000
372.0,19,39.96,2500
372.0,20,37.17,-3000
372.0,21,35.56,3500
372.0,22,35.62,-5250
372.0,23,42.06,-750
372.0,27,35.26,-5250
372.0,30,35.71,-3250
372.0,32,35.15,-4750
372.5,3,40.47,500
372.5,6,40.92,-750
372.5,7,40.22,1750
372.5,11,35.54,-2500
372.5,13,42.37,1750
372.5,16,39.26,-2750
372.5,19,41.17,2500
372.5,23,41.24,-750
372.5,31,35.2,0
373.0,3,43.36,500
373.0,6,40.52,-750
373.0,7,40.61,1750
373.0,8,35.41,2250
373.0,10,35.62,500
373.0,13,42.63,1750
373.0,16,39.15,-2750
373.0,19,41.64,2500
373.0,20,35.29,-3000
373.0,23,42.42,-750
373.0,26,35.3,-3500
373.0,30,35.0,-4750
373.0,32,35.79,-3000
373.5,3,43.08,500
373.5,6,40.8,-750
373.5,7,38.74,1750
373.5,8,35.44,-2000
373.5,10,35.6,500
373.5,13,41.52,1750
373.5,14,35.11,-4250
373.5,16,39.1,-2750
373.5,19,41.14,2500
373.5,23,42.61,-750
374.0,3,42.74,500
374.0,5,35.09,-1000
374.0,6,41.17,-750
374.0,7,38.46,1750
374.0,10,35.77,500
374.0,13,43.44,1750
374.0,14,35.12,-4250
374.0,15,35.32,-4000
374.0,16,39.8,-2750
374.0,19,42.04,2500
374.0,20,35.57,5250
374.0,21,35.06,-4000
374.0,23,41.48,-750
374.0,24,35.49,1250
374.0,30,36.04,2500
374.0,31,35.29,-5750
374.5,3,42.47,500
374.5,6,39.87,-750
374.5,7,38.79,1750
374.5,9,35.8,250
374.5,10,35.65,500
374.5,11,35.83,-4500
374.5,12,35.57,-1000
374.5,13,42.91,1750
374.5,16,39.3,-3000
374.5,19,41.04,2500
374.5,21,35.55,1750
374.5,23,42.12,-750
374.5,26,35.01,500
374.5,30,35.51,-3250
374.5,32,35.45,-4250
375.0,3,42.38,500
375.0,5,35.11,5250
375.0,6,40.76,-750
375.0,7,38.93,1750
375.0,12,35.48,-1250
375.0,13,42.44,1750
375.0,15,35.37,-4250
375.0,16,38.41,-3000
375.0,19,41.59,2500
375.0,20,35.3,-3000
375.0,23,41.62,-750
375.5,3,41.71,500
375.5,6,38.9,-750
375.5,7,37.74,1750
375.5,10,35.23,500
375.5,13,42.78,1750
375.5,16,38.39,-2750
375.5,19,41.25,2500
375.5,20,35.63,-3000
375.5,21,35.98,4000
375.5,23,40.79,-750
376.0,3,41.97,500
376.0,6,40.97,-750
376.0,7,40.27,1750
376.0,8,35.43,-1000
376.0,13,42.1,1750
376.0,15,35.15,-2000
376.0,16,39.92,-2750
376.0,18,35.22,-5000
376.0,19,41.08,2500
376.0,20,35.87,-3000
376.0,23,40.54,-750
376.0,30,35.0,4000
376.0,32,35.28,-2750
376.5,3,42.58,500
376.5,4,36.07,-5000
376.5,6,40.78,-750
376.5,7,37.76,1750
376.5,8,35.28,1750
376.5,9,35.0,-5000
376.5,11,35.45,-1500
376.5,13,42.17,1750
376.5,16,38.98,-3000
376.5,19,40.47,2500
376.5,20,36.12,-3000
376.5,23,41.4,-750
376.5,25,35.24,2000
376.5,30,37.3,-3250
376.5,32,35.13,-1750
377.0,3,42.75,500
377.0,6,40.04,-750
377.0,7,40.25,1750
377.0,8,35.36,-2500
377.0,10,36.39,500
377.0,13,43.04,1750
377.0,15,35.26,-2000
377.0,16,38.23,-3000
377.0,17,35.18,-750
377.0,19,40.83,2500
377.0,20,35.89,-4500
377.0,23,42.41,-750
377.0,28,35.1,3750
377.0,30,38.04,-3250
377.0,31,35.21,-4000
377.5,1,35.24,0
377.5,2,35.78,3250
377.5,3,42.54,500
377.5,5,35.41,2750
377.5,6,41.03,-750
377.5,7,39.84,1750
377.5,10,37.46,500
377.5,11,35.41,750
377.5,12,35.01,-1750
377.5,13,42.31,1750
377.5,14,35.3,-500
377.5,16,38.43,-2750
377.5,19,41.32,2500
377.5,23,41.17,-750
377.5,26,35.11,-4500
377.5,30,35.04,1500
377.5,31,35.51,1250
378.0,3,41.62,500
378.0,6,41.47,-750
378.0,7,37.97,1750
378.0,9,35.04,4000
378.0,10,35.49,250
378.0,13,42.7,1750
378.0,14,35.21,-3250
378.0,15,35.21,4500
378.0,16,38.89,-2750
378.0,19,40.63,2500
378.0,21,35.02,-5750
378.0,23,40.93,-750
378.0,28,35.79,-4750
378.0,30,35.37,-3250
378.5,2,35.42,-750
378.5,3,42.92,500
378.5,5,35.34,5500
378.5,6,40.59,-750
378.5,7,37.65,1750
378.5,10,36.26,500
378.5,13,43.09,1750
378.5,15,35.21,-3000
378.5,16,38.84,-2750
378.5,18,35.69,4250
378.5,19,41.09,2500
378.5,20,35.25,-4250
378.5,23,41.91,-750
378.5,24,35.09,-1000
378.5,26,35.17,-3250
378.5,30,36.86,-3250
379.0,1,35.79,500
379.0,3,42.59,500
379.0,6,40.77,-750
379.0,7,40.36,1750
379.0,13,42.31,1750
379.0,16,37.45,-2750
379.0,19,41.69,2500
379.0,20,35.98,2250
379.0,21,35.46,5500
379.0,23,41.67,-750
379.0,27,35.19,2500
379.0,29,35.57,750
379.5,1,35.18,1750
379.5,3,42.13,500
379.5,6,40.22,-750
379.5,7,39.46,1750
379.5,10,35.3,500
379.5,13,42.12,1750
379.5,14,35.61,-1250
379.5,16,39.48,-2750
379.5,19,41.06,2500
379.5,20,35.13,-3000
379.5,23,41.47,-750
380.0,3,41.14,500
380.0,6,40.08,-750
380.0,7,37.29,1750
380.0,10,36.98,500
380.0,11,35.36,1500
380.0,12,35.05,750
380.0,13,41.79,1750
380.0,16,39.36,-3000
380.0,19,41.47,2500
380.0,20,36.41,-3000
380.0,23,42.26,-750
380.0,29,35.26,-3750
380.0,30,35.36,5250
380.0,31,35.15,500
380.5,3,40.52,500
380.5,6,41.12,-750
380.5,7,37.99,1750
380.5,8,35.18,1500
380.5,10,35.06,-5500
380.5,13,42.42,1750
380.5,16,39.23,-3000
380.5,19,42.02,2500
380.5,21,35.04,4500
380.5,23,41.87,-750
380.5,28,35.42,5750
380.5,31,35.12,-4500
381.0,3,40.7,500
381.0,4,35.05,-2750
381.0,6,40.79,-750
381.0,7,38.3,1750
381.0,11,35.11,-4000
381.0,13,43.23,1750
381.0,14,35.08,-3000
381.0,15,35.27,4500
381.0,16,38.22,-3000
381.0,17,35.03,5750
381.0,19,40.23,2500
381.0,20,35.06,-4750
381.0,22,35.45,1000
381.0,23,41.63,-750
381.0,27,35.12,2250
381.0,30,35.4,-3250
381.5,3,41.84,500
381.5,4,35.45,-4000
381.5,6,39.6,-750
381.5,7,38.46,1750
381.5,10,35.48,500
381.5,13,42.91,1750
381.5,15,35.13,-3500
381.5,16,38.7,-3000
381.5,19,41.65,2500
381.5,21,35.35,1500
381.5,23,42.09,-750
381.5,24,35.47,-2750
381.5,26,35.37,-3000
381.5,27,35.22,-2250
381.5,30,36.08,-500
382.0,2,35.02,-750
382.0,3,42.13,500
382.0,6,40.4,-750
382.0,7,38.46,1750
382.0,10,35.89,-6000
382.0,13,42.66,1750
382.0,15,35.04,-4750
382.0,16,39.33,-3000
382.0,18,35.02,-500
382.0,19,41.07,2500
382.0,23,40.78,-750
382.0,28,35.84,-2000
382.0,30,35.42,-3250
382.5,3,42.33,500
382.5,4,35.41,4000
382.5,5,35.21,-3500
382.5,6,41.29,-750
382.5,7,38.86,1750
382.5,13,42.55,1750
382.5,16,38.1,-3000
382.5,19,41.34,2500
382.5,20,38.02,-3000
382.5,21,35.55,-5000
382.5,22,35.16,-2500
382.5,23,42.32,-750
382.5,26,35.44,-2500
383.0,1,35.88,4500
383.0,3,42.12,500
383.0,4,35.09,-1250
383.0,5,35.67,-3750
383.0,6,40.46,-750
383.0,7,40.65,1750
383.0,10,36.05,500
383.0,13,43.26,1750
383.0,16,40.9,-2750
383.0,19,41.06,2500
383.0,20,35.49,-3000
383.0,23,42.24,-750
383.0,25,35.04,-5250
383.5,3,42.8,500
383.5,5,35.91,4750
383.5,6,40.89,-750
383.5,7,38.58,1750
383.5,9,35.32,250
383.5,13,41.43,1750
383.5,16,39.1,-2750
383.5,19,42.1,2500
383.5,20,36.91,-3000
383.5,23,41.32,-750
383.5,27,35.74,2250
383.5,32,35.79,-1750
384.0,3,41.48,500
384.0,6,40.7,-750
384.0,7,37.8,1750
384.0,11,35.96,3750
384.0,13,42.66,1750
384.0,16,39.56,-3000
384.0,17,35.7,5250
384.0,19,40.25,2500
384.0,20,35.91,3750
384.0,23,42.19,-750
384.0,26,35.81,3500
384.0,30,35.27,-3500
384.5,3,43.55,500
384.5,6,39.97,-750
384.5,7,39.69,1750
384.5,10,36.51,500
384.5,12,35.19,-3750
384.5,13,42.0,1750
384.5,16,41.18,-2750
384.5,17,36.06,-1000
384.5,19,41.67,2500
384.5,21,35.39,-5250
384.5,22,35.1,-2250
384.5,23,41.29,-750
384.5,25,35.17,500
384.5,30,35.32,-2000
385.0,3,41.84,500
385.0,6,40.5,-750
385.0,7,38.66,1750
385.0,12,35.28,-2250
385.0,13,42.74,1750
385.0,16,39.31,-3000
385.0,18,35.12,4500
385.0,19,40.65,2500
385.0,20,35.22,1750
385.0,23,41.24,-750
385.5,1,35.87,-3250
385.5,3,42.83,500
385.5,6,40.16,-750
385.5,7,39.3,1750
385.5,9,35.27,5500
385.5,10,35.4,500
385.5,13,41.7,1750
385.5,16,39.57,-3000
385.5,17,35.14,2750
385.5,19,40.9,2500
385.5,20,35.49,-2250
385.5,22,35.0,1250
385.5,23,41.51,-750
385.5,26,35.15,-1750
385.5,27,35.59,-3500
385.5,28,35.06,0
385.5,29,35.11,5500
386.0,3,42.62,500
386.0,6,40.9,-750
386.0,7,39.4,1750
386.0,9,35.63,500
386.0,10,36.16,500
386.0,13,43.26,1750
386.0,14,35.71,-4000
386.0,15,35.05,1250
386.0,16,38.34,-2750
386.0,19,41.9,2500
386.0,20,36.68,-3000
386.0,21,35.27,-1000
386.0,23,42.39,-750
386.0,28,35.3,4750
386.0,29,35.04,-3000
386.0,30,36.07,-3250
386.0,31,35.02,-2000
386.5,1,35.25,3250
386.5,3,43.0,500
386.5,4,35.93,250
386.5,6,41.21,-750
386.5,7,40.58,1750
386.5,10,35.58,500
386.5,13,44.1,1750
386.5,16,38.09,-2750
386.5,19,41.08,2500
386.5,20,35.53,3250
386.5,22,35.23,0
386.5,23,42.19,-750
386.5,27,35.09,-3750
386.5,29,35.11,1250
386.5,32,35.33,-3000
387.0,2,35.31,0
387.0,3,41.47,500
387.0,6,40.89,-750
387.0,7,40.36,1750
387.0,8,35.04,5500
387.0,10,35.04,500
387.0,11,35.18,750
387.0,12,35.64,-750
387.0,13,43.51,1750
387.0,16,38.12,-3000
387.0,19,41.2,2500
387.0,20,37.25,-3000
387.0,21,35.03,5250
387.0,23,41.84,-750
387.0,27,35.05,-3000
387.5,3,41.43,500
387.5,6,40.19,-750
387.5,7,40.21,1750
387.5,10,35.24,-250
387.5,13,42.9,1750
387.5,16,38.52,-3000
387.5,19,42.08,2500
387.5,20,35.26,500
387.5,22,35.04,-5750
387.5,23,41.95,-750
387.5,24,35.52,2500
387.5,25,35.27,-5250
387.5,26,35.22,-4250
388.0,3,41.92,500
388.0,6,40.7,-750
388.0,7,38.76,1750
388.0,8,35.18,2250
388.0,13,42.11,1750
388.0,14,35.16,-250
388.0,16,39.42,-2750
388.0,19,40.78,2500
388.0,23,39.99,-750
388.0,26,35.41,0
388.0,27,35.26,-3000
388.0,30,35.28,-3250
388.5,3,42.77,500
388.5,6,40.6,-750
388.5,7,37.71,1750
388.5,9,35.15,5750
388.5,10,36.35,500
388.5,13,42.46,1750
388.5,16,38.71,-2750
388.5,19,40.44,2500
388.5,20,35.62,-3000
388.5,23,41.22,-750
388.5,30,35.03,-2250
389.0,1,35.11,2000
389.0,3,42.25,500
389.0,6,41.58,-750
389.0,7,38.55,1750
389.0,10,36.24,500
389.0,13,41.8,1750
389.0,16,41.4,-3000
389.0,19,40.27,2500
389.0,20,35.13,-3000
389.0,22,35.54,-6000
389.0,23,41.45,-750
389.0,24,35.35,-2500
389.0,27,35.21,-2750
389.0,29,35.2,-6000
389.0,31,35.0,250
389.5,3,42.07,500
389.5,6,39.84,-750
389.5,7,38.86,1750
389.5,8,35.09,2250
389.5,13,41.97,1750
389.5,16,38.76,-2750
389.5,18,35.48,-3000
389.5,19,40.31,2500
389.5,21,35.23,3750
389.5,23,41.8,-750
389.5,32,35.03,3500
390.0,3,41.01,500
390.0,5,35.35,4500
390.0,6,40.77,-750
390.0,7,40.38,1750
390.0,9,35.17,5750
390.0,10,36.36,500
390.0,11,35.23,4750
390.0,13,42.2,1750
390.0,16,39.15,-2750
390.0,19,40.92,2500
390.0,20,35.21,-3000
390.0,23,40.42,-750
390.5,3,42.21,500
390.5,5,35.03,-3500
390.5,6,41.4,-750
390.5,7,37.04,1750
390.5,8,35.02,250
390.5,13,42.05,1750
390.5,16,38.14,-3000
390.5,17,35.42,1250
390.5,19,40.81,2500
390.5,22,35.33,-1500
390.5,23,42.55,-750
391.0,3,40.89,500
391.0,4,35.51,2750
391.0,6,40.42,-750
391.0,7,39.29,1750
391.0,10,38.3,500
391.0,13,42.37,1750
391.0,16,38.88,-3000
391.0,18,35.71,2250
391.0,19,40.92,2500
391.0,20,35.02,-3000
391.0,21,35.18,-4250
391.0,23,41.48,-750
391.0,29,35.78,-3000
391.0,30,35.49,3250
391.5,3,42.95,500
391.5,6,41.9,-750
391.5,7,37.94,1750
391.5,9,35.57,-4000
391.5,10,36.49,500
391.5,13,41.84,1750
391.5,16,39.12,-2750
391.5,19,39.85,2500
391.5,20,36.21,-3000
391.5,21,35.02,4250
391.5,23,40.74,-750
391.5,24,35.2,-5500
391.5,27,35.49,-1000
391.5,28,35.48,4000
391.5,31,35.84,-6000
392.0,3,40.26,750
392.0,5,35.3,-500
392.0,6,40.47,-750
392.0,7,39.35,1750
392.0,9,35.53,0
392.0,10,37.2,500
392.0,12,35.42,2250
392.0,13,41.26,1750
392.0,16,39.31,-3000
392.0,19,41.33,2500
392.0,23,41.77,-750
392.0,28,35.12,-1000
392.0,29,35.73,-5750
392.0,30,35.61,-3250
392.0,31,35.2,4750
392.5,3,42.25,500
392.5,4,35.12,1250
392.5,5,35.45,-750
392.5,6,40.02,-750
392.5,7,38.65,1750
392.5,10,36.99,500
392.5,12,35.08,5500
392.5,13,42.35,1750
392.5,16,38.78,-3000
392.5,19,39.79,2500
392.5,20,35.01,4250
392.5,23,42.64,-750
392.5,32,35.09,-4000
393.0,3,41.47,500
393.0,6,41.04,-750
393.0,7,38.31,1750
393.0,13,42.33,1750
393.0,15,36.34,5750
393.0,16,38.03,-3000
393.0,19,41.05,2500
393.0,22,35.48,4000
393.0,23,41.81,-750
393.0,25,36.84,4500
393.0,27,35.21,2000
393.0,28,35.54,1750
393.5,3,41.01,500
393.5,5,35.26,-2250
393.5,6,39.84,-750
393.5,7,38.71,1750
393.5,11,35.16,1500
393.5,12,35.8,-4000
393.5,13,40.94,1750
393.5,15,35.44,250
393.5,16,40.22,-2750
393.5,19,39.8,2500
393.5,20,35.4,-3000
393.5,23,41.75,-750
393.5,25,35.16,-2250
394.0,3,42.45,500
394.0,6,40.75,-750
394.0,7,39.49,1750
394.0,10,35.65,250
394.0,13,42.18,1750
394.0,15,35.44,-5500
394.0,16,39.03,-2750
394.0,19,40.82,2500
394.0,23,42.81,-750
394.0,25,35.19,750
394.0,28,35.61,-250
394.0,29,35.53,4500
394.0,30,35.37,-3250
394.5,2,35.22,-2500
394.5,3,39.49,750
394.5,6,41.53,-750
394.5,7,38.98,1750
394.5,10,35.27,-5750
394.5,13,41.46,1750
394.5,16,39.11,-3000
394.5,17,35.58,4250
394.5,19,40.7,2500
394.5,23,41.52,-750
394.5,27,35.55,5250
395.0,3,41.73,500
395.0,6,39.52,-750
395.0,7,40.48,1750
395.0,10,37.05,500
395.0,11,35.33,-1250
395.0,12,35.2,3750
395.0,13,40.31,1750
395.0,14,35.13,4000
395.0,16,38.44,-3000
395.0,18,35.15,250
395.0,19,40.97,2500
395.0,23,42.65,-750
395.0,24,35.16,-3500
395.5,2,35.44,0
395.5,3,42.81,500
395.5,6,39.75,-750
395.5,7,39.3,1750
395.5,13,41.34,1750
395.5,16,38.78,-2750
395.5,17,35.39,5250
395.5,19,39.32,2500
395.5,23,42.28,-750
395.5,24,35.11,3250
396.0,3,41.87,500
396.0,6,41.27,-750
396.0,7,40.0,1750
396.0,11,35.64,2000
396.0,13,42.02,1750
396.0,16,39.39,-3000
396.0,19,39.79,2500
396.0,21,35.23,1500
396.0,23,42.78,-750
396.0,27,35.54,-750
396.0,29,35.51,-1750
396.0,32,35.16,-250
396.5,3,43.03,500
396.5,6,40.25,-750
396.5,7,39.68,1750
396.5,8,35.98,2250
396.5,10,35.77,500
396.5,13,42.85,1750
396.5,16,38.83,-2750
396.5,19,40.24,2500
396.5,23,43.11,-750
396.5,30,35.31,4250
397.0,3,42.05,500
397.0,6,39.54,-750
397.0,7,39.13,1750
397.0,8,35.12,3750
397.0,9,35.02,-500
397.0,13,41.88,1750
397.0,16,39.56,-3000
397.0,19,40.8,2500
397.0,20,36.67,-3000
397.0,21,35.09,-2750
397.0,23,42.0,-750
397.0,24,35.05,-2250
397.0,25,35.5,1000
397.0,30,35.61,-3250
397.5,3,41.38,500
397.5,5,35.2,4000
397.5,6,41.39,-750
397.5,7,39.21,1750
397.5,9,35.42,-500
397.5,10,35.29,500
397.5,13,42.65,1750
397.5,16,39.57,-2750
397.5,19,42.04,2500
397.5,20,37.1,-3000
397.5,21,35.36,500
397.5,23,42.21,-750
398.0,3,42.91,500
398.0,6,40.87,-750
398.0,7,39.37,1750
398.0,10,35.68,500
398.0,13,40.86,1750
398.0,14,35.1,2500
398.0,16,38.64,-3000
398.0,17,35.5,1000
398.0,19,40.53,2500
398.0,23,41.6,-750
398.0,24,35.06,2500
398.0,30,35.89,-3250
398.5,3,42.06,500
398.5,6,39.98,-750
398.5,7,38.34,1750
398.5,8,35.41,-500
398.5,9,35.11,-5000
398.5,10,35.18,500
398.5,13,42.85,1750
398.5,14,35.02,0
398.5,16,39.5,-2750
398.5,17,35.24,-5250
398.5,19,40.9,2500
398.5,23,42.51,-750
398.5,26,35.28,-5750
398.5,31,35.33,5500
399.0,1,35.14,-4250
399.0,3,41.07,500
399.0,6,40.52,-750
399.0,7,38.79,1750
399.0,10,35.74,500
399.0,13,41.78,1750
399.0,16,39.86,-2750
399.0,19,40.65,2500
399.0,23,41.99,-750
399.0,29,35.02,4750
399.5,3,41.31,500
399.5,6,40.54,-750
399.5,7,38.84,1750
399.5,13,42.46,1750
399.5,14,35.02,1000
399.5,16,39.52,-2750
399.5,18,35.25,-5750
399.5,19,40.97,2500
399.5,21,35.32,4250
399.5,22,35.62,-750
399.5,23,42.18,-750
400.0,3,41.44,500
400.0,5,35.85,4750
400.0,6,39.38,-750
400.0,7,40.14,1750
400.0,13,42.31,1750
400.0,15,36.23,1750
400.0,16,39.11,-3000
400.0,17,35.08,1000
400.0,19,40.37,2500
400.0,20,35.4,-4750
400.0,22,35.15,-4000
400.0,23,42.69,-750
400.0,30,35.58,-2000
400.0,32,35.03,-3000
400.5,3,41.7,500
400.5,6,39.86,-750
400.5,7,39.99,1750
400.5,10,35.6,500
400.5,13,42.92,1750
400.5,16,39.2,-3000
400.5,18,35.23,-3750
400.5,19,40.88,2500
400.5,20,35.0,-750
400.5,23,41.69,-750
400.5,24,35.35,-3250
400.5,25,35.44,5750
400.5,27,35.72,-4500
401.0,3,43.62,500
401.0,6,39.87,-750
401.0,7,38.98,1750
401.0,10,36.32,500
401.0,13,41.73,1750
401.0,14,35.03,2000
401.0,16,38.36,-3000
401.0,19,41.02,2500
401.0,22,35.94,500
401.0,23,43.28,-750
401.0,27,35.28,-1250
401.0,30,35.52,-4500
401.0,31,35.08,-2250
401.5,3,43.21,500
401.5,6,40.2,-750
401.5,7,40.07,1750
401.5,9,35.38,1250
401.5,10,37.1,500
401.5,13,41.43,1750
401.5,16,39.4,-2750
401.5,19,41.09,2500
401.5,20,35.17,2250
401.5,23,42.78,-750
402.0,1,35.63,-5000
402.0,3,43.48,500
402.0,6,40.98,-750
402.0,7,40.15,1750
402.0,9,35.45,-1750
402.0,10,35.72,500
402.0,13,41.36,1750
402.0,16,37.17,-2750
402.0,19,41.07,2500
402.0,23,42.9,-750
402.5,1,35.05,-750
402.5,3,42.95,500
402.5,6,40.86,-750
402.5,7,39.9,1750
402.5,8,35.09,250
402.5,13,42.05,1750
402.5,16,39.33,-2750
402.5,17,35.2,3750
402.5,19,40.36,2500
402.5,20,35.74,-3000
402.5,23,42.97,-750
402.5,28,35.22,1750
403.0,1,36.06,-1000
403.0,3,43.01,500
403.0,6,40.97,-750
403.0,7,37.33,1750
403.0,10,37.75,500
403.0,13,40.77,1750
403.0,16,39.19,-2750
403.0,19,40.67,2500
403.0,20,35.6,-3000
403.0,23,42.96,-750
403.0,26,35.02,-5750
403.0,28,35.22,-2500
403.0,29,35.01,1500
403.0,30,35.97,-3250
403.5,2,35.33,750
403.5,3,43.22,500
403.5,6,39.57,-750
403.5,7,39.29,1750
403.5,8,35.22,2250
403.5,10,36.05,500
403.5,13,43.13,1750
403.5,16,39.31,-2750
403.5,19,40.0,2500
403.5,20,36.11,-3000
403.5,23,42.42,-750
403.5,28,35.22,-6000
403.5,32,35.65,-1750
404.0,3,42.49,500
404.0,6,40.51,-750
404.0,7,39.95,1750
404.0,13,42.55,1750
404.0,16,38.64,-3000
404.0,19,41.59,2500
404.0,20,35.96,-1500
404.0,23,42.1,-750
404.0,30,37.77,-3250
404.0,31,35.15,-5500
404.5,3,42.2,500
404.5,6,41.15,-750
404.5,7,40.21,1750
404.5,11,35.17,-1500
404.5,12,35.4,-500
404.5,13,41.78,1750
404.5,16,39.0,-3000
404.5,19,41.12,2500
404.5,20,35.14,-3000
404.5,23,42.81,-750
404.5,25,35.13,3250
405.0,1,35.25,1500
405.0,2,35.02,-1250
405.0,3,39.79,500
405.0,6,39.33,-750
405.0,7,39.28,1750
405.0,10,37.03,500
405.0,12,35.84,-4750
405.0,13,42.47,1750
405.0,16,39.02,-2750
405.0,19,41.61,2500
405.0,20,36.71,-3000
405.0,23,42.4,-750
405.5,2,35.89,250
405.5,3,40.96,500
405.5,6,40.34,-750
405.5,7,38.15,1750
405.5,13,41.99,1750
405.5,14,35.91,-3250
405.5,16,39.82,-3000
405.5,18,35.24,0
405.5,19,42.15,2500
405.5,23,42.78,-750
405.5,30,36.06,-3250
406.0,3,42.32,500
406.0,6,41.59,-750
406.0,7,39.2,1750
406.0,8,35.48,2250
406.0,10,35.21,500
406.0,12,35.83,-5250
406.0,13,41.43,1750
406.0,16,38.39,-3000
406.0,19,40.32,2500
406.0,20,37.77,-3000
406.0,23,42.69,-750
406.0,27,35.29,4500
406.0,28,35.17,1750
406.0,29,35.21,5000
406.0,31,35.69,4500
406.0,32,36.33,-3000
406.5,3,42.26,500
406.5,5,35.45,5250
406.5,6,41.79,-750
406.5,7,38.68,1750
406.5,9,35.65,3000
406.5,13,41.39,1750
406.5,16,38.51,-2750
406.5,19,40.88,2500
406.5,20,37.23,-3000
406.5,23,42.01,-750
406.5,24,35.12,2500
406.5,31,35.04,3250
407.0,3,42.06,500
407.0,6,40.16,-750
407.0,7,38.06,1750
407.0,8,35.26,-750
407.0,9,35.62,4750
407.0,13,42.4,1750
407.0,15,35.74,5500
407.0,16,38.0,-3000
407.0,18,35.41,2000
407.0,19,41.28,2500
407.0,20,35.74,-3000
407.0,23,41.71,-750
407.0,26,35.43,2500
407.0,28,35.22,4250
407.0,29,35.23,4250
407.5,2,35.03,-3750
407.5,3,42.95,500
407.5,5,35.29,-5750
407.5,6,41.2,-750
407.5,7,38.06,1750
407.5,8,35.21,2250
407.5,10,37.29,500
407.5,13,41.11,1750
407.5,14,35.64,1250
407.5,16,38.15,-2750
407.5,19,40.99,2500
407.5,20,35.63,-250
407.5,21,35.53,-1000
407.5,23,42.37,-750
407.5,24,35.4,-3750
407.5,29,35.44,1500
408.0,3,41.2,500
408.0,6,41.48,-750
408.0,7,38.96,1750
408.0,9,35.68,-1750
408.0,13,42.37,1750
408.0,16,39.69,-2750
408.0,17,35.52,0
408.0,19,41.59,2500
408.0,20,36.62,-3000
408.0,21,35.26,0
408.0,23,42.43,-750
408.0,26,35.29,-1500
408.0,29,35.49,-3000
408.0,30,36.33,-3250
408.0,32,35.2,5250
408.5,2,35.35,4250
408.5,3,41.61,500
408.5,6,40.78,-750
408.5,7,39.23,1750
408.5,13,42.49,1750
408.5,14,35.13,-2000
408.5,16,38.96,-3000
408.5,18,35.38,5250
408.5,19,40.53,2500
408.5,21,35.11,-4000
408.5,23,41.58,-750
408.5,30,35.07,4000
408.5,32,35.46,-2500
409.0,3,42.49,500
409.0,6,40.36,-750
409.0,7,40.92,1750
409.0,10,36.18,500
409.0,12,35.24,-250
409.0,13,42.0,1750
409.0,14,35.71,2500
409.0,16,38.28,-2750
409.0,19,41.32,2500
409.0,23,42.36,-750
409.0,24,35.77,-2750
409.0,30,35.29,-3250
409.0,31,36.09,1750
409.5,2,35.3,2000
409.5,3,39.91,500
409.5,4,35.14,-2000
409.5,6,40.79,-750
409.5,7,40.01,1750
409.5,8,35.0,-6000
409.5,9,35.06,-4750
409.5,10,35.89,500
409.5,13,42.08,1750
409.5,14,35.46,2000
409.5,16,38.34,-3000
409.5,19,40.83,2500
409.5,23,41.74,-750
409.5,30,35.86,-3250
409.5,32,35.21,0
410.0,2,35.66,1500
410.0,3,40.49,500
410.0,6,39.8,-750
410.0,7,39.24,1750
410.0,8,35.42,5750
410.0,10,36.89,500
410.0,13,42.2,1750
410.0,15,35.27,4000
410.0,16,39.35,-3000
410.0,19,41.14,2500
410.0,20,35.13,-3000
410.0,22,35.6,-4250
410.0,23,41.74,-750
410.0,26,35.85,-2000
410.0,30,35.48,-3250
410.5,3,42.09,500
410.5,6,41.21,-750
410.5,7,39.59,1750
410.5,8,36.04,2250
410.5,11,35.69,0
410.5,13,42.48,1750
410.5,16,38.65,-2750
410.5,19,40.63,2500
410.5,20,36.09,-3000
410.5,22,35.32,-3500
410.5,23,42.6,-750
410.5,30,36.13,-3250
411.0,3,39.51,500
411.0,6,40.74,-750
411.0,7,39.72,1750
411.0,10,36.2,500
411.0,11,35.82,2000
411.0,13,41.93,1750
411.0,16,38.24,-3000
411.0,19,41.87,2500
411.0,20,35.02,-3000
411.0,23,42.43,-750
411.5,3,41.31,500
411.5,5,35.21,-5250
411.5,6,41.29,-750
411.5,7,39.56,1750
411.5,8,35.03,5250
411.5,9,35.12,2750
411.5,10,37.9,500
411.5,13,41.96,1750
411.5,14,35.85,4750
411.5,16,37.54,-2750
411.5,19,42.18,2500
411.5,21,35.49,-3750
411.5,23,42.65,-750
411.5,29,35.07,-5500
411.5,30,35.74,-1750
412.0,1,35.29,2250
412.0,3,41.62,500
412.0,6,41.07,-750
412.0,7,40.42,1750
412.0,10,37.28,500
412.0,11,35.04,3500
412.0,13,42.15,1750
412.0,16,38.87,-2750
412.0,19,42.11,2500
412.0,20,35.38,-3000
412.0,23,42.03,-750
412.0,26,35.26,-500
412.0,30,35.29,500
412.0,32,35.06,-5000
412.5,3,42.14,500
412.5,5,35.51,-1750
412.5,6,39.56,-750
412.5,7,39.37,1750
412.5,8,35.06,2250
412.5,13,42.12,1750
412.5,16,39.24,-3000
412.5,19,40.27,2500
412.5,20,37.02,-3000
412.5,23,42.77,-750
413.0,3,41.38,500
413.0,6,40.03,-750
413.0,7,38.75,1750
413.0,11,36.24,2000
413.0,13,42.42,1750
413.0,14,35.12,-1750
413.0,16,38.54,-3000
413.0,17,35.21,2000
413.0,19,41.84,2500
413.0,20,36.68,-3000
413.0,23,41.96,-750
413.0,30,35.55,-3250
413.0,32,35.03,-750
413.5,3,42.67,500
413.5,5,35.27,5500
413.5,6,40.22,-750
413.5,7,39.51,1750
413.5,8,37.48,2250
413.5,13,42.07,1750
413.5,16,39.09,-3000
413.5,17,35.36,4250
413.5,19,42.2,2500
413.5,20,35.56,-3750
413.5,23,42.44,-750
413.5,30,35.5,-3250
414.0,3,42.3,500
414.0,6,40.23,-750
414.0,7,40.03,1750
414.0,10,35.02,500
414.0,13,42.05,1750
414.0,16,37.72,-3000
414.0,19,41.11,2500
414.0,20,35.51,-3000
414.0,21,35.13,5250
414.0,23,42.94,-750
414.0,29,35.66,5750
414.0,30,36.27,-3250
414.0,32,35.01,4750
414.5,2,35.38,-3500
414.5,3,43.05,500
414.5,6,39.84,-750
414.5,7,39.12,1750
414.5,13,41.8,1750
414.5,16,38.76,-3000
414.5,19,41.39,2500
414.5,20,35.65,-3000
414.5,23,42.28,-750
414.5,28,35.26,2250
414.5,30,35.9,-3250
414.5,32,35.19,4750
415.0,1,35.5,-4000
415.0,3,40.47,500
415.0,6,40.02,-750
415.0,7,38.19,1750
415.0,8,35.77,1500
415.0,10,35.18,250
415.0,13,42.6,1750
415.0,16,38.72,-3000
415.0,19,40.39,2500
415.0,20,35.57,-3000
415.0,23,42.72,-750
415.0,25,35.07,-2750
415.0,31,35.32,-750
415.5,3,42.59,500
415.5,4,35.03,3000
415.5,6,41.16,-750
415.5,7,38.69,1750
415.5,13,40.62,1750
415.5,15,35.34,2750
415.5,16,39.5,-3000
415.5,19,41.15,2500
415.5,20,36.72,-3000
415.5,21,35.0,-1000
415.5,22,35.0,0
415.5,23,41.64,-750
415.5,29,35.96,-4250
415.5,30,36.18,-3250
416.0,2,35.35,750
416.0,3,43.53,500
416.0,6,40.04,-750
416.0,7,39.94,1750
416.0,10,35.44,250
416.0,13,41.2,1750
416.0,16,37.1,-2750
416.0,19,41.32,2500
416.0,20,37.05,-3000
416.0,23,42.84,-750
416.0,30,35.94,-3250
416.0,31,35.01,5750
416.5,3,42.34,500
416.5,6,39.97,-750
416.5,7,39.23,1750
416.5,10,35.2,500
416.5,11,35.19,-1000
416.5,13,42.41,1750
416.5,16,39.51,-3000
416.5,19,41.47,2500
416.5,20,37.54,-3000
416.5,22,35.05,-4000
416.5,23,42.12,-750
416.5,26,35.18,1000
416.5,30,36.92,-3250
417.0,3,40.9,500
417.0,6,40.93,-750
417.0,7,39.18,1750
417.0,8,35.24,-4750
417.0,11,35.39,-5250
417.0,13,41.96,1750
417.0,16,38.22,-3000
417.0,19,41.31,2500
417.0,20,35.76,-2250
417.0,22,35.15,5250
417.0,23,42.33,-750
417.0,27,35.57,3000
417.5,1,35.1,-2500
417.5,2,35.29,-2250
417.5,3,40.36,500
417.5,6,39.67,-750
417.5,7,37.86,2000
417.5,10,35.52,500
417.5,13,42.72,1750
417.5,14,35.08,5750
417.5,16,39.61,-3000
417.5,19,40.88,2500
417.5,20,37.16,-3000
417.5,21,35.69,-4500
417.5,23,42.89,-750
417.5,28,35.08,1000
417.5,29,35.54,4250
418.0,3,41.88,500
418.0,5,35.36,-4250
418.0,6,39.51,-750
418.0,7,38.97,1750
418.0,8,35.48,2250
418.0,9,35.36,4000
418.0,13,40.96,1750
418.0,16,38.63,-2750
418.0,19,39.85,2500
418.0,20,35.31,-750
418.0,23,42.42,-750
418.0,24,35.13,-750
418.0,30,37.2,-3250
418.0,31,35.03,-5000
418.5,3,43.26,500
418.5,6,39.69,-750
418.5,7,39.55,1750
418.5,8,35.14,2250
418.5,10,36.05,500
418.5,11,35.07,1500
418.5,13,42.12,1750
418.5,16,38.35,-3000
418.5,18,35.63,5000
418.5,19,41.69,2500
418.5,20,35.36,-2500
418.5,23,42.84,-750
418.5,27,35.31,3750
418.5,30,36.02,750
419.0,3,41.56,500
419.0,5,35.16,1750
419.0,6,40.3,-750
419.0,7,40.06,1750
419.0,10,35.67,500
419.0,12,35.16,-6000
419.0,13,41.54,1750
419.0,16,39.07,-3000
419.0,17,35.08,-750
419.0,18,35.37,-5000
419.0,19,41.24,2500
419.0,20,36.11,2750
419.0,23,42.96,-750
419.0,29,35.1,0
419.5,3,42.29,500
419.5,6,41.15,-750
419.5,7,38.34,1750
419.5,10,35.8,500
419.5,13,41.91,1750
419.5,14,36.11,3250
419.5,16,38.74,-3000
419.5,17,35.07,5250
419.5,19,41.14,2500
419.5,20,35.86,-3000
419.5,23,42.27,-750
419.5,30,35.64,-3250
419.5,31,35.3,3250
420.0,3,41.14,500
420.0,6,40.48,-750
420.0,7,39.2,1750
420.0,8,35.75,2250
420.0,10,35.86,500
420.0,13,42.39,1750
420.0,16,37.39,-3000
420.0,19,41.18,2500
420.0,20,36.82,-3000
420.0,23,42.21,-750
420.0,27,35.3,2500
420.5,3,42.99,500
420.5,5,35.02,-1500
420.5,6,40.28,-750
420.5,7,40.97,1750
420.5,8,35.49,2250
420.5,10,36.5,500
420.5,12,35.34,1500
420.5,13,41.11,1750
420.5,16,39.07,-3000
420.5,19,40.47,2500
420.5,20,35.62,-3000
420.5,21,36.14,-5500
420.5,23,42.99,-750
420.5,28,35.78,-2750
420.5,32,36.31,-3000
421.0,3,41.02,500
421.0,6,39.74,-750
421.0,7,37.58,2000
421.0,10,37.31,500
421.0,12,35.62,-1000
421.0,13,42.04,1750
421.0,16,39.83,-3000
421.0,19,41.04,2500
421.0,20,35.63,-3000
421.0,21,35.11,-4250
421.0,23,44.15,-750
421.0,25,35.22,-750
421.0,30,35.12,-3250
421.5,1,35.43,2500
421.5,3,43.5,500
421.5,4,35.26,3250
421.5,6,40.29,-750
421.5,7,39.12,1750
421.5,13,41.45,1750
421.5,16,39.12,-2750
421.5,19,41.0,2500
421.5,20,35.93,-3000
421.5,22,35.91,2750
421.5,23,42.68,-750
421.5,30,35.16,-3250
421.5,31,35.07,2250
421.5,32,36.67,-3000
422.0,2,35.15,5250
422.0,3,40.73,500
422.0,4,35.62,1250
422.0,5,35.03,-3750
422.0,6,39.76,-750
422.0,7,40.28,1750
422.0,10,36.39,500
422.0,11,35.09,-750
422.0,13,40.51,1750
422.0,14,36.38,4500
422.0,16,38.64,-3000
422.0,19,42.38,2500
422.0,20,35.44,-3000
422.0,23,43.22,-750
422.0,24,35.29,2250
422.0,25,35.4,-1500
422.0,30,35.62,-3250
422.5,2,35.07,1000
422.5,3,43.12,500
422.5,6,40.69,-750
422.5,7,37.85,1750
422.5,10,35.24,500
422.5,13,42.29,1750
422.5,15,35.09,1750
422.5,16,38.35,-3000
422.5,19,40.75,2500
422.5,20,35.2,-1750
422.5,23,42.4,-750
422.5,31,35.36,-1500
423.0,3,41.76,500
423.0,5,35.36,-4250
423.0,6,40.93,-750
423.0,7,39.48,1750
423.0,9,35.28,-1500
423.0,10,38.22,500
423.0,11,35.46,-1500
423.0,12,35.16,1500
423.0,13,43.0,1750
423.0,15,35.86,-3750
423.0,16,38.93,-3000
423.0,19,41.12,2500
423.0,20,35.32,-3000
423.0,23,42.68,-750
423.0,24,35.04,4250
423.0,26,35.36,2750
423.0,30,35.12,2500
423.5,2,36.42,1750
423.5,3,41.42,500
423.5,6,41.52,-750
423.5,7,39.33,1750
423.5,8,35.01,1500
423.5,10,37.65,500
423.5,12,35.31,-2250
423.5,13,41.97,1750
423.5,16,39.75,-2750
423.5,19,40.47,2500
423.5,20,37.12,-3000
423.5,23,42.79,-750
423.5,30,36.02,-3250
423.5,32,36.97,-3000
424.0,3,43.14,500
424.0,6,40.89,-750
424.0,7,39.79,1750
424.0,9,35.62,-3000
424.0,10,35.36,250
424.0,12,35.01,2000
424.0,13,41.21,1750
424.0,16,39.57,-2750
424.0,19,40.61,2500
424.0,20,35.66,-3000
424.0,23,42.61,-750
424.0,29,35.54,500
424.0,30,35.31,-250
424.0,31,35.4,4500
424.5,3,41.77,500
424.5,6,41.0,-750
424.5,7,39.03,1750
424.5,9,35.01,-750
424.5,10,35.2,500
424.5,12,35.1,1750
424.5,13,42.62,1750
424.5,16,39.9,-3000
424.5,19,40.81,2500
424.5,20,36.64,-3000
424.5,23,42.76,-750
424.5,26,35.5,2500
424.5,27,35.29,1250
424.5,30,35.05,2000
424.5,32,35.76,-3000
425.0,1,35.3,4500
425.0,3,40.35,500
425.0,4,35.43,-4250
425.0,6,39.52,-750
425.0,7,39.24,1750
425.0,8,35.93,1500
425.0,10,36.6,500
425.0,13,42.35,1750
425.0,16,38.04,-3000
425.0,19,41.28,2500
425.0,20,35.88,-3000
425.0,21,35.09,3000
425.0,22,35.2,5500
425.0,23,42.29,-750
425.0,24,35.55,-500
425.0,25,35.05,-3000
425.0,26,35.11,3250
425.0,30,35.48,-3250
425.5,3,42.56,500
425.5,6,40.34,-750
425.5,7,39.3,1750
425.5,8,35.41,750
425.5,10,35.8,500
425.5,12,35.25,-3750
425.5,13,40.81,1500
425.5,16,38.77,-3000
425.5,19,41.6,2500
425.5,20,37.07,-3000
425.5,23,42.92,-750
425.5,24,35.71,2500
425.5,31,35.32,-1250
426.0,3,42.82,500
426.0,5,35.06,1500
426.0,6,39.98,-750
426.0,7,39.42,1750
426.0,10,35.23,500
426.0,12,35.63,-5750
426.0,13,41.18,1750
426.0,16,39.68,-3000
426.0,17,35.01,1500
426.0,18,35.14,-1750
426.0,19,41.35,2500
426.0,23,43.63,-750
426.0,32,36.95,-3000
426.5,3,43.15,500
426.5,6,40.5,-750
426.5,7,39.39,1750
426.5,10,35.22,500
426.5,13,41.65,1750
426.5,15,35.03,-5500
426.5,16,40.31,-3000
426.5,19,39.69,2500
426.5,23,43.11,-750
426.5,24,35.24,-1000
427.0,3,39.93,500
427.0,6,39.12,-750
427.0,7,38.54,1750
427.0,8,35.25,2250
427.0,11,35.02,-3500
427.0,13,40.73,1750
427.0,16,39.28,-3000
427.0,17,35.49,-1250
427.0,19,41.02,2500
427.0,23,42.89,-750
427.0,25,35.26,4750
427.0,26,35.31,-6000
427.5,3,40.33,250
427.5,4,35.41,-2750
427.5,6,40.7,-750
427.5,7,38.09,1750
427.5,8,35.18,2250
427.5,10,35.95,500
427.5,13,41.46,1750
427.5,16,39.62,-3000
427.5,17,35.53,2000
427.5,19,41.21,2500
427.5,20,35.41,-500
427.5,21,35.6,1250
427.5,23,42.9,-750
427.5,30,35.58,-5250
428.0,1,35.13,-1250
428.0,3,42.66,500
428.0,6,39.28,-750
428.0,7,39.01,1750
428.0,12,35.17,500
428.0,13,41.85,1750
428.0,16,38.05,-2750
428.0,19,41.39,2500
428.0,20,36.03,-3000
428.0,22,35.01,1250
428.0,23,42.43,-750
428.0,26,35.18,2500
428.0,27,35.28,-1750
428.5,2,35.11,2250
428.5,3,40.86,500
428.5,6,41.1,-750
428.5,7,37.98,1750
428.5,12,35.85,-1500
428.5,13,42.4,1750
428.5,16,40.99,-3000
428.5,19,41.09,2500
428.5,20,36.75,-3000
428.5,23,42.33,-750
428.5,25,35.2,0
428.5,32,35.01,4750
429.0,2,35.36,-250
429.0,3,41.29,500
429.0,6,40.82,-750
429.0,7,38.34,1750
429.0,13,41.58,1750
429.0,14,35.64,4000
429.0,16,38.98,-3000
429.0,17,35.11,3500
429.0,18,35.41,-500
429.0,19,41.02,2500
429.0,20,38.22,-3000
429.0,21,35.21,-2750
429.0,23,42.64,-750
429.0,25,35.95,-3000
429.5,1,35.71,-1500
429.5,3,39.99,500
429.5,6,39.97,-750
429.5,7,36.88,2000
429.5,8,35.47,2250
429.5,9,35.18,-1500
429.5,13,41.87,1750
429.5,15,35.28,-2250
429.5,16,39.72,-3000
429.5,19,42.29,2500
429.5,21,35.21,-3750
429.5,23,42.36,-750
429.5,28,35.48,-500
429.5,32,35.45,-3000
430.0,3,41.46,500
430.0,6,40.02,-750
430.0,7,38.53,1750
430.0,8,36.34,2250
430.0,10,37.32,500
430.0,13,42.22,1750
430.0,14,35.28,0
430.0,15,35.1,-1750
430.0,16,40.24,-3000
430.0,19,40.63,2500
430.0,21,35.04,1000
430.0,23,43.05,-750
430.0,30,35.96,-3250
430.5,1,35.73,500
430.5,3,42.39,500
430.5,5,35.57,-3000
430.5,6,39.95,-750
430.5,7,39.41,1750
430.5,10,36.39,500
430.5,13,41.01,1750
430.5,15,35.05,1750
430.5,16,39.96,-3000
430.5,19,40.2,2500
430.5,23,43.09,-750
430.5,29,35.92,2750
431.0,3,42.57,500
431.0,6,40.35,-750
431.0,7,38.74,1750
431.0,10,36.22,500
431.0,13,41.98,1750
431.0,15,35.37,500
431.0,16,38.6,-3000
431.0,19,40.44,2500
431.0,23,43.11,-750
431.0,26,35.29,2750
431.0,28,35.23,-1000
431.0,30,35.21,5250
431.0,31,35.02,-5750
431.5,2,35.37,-4500
431.5,3,41.65,500
431.5,6,40.68,-750
431.5,7,39.35,1750
431.5,10,37.63,500
431.5,13,42.04,1750
431.5,16,40.72,-3000
431.5,19,40.15,2500
431.5,20,37.04,-3000
431.5,23,42.89,-750
431.5,28,35.24,-250
432.0,3,40.05,500
432.0,4,35.25,5250
432.0,6,40.19,-750
432.0,7,39.63,1750
432.0,8,35.05,2250
432.0,12,35.17,-4000
432.0,13,41.79,1500
432.0,16,40.06,-3000
432.0,19,40.7,2500
432.0,20,35.18,-3000
432.0,23,43.73,-750
432.0,24,35.21,4750
432.0,30,35.18,-3250
432.5,3,42.97,500
432.5,6,40.35,-750
432.5,7,40.22,1750
432.5,13,41.43,1750
432.5,16,39.95,-3000
432.5,19,40.24,2500
432.5,20,37.18,-3000
432.5,23,43.76,-750
432.5,25,35.59,-750
432.5,26,35.97,5750
433.0,1,35.6,-2750
433.0,2,35.23,3250
433.0,3,43.23,500
433.0,6,40.15,-750
433.0,7,39.22,1750
433.0,8,35.21,500
433.0,10,37.05,500
433.0,11,35.7,-4750
433.0,13,41.14,1750
433.0,16,39.2,-3000
433.0,19,40.61,2500
433.0,22,35.49,750
433.0,23,43.12,-750
433.0,24,35.22,-4750
433.0,25,35.42,-3500
433.0,26,35.58,3500
433.5,3,42.73,500
433.5,6,40.03,-750
433.5,7,39.88,1750
433.5,8,35.09,-4500
433.5,10,35.27,1500
433.5,13,42.61,1750
433.5,14,35.37,-4750
433.5,16,38.52,-3000
433.5,18,35.33,250
433.5,19,41.57,2500
433.5,23,42.47,-750
433.5,32,35.4,-3000
434.0,3,42.28,500
434.0,6,40.21,-750
434.0,7,40.5,1750
434.0,8,35.49,-1750
434.0,10,35.5,500
434.0,12,35.32,5250
434.0,13,42.09,1750
434.0,16,38.27,-2750
434.0,19,40.12,2500
434.0,20,35.58,-1750
434.0,22,35.74,-5500
434.0,23,43.21,-750
434.0,28,35.79,-1750
434.0,32,35.51,-3000
434.5,3,40.11,500
434.5,4,35.27,-2250
434.5,6,41.26,-750
434.5,7,39.42,1750
434.5,10,35.29,-2750
434.5,13,42.65,1750
434.5,16,39.34,-3000
434.5,17,35.01,4000
434.5,19,41.55,2500
434.5,20,36.17,-6000
434.5,23,42.21,-750
434.5,26,35.11,-750
434.5,30,35.71,-3250
434.5,32,35.39,-3000
435.0,3,39.47,250
435.0,6,40.97,-750
435.0,7,38.37,2000
435.0,11,35.12,-3000
435.0,13,41.45,1750
435.0,16,38.86,-3000
435.0,19,41.3,2500
435.0,20,36.06,5000
435.0,22,35.01,4750
435.0,23,42.93,-750
435.5,1,35.58,-500
435.5,3,41.43,250
435.5,6,40.02,-750
435.5,7,40.07,1750
435.5,8,35.94,4750
435.5,10,35.56,500
435.5,11,35.45,-250
435.5,13,41.31,1750
435.5,16,39.15,-3000
435.5,19,41.52,2500
435.5,20,35.95,5500
435.5,22,35.37,1500
435.5,23,43.12,-750
435.5,25,35.52,250
435.5,29,35.23,2500
435.5,30,35.24,-6000
435.5,32,36.61,-3000
436.0,3,43.13,500
436.0,6,40.06,-750
436.0,7,40.75,1750
436.0,8,35.34,-500
436.0,10,36.31,500
436.0,11,35.17,2000
436.0,13,41.76,1750
436.0,14,35.57,-250
436.0,16,38.93,-3000
436.0,19,41.91,2500
436.0,23,43.11,-750
436.0,30,35.54,-3250
436.0,31,35.02,5500
436.0,32,35.1,500
436.5,3,43.29,500
436.5,6,41.23,-750
436.5,7,39.42,1750
436.5,8,35.16,2250
436.5,9,36.67,-750
436.5,12,35.03,250
436.5,13,41.9,1750
436.5,16,40.88,-3000
436.5,19,40.18,2500
436.5,23,43.04,-750
436.5,25,36.13,1750
436.5,26,35.13,5500
436.5,30,35.25,-1250
437.0,3,41.46,500
437.0,6,40.73,-750
437.0,7,38.55,1750
437.0,10,35.96,500
437.0,13,42.02,1750
437.0,16,39.8,-3000
437.0,18,35.3,-4500
437.0,19,41.22,2500
437.0,20,35.2,-2750
437.0,23,43.13,-750
437.0,24,35.72,-3750
437.0,30,35.9,-3250
437.0,32,35.27,-3000
437.5,3,43.82,500
437.5,4,36.1,-5750
437.5,6,40.87,-750
437.5,7,39.12,1750
437.5,10,35.12,500
437.5,12,35.16,250
437.5,13,40.99,1750
437.5,14,35.17,2500
437.5,16,40.67,-3000
437.5,19,41.54,2500
437.5,20,36.36,-3000
437.5,21,35.88,250
437.5,23,43.27,-750
437.5,29,35.23,-4500
437.5,32,35.38,-500
438.0,1,35.75,1500
438.0,2,35.57,-3000
438.0,3,42.73,500
438.0,6,39.9,-750
438.0,7,40.27,1750
438.0,10,35.67,500
438.0,13,42.35,1750
438.0,14,35.13,3000
438.0,16,40.05,-2750
438.0,19,40.7,2500
438.0,20,35.43,-3000
438.0,23,42.75,-750
438.0,27,36.01,-4000
438.0,31,35.26,1000
438.5,3,39.82,750
438.5,4,35.3,-1250
438.5,6,39.39,-750
438.5,7,39.61,1750
438.5,8,36.41,4750
438.5,10,35.17,500
438.5,13,41.29,1750
438.5,16,40.73,-3000
438.5,17,35.34,4500
438.5,19,40.79,2500
438.5,20,35.32,-3000
438.5,23,43.14,-750
438.5,32,35.67,-3000
439.0,3,41.2,500
439.0,6,40.35,-750
439.0,7,39.68,1750
439.0,10,35.58,500
439.0,13,42.12,1750
439.0,16,40.1,-2750
439.0,19,42.21,2500
439.0,20,36.76,-3000
439.0,23,42.2,-750
439.0,30,35.82,-3250
439.5,3,42.84,500
439.5,4,35.11,-1250
439.5,5,35.08,3000
439.5,6,41.91,-750
439.5,7,39.87,1750
439.5,10,35.3,500
439.5,13,42.47,1750
439.5,16,38.54,-2750
439.5,19,40.85,2500
439.5,20,36.23,-3000
439.5,23,42.46,-750
439.5,27,35.06,-4750
439.5,31,35.96,3750
439.5,32,35.86,-3000
440.0,3,42.93,500
440.0,6,41.25,-750
440.0,7,39.26,1750
440.0,10,37.05,500
440.0,13,42.16,1750
440.0,16,38.19,-2750
440.0,19,40.14,2500
440.0,20,36.8,-3000
440.0,23,43.14,-750
440.0,25,35.02,-1500
440.0,27,35.13,-1750
440.5,3,43.1,500
440.5,4,35.4,1000
440.5,6,41.09,-750
440.5,7,40.5,1750
440.5,10,35.6,500
440.5,11,35.01,-2750
440.5,12,35.21,-750
440.5,13,41.89,1750
440.5,16,39.48,-3000
440.5,17,35.01,-6000
440.5,19,41.32,2500
440.5,21,35.0,250
440.5,23,42.56,-750
440.5,29,35.18,4500
441.0,2,35.19,-4500
441.0,3,40.43,500
441.0,6,41.16,-750
441.0,7,40.79,1750
441.0,10,35.84,3000
441.0,13,41.26,1750
441.0,16,38.91,-3000
441.0,19,42.07,2500
441.0,23,43.01,-750
441.0,26,35.6,2500
441.5,2,35.05,5750
441.5,3,41.61,500
441.5,6,40.03,-750
441.5,7,39.37,1750
441.5,10,35.67,500
441.5,13,41.93,1750
441.5,16,39.96,-3000
441.5,17,35.17,250
441.5,19,41.27,2500
441.5,23,42.57,-750
441.5,31,35.07,-750
442.0,1,35.08,2750
442.0,3,39.94,500
442.0,5,35.39,4750
442.0,6,40.4,-750
442.0,7,37.26,2000
442.0,13,41.68,1750
442.0,16,38.99,-3000
442.0,18,36.55,3250
442.0,19,41.58,2500
442.0,20,35.68,-3000
442.0,23,43.49,-750
442.0,32,36.09,-3000
442.5,2,35.01,1500
442.5,3,44.09,500
442.5,6,40.18,-750
442.5,7,38.22,1750
442.5,10,35.54,2500
442.5,13,42.55,1750
442.5,14,35.11,3000
442.5,16,40.93,-3000
442.5,17,36.1,1500
442.5,19,41.91,2500
442.5,23,42.79,-750
442.5,29,35.86,-3750
443.0,3,40.59,750
443.0,6,40.15,-750
443.0,7,37.93,2000
443.0,8,35.14,-5250
443.0,13,41.29,1750
443.0,15,35.87,-750
443.0,16,38.4,-3000
443.0,19,40.25,2500
443.0,23,43.14,-750
443.0,30,35.3,-4750
443.5,3,43.23,500
443.5,6,40.05,-750
443.5,7,39.22,1750
443.5,10,36.0,500
443.5,12,35.22,5750
443.5,13,40.26,1750
443.5,16,40.04,-3000
443.5,19,40.83,2500
443.5,20,36.68,-3000
443.5,22,35.2,-3750
443.5,23,43.2,-750
443.5,32,35.44,-3750
444.0,1,35.27,2250
444.0,3,42.48,500
444.0,5,35.43,-4750
444.0,6,39.38,-750
444.0,7,40.16,1750
444.0,13,42.14,1750
444.0,14,35.25,5500
444.0,16,39.87,-3000
444.0,17,35.03,-1000
444.0,19,39.25,2500
444.0,22,35.01,500
444.0,23,43.8,-750
444.0,27,35.36,-2250
444.0,32,35.75,-3000
444.5,3,43.45,500
444.5,5,36.07,-750
444.5,6,40.82,-750
444.5,7,39.8,1750
444.5,10,36.07,500
444.5,13,40.43,1750
444.5,16,39.15,-3000
444.5,19,41.36,2500
444.5,21,35.07,4250
444.5,23,43.75,-750
444.5,24,35.36,-5500
444.5,27,35.13,-500
444.5,32,36.04,-1500
445.0,3,40.88,500
445.0,6,40.27,-750
445.0,7,38.62,1750
445.0,10,37.22,500
445.0,13,41.11,1500
445.0,16,40.05,-3000
445.0,19,40.6,2500
445.0,20,35.92,-3000
445.0,23,43.47,-750
445.0,24,35.38,-2500
445.0,30,35.61,-3250
445.0,31,35.11,4250
445.0,32,36.87,-3000
445.5,3,43.26,500
445.5,6,39.28,-750
445.5,7,39.75,1750
445.5,12,35.26,-2500
445.5,13,42.06,1750
445.5,15,36.13,2500
445.5,16,39.85,-3000
445.5,19,41.7,2500
445.5,20,37.07,-3000
445.5,23,42.78,-750
445.5,26,35.31,-3250
445.5,27,35.05,-6000
445.5,30,35.71,-750
446.0,2,35.1,1500
446.0,3,42.36,500
446.0,6,40.36,-750
446.0,7,39.35,1750
446.0,8,35.21,250
446.0,9,35.52,-6000
446.0,13,41.26,1750
446.0,16,40.05,-3000
446.0,17,35.19,250
446.0,19,40.52,2500
446.0,20,35.92,-3000
446.0,23,43.49,-750
446.0,29,35.22,1750
446.5,3,43.01,500
446.5,5,35.51,-4750
446.5,6,39.97,-750
446.5,7,37.85,1750
446.5,10,36.55,500
446.5,11,35.82,1250
446.5,13,41.04,1750
446.5,15,35.11,-5250
446.5,16,40.18,-3000
446.5,19,41.39,2500
446.5,23,43.3,-750
446.5,30,36.02,-3250
447.0,3,40.63,250
447.0,5,35.33,-3250
447.0,6,40.75,-750
447.0,7,40.72,1750
447.0,10,35.6,500
447.0,13,41.35,1750
447.0,14,35.39,250
447.0,16,40.18,-3000
447.0,17,35.0,1500
447.0,18,35.11,-2750
447.0,19,40.31,2500
447.0,20,35.09,-3000
447.0,23,42.25,-750
447.0,26,35.25,-4000
447.0,30,36.81,-3250
447.0,31,36.01,-3250
447.5,1,35.2,3500
447.5,3,39.94,250
447.5,6,39.24,-750
447.5,7,38.62,1750
447.5,13,41.86,1750
447.5,14,35.53,-3750
447.5,15,35.0,1500
447.5,16,40.18,-3000
447.5,19,41.25,2500
447.5,20,35.98,-3000
447.5,23,43.85,-750
447.5,26,35.39,-250
447.5,30,35.4,-3250
448.0,3,40.66,250
448.0,6,40.8,-750
448.0,7,38.7,1750
448.0,10,36.92,500
448.0,11,35.37,1500
448.0,12,35.53,-1000
448.0,13,40.56,1750
448.0,16,40.46,-3000
448.0,17,35.48,250
448.0,19,42.17,2500
448.0,20,35.05,0
448.0,23,43.53,-750
448.0,29,35.09,-750
448.0,32,36.11,-3000
448.5,3,43.09,500
448.5,5,35.13,-4500
448.5,6,40.23,-750
448.5,7,39.52,1750
448.5,12,35.32,500
448.5,13,41.65,1750
448.5,16,41.34,-3000
448.5,18,35.28,-5250
448.5,19,40.25,2500
448.5,20,35.38,-3000
448.5,23,43.55,-750
449.0,1,35.54,-4000
449.0,3,40.21,750
449.0,5,35.39,5250
449.0,6,40.54,-750
449.0,7,39.56,1750
449.0,10,35.65,500
449.0,12,35.09,5000
449.0,13,40.69,1750
449.0,16,39.39,-2750
449.0,17,35.2,-500
449.0,19,41.46,2500
449.0,20,36.01,-3000
449.0,21,35.92,3000
449.0,23,43.29,-750
449.0,26,35.29,-1500
449.5,2,36.07,3750
449.5,3,39.87,500
449.5,6,40.17,-750
449.5,7,39.09,1750
449.5,10,35.3,500
449.5,11,35.02,4750
449.5,13,40.78,1750
449.5,16,39.15,-2750
449.5,17,35.26,1750
449.5,19,41.78,2500
449.5,20,37.94,-3000
449.5,23,43.62,-750
449.5,25,35.7,4750
450.0,3,38.97,250
450.0,5,35.23,2250
450.0,6,40.61,-750
450.0,7,39.03,1750
450.0,10,36.95,500
450.0,12,35.25,5500
450.0,13,41.25,1750
450.0,16,39.85,-3000
450.0,17,35.26,-3750
450.0,19,41.47,2500
450.0,20,36.34,-3000
450.0,23,43.67,-750
450.0,26,35.09,0
450.5,1,35.07,500
450.5,3,43.2,500
450.5,6,40.91,-750
450.5,7,40.8,1750
450.5,10,36.1,500
450.5,13,41.42,1750
450.5,16,41.09,-2750
450.5,19,40.97,2500
450.5,20,35.88,-3000
450.5,23,43.62,-750
450.5,26,35.0,-4500
450.5,27,35.26,-1000
450.5,28,35.49,-2750
450.5,29,35.1,-2750
450.5,31,35.92,-2500
450.5,32,35.24,3500
451.0,3,39.89,500
451.0,6,40.31,-750
451.0,7,40.31,1750
451.0,10,36.64,500
451.0,11,36.11,2500
451.0,13,41.18,1750
451.0,16,39.37,-3000
451.0,19,41.89,2500
451.0,20,36.53,-3000
451.0,23,43.11,-750
451.0,26,35.0,3500
451.5,3,43.51,500
451.5,6,40.33,-750
451.5,7,39.08,1750
451.5,10,36.41,500
451.5,11,35.02,-3000
451.5,13,41.05,1750
451.5,16,39.26,-2750
451.5,19,42.58,2500
451.5,20,36.4,-3000
451.5,23,42.92,-750
452.0,2,35.06,3000
452.0,3,38.83,250
452.0,6,40.49,-750
452.0,7,40.0,1750
452.0,13,42.12,1750
452.0,15,35.14,-2000
452.0,16,39.24,-2750
452.0,19,40.84,2500
452.0,23,43.25,-750
452.0,27,35.01,0
452.5,3,42.7,500
452.5,6,40.17,-750
452.5,7,40.2,1750
452.5,9,35.33,500
452.5,13,41.5,1750
452.5,16,39.56,-3000
452.5,19,41.22,2500
452.5,20,36.82,-3000
452.5,23,42.9,-750
452.5,29,35.51,-3250
453.0,3,39.48,250
453.0,4,35.85,0
453.0,6,38.5,-750
453.0,7,38.71,1750
453.0,8,35.11,-5750
453.0,9,35.2,-3750
453.0,10,36.39,250
453.0,13,41.24,1500
453.0,16,38.8,-2750
453.0,19,41.0,2500
453.0,20,35.15,-3000
453.0,23,42.98,-750
453.0,26,35.09,-750
453.0,27,36.2,-2000
453.0,30,36.86,-3250
453.5,3,39.05,500
453.5,6,40.41,-750
453.5,7,38.73,1750
453.5,10,35.63,250
453.5,13,40.69,1750
453.5,16,39.63,-3000
453.5,19,42.01,2500
453.5,20,37.54,-3000
453.5,21,35.33,1000
453.5,23,42.99,-750
453.5,28,35.09,0
453.5,31,35.35,-2250
453.5,32,36.81,-3000
454.0,2,35.11,2000
454.0,3,43.17,500
454.0,6,39.18,-750
454.0,7,38.91,1750
454.0,9,35.78,4000
454.0,10,35.78,500
454.0,13,41.66,1750
454.0,16,38.98,-2750
454.0,19,40.22,2500
454.0,20,36.78,-3000
454.0,23,44.15,-750
454.0,32,39.06,-3000
454.5,3,40.3,500
454.5,6,38.63,-750
454.5,7,37.61,1750
454.5,9,35.27,-5000
454.5,11,35.89,-5000
454.5,13,41.67,1500
454.5,14,35.7,-4000
454.5,16,39.62,-3000
454.5,17,35.43,4000
454.5,19,41.41,2500
454.5,20,36.66,-3000
454.5,23,43.16,-750
454.5,25,35.28,-4000
454.5,28,35.42,-750
454.5,30,35.16,-3250
455.0,1,35.02,250
455.0,2,35.07,500
455.0,3,41.15,500
455.0,5,35.12,2250
455.0,6,40.76,-750
455.0,7,38.33,1750
455.0,10,36.03,500
455.0,13,41.04,1500
455.0,16,38.64,-3000
455.0,19,40.64,2500
455.0,20,36.9,-3000
455.0,23,43.28,-750
455.0,28,35.42,-2750
455.5,3,43.0,500
455.5,4,35.29,-1500
455.5,6,40.5,-750
455.5,7,37.95,1750
455.5,8,35.5,2250
455.5,10,35.01,2250
455.5,13,40.77,1500
455.5,15,35.75,-4500
455.5,16,40.32,-3000
455.5,17,35.24,-3500
455.5,19,41.04,2500
455.5,20,36.88,-3000
455.5,21,35.22,5500
455.5,23,43.32,-750
455.5,29,35.11,-5250
455.5,30,36.01,-3250
456.0,3,43.44,500
456.0,5,35.14,4000
456.0,6,41.61,-750
456.0,7,38.96,1750
456.0,8,37.71,2250
456.0,9,35.32,-1500
456.0,10,36.94,500
456.0,11,35.05,4500
456.0,13,42.26,1750
456.0,14,35.13,3250
456.0,16,39.6,-3000
456.0,19,41.0,2500
456.0,21,35.96,-2500
456.0,23,43.51,-750
456.0,32,36.3,5000
456.5,3,42.48,500
456.5,6,39.64,-750
456.5,7,40.44,1750
456.5,10,36.58,500
456.5,11,36.1,5500
456.5,13,41.32,1750
456.5,15,35.22,500
456.5,16,39.39,-3000
456.5,19,40.61,2500
456.5,20,37.02,-3000
456.5,23,43.05,-750
456.5,26,35.32,3000
456.5,28,35.01,-5750
456.5,30,36.16,-3250
456.5,32,35.49,-3000
457.0,3,39.31,250
457.0,6,40.07,-750
457.0,7,38.79,1750
457.0,8,36.57,2250
457.0,13,41.18,1750
457.0,16,39.16,-3000
457.0,19,41.25,2500
457.0,20,35.32,-3000
457.0,22,36.17,3500
457.0,23,43.45,-750
457.0,24,35.87,-1750
457.5,1,35.01,1500
457.5,3,40.29,500
457.5,6,41.11,-750
457.5,7,38.37,1750
457.5,10,36.32,500
457.5,11,35.5,1500
457.5,13,40.77,1500
457.5,16,39.37,-3000
457.5,18,35.76,5250
457.5,19,40.81,2500
457.5,22,35.27,-1000
457.5,23,43.22,-750
458.0,3,42.76,500
458.0,5,35.82,2500
458.0,6,39.24,-750
458.0,7,39.11,1750
458.0,9,35.22,-2250
458.0,13,40.49,1500
458.0,16,39.79,-3000
458.0,19,41.24,2500
458.0,23,43.06,-750
458.0,29,35.42,-5250
458.0,30,35.67,-3250
458.0,32,35.16,-3000
458.5,3,40.62,500
458.5,6,39.98,-750
458.5,7,39.53,1750
458.5,8,35.78,2250
458.5,9,35.14,1750
458.5,10,37.09,500
458.5,13,40.41,1750
458.5,14,35.24,-3750
458.5,16,39.8,-3000
458.5,19,40.44,2500
458.5,20,36.99,-3000
458.5,23,43.39,-750
458.5,32,35.03,250
459.0,3,40.91,500
459.0,6,39.9,-750
459.0,7,39.74,1750
459.0,8,35.47,2250
459.0,10,36.97,500
459.0,12,35.01,-5500
459.0,13,41.29,1750
459.0,16,40.13,-3000
459.0,19,41.18,2500
459.0,20,37.88,-3000
459.0,23,42.86,-750
459.0,28,35.41,5750
459.5,1,35.3,1000
459.5,3,41.05,500
459.5,6,40.3,-750
459.5,7,40.35,1750
459.5,9,35.25,-3500
459.5,13,40.91,1500
459.5,16,40.25,-3000
459.5,19,41.5,2500
459.5,20,36.1,-3000
459.5,22,35.03,250
459.5,23,43.24,-750
459.5,26,36.0,5250
459.5,27,35.25,-4000
459.5,29,35.23,-500
459.5,32,35.38,-3000
460.0,2,35.06,-750
460.0,3,40.17,500
460.0,6,40.8,-750
460.0,7,38.39,1750
460.0,13,42.12,1750
460.0,16,39.65,-3000
460.0,19,41.54,2500
460.0,20,37.4,-3000
460.0,21,35.73,5250
460.0,23,42.68,-750
460.0,24,35.08,-6000
460.0,27,35.04,3000
460.5,2,35.19,-4000
460.5,3,39.58,250
460.5,6,40.52,-750
460.5,7,37.32,1750
460.5,10,35.32,250
460.5,12,35.38,1750
460.5,13,40.06,1500
460.5,16,38.07,-3000
460.5,19,41.58,2500
460.5,20,37.71,-3000
460.5,23,43.16,-750
460.5,27,35.13,-2750
460.5,30,35.93,-3250
461.0,3,43.66,500
461.0,6,40.6,-750
461.0,7,38.58,1750
461.0,11,35.27,-3000
461.0,12,35.61,-2250
461.0,13,41.68,1750
461.0,16,39.66,-3000
461.0,17,35.43,3250
461.0,19,40.51,2500
461.0,20,35.28,-3000
461.0,22,35.2,250
461.0,23,43.21,-750
461.0,30,35.57,-3250
461.5,3,40.38,500
461.5,6,40.05,-750
461.5,7,38.61,1750
461.5,11,35.99,-2250
461.5,12,35.76,-750
461.5,13,40.99,1750
461.5,16,39.76,-3000
461.5,18,35.13,1750
461.5,19,41.17,2500
461.5,23,42.78,-750
461.5,30,37.05,-3250
461.5,31,35.48,-750
462.0,1,35.16,-3000
462.0,2,35.84,-2750
462.0,3,39.6,250
462.0,4,35.62,-250
462.0,6,39.88,-750
462.0,7,39.92,1750
462.0,13,40.49,1500
462.0,16,38.77,-2750
462.0,19,41.5,2500
462.0,20,35.63,-3000
462.0,23,43.17,-750
462.0,25,35.12,-1500
462.5,3,42.61,500
462.5,6,38.65,-750
462.5,7,40.36,1750
462.5,10,35.59,500
462.5,13,40.53,1750
462.5,16,40.65,-3000
462.5,19,40.7,2500
462.5,20,38.16,-3000
462.5,22,35.97,500
462.5,23,43.63,-750
463.0,1,35.13,2000
463.0,3,39.54,250
463.0,5,35.05,-3750
463.0,6,39.98,-750
463.0,7,38.7,1750
463.0,10,36.2,500
463.0,11,35.03,-1500
463.0,13,40.55,1500
463.0,15,35.13,-5250
463.0,16,41.12,-3000
463.0,19,39.41,2500
463.0,20,35.24,-3000
463.0,23,43.25,-750
463.0,28,35.13,-5000
463.5,2,35.51,-4250
463.5,3,41.36,500
463.5,6,39.35,-750
463.5,7,39.35,1750
463.5,10,36.54,500
463.5,12,35.55,-2500
463.5,13,40.84,1750
463.5,16,39.93,-3000
463.5,19,40.96,2500
463.5,20,37.26,-3000
463.5,23,42.44,-750
463.5,30,35.85,-3250
464.0,3,40.82,500
464.0,5,35.04,1000
464.0,6,40.66,-750
464.0,7,39.31,1750
464.0,10,37.08,250
464.0,13,41.92,1750
464.0,16,40.06,-3000
464.0,18,35.25,-2500
464.0,19,41.81,2500
464.0,20,36.44,-3000
464.0,23,43.21,-750
464.0,32,36.63,-1500
464.5,3,40.91,500
464.5,6,39.88,-750
464.5,7,39.78,1750
464.5,12,35.28,-5500
464.5,13,40.99,1750
464.5,16,39.94,-3000
464.5,19,40.77,2500
464.5,20,36.89,-3000
464.5,23,43.95,-750
464.5,27,35.25,-4250
464.5,29,35.28,-1750
465.0,3,40.15,500
465.0,6,40.24,-750
465.0,7,39.46,1750
465.0,8,35.64,4250
465.0,10,36.83,500
465.0,13,41.46,1750
465.0,16,41.25,-3000
465.0,19,41.24,2500
465.0,22,35.23,-3000
465.0,23,43.58,-750
465.0,28,35.07,4500
465.0,31,35.18,2000
465.5,2,35.54,4250
465.5,3,40.02,500
465.5,6,40.56,-750
465.5,7,40.39,1750
465.5,8,35.04,1000
465.5,13,40.12,1500
465.5,16,39.76,-3000
465.5,19,41.7,2500
465.5,20,36.79,-3000
465.5,23,43.66,-750
465.5,24,35.05,-3750
465.5,27,35.47,-750
465.5,28,35.26,1250
465.5,31,35.01,1250
466.0,2,35.01,4250
466.0,3,41.26,250
466.0,6,40.36,-750
466.0,7,39.55,1750
466.0,11,35.25,-500
466.0,13,41.35,1500
466.0,16,38.97,-3000
466.0,18,35.38,1000
466.0,19,42.0,2500
466.0,20,35.47,-3000
466.0,23,43.68,-750
466.5,3,42.44,500
466.5,6,41.11,-750
466.5,7,39.93,1750
466.5,8,35.56,2250
466.5,13,40.91,1750
466.5,15,35.75,4500
466.5,16,38.75,-3000
466.5,19,41.03,2500
466.5,20,37.34,-3000
466.5,23,43.5,-750
466.5,28,35.19,-1500
466.5,30,35.66,-3250
467.0,3,40.24,250
467.0,5,35.06,-6000
467.0,6,39.17,-750
467.0,7,39.0,1750
467.0,11,35.08,-3750
467.0,13,40.62,1750
467.0,16,41.07,-3000
467.0,19,41.37,2500
467.0,23,43.62,-750
467.0,26,35.07,-1750
467.0,28,35.54,1000
467.5,3,42.8,500
467.5,6,38.48,-750
467.5,7,39.35,1750
467.5,13,40.78,1750
467.5,16,40.68,-3000
467.5,19,40.78,2500
467.5,20,35.76,-3000
467.5,22,35.04,-3500
467.5,23,43.19,-750
467.5,25,35.91,-5000
468.0,2,36.1,-5750
468.0,3,42.86,500
468.0,4,35.0,-750
468.0,6,39.82,-750
468.0,7,40.17,1750
468.0,13,40.66,1750
468.0,14,35.63,5000
468.0,16,40.23,-3000
468.0,19,40.3,2500
468.0,23,43.58,-750
468.5,3,43.95,500
468.5,4,35.78,-750
468.5,5,35.15,-500
468.5,6,39.2,-750
468.5,7,39.86,1750
468.5,10,36.3,500
468.5,11,35.14,2000
468.5,12,35.33,4750
468.5,13,39.69,1500
468.5,15,35.01,-5500
468.5,16,39.32,-3000
468.5,19,41.29,2500
468.5,20,36.36,-3000
468.5,23,43.73,-750
468.5,26,36.34,-3500
468.5,29,35.05,-4000
468.5,30,36.99,-3250
468.5,32,35.06,-3000
469.0,3,43.18,500
469.0,6,41.29,-750
469.0,7,38.76,1750
469.0,11,35.68,2000
469.0,13,40.84,1500
469.0,16,40.28,-3000
469.0,19,41.28,2500
469.0,20,35.97,-3000
469.0,23,43.09,-750
469.0,27,35.06,-3250
469.0,28,35.04,3500
469.5,3,40.74,500
469.5,6,40.32,-750
469.5,7,38.39,1750
469.5,11,35.7,2000
469.5,13,40.64,1750
469.5,14,35.17,4500
469.5,16,40.75,-3000
469.5,19,41.44,2500
469.5,20,36.87,-3000
469.5,23,42.62,-750
469.5,25,35.54,-5750
469.5,30,35.44,-3250
469.5,31,35.38,-4750
